CENSUS_YEAR,ELECTORAL_DIVISIONS,ED,County,EDID,CSOED,CSOED_RAW,EDNAME,COUNTYNAME,AVERAGE_SIZE_OF_HOLDINGS,AGRICULTURAL_HOLDINGS,DAIRY_COW,OTHER_COW,TOTAL_CATTLE,OTHER_CATTLE,TOTAL_SHEEP,LSU,AVERAGE_AGE_OF_HOLDER,MEDIAN_AGE_OF_HOLDER,AREA_FARMED,ALL_GRASSLAND,TOTAL_CEREALS,OTHER_CROPS_HA
2020,"Clonmore, Co.Carlow, 01003",Clonmore,Carlow,1003,1003,1003,Clonmore,CARLOW,37,52,0,656,3616,2960,3421,2812.4,58.2,57.5,1926.3,1825.1,0,101.2
2020,"Hacketstown, Co.Carlow, 01004",Hacketstown,Carlow,1004,1004,1004,Hacketstown,CARLOW,35.9,59,790,727,4518,3001,4048,3623.9,57.9,58,2119.7,2030,0,89.7
2020,"Haroldstown, Co.Carlow, 01005",Haroldstown,Carlow,1005,1005,1005,Haroldstown,CARLOW,51.7,19,0,228,1764,1536,3072,1591.6,52.4,54,982.4,715.9,206.1,60.4
2020,"Kineagh, Co.Carlow, 01006",Kineagh,Carlow,1006,1006,1006,Kineagh,CARLOW,57.7,38,0,373,2428,2055,2917,2053.4,52.4,52,2214.5,1248.9,827.6,138
2020,"Rahill, Co.Carlow, 01007",Rahill,Carlow,1007,1007,1007,Rahill,CARLOW,68.2,29,579,309,2684,1796,1458,1947.1,58.6,59,1978.9,1379,380,219.9
2020,"Rathvilly, Co.Carlow, 01008",Rathvilly,Carlow,1008,1008,1008,Rathvilly,CARLOW,48.2,27,0,316,1790,1474,3086,1573.5,60.6,61,1302.6,892.2,0,410.4
2020,"Tiknock, Co.Carlow, 01009",Tiknock,Carlow,1009,1009,1009,Tiknock,CARLOW,36.1,19,0,304,1245,941,699,946.6,55.8,53,685.1,531.4,0,153.7
2020,"Williamstown, Co.Carlow, 01010",Williamstown,Carlow,1010,1010,1010,Williamstown,CARLOW,38.8,31,0,260,1386,1126,1464,1102.3,59.1,58,1202.3,738.1,349.3,114.9
2020,"Agha, Co.Carlow, 01011",Agha,Carlow,1011,1011,1011,Agha,CARLOW,56,21,0,117,1473,1356,1272,1106.7,58.8,58,1175.1,497.5,594.3,83.3
2020,"Ballinacarrig, Co.Carlow, 01012",Ballinacarrig,Carlow,1012,1012,1012,Ballinacarrig,CARLOW,57.4,32,0,161,2029,1868,2018,1645.4,57.6,57.5,1835.9,835.7,801.7,198.5
2020,"Ballintemple, Co.Carlow, 01013",Ballintemple,Carlow,1013,1013,1013,Ballintemple,CARLOW,39.6,46,0,409,2416,2007,3480,2016.8,54.5,53,1819.9,1144.8,541.9,133.2
2020,"Ballon, Co.Carlow, 01014",Ballon,Carlow,1014,1014,1014,Ballon,CARLOW,49,19,0,0,1769,1769,1988,1331.6,53.9,54,984.2,561.2,359.3,63.7
2020,"Ballyellin, Co.Carlow, 01015",Ballyellin,Carlow,1015,1015,1015,Ballyellin,CARLOW,37.9,32,0,297,2246,1949,3546,1874.7,53.3,51,1212.5,1105.1,82,25.4
2020,"Ballymoon, Co.Carlow, 01016",Ballymoon,Carlow,1016,1016,1016,Ballymoon,CARLOW,54.1,18,441,136,1711,1134,2059,1410.5,51.3,53,973,702.6,225.6,44.8
2020,"Borris, Co.Carlow, 01017",Borris,Carlow,1017,1017,1017,Borris,CARLOW,41.3,25,0,353,1843,1490,2686,2478,58.4,60,1031.9,997.9,0,34
2020,"Burton Hall, Co.Carlow, 01018",Burton Hall,Carlow,1018,1018,1018,Burton Hall,CARLOW,43.2,11,0,75,274,199,0,171.4,66.5,62,475.1,121.8,0,353.3
2020,"Carlow Rural, Co.Carlow, 01019",Carlow Rural,Carlow,1019,1019,1019,Carlow Rural,CARLOW,34.1,22,0,0,654,654,0,497.2,59.1,61,747.3,313.5,370.7,63.1
2020,"Clogrenan, Co.Carlow, 01020",Clogrenan,Carlow,1020,1020,1020,Clogrenan,CARLOW,42.1,31,0,258,2968,2710,0,2220.7,59.8,62,1303.8,1243.9,0,59.9
2020,"Clonegall, Co.Carlow, 01021",Clonegall,Carlow,1021,1021,1021,Clonegall,CARLOW,35.6,45,0,306,3244,2938,6129,2746.3,55.7,55,1600.2,1195.8,314.9,89.5
2020,"Corries, Co.Carlow, 01022",Corries,Carlow,1022,1022,1022,Corries,CARLOW,38.2,37,897,409,3226,1920,2236,2512.3,55.1,55,1412.9,1232.6,118.8,61.5
2020,"Cranemore, Co.Carlow, 01023",Cranemore,Carlow,1023,1023,1023,Cranemore,CARLOW,32.1,70,0,872,3344,2472,10391,3170.1,54.2,55,2245.7,1877,256.3,112.4
2020,"Fennagh, Co.Carlow, 01024",Fennagh,Carlow,1024,1024,1024,Fennagh,CARLOW,45.2,36,0,317,1837,1520,6125,2133.9,55.5,55,1626.7,1216.7,322.2,87.8
2020,"Garryhill, Co.Carlow, 01025",Garryhill,Carlow,1025,1025,1025,Garryhill,CARLOW,24.9,58,0,347,1858,1511,7014,1879.7,55.8,54.5,1443.3,1306.4,61,75.9
2020,"Grangeford, Co.Carlow, 01026",Grangeford,Carlow,1026,1026,1026,Grangeford,CARLOW,59.4,26,0,155,925,770,2963,965.1,53.6,57,1555.8,578.3,792,185.5
2020,"Johnstown, Co.Carlow, 01027",Johnstown,Carlow,1027,1027,1027,Johnstown,CARLOW,47.8,31,0,221,1237,1016,447,930.7,63.7,68,1516.4,649.5,670.8,196.1
2020,"Kellistown, Co.Carlow, 01028",Kellistown,Carlow,1028,1028,1028,Kellistown,CARLOW,32.8,38,0,71,1331,1260,903,1125.8,59.8,60,1246,590.8,582.4,72.8
2020,"Kilbride, Co.Carlow, 01029",Kilbride,Carlow,1029,1029,1029,Kilbride,CARLOW,45.9,32,307,156,1976,1513,3946,1798.7,58.6,55,1469.7,852.8,438.8,178.1
2020,"Killedmond, Co.Carlow, 01030",Killedmond,Carlow,1030,1030,1030,Killedmond,CARLOW,32.6,40,0,472,1803,1331,4323,1642.7,61.5,62.5,1304.3,1258.7,0,45.6
2020,"Killerrig, Co.Carlow, 01031",Killerrig,Carlow,1031,1031,1031,Killerrig,CARLOW,59.7,28,0,236,2243,2007,678,1550.4,56,57,1670.4,653.6,735.3,281.5
2020,"Leighlinbridge, Co.Carlow, 01032",Leighlinbridge,Carlow,1032,1032,1032,Leighlinbridge,CARLOW,40.8,45,553,285,2770,1932,2819,5823.7,62.6,61,1835.6,1321.8,425,88.8
2020,"Muinebeag (Bagenalstown) Rural, Co.Carlow, 01033",Muinebeag (Bagenalstown) Rural,Carlow,1033,1033,1033,Muinebeag (Bagenalstown) Rural,CARLOW,55,24,1027,180,2303,1096,1709,1975,60.4,59.5,1319.9,1019.1,258.2,42.6
2020,"Myshall, Co.Carlow, 01035",Myshall,Carlow,1035,1035,1035,Myshall,CARLOW,29,41,0,296,1912,1616,4877,1762.5,57.7,56,1187.6,1126.7,0,60.9
2020,"Nurney, Co.Carlow, 01036",Nurney,Carlow,1036,1036,1036,Nurney,CARLOW,37.3,46,406,108,2092,1578,1640,1901.9,60.7,60.5,1716.3,824.7,761.4,130.2
2020,"Oldleighlin, Co.Carlow, 01037",Oldleighlin,Carlow,1037,1037,1037,Oldleighlin,CARLOW,31.6,44,0,480,2544,2064,3155,2088,58.1,60,1388.8,1288.4,0,100.4
2020,"Rathanna, Co.Carlow, 01038",Rathanna,Carlow,1038,1038,1038,Rathanna,CARLOW,33.6,39,0,423,1914,1491,7630,2013.6,58.2,55,1309.8,1270.4,0,39.4
2020,"Rathornan, Co.Carlow, 01039",Rathornan,Carlow,1039,1039,1039,Rathornan,CARLOW,39.1,34,446,349,2489,1694,675,1846.7,54.8,52,1328.4,1193,0,135.4
2020,"Rathrush, Co.Carlow, 01040",Rathrush,Carlow,1040,1040,1040,Rathrush,CARLOW,55,40,950,397,3336,1989,3199,2724.9,57,58.5,2199.1,1496.9,565.5,136.7
2020,"Ridge, Co.Carlow, 01041",Ridge,Carlow,1041,1041,1041,Ridge,CARLOW,38.8,28,0,378,2452,2074,695,1724.1,60.1,63.5,1087.3,1040.2,0,47.1
2020,"Shangarry, Co.Carlow, 01042",Shangarry,Carlow,1042,1042,1042,Shangarry,CARLOW,44.7,48,0,522,4544,4022,6208,4016.5,54.5,57,2141.9,1703.9,346.3,91.7
2020,"Sliguff, Co.Carlow, 01043",Sliguff,Carlow,1043,1043,1043,Sliguff,CARLOW,56.3,26,0,341,1529,1188,2352,1233.2,54.1,57,1465,908.7,438.1,118.2
2020,"Tankardstown, Co.Carlow, 01044",Tankardstown,Carlow,1044,1044,1044,Tankardstown,CARLOW,41.6,32,398,231,2421,1792,3236,2070,50.4,47,1331.5,973.4,306.5,51.6
2020,"Templepeter, Co.Carlow, 01045",Templepeter,Carlow,1045,1045,1045,Templepeter,CARLOW,43.6,38,0,114,1409,1295,4595,1454.8,55.5,54.5,1656.5,1103.7,451.7,101.1
2020,"Tullowbeg, Co.Carlow, 01046",Tullowbeg,Carlow,1046,1046,1046,Tullowbeg,CARLOW,56,23,0,104,958,854,3492,959,54.1,54,1289.1,595.7,531,162.4
2020,"Tullow Rural, Co.Carlow, 01047",Tullow Rural,Carlow,1047,1047,1047,Tullow Rural,CARLOW,43.6,25,0,279,1931,1652,1208,2454.7,56,54,1100.9,559.1,479.2,62.6
2020,"Ballymurphy, Co.Carlow, 01049",Ballymurphy,Carlow,1049,1049,1049,Ballymurphy,CARLOW,34.9,35,561,419,2547,1567,5291,2325.5,54.1,55,1219.9,1199.6,0,20.3
2020,"Coonogue, Co.Carlow, 01050",Coonogue,Carlow,1050,1050,1050,Coonogue,CARLOW,23.3,40,0,295,995,700,4825,1150.7,63.9,62,930.3,917,0,13.3
2020,"Glynn, Co.Carlow, 01051",Glynn,Carlow,1051,1051,1051,Glynn,CARLOW,28.6,37,707,238,2497,1552,2335,2011.4,52.8,46,1058.8,1012.1,0,46.7
2020,"Kyle, Co.Carlow, 01052",Kyle,Carlow,1052,1052,1052,Kyle,CARLOW,38.3,41,619,447,2721,1655,4469,2396.8,57.5,55,1570.2,1497.1,0,73.1
2020,"Marley, Co.Carlow, 01053",Marley,Carlow,1053,1053,1053,Marley,CARLOW,33.6,34,579,170,2363,1614,3022,1984.6,56.7,57,1143,1039.5,0,103.5
2020,"Tinnahinch, Co.Carlow, 01054",Tinnahinch,Carlow,1054,1054,1054,Tinnahinch,CARLOW,26.4,26,0,199,1151,952,2447,1072.1,52.3,56,686.4,639.5,0,46.9
2020,"Ballinascorney, Co.Dublin, 03001",Ballinascorney,Dublin,3001,3001,3001,Ballinascorney,DUBLIN,33.9,29,0,131,1211,1080,2578,1152.7,61.3,64,984.3,977.4,0,6.9
2020,"Bohernabreena, Co.Dublin, 03003",Bohernabreena,Dublin,3003,3003,3003,Bohernabreena,DUBLIN,29.8,51,0,199,738,539,4224,927.7,60,59,1517.9,1516.5,0,1.4
2020,"Newcastle, Co.Dublin, 03018",Newcastle,Dublin,3018,3018,3018,Newcastle,DUBLIN,37.7,30,0,161,1259,1098,1383,1058.2,60.2,60,1130.3,732.8,354.5,43
2020,"Rathcoole, Co.Dublin, 03021",Rathcoole,Dublin,3021,3021,3021,Rathcoole,DUBLIN,26.8,35,0,171,1001,830,1219,839.5,59.4,59,936.4,724.5,0,211.9
2020,"Saggart, Co.Dublin, 03027",Saggart,Dublin,3027,3027,3027,Saggart,DUBLIN,37.4,17,0,316,1128,812,1129,875.4,61.2,65,635.4,631.9,0,3.5
2020,"Tallaght-Avonbeg, Co.Dublin, 03028",Tallaght-Avonbeg,Dublin,3028,3028,3028,Tallaght-Avonbeg,DUBLIN,20.6,10,0,0,0,0,476,144,61.9,65,205.7,205.7,0,0
2020,"Balbriggan Rural, Co.Dublin, 04002",Balbriggan Rural,Dublin,4002,4002,4002,Balbriggan Rural,DUBLIN,86,30,0,76,972,896,1483,862,62.1,64,2729.3,668,1204.3,857
2020,"Balgriffin, Co.Dublin, 04005",Balgriffin,Dublin,4005,4005,4005,Balgriffin,DUBLIN,135.4,6,0,0,0,0,0,0,68.8,64.5,823.8,89,457.6,277.2
2020,"Ballyboghil, Co.Dublin, 04006",Ballyboghil,Dublin,4006,4006,4006,Ballyboghil,DUBLIN,78.2,22,0,18,748,730,2758,833.5,59.7,59,1733.1,767.8,759.9,205.4
2020,"Balscadden, Co.Dublin, 04007",Balscadden,Dublin,4007,4007,4007,Balscadden,DUBLIN,33.4,25,0,81,505,424,2130,570.3,59.1,59,879.8,530.9,204.6,144.3
2020,"Castleknock-Knockmaroon, Co.Dublin, 04016",Castleknock-Knockmaroon,Dublin,4016,4016,4016,Castleknock-Knockmaroon,DUBLIN,18.3,6,0,0,214,214,0,146.3,66.5,65.5,109.8,109.8,0,0
2020,"Clonmethan, Co.Dublin, 04018",Clonmethan,Dublin,4018,4018,4018,Clonmethan,DUBLIN,61.5,25,0,44,724,680,2519,757.5,50.9,55,1571.6,775.9,624.1,171.6
2020,"Donabate, Co.Dublin, 04019",Donabate,Dublin,4019,4019,4019,Donabate,DUBLIN,64.8,19,0,131,436,305,0,345.3,60.8,61,1377.8,536.9,555.3,285.6
2020,"Dubber, Co.Dublin, 04020",Dubber,Dublin,4020,4020,4020,Dubber,DUBLIN,63.9,11,0,0,0,0,0,0,56.5,58,705.2,282,283.9,139.3
2020,"Garristown, Co.Dublin, 04021",Garristown,Dublin,4021,4021,4021,Garristown,DUBLIN,59,54,524,648,4987,3815,4255,4176.7,55,52.5,3299,1976.6,935.5,386.9
2020,"Hollywood, Co.Dublin, 04022",Hollywood,Dublin,4022,4022,4022,Hollywood,DUBLIN,47.7,52,499,225,3122,2398,2284,2399.1,57.9,60,2616.5,1521.1,783.6,311.8
2020,"Holmpatrick, Co.Dublin, 04023",Holmpatrick,Dublin,4023,4023,4023,Holmpatrick,DUBLIN,35.2,45,0,248,701,453,1014,548.8,61.3,64,1823.7,514.2,804.6,504.9
2020,"Kilsallaghan, Co.Dublin, 04025",Kilsallaghan,Dublin,4025,4025,4025,Kilsallaghan,DUBLIN,60.7,41,0,308,1814,1506,210,1321,61.7,60,2635.3,911.8,1318.6,404.9
2020,"Lusk, Co.Dublin, 04028",Lusk,Dublin,4028,4028,4028,Lusk,DUBLIN,40.4,61,0,174,1792,1618,0,1388.6,56.5,57,2728.7,918.3,1151.8,658.6
2020,"Swords-Lissenhall, Co.Dublin, 04038",Swords-Lissenhall,Dublin,4038,4038,4038,Swords-Lissenhall,DUBLIN,38.5,20,0,0,520,520,0,399.6,47.7,48,847.5,253.1,359.7,234.7
2020,"The Ward, Co.Dublin, 04041",The Ward,Dublin,4041,4041,4041,The Ward,DUBLIN,91.1,8,0,0,0,0,0,0,54.8,52,728.9,77.6,588,63.3
2020,"Glencullen, Co.Dublin, 05057",Glencullen,Dublin,5057,5057,5057,Glencullen,DUBLIN,27.1,37,0,111,351,240,2646,500.3,54,54,1003.1,962.3,0,40.8
2020,"Shankill-Rathmichael, Co.Dublin, 05060",Shankill-Rathmichael,Dublin,5060,5060,5060,Shankill-Rathmichael,DUBLIN,28.6,14,0,123,462,339,0,303.2,58.9,61.5,400.8,293.2,0,107.6
2020,"Tibradden, Co.Dublin, 05069",Tibradden,Dublin,5069,5069,5069,Tibradden,DUBLIN,30.9,8,0,0,0,0,821,169.4,58.9,55.5,260,257.4,0,2.6
2020,"Naas Urban, Co.Kildare, 06003",Naas Urban,Kildare,6003,6003,6003,Naas Urban,KILDARE,68.9,14,0,209,1373,1164,1046,1078.6,59.9,60,964.1,902.4,0,61.7
2020,"Athy Rural, Co.Kildare, 06004",Athy Rural,Kildare,6004,6004,6004,Athy Rural,KILDARE,53.3,48,0,188,2625,2437,890,2117.2,58.6,57,2566.3,836.1,1421.1,309.1
2020,"Ballaghmoon, Co.Kildare, 06005",Ballaghmoon,Kildare,6005,6005,6005,Ballaghmoon,KILDARE,35.3,19,0,0,473,473,972,487.2,56.4,58,670.5,309.3,170,191.2
2020,"Ballitore, Co.Kildare, 06006",Ballitore,Kildare,6006,6006,6006,Ballitore,KILDARE,62.4,24,882,307,4287,3098,601,3258.4,57.5,56.5,1500.9,1331.1,121.4,48.4
2020,"Ballybrackan, Co.Kildare, 06007",Ballybrackan,Kildare,6007,6007,6007,Ballybrackan,KILDARE,44,22,0,240,1052,812,0,752.1,57.5,56.5,967.3,529.9,426.7,10.7
2020,"Ballyshannon, Co.Kildare, 06008",Ballyshannon,Kildare,6008,6008,6008,Ballyshannon,KILDARE,37.5,57,0,593,2832,2239,5278,2455.8,51.9,52,2137.9,1607.8,462.6,67.5
2020,"Belan, Co.Kildare, 06009",Belan,Kildare,6009,6009,6009,Belan,KILDARE,33.2,18,0,83,726,643,0,498.4,54.6,54,598.4,338.9,234.9,24.6
2020,"Bert, Co.Kildare, 06010",Bert,Kildare,6010,6010,6010,Bert,KILDARE,48.2,11,0,64,546,482,0,364.1,60.6,59,529.8,164.4,347.6,17.8
2020,"Burtown, Co.Kildare, 06011",Burtown,Kildare,6011,6011,6011,Burtown,KILDARE,68.2,29,0,99,1906,1807,0,1663.7,57.6,57,2010.3,599.4,1324.6,86.3
2020,"Carrigeen, Co.Kildare, 06012",Carrigeen,Kildare,6012,6012,6012,Carrigeen,KILDARE,41.4,65,1120,383,4353,2850,4831,3839.3,56.2,56,2689,2154.5,406.5,128
2020,"Castledermot, Co.Kildare, 06013",Castledermot,Kildare,6013,6013,6013,Castledermot,KILDARE,48.3,43,0,343,2239,1896,2090,1668,56.6,56,2078.4,915.9,1032.9,129.6
2020,"Churchtown, Co.Kildare, 06014",Churchtown,Kildare,6014,6014,6014,Churchtown,KILDARE,50.7,32,0,0,643,643,0,426.4,59.2,63,1623.3,458.5,910.4,254.4
2020,"Dunmanoge, Co.Kildare, 06015",Dunmanoge,Kildare,6015,6015,6015,Dunmanoge,KILDARE,72.8,18,0,0,347,347,0,301.9,52.7,52.5,1309.9,307.3,803.6,199
2020,"Fontstown, Co.Kildare, 06016",Fontstown,Kildare,6016,6016,6016,Fontstown,KILDARE,57.4,29,0,315,2333,2018,1259,1708.8,60.7,60,1663.3,968.7,466.1,228.5
2020,"Graney, Co.Kildare, 06017",Graney,Kildare,6017,6017,6017,Graney,KILDARE,46.1,41,997,318,4778,3463,982,3643.6,56.1,56,1889.7,1502.1,331.3,56.3
2020,"Grangemellon, Co.Kildare, 06018",Grangemellon,Kildare,6018,6018,6018,Grangemellon,KILDARE,47.3,25,0,0,1194,1194,0,876.5,58.4,60,1182.6,621.6,477.4,83.6
2020,"Harristown, Co.Kildare, 06019",Harristown,Kildare,6019,6019,6019,Harristown,KILDARE,43.7,27,0,394,1632,1238,0,1103.8,61.6,63,1180.4,897.6,230.3,52.5
2020,"Inchaquire, Co.Kildare, 06020",Inchaquire,Kildare,6020,6020,6020,Inchaquire,KILDARE,48.8,14,0,121,753,632,0,506.3,57.9,51.5,683.4,362.2,303.1,18.1
2020,"Johnstown, Co.Kildare, 06021",Johnstown,Kildare,6021,6021,6021,Johnstown,KILDARE,60.9,15,0,0,1257,1257,0,1026.7,55.1,55,913.6,500.9,366.5,46.2
2020,"Kilberry, Co.Kildare, 06022",Kilberry,Kildare,6022,6022,6022,Kilberry,KILDARE,51.9,23,0,0,1238,1238,0,1101.8,53.9,55,1193.7,559.6,614.4,19.7
2020,"Kildangan, Co.Kildare, 06023",Kildangan,Kildare,6023,6023,6023,Kildangan,KILDARE,42,20,0,62,481,419,0,383.6,53.8,56,840.7,507,312.9,20.8
2020,"Kilkea, Co.Kildare, 06024",Kilkea,Kildare,6024,6024,6024,Kilkea,KILDARE,67.3,21,0,81,869,788,0,699.6,57,62,1443.4,603.3,703.8,136.3
2020,"Kilrush, Co.Kildare, 06025",Kilrush,Kildare,6025,6025,6025,Kilrush,KILDARE,58.7,36,0,289,2724,2435,4280,2403.6,55.5,55.5,2112.6,1365,637.5,110.1
2020,"Lackagh, Co.Kildare, 06026",Lackagh,Kildare,6026,6026,6026,Lackagh,KILDARE,42.4,38,1025,315,3516,2176,2589,2792.3,57.6,57,1612.4,1279.1,265.5,67.8
2020,"Monasterevin, Co.Kildare, 06027",Monasterevin,Kildare,6027,6027,6027,Monasterevin,KILDARE,43.5,34,0,186,1279,1093,0,1031.8,58,58.5,1480.4,781.2,626.5,72.7
2020,"Moone, Co.Kildare, 06028",Moone,Kildare,6028,6028,6028,Moone,KILDARE,48.9,30,0,221,1898,1677,0,1574.5,52.7,54.5,1471.9,839.1,440.5,192.3
2020,"Narraghmore, Co.Kildare, 06029",Narraghmore,Kildare,6029,6029,6029,Narraghmore,KILDARE,47.1,34,0,270,2621,2351,1562,2100.3,53.7,54.5,1601.2,1144.1,391.5,65.6
2020,"Nurney, Co.Kildare, 06030",Nurney,Kildare,6030,6030,6030,Nurney,KILDARE,49.2,18,0,114,1130,1016,0,6552.1,58.6,60,885.5,525.4,342.1,18
2020,"Quinsborough, Co.Kildare, 06031",Quinsborough,Kildare,6031,6031,6031,Quinsborough,KILDARE,64.2,13,0,265,1489,1224,0,1057,50.3,48,855.1,638.9,158.7,57.5
2020,"Skerries, Co.Kildare, 06032",Skerries,Kildare,6032,6032,6032,Skerries,KILDARE,53.3,20,0,170,1498,1328,866,1117.4,61.1,60,1065,585.7,409.4,69.9
2020,"Balraheen, Co.Kildare, 06033",Balraheen,Kildare,6033,6033,6033,Balraheen,KILDARE,50.6,65,957,316,4443,3170,3563,3580.1,62.2,66,3287.7,2511.9,553.4,222.4
2020,"Celbridge, Co.Kildare, 06034",Celbridge,Kildare,6034,6034,6034,Celbridge,KILDARE,48.4,21,0,45,1914,1869,745,1623.8,58.8,59,1017.2,915,0,102.2
2020,"Cloncurry, Co.Kildare, 06035",Cloncurry,Kildare,6035,6035,6035,Cloncurry,KILDARE,48.8,59,723,441,4065,2901,3149,3333.2,60.2,59,2880.9,2455.6,232,193.3
2020,"Donadea, Co.Kildare, 06036",Donadea,Kildare,6036,6036,6036,Donadea,KILDARE,32.1,38,0,264,1335,1071,3054,1263.6,61.3,63.5,1218.2,966.4,0,251.8
2020,"Donaghcumper, Co.Kildare, 06037",Donaghcumper,Kildare,6037,6037,6037,Donaghcumper,KILDARE,81.8,25,0,324,1751,1427,0,1341.9,58.1,59,2045.7,1589.9,358,97.8
2020,"Kilcock, Co.Kildare, 06038",Kilcock,Kildare,6038,6038,6038,Kilcock,KILDARE,24.7,24,0,162,984,822,361,1616.8,60.1,60,603.3,521.7,0,81.6
2020,"Leixlip, Co.Kildare, 06039",Leixlip,Kildare,6039,6039,6039,Leixlip,KILDARE,100,10,0,0,595,595,0,641.2,56.4,57,999.8,590.8,0,409
2020,"Maynooth, Co.Kildare, 06040",Maynooth,Kildare,6040,6040,6040,Maynooth,KILDARE,82.9,20,0,239,1345,1106,0,1055.6,59.4,60.5,1658.7,787.1,0,871.6
2020,"Straffan, Co.Kildare, 06041",Straffan,Kildare,6041,6041,6041,Straffan,KILDARE,59.9,40,0,139,2441,2302,0,2036.3,59.4,58,2395.1,1691.7,537.3,166.1
2020,"Ballynadrumny, Co.Kildare, 06042",Ballynadrumny,Kildare,6042,6042,6042,Ballynadrumny,KILDARE,35.4,43,0,121,1876,1755,1673,2604.3,56.6,59,1520.7,1318.9,0,201.8
2020,"Cadamstown, Co.Kildare, 06043",Cadamstown,Kildare,6043,6043,6043,Cadamstown,KILDARE,38.7,38,0,240,2215,1975,3069,1901.9,56.2,55.5,1469.9,1211.4,0,258.5
2020,"Carbury, Co.Kildare, 06044",Carbury,Kildare,6044,6044,6044,Carbury,KILDARE,32.2,67,0,544,4111,3567,4518,3301.9,59.4,60,2157.4,2050.5,87.1,19.8
2020,"Carrick, Co.Kildare, 06045",Carrick,Kildare,6045,6045,6045,Carrick,KILDARE,54.4,28,0,186,2503,2317,0,1847.3,56.7,58.5,1523.5,1086,397.9,39.6
2020,"Cloncurry, Co.Kildare, 06046",Cloncurry,Kildare,6046,6046,6046,Cloncurry,KILDARE,53.6,15,0,253,1285,1032,2156,1170.7,57.3,64,804.2,627.6,0,176.6
2020,"Drehid, Co.Kildare, 06047",Drehid,Kildare,6047,6047,6047,Drehid,KILDARE,55.7,21,0,175,2232,2057,1131,1787.1,56.5,57,1169.2,1068.1,0,101.1
2020,"Dunfierth, Co.Kildare, 06048",Dunfierth,Kildare,6048,6048,6048,Dunfierth,KILDARE,31.4,38,0,289,2069,1780,1877,1621.6,61.3,63,1194.2,1121.3,0,72.9
2020,"Killinthomas, Co.Kildare, 06049",Killinthomas,Kildare,6049,6049,6049,Killinthomas,KILDARE,48.7,8,0,215,919,704,0,682.3,53.9,53,449.4,354.2,0,95.2
2020,"Kilpatrick, Co.Kildare, 06050",Kilpatrick,Kildare,6050,6050,6050,Kilpatrick,KILDARE,18.1,32,0,304,1276,972,464,855.4,59.2,59.5,578.7,578.7,0,0
2020,"Kilrainy, Co.Kildare, 06051",Kilrainy,Kildare,6051,6051,6051,Kilrainy,KILDARE,38.6,33,0,270,1464,1194,1223,1156.2,55,56,1267.5,921,269,77.5
2020,"Lullymore, Co.Kildare, 06052",Lullymore,Kildare,6052,6052,6052,Lullymore,KILDARE,69.5,9,0,0,461,461,0,363.2,57.2,58,625.4,274.6,0,350.8
2020,"Rathangan, Co.Kildare, 06053",Rathangan,Kildare,6053,6053,6053,Rathangan,KILDARE,60.7,19,0,324,1220,896,0,846.8,58.8,60,1153.8,723.8,398.3,31.7
2020,"Thomastown, Co.Kildare, 06054",Thomastown,Kildare,6054,6054,6054,Thomastown,KILDARE,64.8,29,793,280,2495,1422,0,1890.5,61.3,61,1886.6,964.8,815.3,106.5
2020,"Windmill Cross, Co.Kildare, 06055",Windmill Cross,Kildare,6055,6055,6055,Windmill Cross,KILDARE,17.4,29,0,57,671,614,1040,566.4,57.6,56,503.5,425.6,0,77.9
2020,"Ballymore Eustace, Co.Kildare, 06056",Ballymore Eustace,Kildare,6056,6056,6056,Ballymore Eustace,KILDARE,31,31,0,138,679,541,4521,956.5,60,63,960.7,780.3,0,180.4
2020,"Ballysax East, Co.Kildare, 06057",Ballysax East,Kildare,6057,6057,6057,Ballysax East,KILDARE,44.8,21,0,98,819,721,3988,1247.8,60.7,62,940.4,656.1,232.4,51.9
2020,"Ballysax West, Co.Kildare, 06058",Ballysax West,Kildare,6058,6058,6058,Ballysax West,KILDARE,42.1,23,0,128,1417,1289,2807,1336.7,57.6,61,967.6,880.5,0,87.1
2020,"Bodenstown, Co.Kildare, 06059",Bodenstown,Kildare,6059,6059,6059,Bodenstown,KILDARE,37.3,47,0,143,1575,1432,884,1278.4,59,60,1761.5,1164.7,396.5,200.3
2020,"Carnalway, Co.Kildare, 06060",Carnalway,Kildare,6060,6060,6060,Carnalway,KILDARE,54.6,39,0,346,3495,3149,6839,3220.6,55.9,56,2131.3,1530.3,536.1,64.9
2020,"Carragh, Co.Kildare, 06061",Carragh,Kildare,6061,6061,6061,Carragh,KILDARE,41.5,29,0,293,1448,1155,1250,1127.9,59.7,59,1205.4,1148.3,0,57.1
2020,"Clane, Co.Kildare, 06062",Clane,Kildare,6062,6062,6062,Clane,KILDARE,40.3,32,0,281,1676,1395,2613,1452,55.6,57.5,1288,998.9,0,289.1
2020,"Donore, Co.Kildare, 06063",Donore,Kildare,6063,6063,6063,Donore,KILDARE,25.5,36,0,128,1116,988,1170,873.9,59.1,60.5,919.5,717.4,173.8,28.3
2020,"Downings, Co.Kildare, 06064",Downings,Kildare,6064,6064,6064,Downings,KILDARE,32.9,28,0,184,1603,1419,1323,1306.7,54.3,55.5,920.2,872.6,0,47.6
2020,"Droichead Nua (Newbridge) Rural, Co.Kildare, 06065",Droichead Nua (Newbridge) Rural,Kildare,6065,6065,6065,Droichead Nua (Newbridge) Rural,KILDARE,39,30,0,100,1060,960,4247,1185,57.9,57.5,1169.8,949.8,0,220
2020,"Dunmurry, Co.Kildare, 06067",Dunmurry,Kildare,6067,6067,6067,Dunmurry,KILDARE,63.2,24,535,339,2054,1180,0,1947.2,59.2,61.5,1518,1199.1,278.4,40.5
2020,"Feighcullen, Co.Kildare, 06068",Feighcullen,Kildare,6068,6068,6068,Feighcullen,KILDARE,43.1,19,0,117,704,587,0,564.8,63.9,66,818.3,475.9,298.7,43.7
2020,"Gilltown, Co.Kildare, 06069",Gilltown,Kildare,6069,6069,6069,Gilltown,KILDARE,52.5,58,404,526,3964,3034,6852,3678.1,55.4,56.5,3042.8,2841.1,0,201.7
2020,"Kilcullen, Co.Kildare, 06070",Kilcullen,Kildare,6070,6070,6070,Kilcullen,KILDARE,33.1,27,0,167,969,802,2960,953.6,56.4,56,892.8,814.8,0,78
2020,"Kildare, Co.Kildare, 06071",Kildare,Kildare,6071,6071,6071,Kildare,KILDARE,36.1,33,0,357,2483,2126,990,1891.2,63.9,64,1192.4,1144.5,0,47.9
2020,"Kill, Co.Kildare, 06072",Kill,Kildare,6072,6072,6072,Kill,KILDARE,55.3,23,0,326,1223,897,3919,1211.8,63,68,1271.8,1084,0,187.8
2020,"Killashee, Co.Kildare, 06073",Killashee,Kildare,6073,6073,6073,Killashee,KILDARE,57.5,18,0,245,811,566,4353,963,53.9,54.5,1035.2,924.6,0,110.6
2020,"Kilmeage North, Co.Kildare, 06074",Kilmeage North,Kildare,6074,6074,6074,Kilmeage North,KILDARE,50.3,23,0,219,712,493,396,510.4,54,55,1157.6,514,0,643.6
2020,"Kilmeage South, Co.Kildare, 06075",Kilmeage South,Kildare,6075,6075,6075,Kilmeage South,KILDARE,44.4,27,0,157,1678,1521,1448,1364.9,60.2,63,1198.3,861.4,314.3,22.6
2020,"Kilteel, Co.Kildare, 06076",Kilteel,Kildare,6076,6076,6076,Kilteel,KILDARE,40.5,25,0,138,838,700,5972,1204.5,56.8,55,1011.6,1004.3,0,7.3
2020,"Ladytown, Co.Kildare, 06077",Ladytown,Kildare,6077,6077,6077,Ladytown,KILDARE,41.6,30,0,122,1028,906,1408,931.1,56.1,56,1246.8,944.2,240.4,62.2
2020,"Morristownbiller, Co.Kildare, 06078",Morristownbiller,Kildare,6078,6078,6078,Morristownbiller,KILDARE,17.5,17,0,96,530,434,0,462.5,59.8,66,298.1,283.8,0,14.3
2020,"Naas Rural, Co.Kildare, 06079",Naas Rural,Kildare,6079,6079,6079,Naas Rural,KILDARE,30.2,30,0,40,469,429,1678,539.5,56.4,54,925.8,430.9,432.7,62.2
2020,"Newtown, Co.Kildare, 06080",Newtown,Kildare,6080,6080,6080,Newtown,KILDARE,42.1,44,0,276,1793,1517,11272,2408.3,55.8,58.5,1850.9,1696.4,0,154.5
2020,"Oldconnell, Co.Kildare, 06081",Oldconnell,Kildare,6081,6081,6081,Oldconnell,KILDARE,29.9,27,0,90,745,655,0,549.1,67.2,69,806.7,519,0,287.7
2020,"Oughterard, Co.Kildare, 06082",Oughterard,Kildare,6082,6082,6082,Oughterard,KILDARE,37.3,27,0,87,698,611,1582,673.6,61.6,61,998.9,609.7,326.4,62.8
2020,"Pollardstown, Co.Kildare, 06083",Pollardstown,Kildare,6083,6083,6083,Pollardstown,KILDARE,32.8,16,0,105,1107,1002,1686,987.9,54.1,54,525.4,513.6,0,11.8
2020,"Rathernan, Co.Kildare, 06084",Rathernan,Kildare,6084,6084,6084,Rathernan,KILDARE,56.7,27,0,263,1438,1175,1303,1176.5,62.3,68,1575.6,979.1,529.1,67.4
2020,"Rathmore, Co.Kildare, 06085",Rathmore,Kildare,6085,6085,6085,Rathmore,KILDARE,31.9,47,0,109,1351,1242,4305,1421.6,58.8,57,1499.8,1280.9,0,218.9
2020,"Robertstown, Co.Kildare, 06086",Robertstown,Kildare,6086,6086,6086,Robertstown,KILDARE,22.8,30,0,125,1145,1020,569,891.9,58.3,54,683.9,671.2,0,12.7
2020,"Timahoe North, Co.Kildare, 06087",Timahoe North,Kildare,6087,6087,6087,Timahoe North,KILDARE,35.2,51,540,329,2494,1625,1681,2012.5,58.4,58,1796.4,1186.4,0,610
2020,"Timahoe South, Co.Kildare, 06088",Timahoe South,Kildare,6088,6088,6088,Timahoe South,KILDARE,24.2,13,0,0,315,315,0,227.1,61.7,62,315.1,246.9,0,68.2
2020,"Usk, Co.Kildare, 06089",Usk,Kildare,6089,6089,6089,Usk,KILDARE,43.4,32,0,180,2283,2103,3134,2530.5,53.2,50.5,1388.6,1061.3,311.6,15.7
2020,"Burnchurch, Co.Kilkenny, 07003",Burnchurch,Kilkenny,7003,7003,7003,Burnchurch,KILKENNY,47.2,34,1150,78,3346,2118,0,2595.8,57.2,59.5,1603.9,1350.8,210,43.1
2020,"Callan Rural, Co.Kilkenny, 07004",Callan Rural,Kilkenny,7004,7004,7004,Callan Rural,KILKENNY,45.1,74,3247,328,8118,4543,720,6260.3,54.8,52,3338.5,3147,141.2,50.3
2020,"Coolaghmore, Co.Kilkenny, 07006",Coolaghmore,Kilkenny,7006,7006,7006,Coolaghmore,KILKENNY,47.4,37,1557,396,4938,2985,0,3666.9,56,56,1752.6,1719.9,0,32.7
2020,"Dunamaggan, Co.Kilkenny, 07007",Dunamaggan,Kilkenny,7007,7007,7007,Dunamaggan,KILKENNY,49.9,22,1266,77,3208,1865,0,2433.9,50.6,54.5,1097.2,982.2,96.3,18.7
2020,"Earlstown, Co.Kilkenny, 07008",Earlstown,Kilkenny,7008,7008,7008,Earlstown,KILKENNY,79.2,16,1610,113,3192,1469,0,2504.3,57.6,57,1267,1145.4,113.7,7.9
2020,"Kells, Co.Kilkenny, 07009",Kells,Kilkenny,7009,7009,7009,Kells,KILKENNY,65.3,33,1469,131,3633,2033,3154,3094.4,53,53,2202.8,1637.8,412.3,152.7
2020,"Killamery, Co.Kilkenny, 07010",Killamery,Kilkenny,7010,7010,7010,Killamery,KILKENNY,47.5,28,634,164,3165,2367,0,2244.2,60.5,62.5,1330.2,1293.5,0,36.7
2020,"Kilmaganny, Co.Kilkenny, 07011",Kilmaganny,Kilkenny,7011,7011,7011,Kilmaganny,KILKENNY,48,44,1724,115,4864,3025,578,3653.1,51.1,51,2113.5,1789.3,292.3,31.9
2020,"Kilmanagh, Co.Kilkenny, 07012",Kilmanagh,Kilkenny,7012,7012,7012,Kilmanagh,KILKENNY,49,34,1366,260,3745,2119,0,2865.9,54.3,55,1646,1579.3,0,66.7
2020,"Mallardstown, Co.Kilkenny, 07013",Mallardstown,Kilkenny,7013,7013,7013,Mallardstown,KILKENNY,53,26,1592,170,3758,1996,0,2883.2,55.6,57.5,1373.4,1226.5,0,146.9
2020,"Scotsborough, Co.Kilkenny, 07014",Scotsborough,Kilkenny,7014,7014,7014,Scotsborough,KILKENNY,56.8,21,981,161,2968,1826,0,2255.4,55.5,54,1191.9,1159,0,32.9
2020,"Tullaghanbrogue, Co.Kilkenny, 07015",Tullaghanbrogue,Kilkenny,7015,7015,7015,Tullaghanbrogue,KILKENNY,42.1,44,1318,276,4740,3146,730,3432.1,55.8,57.5,1850.9,1772.8,0,78.1
2020,"Boolyglass, Co.Kilkenny, 07016",Boolyglass,Kilkenny,7016,7016,7016,Boolyglass,KILKENNY,58.5,18,957,274,3190,1959,0,2286.6,54.4,50.5,1052.8,1025.1,0,27.7
2020,"Fiddown, Co.Kilkenny, 07017",Fiddown,Kilkenny,7017,7017,7017,Fiddown,KILKENNY,40.7,24,744,117,2534,1673,0,1844.6,57.6,59,975.7,933,0,42.7
2020,"Muckalee, Co.Kilkenny, 07018",Muckalee,Kilkenny,7018,7018,7018,Muckalee,KILKENNY,37.8,21,563,170,2069,1336,0,1619.8,50.9,53,793.5,778.4,0,15.1
2020,"Pilltown, Co.Kilkenny, 07019",Pilltown,Kilkenny,7019,7019,7019,Pilltown,KILKENNY,48.3,31,1354,209,3747,2184,0,2764.8,58.5,57,1497,1271.3,0,225.7
2020,"Templeorum, Co.Kilkenny, 07020",Templeorum,Kilkenny,7020,7020,7020,Templeorum,KILKENNY,45.3,23,657,217,2857,1983,0,1970.7,59.5,62,1042,996.2,0,45.8
2020,"Tubbrid, Co.Kilkenny, 07021",Tubbrid,Kilkenny,7021,7021,7021,Tubbrid,KILKENNY,58.9,38,1819,230,5117,3068,0,3817.8,52.5,54,2238.8,2207.1,0,31.7
2020,"Tullahought, Co.Kilkenny, 07022",Tullahought,Kilkenny,7022,7022,7022,Tullahought,KILKENNY,44.3,28,0,241,2727,2486,0,2132.8,54.9,50.5,1239.7,1179.2,0,60.5
2020,"Whitechurch, Co.Kilkenny, 07023",Whitechurch,Kilkenny,7023,7023,7023,Whitechurch,KILKENNY,66,22,1136,0,3260,2124,0,3679.5,59.9,58,1481.6,1151.4,0,330.2
2020,"Attanagh, Co.Kilkenny, 07024",Attanagh,Kilkenny,7024,7024,7024,Attanagh,KILKENNY,39.5,46,1094,473,3812,2245,0,2833.7,54.1,56,1816.8,1777.1,0,39.7
2020,"Ballyragget, Co.Kilkenny, 07025",Ballyragget,Kilkenny,7025,7025,7025,Ballyragget,KILKENNY,48.6,55,1070,330,5810,4410,663,4144.3,57.5,59,2673.4,1930,619.7,123.7
2020,"Castlecomer, Co.Kilkenny, 07026",Castlecomer,Kilkenny,7026,7026,7026,Castlecomer,KILKENNY,38.5,66,1219,489,5699,3991,977,4187,56.5,56,2543,2337.9,0,205.1
2020,"Clogh, Co.Kilkenny, 07027",Clogh,Kilkenny,7027,7027,7027,Clogh,KILKENNY,37.9,79,1553,833,6122,3736,780,4506.5,57.8,58,2994.8,2897.7,80.8,16.3
2020,"Clogharinka, Co.Kilkenny, 07028",Clogharinka,Kilkenny,7028,7028,7028,Clogharinka,KILKENNY,33.4,27,318,349,2063,1396,0,1458.6,55.3,59,902.1,899,0,3.1
2020,"Kilmacar, Co.Kilkenny, 07029",Kilmacar,Kilkenny,7029,7029,7029,Kilmacar,KILKENNY,41.3,54,1504,385,5930,4041,0,4153.5,55,56,2228,2163.3,0,64.7
2020,"Moneenroe, Co.Kilkenny, 07030",Moneenroe,Kilkenny,7030,7030,7030,Moneenroe,KILKENNY,28.3,76,578,860,4313,2875,895,3055.4,61.2,61,2148.5,2129.4,0,19.1
2020,"Mothell, Co.Kilkenny, 07031",Mothell,Kilkenny,7031,7031,7031,Mothell,KILKENNY,35.5,55,634,850,4254,2770,0,2916.2,57.2,56,1953.4,1948.8,0,4.6
2020,"Muckalee, Co.Kilkenny, 07032",Muckalee,Kilkenny,7032,7032,7032,Muckalee,KILKENNY,46,43,1218,544,5681,3919,788,5118.9,54.3,54,1977.5,1942.8,0,34.7
2020,"Brownsford, Co.Kilkenny, 07033",Brownsford,Kilkenny,7033,7033,7033,Brownsford,KILKENNY,44.6,16,648,153,1673,872,0,1313.3,55.3,51.5,713.8,598.3,0,115.5
2020,"Dysartmoon, Co.Kilkenny, 07034",Dysartmoon,Kilkenny,7034,7034,7034,Dysartmoon,KILKENNY,46.4,23,750,206,2734,1778,0,2007.2,54.3,52,1066.3,951.4,96.2,18.7
2020,"Jerpoint West, Co.Kilkenny, 07035",Jerpoint West,Kilkenny,7035,7035,7035,Jerpoint West,KILKENNY,51.6,27,1010,166,3318,2142,0,2435.3,56.5,52,1393.6,1372,0,21.6
2020,"Listerlin, Co.Kilkenny, 07036",Listerlin,Kilkenny,7036,7036,7036,Listerlin,KILKENNY,34.2,34,759,326,2952,1867,315,2105.9,52.7,51,1161.7,1082.6,0,79.1
2020,"Rosbercon Rural, Co.Kilkenny, 07037",Rosbercon Rural,Kilkenny,7037,7037,7037,Rosbercon Rural,KILKENNY,47.6,18,0,236,1658,1422,0,1244.5,59.7,61.5,857.6,648.3,181.7,27.6
2020,"Shanbogh, Co.Kilkenny, 07038",Shanbogh,Kilkenny,7038,7038,7038,Shanbogh,KILKENNY,34.9,31,721,210,2281,1350,0,1715.5,55.6,52,1082.9,907.9,135.6,39.4
2020,"The Rower, Co.Kilkenny, 07039",The Rower,Kilkenny,7039,7039,7039,The Rower,KILKENNY,36.2,62,1075,337,4245,2833,1607,3220.6,57.8,58,2248,1659.7,395.2,193.1
2020,"Ballinamara, Co.Kilkenny, 07040",Ballinamara,Kilkenny,7040,7040,7040,Ballinamara,KILKENNY,58.3,31,2266,209,5590,3115,0,4186.6,55,58,1808.3,1778.9,0,29.4
2020,"Ballybeagh, Co.Kilkenny, 07041",Ballybeagh,Kilkenny,7041,7041,7041,Ballybeagh,KILKENNY,52.1,35,617,413,3979,2949,1606,2954.5,55.3,53,1823.8,1584.2,0,239.6
2020,"Ballycallan, Co.Kilkenny, 07042",Ballycallan,Kilkenny,7042,7042,7042,Ballycallan,KILKENNY,63.1,37,1105,307,4980,3568,0,3755.5,54.1,54,2334.3,1981.4,204.4,148.5
2020,"Clara, Co.Kilkenny, 07043",Clara,Kilkenny,7043,7043,7043,Clara,KILKENNY,48.8,36,1599,417,4366,2350,3280,3586.2,50.8,47.5,1756.8,1632.1,102.6,22.1
2020,"Coolcraheen, Co.Kilkenny, 07044",Coolcraheen,Kilkenny,7044,7044,7044,Coolcraheen,KILKENNY,38,29,651,231,3145,2263,0,2211.6,58.4,59,1114.3,1024.5,52,37.8
2020,"Dunbell, Co.Kilkenny, 07045",Dunbell,Kilkenny,7045,7045,7045,Dunbell,KILKENNY,44.6,33,496,176,2972,2300,1050,2186.6,58.1,56,1473.1,1111.5,283.2,78.4
2020,"Dunmore, Co.Kilkenny, 07046",Dunmore,Kilkenny,7046,7046,7046,Dunmore,KILKENNY,42.2,22,529,100,1423,794,0,1131.5,55.8,57,936.2,749.2,120.2,66.8
2020,"Freshford, Co.Kilkenny, 07047",Freshford,Kilkenny,7047,7047,7047,Freshford,KILKENNY,52.3,33,1034,113,3787,2640,0,2883,55.6,54,1726.6,1505.7,186,34.9
2020,"Gowran, Co.Kilkenny, 07048",Gowran,Kilkenny,7048,7048,7048,Gowran,KILKENNY,48.5,37,1000,361,4275,2914,1767,3193.5,51.8,49,1795.7,1610.7,0,185
2020,"Grange, Co.Kilkenny, 07049",Grange,Kilkenny,7049,7049,7049,Grange,KILKENNY,49.9,32,682,299,3901,2920,2007,2963.9,58.1,57,1598.3,1310.1,243.7,44.5
2020,"Kilkenny Rural, Co.Kilkenny, 07050",Kilkenny Rural,Kilkenny,7050,7050,7050,Kilkenny Rural,KILKENNY,52.4,45,1554,206,5110,3350,0,3819.3,55,56,2389.7,1728.2,465,196.5
2020,"Kilkieran, Co.Kilkenny, 07051",Kilkieran,Kilkenny,7051,7051,7051,Kilkieran,KILKENNY,43,50,1143,549,4683,2991,1540,3623.7,57,56,2150.8,2054.9,90.7,5.2
2020,"Odagh, Co.Kilkenny, 07052",Odagh,Kilkenny,7052,7052,7052,Odagh,KILKENNY,45.3,37,1343,417,4346,2586,779,6292.5,59.3,58,1676.3,1508.6,158.2,9.5
2020,"Outrath, Co.Kilkenny, 07053",Outrath,Kilkenny,7053,7053,7053,Outrath,KILKENNY,52.1,27,0,210,2878,2668,0,2225.6,61.6,63,1407.4,1111.5,243,52.9
2020,"Paulstown, Co.Kilkenny, 07054",Paulstown,Kilkenny,7054,7054,7054,Paulstown,KILKENNY,39.2,31,583,130,2197,1484,1769,1743.5,58.1,60,1216.5,952.5,204.8,59.2
2020,"Rathcoole, Co.Kilkenny, 07055",Rathcoole,Kilkenny,7055,7055,7055,Rathcoole,KILKENNY,52.8,40,1140,405,4653,3108,642,4384.7,56.3,56,2113.6,1777,245.3,91.3
2020,"Rathealy, Co.Kilkenny, 07056",Rathealy,Kilkenny,7056,7056,7056,Rathealy,KILKENNY,56.9,26,1218,230,3815,2367,0,3635.4,55.9,55,1478.2,1391.2,80.6,6.4
2020,"St. Canice, Co.Kilkenny, 07057",St. Canice,Kilkenny,7057,7057,7057,St. Canice,KILKENNY,48,38,493,389,3606,2724,0,2553.8,60.9,62,1825,1667.7,0,157.3
2020,"Shankill, Co.Kilkenny, 07058",Shankill,Kilkenny,7058,7058,7058,Shankill,KILKENNY,50.2,51,1027,583,5934,4324,4711,4804.2,53.5,52,2557.7,2295.1,225.8,36.8
2020,"Tiscoffin, Co.Kilkenny, 07059",Tiscoffin,Kilkenny,7059,7059,7059,Tiscoffin,KILKENNY,40.6,45,935,663,4294,2696,802,5293.9,54.3,51,1827.6,1775.6,0,52
2020,"Tullaroan, Co.Kilkenny, 07060",Tullaroan,Kilkenny,7060,7060,7060,Tullaroan,KILKENNY,50.6,28,991,240,3650,2419,0,2801,50.9,52,1418.1,1402.2,0,15.9
2020,"Aghaviller, Co.Kilkenny, 07061",Aghaviller,Kilkenny,7061,7061,7061,Aghaviller,KILKENNY,47,26,1006,235,3518,2277,0,2551.9,57.5,59.5,1221.7,1210.2,0,11.5
2020,"Ballyhale, Co.Kilkenny, 07062",Ballyhale,Kilkenny,7062,7062,7062,Ballyhale,KILKENNY,43.1,22,409,141,2382,1832,0,1677.1,58.7,59,948.3,942.5,0,5.8
2020,"Ballyvool, Co.Kilkenny, 07063",Ballyvool,Kilkenny,7063,7063,7063,Ballyvool,KILKENNY,48.8,21,0,455,2103,1648,842,1513.1,58.5,60,1025.2,928.6,82.2,14.4
2020,"Bennettsbridge, Co.Kilkenny, 07064",Bennettsbridge,Kilkenny,7064,7064,7064,Bennettsbridge,KILKENNY,65.2,26,702,232,2724,1790,0,2077.6,54.2,54,1696.5,1161.7,440.5,94.3
2020,"Bramblestown, Co.Kilkenny, 07065",Bramblestown,Kilkenny,7065,7065,7065,Bramblestown,KILKENNY,64.4,20,0,525,2233,1708,1772,1717.6,54.3,54.5,1287.4,865.5,339,82.9
2020,"Castlebanny, Co.Kilkenny, 07066",Castlebanny,Kilkenny,7066,7066,7066,Castlebanny,KILKENNY,45.4,13,0,177,1683,1506,0,1171.7,54.8,59,590.4,580.4,0,10
2020,"Castlegannon, Co.Kilkenny, 07067",Castlegannon,Kilkenny,7067,7067,7067,Castlegannon,KILKENNY,45.7,20,662,192,2531,1677,0,1788.1,53.1,54.5,914.3,884,0,30.3
2020,"Coolhill, Co.Kilkenny, 07068",Coolhill,Kilkenny,7068,7068,7068,Coolhill,KILKENNY,31.8,30,0,322,2181,1859,774,1548.4,55.4,55,952.7,861.2,0,91.5
2020,"Danesfort, Co.Kilkenny, 07069",Danesfort,Kilkenny,7069,7069,7069,Danesfort,KILKENNY,70.3,20,0,288,2150,1862,0,1666.1,57.1,58,1406.7,847.4,362.5,196.8
2020,"Ennisnag, Co.Kilkenny, 07070",Ennisnag,Kilkenny,7070,7070,7070,Ennisnag,KILKENNY,55.2,23,802,113,2289,1374,0,1726.7,56,58,1268.9,937.9,271,60
2020,"Famma, Co.Kilkenny, 07071",Famma,Kilkenny,7071,7071,7071,Famma,KILKENNY,46.2,32,0,481,2653,2172,3407,2172.9,57.1,55,1479.8,1308.2,135.4,36.2
2020,"Freaghana, Co.Kilkenny, 07072",Freaghana,Kilkenny,7072,7072,7072,Freaghana,KILKENNY,53.2,30,338,528,3010,2144,5525,2613.2,53.6,51,1595.1,1452.2,92.2,50.7
2020,"Goresbridge, Co.Kilkenny, 07073",Goresbridge,Kilkenny,7073,7073,7073,Goresbridge,KILKENNY,39.5,28,0,225,1073,848,1449,862.9,57.8,56.5,1105.9,642.8,301.3,161.8
2020,"Graiguenamanagh, Co.Kilkenny, 07074",Graiguenamanagh,Kilkenny,7074,7074,7074,Graiguenamanagh,KILKENNY,37.6,53,0,604,3152,2548,5611,3692.6,54.8,54,1994.5,1678.1,241.4,75
2020,"Inistioge, Co.Kilkenny, 07075",Inistioge,Kilkenny,7075,7075,7075,Inistioge,KILKENNY,32.8,46,487,440,3116,2189,2143,2302,62.8,62.5,1510.3,1453.1,33.9,23.3
2020,"Jerpoint Church, Co.Kilkenny, 07076",Jerpoint Church,Kilkenny,7076,7076,7076,Jerpoint Church,KILKENNY,40,31,652,233,2253,1368,1496,1776.5,57,54,1239.3,1108,85.4,45.9
2020,"Kilfane, Co.Kilkenny, 07077",Kilfane,Kilkenny,7077,7077,7077,Kilfane,KILKENNY,30.4,30,0,220,1260,1040,1177,982.5,57.9,58.5,912.7,833.6,58,21.1
2020,"Kilkeasy, Co.Kilkenny, 07078",Kilkeasy,Kilkenny,7078,7078,7078,Kilkeasy,KILKENNY,42.4,31,882,278,3616,2456,0,2554.2,57.4,57,1313.9,1300.7,0,13.2
2020,"Kiltorcan, Co.Kilkenny, 07079",Kiltorcan,Kilkenny,7079,7079,7079,Kiltorcan,KILKENNY,71.5,11,436,287,2099,1376,0,1479.4,58.4,52,786,748.2,0,37.8
2020,"Knocktopher, Co.Kilkenny, 07080",Knocktopher,Kilkenny,7080,7080,7080,Knocktopher,KILKENNY,43.7,24,490,108,2099,1501,0,1560.3,57.3,59,1049.2,825,0,224.2
2020,"Pleberstown, Co.Kilkenny, 07081",Pleberstown,Kilkenny,7081,7081,7081,Pleberstown,KILKENNY,39.3,26,0,386,1830,1444,1064,1370.4,52.7,51,1020.8,931.5,82.3,7
2020,"Powerstown, Co.Kilkenny, 07082",Powerstown,Kilkenny,7082,7082,7082,Powerstown,KILKENNY,41.4,40,1151,356,4391,2884,1723,3274.4,57,57.5,1656.1,1582.4,58.8,14.9
2020,"Stonyford, Co.Kilkenny, 07083",Stonyford,Kilkenny,7083,7083,7083,Stonyford,KILKENNY,46,25,581,90,1751,1080,1847,1479.3,54.2,59,1150.8,935.1,183.4,32.3
2020,"Thomastown, Co.Kilkenny, 07084",Thomastown,Kilkenny,7084,7084,7084,Thomastown,KILKENNY,45,25,0,266,2144,1878,2000,1694.5,60.6,62,1124.1,1044.2,0,79.9
2020,"Tullaherin, Co.Kilkenny, 07085",Tullaherin,Kilkenny,7085,7085,7085,Tullaherin,KILKENNY,36,28,0,136,1571,1435,0,1239.2,58.8,61.5,1009.2,727,260.7,21.5
2020,"Ullard, Co.Kilkenny, 07086",Ullard,Kilkenny,7086,7086,7086,Ullard,KILKENNY,42.2,33,574,454,2623,1595,3320,2235.3,62.3,61,1391.6,1325.2,0,66.4
2020,"Woolengrange, Co.Kilkenny, 07087",Woolengrange,Kilkenny,7087,7087,7087,Woolengrange,KILKENNY,51.2,16,0,181,1487,1306,0,1202.9,54.4,56.5,819.6,629.3,0,190.3
2020,"Balleen, Co.Kilkenny, 07088",Balleen,Kilkenny,7088,7088,7088,Balleen,KILKENNY,36.7,41,594,242,3338,2502,491,3667.6,54.4,58,1505.3,1471,0,34.3
2020,"Ballyconra, Co.Kilkenny, 07089",Ballyconra,Kilkenny,7089,7089,7089,Ballyconra,KILKENNY,65.8,20,1380,97,4084,2607,0,2997.2,54.9,54,1315.3,1264.5,32.7,18.1
2020,"Baunmore, Co.Kilkenny, 07090",Baunmore,Kilkenny,7090,7090,7090,Baunmore,KILKENNY,33.8,15,422,81,1434,931,0,1065.7,55.5,56,506.8,477.1,24.8,4.9
2020,"Clomantagh, Co.Kilkenny, 07091",Clomantagh,Kilkenny,7091,7091,7091,Clomantagh,KILKENNY,49.5,31,909,184,2858,1765,0,2199.1,57.3,59,1534.5,1222.4,230.1,82
2020,"Galmoy, Co.Kilkenny, 07092",Galmoy,Kilkenny,7092,7092,7092,Galmoy,KILKENNY,47.5,47,2127,293,6903,4483,0,5103.6,50,48,2239.9,2078.9,123.1,37.9
2020,"Glashare, Co.Kilkenny, 07093",Glashare,Kilkenny,7093,7093,7093,Glashare,KILKENNY,48.1,49,836,919,5571,3816,3063,4171.5,51.9,53,2361.2,2132.2,183.2,45.8
2020,"Johnstown, Co.Kilkenny, 07094",Johnstown,Kilkenny,7094,7094,7094,Johnstown,KILKENNY,40.6,46,1371,116,4533,3046,3897,3689.8,55.2,55.5,1882.4,1519.2,226.2,137
2020,"Lisdowney, Co.Kilkenny, 07095",Lisdowney,Kilkenny,7095,7095,7095,Lisdowney,KILKENNY,57.6,38,2266,326,5820,3228,1166,4469.1,55.7,52.5,2187.2,2141.2,0,46
2020,"Rathbeagh, Co.Kilkenny, 07096",Rathbeagh,Kilkenny,7096,7096,7096,Rathbeagh,KILKENNY,47.3,23,0,155,1753,1598,0,1300.3,57.2,52,1086.8,800.3,0,286.5
2020,"Tubbridbrittain, Co.Kilkenny, 07097",Tubbridbrittain,Kilkenny,7097,7097,7097,Tubbridbrittain,KILKENNY,64.8,27,1969,163,5132,3000,0,3874.1,56.3,57,1750.6,1672.8,0,77.8
2020,"Urlingford, Co.Kilkenny, 07098",Urlingford,Kilkenny,7098,7098,7098,Urlingford,KILKENNY,49.1,29,1413,248,4006,2345,0,3053.8,56.2,59,1424.2,1309.6,87,27.6
2020,"Aglish, Co.Kilkenny, 07099",Aglish,Kilkenny,7099,7099,7099,Aglish,KILKENNY,36.9,28,790,111,2220,1319,0,1658.5,58.2,55,1041.9,892.3,0,149.6
2020,"Ballincrea, Co.Kilkenny, 07100",Ballincrea,Kilkenny,7100,7100,7100,Ballincrea,KILKENNY,36.6,35,722,322,3203,2159,0,2270.8,56.6,55,1282.7,1164.5,84.2,34
2020,"Dunkitt, Co.Kilkenny, 07101",Dunkitt,Kilkenny,7101,7101,7101,Dunkitt,KILKENNY,43.9,33,1018,117,3622,2487,0,2512.5,53.5,52,1450.2,1254.8,141.7,53.7
2020,"Farnoge, Co.Kilkenny, 07102",Farnoge,Kilkenny,7102,7102,7102,Farnoge,KILKENNY,42,22,0,227,1869,1642,0,1406.4,58.4,59.5,923.7,908.4,0,15.3
2020,"Kilbeacon, Co.Kilkenny, 07103",Kilbeacon,Kilkenny,7103,7103,7103,Kilbeacon,KILKENNY,45.3,20,838,162,2562,1562,0,1922.4,56.2,53.5,905.4,893.5,0,11.9
2020,"Kilbride, Co.Kilkenny, 07104",Kilbride,Kilkenny,7104,7104,7104,Kilbride,KILKENNY,41.2,25,813,187,2454,1454,0,1811.2,59,60,1030.9,938.2,57.2,35.5
2020,"Kilcolumb, Co.Kilkenny, 07105",Kilcolumb,Kilkenny,7105,7105,7105,Kilcolumb,KILKENNY,47.6,35,1156,299,3683,2228,0,2749.4,54.1,56,1676.2,1520.8,104,51.4
2020,"Kilculliheen (part), Co.Kilkenny, 07106",Kilculliheen (part),Kilkenny,7106,7106,7106,Kilculliheen (part),KILKENNY,69.5,5,0,0,923,923,0,607.6,45.4,49,347.4,269.3,0,78.1
2020,"Killahy, Co.Kilkenny, 07107",Killahy,Kilkenny,7107,7107,7107,Killahy,KILKENNY,44.5,32,1472,186,4321,2663,0,3239.8,54.8,55,1424.4,1387.6,0,36.8
2020,"Kilmakevoge, Co.Kilkenny, 07108",Kilmakevoge,Kilkenny,7108,7108,7108,Kilmakevoge,KILKENNY,60.3,22,819,177,2818,1822,0,2049.5,54.5,59,1325.8,931.7,296.7,97.4
2020,"Pollrone, Co.Kilkenny, 07109",Pollrone,Kilkenny,7109,7109,7109,Pollrone,KILKENNY,41.9,24,997,229,2982,1756,0,2182.6,51.7,47.5,1006.8,945.9,0,60.9
2020,"Portnascully, Co.Kilkenny, 07110",Portnascully,Kilkenny,7110,7110,7110,Portnascully,KILKENNY,46,31,1470,164,3888,2254,0,2942.3,58.7,60,1425.1,1361.9,40.2,23
2020,"Rathpatrick, Co.Kilkenny, 07111",Rathpatrick,Kilkenny,7111,7111,7111,Rathpatrick,KILKENNY,45.6,31,1352,166,3220,1702,0,2509.2,55.6,57,1413.9,1220,156.9,37
2020,"Rossinan, Co.Kilkenny, 07112",Rossinan,Kilkenny,7112,7112,7112,Rossinan,KILKENNY,44.7,30,778,193,3055,2084,0,2628.5,53.6,57,1339.7,1253.5,43.7,42.5
2020,"Ullid, Co.Kilkenny, 07113",Ullid,Kilkenny,7113,7113,7113,Ullid,KILKENNY,37.7,27,514,171,2333,1648,0,1730.9,59.2,64,1017.8,949.6,0,68.2
2020,"Abbeyleix, Co.Laois, 08001",Abbeyleix,Laois,8001,8001,8001,Abbeyleix,LAOIS,35.2,72,1170,664,5893,4059,1110,4201.7,56.5,55,2517.7,2119.6,280,118.1
2020,"Aghmacart, Co.Laois, 08002",Aghmacart,Laois,8002,8002,8002,Aghmacart,LAOIS,38.3,49,1849,450,5152,2853,493,4158.7,58.1,56,1887.9,1757.5,0,130.4
2020,"Ballinakill, Co.Laois, 08003",Ballinakill,Laois,8003,8003,8003,Ballinakill,LAOIS,32.8,49,558,583,3881,2740,573,7686.5,56,59,1606,1572.8,0,33.2
2020,"Ballyroan, Co.Laois, 08004",Ballyroan,Laois,8004,8004,8004,Ballyroan,LAOIS,32.4,48,910,394,4211,2907,0,3056.3,55.7,57.5,1564.8,1445.2,95.7,23.9
2020,"Blandsfort, Co.Laois, 08005",Blandsfort,Laois,8005,8005,8005,Blandsfort,LAOIS,37.4,43,1116,308,4126,2702,690,3075,56.6,55,1608.4,1401.6,140.9,65.9
2020,"Caher, Co.Laois, 08006",Caher,Laois,8006,8006,8006,Caher,LAOIS,37,21,0,226,1462,1236,0,1039.5,55.5,52,776.1,759,0,17.1
2020,"Castletown, Co.Laois, 08007",Castletown,Laois,8007,8007,8007,Castletown,LAOIS,46.9,37,1028,431,4233,2774,1254,3200.4,56.2,56,1736.4,1593.3,0,143.1
2020,"Clash, Co.Laois, 08008",Clash,Laois,8008,8008,8008,Clash,LAOIS,37.8,38,881,495,3891,2515,0,2887.9,58.6,59.5,1436.1,1334.9,61.3,39.9
2020,"Clonkeen, Co.Laois, 08009",Clonkeen,Laois,8009,8009,8009,Clonkeen,LAOIS,28.5,51,308,643,3239,2288,554,2307,55,54,1452.1,1330.5,104.3,17.3
2020,"Colt, Co.Laois, 08010",Colt,Laois,8010,8010,8010,Colt,LAOIS,29.7,21,0,89,1393,1304,0,1098.5,53.5,58,622.9,591.5,0,31.4
2020,"Cuffsborough, Co.Laois, 08011",Cuffsborough,Laois,8011,8011,8011,Cuffsborough,LAOIS,48.8,40,1833,269,5198,3096,1711,4008.4,51.9,52.5,1951.5,1729.2,184.9,37.4
2020,"Cullahill, Co.Laois, 08012",Cullahill,Laois,8012,8012,8012,Cullahill,LAOIS,35.6,35,389,226,2829,2214,811,2024.9,55,55,1254,1005.6,211.8,36.6
2020,"Cullenagh, Co.Laois, 08013",Cullenagh,Laois,8013,8013,8013,Cullenagh,LAOIS,59.8,14,781,0,3056,2275,0,2037.5,51.5,52,837.4,796.6,0,40.8
2020,"Donaghmore, Co.Laois, 08014",Donaghmore,Laois,8014,8014,8014,Donaghmore,LAOIS,53.9,25,0,389,3444,3055,0,2571.7,55.1,56,1347.9,1255.5,73.3,19.1
2020,"Donore, Co.Laois, 08015",Donore,Laois,8015,8015,8015,Donore,LAOIS,49.3,42,883,796,5120,3441,1792,3718.1,55.1,56,2071,1900.3,100.6,70.1
2020,"Dunmore, Co.Laois, 08016",Dunmore,Laois,8016,8016,8016,Dunmore,LAOIS,41.4,23,275,45,1470,1150,0,1133.3,60.6,59,951.9,624,242.2,85.7
2020,"Durrow, Co.Laois, 08017",Durrow,Laois,8017,8017,8017,Durrow,LAOIS,56,39,1491,352,5077,3234,850,3715.9,58.6,60,2182.5,2023.3,93.2,66
2020,"Dysartgallen, Co.Laois, 08018",Dysartgallen,Laois,8018,8018,8018,Dysartgallen,LAOIS,36.1,39,488,451,2727,1788,0,1956.2,55.5,54,1409.7,1388.6,0,21.1
2020,"Fossy, Co.Laois, 08019",Fossy,Laois,8019,8019,8019,Fossy,LAOIS,47.8,27,525,273,2574,1776,0,1918.7,55.1,55,1290.6,1210.6,0,80
2020,"Grantstown, Co.Laois, 08020",Grantstown,Laois,8020,8020,8020,Grantstown,LAOIS,48,36,1158,345,4759,3256,0,3442.9,54.6,53.5,1728.3,1474,206,48.3
2020,"Kilcoke, Co.Laois, 08021",Kilcoke,Laois,8021,8021,8021,Kilcoke,LAOIS,38.2,23,0,240,1765,1525,1400,1416.8,56.7,57,877.5,727,132.2,18.3
2020,"Kildellig, Co.Laois, 08022",Kildellig,Laois,8022,8022,8022,Kildellig,LAOIS,31.3,37,0,307,2881,2574,1591,1988.7,57.9,58,1157.7,1014.4,106.2,37.1
2020,"Killermogh, Co.Laois, 08023",Killermogh,Laois,8023,8023,8023,Killermogh,LAOIS,53.8,29,0,637,3592,2955,1252,2655.1,59.4,61,1561.5,1296.4,223.9,41.2
2020,"Kilnaseer, Co.Laois, 08024",Kilnaseer,Laois,8024,8024,8024,Kilnaseer,LAOIS,41.4,35,935,272,3969,2762,0,2919.8,52.9,56,1450,1261.6,147,41.4
2020,"Raheen, Co.Laois, 08025",Raheen,Laois,8025,8025,8025,Raheen,LAOIS,40.6,39,647,734,4154,2773,0,3054.5,58.5,58,1585.7,1457,102.6,26.1
2020,"Rathdowney, Co.Laois, 08026",Rathdowney,Laois,8026,8026,8026,Rathdowney,LAOIS,68,24,631,307,3483,2545,0,2478.4,53.2,54,1631.6,1588.6,0,43
2020,"Timahoe, Co.Laois, 08027",Timahoe,Laois,8027,8027,8027,Timahoe,LAOIS,34.5,59,999,343,4617,3275,1221,3306.2,57.9,60,2035.1,1759,227.8,48.3
2020,"Ballyadams, Co.Laois, 08028",Ballyadams,Laois,8028,8028,8028,Ballyadams,LAOIS,39.7,35,0,485,2848,2363,0,2041.7,57.7,56,1389.4,740.5,546,102.9
2020,"Ballylynan, Co.Laois, 08029",Ballylynan,Laois,8029,8029,8029,Ballylynan,LAOIS,42.1,32,773,280,2652,1599,453,1994.8,57,53,1346.8,1071.1,182.6,93.1
2020,"Barrowhouse, Co.Laois, 08030",Barrowhouse,Laois,8030,8030,8030,Barrowhouse,LAOIS,32.8,25,522,88,1346,736,386,1052,60.3,61,820.2,439.6,316.9,63.7
2020,"Curraclone, Co.Laois, 08031",Curraclone,Laois,8031,8031,8031,Curraclone,LAOIS,41.4,22,0,0,345,345,0,243.8,55.9,55,909.9,217.8,641.8,50.3
2020,"Killabban, Co.Laois, 08032",Killabban,Laois,8032,8032,8032,Killabban,LAOIS,46.2,23,512,122,1899,1265,912,1474.9,55.4,56,1063.5,702.8,301.1,59.6
2020,"Luggacurren, Co.Laois, 08033",Luggacurren,Laois,8033,8033,8033,Luggacurren,LAOIS,47.9,38,0,517,3454,2937,920,2562.3,55,55.5,1820.6,1651.3,137.1,32.2
2020,"Moyanna, Co.Laois, 08034",Moyanna,Laois,8034,8034,8034,Moyanna,LAOIS,49.2,30,716,201,2228,1311,0,1733.9,57.4,58,1474.6,817,614.7,42.9
2020,"Rathaspick, Co.Laois, 08035",Rathaspick,Laois,8035,8035,8035,Rathaspick,LAOIS,32,29,0,325,1985,1660,709,1512.9,55.3,59,927,889.6,0,37.4
2020,"Stradbally, Co.Laois, 08036",Stradbally,Laois,8036,8036,8036,Stradbally,LAOIS,45.9,34,0,213,2064,1851,1379,1595,53.9,52.5,1562.3,947.2,548.9,66.2
2020,"Tankardstown, Co.Laois, 08037",Tankardstown,Laois,8037,8037,8037,Tankardstown,LAOIS,44.7,33,731,195,2896,1970,0,2100.6,56.4,55,1473.5,954.8,397.5,121.2
2020,"Timogue, Co.Laois, 08038",Timogue,Laois,8038,8038,8038,Timogue,LAOIS,49.3,33,0,178,2310,2132,0,1599,52.4,54,1626.7,1005.1,500.9,120.7
2020,"Vicarstown, Co.Laois, 08039",Vicarstown,Laois,8039,8039,8039,Vicarstown,LAOIS,49.2,21,0,0,910,910,2945,936,59.1,60,1033.3,663.2,331.6,38.5
2020,"Arderin, Co.Laois, 08040",Arderin,Laois,8040,8040,8040,Arderin,LAOIS,36.6,30,0,485,2167,1682,1404,1589.9,52.4,55,1097.4,1085.3,0,12.1
2020,"Ballybrittas, Co.Laois, 08041",Ballybrittas,Laois,8041,8041,8041,Ballybrittas,LAOIS,34.7,27,0,249,1416,1167,0,1802.9,56.2,59,963,602.2,296.8,64
2020,"Ballycarroll, Co.Laois, 08042",Ballycarroll,Laois,8042,8042,8042,Ballycarroll,LAOIS,39.5,18,0,0,802,802,0,629.4,61.4,63.5,711.3,411.5,248.2,51.6
2020,"Ballyfin, Co.Laois, 08043",Ballyfin,Laois,8043,8043,8043,Ballyfin,LAOIS,33.4,73,926,530,4883,3427,897,3585.8,53.5,50,2439.7,2340.1,79.1,20.5
2020,"Borris, Co.Laois, 08044",Borris,Laois,8044,8044,8044,Borris,LAOIS,38.9,28,0,341,2025,1684,0,1416.1,57.8,59,1089.8,861.1,209.8,18.9
2020,"Brisha / Capard, Co.Laois, 08045/08046",Brisha / Capard,Laois,08045/08046,08045/08046,08045/08046,Brisha / Capard,LAOIS,24.2,40,0,468,1955,1487,420,1273.9,54.2,53,967,964.3,0,2.7
2020,"Cappalough, Co.Laois, 08047",Cappalough,Laois,8047,8047,8047,Cappalough,LAOIS,31.3,33,543,401,2489,1545,0,2117,56.1,57,1033.6,912.1,0,121.5
2020,"Cardtown, Co.Laois, 08048",Cardtown,Laois,8048,8048,8048,Cardtown,LAOIS,23.8,26,0,241,1093,852,575,774,55.4,52,617.6,600.5,0,17.1
2020,"Castlecuffe, Co.Laois, 08049",Castlecuffe,Laois,8049,8049,8049,Castlecuffe,LAOIS,32.8,47,0,401,2529,2128,1562,1861.5,59,58,1541,1528.4,0,12.6
2020,"Clonaslee, Co.Laois, 08050",Clonaslee,Laois,8050,8050,8050,Clonaslee,LAOIS,31.5,70,727,483,5225,4015,1431,6238.3,57.8,58.5,2204.4,2065.9,114.8,23.7
2020,"Clondarrig, Co.Laois, 08051",Clondarrig,Laois,8051,8051,8051,Clondarrig,LAOIS,37.6,20,0,152,1395,1243,0,1058,53.8,54.5,751.6,660.9,77.4,13.3
2020,"Clonin, Co.Laois, 08052",Clonin,Laois,8052,8052,8052,Clonin,LAOIS,35.8,36,0,620,2689,2069,1454,1956.3,55.9,58.5,1287.4,1201.2,0,86.2
2020,"Coolrain, Co.Laois, 08053",Coolrain,Laois,8053,8053,8053,Coolrain,LAOIS,35.1,23,0,497,1909,1412,0,1321,57,55,808,772,0,36
2020,"Dangans, Co.Laois, 08054",Dangans,Laois,8054,8054,8054,Dangans,LAOIS,57.9,19,0,329,2498,2169,0,1894.5,57.1,61,1100.8,945.7,147.7,7.4
2020,"Emo, Co.Laois, 08055",Emo,Laois,8055,8055,8055,Emo,LAOIS,48.8,56,874,319,3566,2373,1864,2730.2,56.2,57,2733.9,1419.2,1136.3,178.4
2020,"Garrymore, Co.Laois, 08056",Garrymore,Laois,8056,8056,8056,Garrymore,LAOIS,49.5,18,0,197,2199,2002,0,1680.4,54.4,53,891.7,822.6,0,69.1
2020,"Graigue, Co.Laois, 08057",Graigue,Laois,8057,8057,8057,Graigue,LAOIS,37.6,19,545,235,1875,1095,0,1386.5,61.2,58,714,689.3,0,24.7
2020,"Jamestown, Co.Laois, 08058",Jamestown,Laois,8058,8058,8058,Jamestown,LAOIS,34.2,36,0,369,1945,1576,1871,3093.9,57.4,57,1230.4,864.2,311.1,55.1
2020,"Kilcolmanbane, Co.Laois, 08059",Kilcolmanbane,Laois,8059,8059,8059,Kilcolmanbane,LAOIS,33.8,39,549,262,2877,2066,0,2149.9,60,62,1317.3,1061.8,212.6,42.9
2020,"Kilmullen, Co.Laois, 08060",Kilmullen,Laois,8060,8060,8060,Kilmullen,LAOIS,39.6,29,0,378,2214,1836,0,1454,50.8,51,1148.1,1073.8,0,74.3
2020,"Kilmurry, Co.Laois, 08061",Kilmurry,Laois,8061,8061,8061,Kilmurry,LAOIS,42.4,23,0,336,2211,1875,1663,1745.7,60,58,975.8,678.7,241.1,56
2020,"Lacka, Co.Laois, 08062",Lacka,Laois,8062,8062,8062,Lacka,LAOIS,24.8,27,0,362,1278,916,310,888.5,54,57,670.3,660.7,0,9.6
2020,"Marymount, Co.Laois, 08063",Marymount,Laois,8063,8063,8063,Marymount,LAOIS,34.8,28,0,375,1787,1412,1699,1365.9,57.8,57,973.3,960.6,0,12.7
2020,"Meelick, Co.Laois, 08064",Meelick,Laois,8064,8064,8064,Meelick,LAOIS,34.3,34,0,400,2636,2236,0,1862.9,58.6,60,1167.2,1082,0,85.2
2020,"Mountmellick Rural, Co.Laois, 08065",Mountmellick Rural,Laois,8065,8065,8065,Mountmellick Rural,LAOIS,32.5,50,783,429,3098,1886,0,2302.9,53.1,54,1625.8,1412,178.5,35.3
2020,"Mountrath, Co.Laois, 08067",Mountrath,Laois,8067,8067,8067,Mountrath,LAOIS,28.7,57,614,549,4465,3302,951,3161.9,57.8,57,1635.5,1544.7,78.2,12.6
2020,"Nealstown, Co.Laois, 08068",Nealstown,Laois,8068,8068,8068,Nealstown,LAOIS,34.6,10,0,75,419,344,0,374.6,65.2,61,346.3,346.3,0,0
2020,"O'More's Forest, Co.Laois, 08069",O'More's Forest,Laois,8069,8069,8069,O'More's Forest,LAOIS,31.2,48,522,472,3492,2498,0,2797.8,58.6,59,1497.7,1278.3,158.9,60.5
2020,"Portarlington South, Co.Laois, 08070",Portarlington South,Laois,8070,8070,8070,Portarlington South,LAOIS,25,21,0,57,772,715,0,560.4,60,63,524.4,346.7,162.3,15.4
2020,"Portlaoighise (Maryborough) Rural, Co.Laois, 08071",Portlaoighise (Maryborough) Rural,Laois,8071,8071,8071,Portlaoighise (Maryborough) Rural,LAOIS,28.5,27,0,50,2033,1983,0,5951.4,55.3,58,770.5,673.2,68.1,29.2
2020,"Rearymore, Co.Laois, 08073",Rearymore,Laois,8073,8073,8073,Rearymore,LAOIS,40.3,30,407,358,2915,2150,0,2100.1,54.2,51,1219.4,1110.7,0,108.7
2020,"Rosenallis, Co.Laois, 08074",Rosenallis,Laois,8074,8074,8074,Rosenallis,LAOIS,25.5,48,605,564,4100,2931,460,3019.9,55.2,54,1223,1081,0,142
2020,"Sallyford, Co.Laois, 08075",Sallyford,Laois,8075,8075,8075,Sallyford,LAOIS,38.6,31,0,213,1356,1143,0,946.5,55,52,1195.3,619,500.7,75.6
2020,"Shaen, Co.Laois, 08076",Shaen,Laois,8076,8076,8076,Shaen,LAOIS,44.1,49,870,440,4234,2924,674,3030.8,56.8,57,2161.8,1405.1,629.4,127.3
2020,"Tinnahinch, Co.Laois, 08077",Tinnahinch,Laois,8077,8077,8077,Tinnahinch,LAOIS,24.5,30,0,175,1509,1334,521,1201.3,61.3,60,735.9,726.4,0,9.5
2020,"Trumra, Co.Laois, 08078",Trumra,Laois,8078,8078,8078,Trumra,LAOIS,24.5,36,0,235,2050,1815,0,1440.5,60,60,888.5,824.4,0,64.1
2020,"Ballybrophy, Co.Laois, 08079",Ballybrophy,Laois,8079,8079,8079,Ballybrophy,LAOIS,48.1,24,826,276,2960,1858,0,2255.9,53.6,56,1155,1034.5,0,120.5
2020,"Borris-in-Ossory, Co.Laois, 08080",Borris-in-Ossory,Laois,8080,8080,8080,Borris-in-Ossory,LAOIS,42.8,46,597,299,4854,3958,1137,3603.1,57.4,57.5,1968.9,1820.5,131.2,17.2
2020,"Clonmore, Co.Laois, 08081",Clonmore,Laois,8081,8081,8081,Clonmore,LAOIS,34,30,336,291,2573,1946,0,1850.7,57.7,57.5,1021.1,947.6,0,73.5
2020,"Errill, Co.Laois, 08082",Errill,Laois,8082,8082,8082,Errill,LAOIS,23.3,35,443,241,2055,1371,0,1447.1,55.3,51,813.8,768.9,0,44.9
2020,"Kyle, Co.Laois, 08083",Kyle,Laois,8083,8083,8083,Kyle,LAOIS,32.3,41,0,365,2586,2221,1307,1921.6,58.5,55,1324.5,1271.1,0,53.4
2020,"Kyle South, Co.Laois, 08084",Kyle South,Laois,8084,8084,8084,Kyle South,LAOIS,43.1,42,1360,348,4787,3079,0,3547.1,53.8,52,1809.5,1706.9,79.9,22.7
2020,"Moneenalassa, Co.Laois, 08085",Moneenalassa,Laois,8085,8085,8085,Moneenalassa,LAOIS,39.3,25,811,139,2895,1945,0,2100.7,55.3,56,981.6,964.1,0,17.5
2020,"Moneymore, Co.Laois, 08086",Moneymore,Laois,8086,8086,8086,Moneymore,LAOIS,51,15,0,230,1875,1645,0,1371.6,53.1,55,764.6,764.6,0,0
2020,"Rathsaran, Co.Laois, 08087",Rathsaran,Laois,8087,8087,8087,Rathsaran,LAOIS,40.5,43,1158,222,4735,3355,657,3543.1,55.3,54,1742.5,1656.3,0,86.2
2020,"Ardough, Co.Laois, 08088",Ardough,Laois,8088,8088,8088,Ardough,LAOIS,33.7,40,0,742,2467,1725,1032,1746.1,58.9,58,1349.1,1346.6,0,2.5
2020,"Arless, Co.Laois, 08089",Arless,Laois,8089,8089,8089,Arless,LAOIS,47.1,41,0,412,3952,3540,1937,3045.8,54.4,51,1929.9,1665.2,127.5,137.2
2020,"Ballickmoyler, Co.Laois, 08090",Ballickmoyler,Laois,8090,8090,8090,Ballickmoyler,LAOIS,23.1,43,0,223,1795,1572,369,1929,55.4,54,993.5,806.5,0,187
2020,"Ballylehane, Co.Laois, 08091",Ballylehane,Laois,8091,8091,8091,Ballylehane,LAOIS,49.8,8,0,105,1056,951,0,786.9,53.3,52,398.5,391.8,0,6.7
2020,"Doonane, Co.Laois, 08092",Doonane,Laois,8092,8092,8092,Doonane,LAOIS,37.3,31,731,324,3387,2332,0,2355.5,54,50,1157.2,1122.2,0,35
2020,"Farnans, Co.Laois, 08093",Farnans,Laois,8093,8093,8093,Farnans,LAOIS,48,20,0,114,1851,1737,0,1376,57.7,57,959.1,917.6,0,41.5
2020,"Graigue Rural, Co.Laois, 08094",Graigue Rural,Laois,8094,8094,8094,Graigue Rural,LAOIS,43.8,28,0,286,1827,1541,1599,1413.3,61.1,62,1225.9,715.5,425.3,85.1
2020,"Newtown, Co.Laois, 08095",Newtown,Laois,8095,8095,8095,Newtown,LAOIS,40.7,22,545,225,2345,1575,0,2825.5,55.3,52.5,896,834.7,0,61.3
2020,"Rossmore, Co.Laois, 08096",Rossmore,Laois,8096,8096,8096,Rossmore,LAOIS,38.4,20,0,254,1796,1542,0,1281.1,57,58.5,767.4,668,0,99.4
2020,"Shrule, Co.Laois, 08097",Shrule,Laois,8097,8097,8097,Shrule,LAOIS,31,25,0,170,1522,1352,922,1176.6,56.3,59,776,503.8,220.6,51.6
2020,"Turra, Co.Laois, 08098",Turra,Laois,8098,8098,8098,Turra,LAOIS,37.3,34,374,505,2618,1739,395,4330.7,55.9,53,1269,1217.8,0,51.2
2020,"Agharra, Co.Longford, 09003",Agharra,Longford,9003,9003,9003,Agharra,LONGFORD,37.4,38,0,308,2077,1769,2342,1801.1,56.1,56,1421.5,1408.6,0,12.9
2020,"Ballymahon, Co.Longford, 09004",Ballymahon,Longford,9004,9004,9004,Ballymahon,LONGFORD,36.7,79,0,904,5390,4486,734,3747.3,55.1,56,2899.1,2855.1,0,44
2020,"Cashel East, Co.Longford, 09005",Cashel East,Longford,9005,9005,9005,Cashel East,LONGFORD,24,46,0,498,1774,1276,756,1250.8,58.2,58.5,1103.2,1096.5,0,6.7
2020,"Cashel West, Co.Longford, 09006",Cashel West,Longford,9006,9006,9006,Cashel West,LONGFORD,28,100,405,1164,4799,3230,4291,3850.5,56.9,59,2803.9,2780.6,0,23.3
2020,"Doory, Co.Longford, 09007",Doory,Longford,9007,9007,9007,Doory,LONGFORD,36,56,602,818,3972,2552,1116,2937.9,54.2,53.5,2015.6,1974.3,0,41.3
2020,"Forgney, Co.Longford, 09008",Forgney,Longford,9008,9008,9008,Forgney,LONGFORD,36.7,51,928,479,3653,2246,2104,2870,55.9,54,1871.8,1856.4,0,15.4
2020,"Foxhall, Co.Longford, 09009",Foxhall,Longford,9009,9009,9009,Foxhall,LONGFORD,31.8,44,0,545,2108,1563,1109,1565.1,59.2,60,1389,1365.5,0,23.5
2020,"Kilcommock, Co.Longford, 09010",Kilcommock,Longford,9010,9010,9010,Kilcommock,LONGFORD,34.8,58,0,668,3452,2784,3227,2916.9,56.4,57,2018.9,1933.5,0,85.4
2020,"Kilglass, Co.Longford, 09011",Kilglass,Longford,9011,9011,9011,Kilglass,LONGFORD,32.3,82,772,983,5098,3343,2088,11127.9,59.5,60.5,2649.5,2595.6,0,53.9
2020,"Ledwithstown, Co.Longford, 09012",Ledwithstown,Longford,9012,9012,9012,Ledwithstown,LONGFORD,39.8,34,0,455,2578,2123,1081,1913.2,56.5,55.5,1352.7,1345.9,0,6.8
2020,"Abbeylara, Co.Longford, 09013",Abbeylara,Longford,9013,9013,9013,Abbeylara,LONGFORD,27.1,35,0,360,1774,1414,1067,1292.4,56.2,57,947.2,904.1,0,43.1
2020,"Ballinalee, Co.Longford, 09014",Ballinalee,Longford,9014,9014,9014,Ballinalee,LONGFORD,27.9,40,0,350,1794,1444,1035,11571.8,52.8,51.5,1117,1105.5,0,11.5
2020,"Ballymuigh, Co.Longford, 09015",Ballymuigh,Longford,9015,9015,9015,Ballymuigh,LONGFORD,30.8,22,0,227,1429,1202,0,1093.4,60.6,61.5,678.4,674.7,0,3.7
2020,"Bunlahy, Co.Longford, 09016",Bunlahy,Longford,9016,9016,9016,Bunlahy,LONGFORD,33.7,28,0,411,2146,1735,941,1583.1,58,59,942.6,935.1,0,7.5
2020,"Columbkille, Co.Longford, 09017",Columbkille,Longford,9017,9017,9017,Columbkille,LONGFORD,25.9,76,792,817,4116,2507,789,2967.9,55.2,55,1972.2,1955.8,0,16.4
2020,"Coolamber, Co.Longford, 09018",Coolamber,Longford,9018,9018,9018,Coolamber,LONGFORD,38.4,36,399,320,2461,1742,1847,4015.9,54.8,54.5,1383,1350.6,0,32.4
2020,"Creevy, Co.Longford, 09019",Creevy,Longford,9019,9019,9019,Creevy,LONGFORD,25.3,41,0,333,1899,1566,762,1421.2,57.7,59,1037.5,1017.8,0,19.7
2020,"Crosagstown, Co.Longford, 09020",Crosagstown,Longford,9020,9020,9020,Crosagstown,LONGFORD,31.9,25,0,267,1197,930,890,913.1,53.2,52,798.6,788.9,0,9.7
2020,"Currygrane, Co.Longford, 09021",Currygrane,Longford,9021,9021,9021,Currygrane,LONGFORD,35.4,25,0,426,1435,1009,0,1375,59.7,62,884.7,866.9,0,17.8
2020,"Dalystown, Co.Longford, 09022",Dalystown,Longford,9022,9022,9022,Dalystown,LONGFORD,36.7,25,0,356,1405,1049,3407,1268,56.1,59,917,867.6,0,49.4
2020,"Drummeel, Co.Longford, 09023",Drummeel,Longford,9023,9023,9023,Drummeel,LONGFORD,28.7,22,0,160,1220,1060,0,873.1,56.2,58.5,630.7,624.7,0,6
2020,"Firry / Newgrove, Co.Longford, 09024/09035",Firry / Newgrove,Longford,09024/09035,09024/09035,09024/09035,Firry / Newgrove,LONGFORD,25.6,39,0,412,2164,1752,675,1444.8,57,59,998.5,965.4,0,33.1
2020,"Gelshagh, Co.Longford, 09025",Gelshagh,Longford,9025,9025,9025,Gelshagh,LONGFORD,22.6,56,0,370,1876,1506,647,1328.5,54.3,54,1257.8,1219.4,0,38.4
2020,"Granard Rural, Co.Longford, 09026",Granard Rural,Longford,9026,9026,9026,Granard Rural,LONGFORD,31.8,48,0,672,2802,2130,2423,2162.4,54,55.5,1524.1,1501.2,0,22.9
2020,"Granard Urban, Co.Longford, 09027",Granard Urban,Longford,9027,9027,9027,Granard Urban,LONGFORD,30.3,28,302,372,1622,948,776,1547.2,54.6,53,848.6,833.2,0,15.4
2020,"Knockanbaun, Co.Longford, 09028",Knockanbaun,Longford,9028,9028,9028,Knockanbaun,LONGFORD,31.8,20,0,173,1211,1038,501,946.6,58.6,56,635.2,632.5,0,2.7
2020,"Lislea, Co.Longford, 09029",Lislea,Longford,9029,9029,9029,Lislea,LONGFORD,27.7,24,0,172,1089,917,0,765.6,53,52.5,663.9,659.1,0,4.8
2020,"Meathas Truim, Co.Longford, 09030",Meathas Truim,Longford,9030,9030,9030,Meathas Truim,LONGFORD,38.4,21,0,264,1286,1022,0,1008.1,64.3,66,806.4,806.4,0,0
2020,"Milltown, Co.Longford, 09031",Milltown,Longford,9031,9031,9031,Milltown,LONGFORD,33.3,43,0,404,2381,1977,465,1769.9,60.5,63,1433,1404.4,0,28.6
2020,"Moatfarrell, Co.Longford, 09032",Moatfarrell,Longford,9032,9032,9032,Moatfarrell,LONGFORD,25.6,23,0,228,934,706,0,693,56,52,589.9,567.6,0,22.3
2020,"Moyne, Co.Longford, 09033",Moyne,Longford,9033,9033,9033,Moyne,LONGFORD,23.3,55,321,508,2098,1269,130,1480.6,55.7,55,1284,1280.3,0,3.7
2020,"Mullanalaghta, Co.Longford, 09034",Mullanalaghta,Longford,9034,9034,9034,Mullanalaghta,LONGFORD,19.8,59,0,563,2001,1438,320,1367.1,56.5,58,1168.3,1156.4,0,11.9
2020,"Sonnagh, Co.Longford, 09036",Sonnagh,Longford,9036,9036,9036,Sonnagh,LONGFORD,18.4,55,0,489,1673,1184,808,1147.1,58.7,58,1009.5,996.6,0,12.9
2020,"Aghaboy, Co.Longford, 09037",Aghaboy,Longford,9037,9037,9037,Aghaboy,LONGFORD,16,57,0,350,1315,965,469,936.1,61.2,63,911.7,896.9,0,14.8
2020,"Ardagh East, Co.Longford, 09038",Ardagh East,Longford,9038,9038,9038,Ardagh East,LONGFORD,36.8,68,0,609,3742,3133,696,2741.1,57.7,58,2500.8,2465.7,0,35.1
2020,"Ardagh West, Co.Longford, 09039",Ardagh West,Longford,9039,9039,9039,Ardagh West,LONGFORD,30.9,40,0,414,1914,1500,1107,1431.2,58,59,1234.1,1192.1,0,42
2020,"Ballinamuck East, Co.Longford, 09040",Ballinamuck East,Longford,9040,9040,9040,Ballinamuck East,LONGFORD,21.2,45,204,341,1634,1089,0,1152,53.9,52,954,938.3,0,15.7
2020,"Ballinamuck West, Co.Longford, 09041",Ballinamuck West,Longford,9041,9041,9041,Ballinamuck West,LONGFORD,18,77,0,714,2286,1572,740,1617.4,58.9,60,1384.6,1377.1,0,7.5
2020,"Breanrisk, Co.Longford, 09042",Breanrisk,Longford,9042,9042,9042,Breanrisk,LONGFORD,18.2,80,0,628,1964,1336,542,1340.7,57.2,59,1454.1,1430.7,0,23.4
2020,"Caldragh, Co.Longford, 09043",Caldragh,Longford,9043,9043,9043,Caldragh,LONGFORD,28.6,50,0,729,2486,1757,0,1601.2,60.8,61.5,1431.2,1422,0,9.2
2020,"Cloondara, Co.Longford, 09044",Cloondara,Longford,9044,9044,9044,Cloondara,LONGFORD,26.9,50,0,316,1962,1646,2173,4102.1,59.3,59.5,1345.9,1330.8,0,15.1
2020,"Cloonee, Co.Longford, 09045",Cloonee,Longford,9045,9045,9045,Cloonee,LONGFORD,33.5,62,663,700,3731,2368,1393,2725.9,56.1,56.5,2069.7,2023.2,0,46.5
2020,"Corboy, Co.Longford, 09046",Corboy,Longford,9046,9046,9046,Corboy,LONGFORD,37.2,49,0,515,2351,1836,2029,1851.4,59.2,60,1821.6,1797.7,0,23.9
2020,"Drumgort, Co.Longford, 09047",Drumgort,Longford,9047,9047,9047,Drumgort,LONGFORD,20.2,66,370,492,2021,1159,0,1415.7,57.7,60,1331.5,1314.8,0,16.7
2020,"Drumlish, Co.Longford, 09048",Drumlish,Longford,9048,9048,9048,Drumlish,LONGFORD,18.4,77,0,651,1793,1142,613,1225.2,60.3,62,1418.6,1401,0,17.6
2020,"Killashee, Co.Longford, 09049",Killashee,Longford,9049,9049,9049,Killashee,LONGFORD,31.8,39,0,537,2261,1724,1330,1716.7,59.7,62,1238.6,1185.7,0,52.9
2020,"Killoe, Co.Longford, 09050",Killoe,Longford,9050,9050,9050,Killoe,LONGFORD,19.8,46,0,318,1241,923,0,847.3,58.6,58.5,909.5,896.4,0,13.1
2020,"Longford Rural, Co.Longford, 09051",Longford Rural,Longford,9051,9051,9051,Longford Rural,LONGFORD,27.3,47,0,270,1786,1516,1863,1498,58,56,1282.3,1267.6,0,14.7
2020,"Mountdavis, Co.Longford, 09052",Mountdavis,Longford,9052,9052,9052,Mountdavis,LONGFORD,28,38,0,401,1676,1275,1436,1259.3,58.3,59.5,1065.8,1002.1,0,63.7
2020,"Moydow, Co.Longford, 09053",Moydow,Longford,9053,9053,9053,Moydow,LONGFORD,31,70,444,651,3396,2301,944,2578.7,62.4,66,2169.2,2140.7,0,28.5
2020,"Newtown Forbes, Co.Longford, 09054",Newtown Forbes,Longford,9054,9054,9054,Newtown Forbes,LONGFORD,31.2,41,0,507,1461,954,963,1063.2,58.2,60,1278.3,1274.7,0,3.6
2020,"Rathcline, Co.Longford, 09055",Rathcline,Longford,9055,9055,9055,Rathcline,LONGFORD,28.4,77,0,932,3871,2939,2319,2922.2,56.5,58,2183.9,2136.8,0,47.1
2020,"Ardee Rural, Co.Louth, 10008",Ardee Rural,Louth,10008,10008,10008,Ardee Rural,LOUTH,42.3,122,946,1030,6168,4192,3947,6482.9,57.6,58,5171.9,2789.3,1816,566.6
2020,"Ardee Urban, Co.Louth, 10009",Ardee Urban,Louth,10009,10009,10009,Ardee Urban,LOUTH,16.2,5,0,0,0,0,0,0,57.8,58,81.1,81.1,0,0
2020,"Castlebellingham, Co.Louth, 10010",Castlebellingham,Louth,10010,10010,10010,Castlebellingham,LOUTH,50.4,31,0,238,4340,4102,1460,3778.1,59.8,60,1564.1,642.9,735.9,185.3
2020,"Clonkeen, Co.Louth, 10011",Clonkeen,Louth,10011,10011,10011,Clonkeen,LOUTH,45.7,53,689,551,4243,3003,1671,3275.7,54.3,55,2429.3,2080.9,239.2,109.2
2020,"Collon, Co.Louth, 10012",Collon,Louth,10012,10012,10012,Collon,LOUTH,53.5,50,1105,518,3570,1947,5581,3200.6,57.2,60,2687.7,2183.5,0,504.2
2020,"Dromin, Co.Louth, 10013",Dromin,Louth,10013,10013,10013,Dromin,LOUTH,51.4,23,674,141,1711,896,2381,1571.8,53.8,51,1181.4,681,361.3,139.1
2020,"Dromiskin, Co.Louth, 10014",Dromiskin,Louth,10014,10014,10014,Dromiskin,LOUTH,43,41,0,292,2002,1710,0,1553.2,59.1,58,1788.5,823.8,771.1,193.6
2020,"Drumcar, Co.Louth, 10015",Drumcar,Louth,10015,10015,10015,Drumcar,LOUTH,43.5,63,1281,499,4938,3158,665,3707.8,57.1,55,2738,1702,894.1,141.9
2020,"Dunleer, Co.Louth, 10016",Dunleer,Louth,10016,10016,10016,Dunleer,LOUTH,34.3,46,0,274,1632,1358,1528,1680,58.1,60,1582.4,866.1,607,109.3
2020,"Stabannan, Co.Louth, 10017",Stabannan,Louth,10017,10017,10017,Stabannan,LOUTH,126.9,21,0,0,1901,1901,1041,1671.4,58.9,60,2664,590,1509.8,564.2
2020,"Tallanstown, Co.Louth, 10018",Tallanstown,Louth,10018,10018,10018,Tallanstown,LOUTH,37.6,49,0,246,2356,2110,1854,1888.1,56.1,58,1890.2,1089.4,701.5,99.3
2020,"Ballymascanlan, Co.Louth, 10019",Ballymascanlan,Louth,10019,10019,10019,Ballymascanlan,LOUTH,25.1,64,0,352,2124,1772,2140,1578,60.8,62.5,1614.5,1297.9,214.7,101.9
2020,"Barronstown, Co.Louth, 10020",Barronstown,Louth,10020,10020,10020,Barronstown,LOUTH,35.2,45,573,1151,4552,2828,0,3281.1,57.9,57,1581.8,1491.2,75.6,15
2020,"Carlingford, Co.Louth, 10021",Carlingford,Louth,10021,10021,10021,Carlingford,LOUTH,18.3,45,0,76,517,441,5197,883.5,59.4,59,825.6,691.5,112.3,21.8
2020,"Castlering, Co.Louth, 10022",Castlering,Louth,10022,10022,10022,Castlering,LOUTH,48.4,44,2138,280,5208,2790,1349,4233.5,53.6,55,2131,1794.1,152.3,184.6
2020,"Castletown, Co.Louth, 10023",Castletown,Louth,10023,10023,10023,Castletown,LOUTH,31.6,40,810,416,3417,2191,0,2423.1,54.6,54,1263.6,943.5,249.5,70.6
2020,"Creggan Upper, Co.Louth, 10024",Creggan Upper,Louth,10024,10024,10024,Creggan Upper,LOUTH,20,89,512,754,4164,2898,730,2903.6,58.3,58,1785.5,1718,36.5,31
2020,"Darver, Co.Louth, 10025",Darver,Louth,10025,10025,10025,Darver,LOUTH,70.4,33,0,272,2288,2016,1867,1904.9,59.9,58,2367.9,851.9,1262.1,253.9
2020,"Drummullagh, Co.Louth, 10026",Drummullagh,Louth,10026,10026,10026,Drummullagh,LOUTH,13.7,56,0,151,587,436,6378,1025.1,58.1,60.5,765.2,762.2,0,3
2020,"Dundalk Rural, Co.Louth, 10027",Dundalk Rural,Louth,10027,10027,10027,Dundalk Rural,LOUTH,36.4,29,233,271,3096,2592,0,2434.3,56.4,59,1061.3,862.7,126.5,72.1
2020,"Faughart, Co.Louth, 10028",Faughart,Louth,10028,10028,10028,Faughart,LOUTH,27.5,53,297,432,2589,1860,1384,2036.5,58.6,57,1459.9,1215.7,209.4,34.8
2020,"Greenore, Co.Louth, 10029",Greenore,Louth,10029,10029,10029,Greenore,LOUTH,30.9,37,0,118,826,708,1740,751.2,60.3,61,1152,499.9,545.4,106.7
2020,"Haggardstown, Co.Louth, 10030",Haggardstown,Louth,10030,10030,10030,Haggardstown,LOUTH,29.1,38,0,503,1807,1304,834,1306.4,57.3,58,1106.2,772,293.9,40.3
2020,"Jenkinstown, Co.Louth, 10031",Jenkinstown,Louth,10031,10031,10031,Jenkinstown,LOUTH,28.4,47,0,192,1547,1355,7125,1642.9,59.5,61,1335.1,1297.8,0,37.3
2020,"Killanny, Co.Louth, 10032",Killanny,Louth,10032,10032,10032,Killanny,LOUTH,24.4,61,601,477,3868,2790,0,3018.6,59.1,60,1487.6,1339.5,121.3,26.8
2020,"Louth, Co.Louth, 10033",Louth,Louth,10033,10033,10033,Louth,LOUTH,34,48,501,143,2068,1424,1984,2158.1,56.4,59,1634.1,955.7,619.5,58.9
2020,"Mansfieldstown, Co.Louth, 10034",Mansfieldstown,Louth,10034,10034,10034,Mansfieldstown,LOUTH,79.4,23,0,102,535,433,3339,824.7,60.1,61,1835,447.3,984.6,403.1
2020,"Rathcor, Co.Louth, 10035",Rathcor,Louth,10035,10035,10035,Rathcor,LOUTH,19.7,76,0,235,1136,901,12872,2055.8,56.8,56,1498.7,1324.6,136.6,37.5
2020,"Ravensdale, Co.Louth, 10036",Ravensdale,Louth,10036,10036,10036,Ravensdale,LOUTH,17.7,40,0,122,1174,1052,2772,1071.7,57.8,58,707.9,675,0,32.9
2020,"Clogher, Co.Louth, 10037",Clogher,Louth,10037,10037,10037,Clogher,LOUTH,43,41,550,386,2689,1753,780,1986.9,59.7,58,1764.8,1050.9,586,127.9
2020,"Dysart, Co.Louth, 10038",Dysart,Louth,10038,10038,10038,Dysart,LOUTH,57.1,35,510,236,2112,1366,0,1527.6,58.1,60,1998.1,1014.5,795.7,187.9
2020,"Monasterboice, Co.Louth, 10039",Monasterboice,Louth,10039,10039,10039,Monasterboice,LOUTH,40.7,45,1406,245,3596,1945,793,4751,58.7,58,1830.9,1575.4,155.2,100.3
2020,"Mullary, Co.Louth, 10040",Mullary,Louth,10040,10040,10040,Mullary,LOUTH,41,39,780,374,3206,2052,2050,2674.3,57.2,55,1597.7,1416.5,140.9,40.3
2020,"St. Peter's, Co.Louth, 10041",St. Peter's,Louth,10041,10041,10041,St. Peter's,LOUTH,63,42,1535,246,4439,2658,0,3411.3,61,62.5,2654.6,1955.7,476.6,222.3
2020,"Termonfeckin, Co.Louth, 10042",Termonfeckin,Louth,10042,10042,10042,Termonfeckin,LOUTH,41.4,54,1565,346,4400,2489,0,4456.4,60,62.5,2228,1790.2,350.3,87.5
2020,"Drumcondra, Co.Meath, 11004",Drumcondra,Meath,11004,11004,11004,Drumcondra,MEATH,39.9,109,1577,1124,9044,6343,10338,7812.6,55.8,56,4347.9,4081.4,171.1,95.4
2020,"Grangegeeth, Co.Meath, 11005",Grangegeeth,Meath,11005,11005,11005,Grangegeeth,MEATH,46.1,56,0,651,5544,4893,4470,5721.9,57.2,56,2583.7,2512.5,0,71.2
2020,"Killary, Co.Meath, 11006",Killary,Meath,11006,11006,11006,Killary,MEATH,42.7,105,2217,733,8005,5055,7769,6819,57.6,58,4483.3,4186.2,257.2,39.9
2020,"Culmullin, Co.Meath, 11007",Culmullin,Meath,11007,11007,11007,Culmullin,MEATH,38.7,58,468,426,3269,2375,4072,2782,58.2,58.5,2241.9,1940.8,179.2,121.9
2020,"Donaghmore, Co.Meath, 11008",Donaghmore,Meath,11008,11008,11008,Donaghmore,MEATH,76.1,39,0,247,2631,2384,1607,2049,64.8,65,2975.7,1366.6,1420.2,188.9
2020,"Dunboyne, Co.Meath, 11009",Dunboyne,Meath,11009,11009,11009,Dunboyne,MEATH,54.4,70,625,542,5492,4325,3160,4388.9,59,61,3808.7,2799.2,777.7,231.8
2020,"Dunshaughlin, Co.Meath, 11010",Dunshaughlin,Meath,11010,11010,11010,Dunshaughlin,MEATH,33.6,85,675,411,4271,3185,5029,4195,63.9,65,2852.4,2660.4,140.9,51.1
2020,"Kilbrew, Co.Meath, 11011",Kilbrew,Meath,11011,11011,11011,Kilbrew,MEATH,54.6,70,1320,308,4186,2558,2720,4556.9,59,57.5,3835.4,2109.4,1189.6,536.4
2020,"Killeen, Co.Meath, 11012",Killeen,Meath,11012,11012,11012,Killeen,MEATH,61.9,47,701,365,2781,1715,4496,2487.1,58.7,57,2910.7,1661.4,517.4,731.9
2020,"Kilmessan, Co.Meath, 11013",Kilmessan,Meath,11013,11013,11013,Kilmessan,MEATH,57.2,51,1018,282,4246,2946,1155,3099.3,56.2,57,2971,2009.8,790.6,170.6
2020,"Kilmore, Co.Meath, 11014",Kilmore,Meath,11014,11014,11014,Kilmore,MEATH,32.6,91,791,619,5260,3850,3264,4060.5,59.7,61,2968.7,2622.1,0,346.6
2020,"Rathfeigh, Co.Meath, 11015",Rathfeigh,Meath,11015,11015,11015,Rathfeigh,MEATH,39.6,40,701,66,3108,2341,339,2424,56.2,57.5,1584.7,1215.6,325.1,44
2020,"Ratoath, Co.Meath, 11016",Ratoath,Meath,11016,11016,11016,Ratoath,MEATH,54.6,61,586,104,2789,2099,3152,2583.5,56.3,58,3330.4,1760.2,1182.5,387.7
2020,"Rodanstown, Co.Meath, 11017",Rodanstown,Meath,11017,11017,11017,Rodanstown,MEATH,62.8,53,0,446,4109,3663,7190,3717,57.2,57,3329.1,3015.6,300.2,13.3
2020,"Skreen, Co.Meath, 11018",Skreen,Meath,11018,11018,11018,Skreen,MEATH,61.4,59,1621,477,5735,3637,4941,4829.2,59.4,61,3625,2798.6,602,224.4
2020,"Ardagh, Co.Meath, 11019",Ardagh,Meath,11019,11019,11019,Ardagh,MEATH,22.9,68,0,601,2436,1835,2206,3353.8,56.8,53.5,1557.7,1541.1,0,16.6
2020,"Ballinlough, Co.Meath, 11020",Ballinlough,Meath,11020,11020,11020,Ballinlough,MEATH,44.1,25,550,236,2221,1435,1887,1906.1,55.8,56,1103.6,1102.6,0,1
2020,"Balrathboyne, Co.Meath, 11021",Balrathboyne,Meath,11021,11021,11021,Balrathboyne,MEATH,47.2,34,0,106,2626,2520,1869,2524.4,60.9,62,1516.1,1404.7,0,111.4
2020,"Boherboy, Co.Meath, 11022",Boherboy,Meath,11022,11022,11022,Boherboy,MEATH,29.3,28,0,247,2031,1784,0,1523.9,62.8,63.5,819.4,779.7,0,39.7
2020,"Burry, Co.Meath, 11023",Burry,Meath,11023,11023,11023,Burry,MEATH,59.8,30,0,381,4818,4437,1840,3533.6,62.5,61.5,1792.7,1430.3,173.9,188.5
2020,"Carrickleck, Co.Meath, 11024",Carrickleck,Meath,11024,11024,11024,Carrickleck,MEATH,22.9,73,470,596,3244,2178,2264,2490.4,57.9,58,1668.3,1643.1,0,25.2
2020,"Castlekeeran, Co.Meath, 11025",Castlekeeran,Meath,11025,11025,11025,Castlekeeran,MEATH,39.3,45,623,436,4127,3068,1635,3292,57.8,58,1761.2,1744.3,0,16.9
2020,"Ceannanus Mór (Kells) Rural, Co.Meath, 11026",Ceannanus Mór (Kells) Rural,Meath,11026,11026,11026,Ceannanus Mór (Kells) Rural,MEATH,37.5,39,0,221,1327,1106,1510,1076.4,56.8,59,1461.6,842.4,435.3,183.9
2020,"Cruicetown, Co.Meath, 11027",Cruicetown,Meath,11027,11027,11027,Cruicetown,MEATH,57.9,32,1186,543,5002,3273,2646,3844,57.9,60,1851.2,1769.8,0,81.4
2020,"Girley, Co.Meath, 11028",Girley,Meath,11028,11028,11028,Girley,MEATH,46.6,37,0,256,2029,1773,2844,1752.3,61.9,61,1729.1,1336.9,275.6,116.6
2020,"Kilmainham, Co.Meath, 11029",Kilmainham,Meath,11029,11029,11029,Kilmainham,MEATH,37.8,61,496,666,4486,3324,3003,3464.7,56.5,59,2276.5,2247.3,0,29.2
2020,"Kilskeer, Co.Meath, 11030",Kilskeer,Meath,11030,11030,11030,Kilskeer,MEATH,41.5,40,720,183,3091,2188,1609,2480.9,55.5,57,1659,1549.7,0,109.3
2020,"Loughan, Co.Meath, 11031",Loughan,Meath,11031,11031,11031,Loughan,MEATH,31.1,33,0,109,1895,1786,2080,1641.6,54.9,53,1027.1,1018.1,0,9
2020,"Maperath, Co.Meath, 11032",Maperath,Meath,11032,11032,11032,Maperath,MEATH,31,40,0,429,2203,1774,851,1598.1,56.9,56,1235.3,1085.2,58.8,91.3
2020,"Martry, Co.Meath, 11033",Martry,Meath,11033,11033,11033,Martry,MEATH,25.4,51,609,305,2747,1833,996,2867.3,59.4,62,1294.3,1189.8,0,104.5
2020,"Moybolgue, Co.Meath, 11034",Moybolgue,Meath,11034,11034,11034,Moybolgue,MEATH,26.6,24,0,195,1002,807,538,745.9,59,58.5,638.7,630.3,0,8.4
2020,"Moynalty, Co.Meath, 11035",Moynalty,Meath,11035,11035,11035,Moynalty,MEATH,38.1,51,853,314,3773,2606,3368,3200.1,57.3,57,1944,1865,0,79
2020,"Newcastle, Co.Meath, 11036",Newcastle,Meath,11036,11036,11036,Newcastle,MEATH,25,59,488,547,3319,2284,1158,2609.4,57.2,58,1472.9,1460.9,0,12
2020,"Newtown, Co.Meath, 11037",Newtown,Meath,11037,11037,11037,Newtown,MEATH,37.1,27,0,382,1623,1241,0,1120.6,49.1,52,1001,831.6,0,169.4
2020,"Nobber, Co.Meath, 11038",Nobber,Meath,11038,11038,11038,Nobber,MEATH,43,41,727,347,3209,2135,3628,6005.1,58.8,61,1764,1652,0,112
2020,"Posseckstown, Co.Meath, 11039",Posseckstown,Meath,11039,11039,11039,Posseckstown,MEATH,43.1,32,0,397,2855,2458,6254,2593.6,55.7,60,1278.8,1208.8,0,70
2020,"Staholmog, Co.Meath, 11040",Staholmog,Meath,11040,11040,11040,Staholmog,MEATH,43.8,39,1154,266,3404,1984,1139,2765.4,59.8,59,1708.6,1498.1,0,210.5
2020,"Tailtin, Co.Meath, 11041",Tailtin,Meath,11041,11041,11041,Tailtin,MEATH,43.9,51,977,278,3704,2449,1029,2895.4,59.4,61,2237.4,1781.5,248.6,207.3
2020,"Trohanny, Co.Meath, 11042",Trohanny,Meath,11042,11042,11042,Trohanny,MEATH,31.1,48,835,402,3266,2029,2080,2549.6,59.1,59,1487.2,1475.2,0,12
2020,"Ardcath, Co.Meath, 11043",Ardcath,Meath,11043,11043,11043,Ardcath,MEATH,47.8,66,2200,905,7084,3979,3745,5642.9,56.2,56,3157.7,2519,395.3,243.4
2020,"Duleek, Co.Meath, 11044",Duleek,Meath,11044,11044,11044,Duleek,MEATH,59.6,62,1471,416,4987,3100,2517,4016.5,59.3,59.5,3768.3,2184.6,1088.8,494.9
2020,"Julianstown, Co.Meath, 11045",Julianstown,Meath,11045,11045,11045,Julianstown,MEATH,64.3,72,1420,526,5222,3276,4861,4296.9,58,57,4725.6,2431.2,1473.2,821.2
2020,"Mellifont, Co.Meath, 11046",Mellifont,Meath,11046,11046,11046,Mellifont,MEATH,54.6,49,1161,348,4053,2544,2349,4502.1,55.1,54,2677.5,1781.4,715,181.1
2020,"St. Mary's (Part Rural), Co.Meath, 11047",St. Mary's (Part Rural),Meath,11047,11047,11047,St. Mary's (Part Rural),MEATH,77.8,45,0,174,1791,1617,1536,1461.6,57.9,57,3534.7,1171.7,1675.6,687.4
2020,"Stamullin, Co.Meath, 11048",Stamullin,Meath,11048,11048,11048,Stamullin,MEATH,64.8,52,1784,337,5050,2929,1382,3875.2,58,57,3386.8,2298.2,624.1,464.5
2020,"Ardbraccan, Co.Meath, 11049",Ardbraccan,Meath,11049,11049,11049,Ardbraccan,MEATH,28,88,646,713,4670,3311,1786,3566.4,59.5,61.5,2465.7,2330.4,80,55.3
2020,"Ardmulchan, Co.Meath, 11050",Ardmulchan,Meath,11050,11050,11050,Ardmulchan,MEATH,51.3,44,1206,360,3832,2266,3172,3148,59.2,61,2258.1,1730.6,356,171.5
2020,"Bective, Co.Meath, 11051",Bective,Meath,11051,11051,11051,Bective,MEATH,46.1,36,355,285,2002,1362,1408,1519.8,62,65,1659.5,979.5,583.8,96.2
2020,"Castletown, Co.Meath, 11052",Castletown,Meath,11052,11052,11052,Castletown,MEATH,60.1,53,2581,359,6477,3537,1782,5402.3,59.2,57,3209.5,2510.8,491.2,207.5
2020,"Domhnach Phádraig, Co.Meath, 11053",Domhnach Phádraig,Meath,11053,11053,11053,Domhnach Phádraig,MEATH,40.6,84,1892,269,5311,3150,4481,4419.9,54,54,3408.9,2289.1,835.5,284.3
2020,"Kentstown, Co.Meath, 11054",Kentstown,Meath,11054,11054,11054,Kentstown,MEATH,61,49,1703,403,5911,3805,2539,4608.6,54.8,56,3064.9,2131.1,607.1,326.7
2020,"Navan Rural, Co.Meath, 11055",Navan Rural,Meath,11055,11055,11055,Navan Rural,MEATH,43.4,82,1065,529,5634,4040,2988,6117.8,62,64.5,3555.1,2738.2,618.2,198.7
2020,"Painestown, Co.Meath, 11056",Painestown,Meath,11056,11056,11056,Painestown,MEATH,57.7,37,875,201,3422,2346,1225,2793.1,60.5,59,2128.6,1625.3,0,503.3
2020,"Rathkenny, Co.Meath, 11057",Rathkenny,Meath,11057,11057,11057,Rathkenny,MEATH,44.1,51,726,157,2875,1992,2699,2762,61.5,64,2250,1506.6,526.1,217.3
2020,"Slane, Co.Meath, 11058",Slane,Meath,11058,11058,11058,Slane,MEATH,42.3,32,941,302,2894,1651,0,2616.1,54.5,54,1357.6,1202.6,0,155
2020,"Stackallan, Co.Meath, 11059",Stackallan,Meath,11059,11059,11059,Stackallan,MEATH,54.6,35,1655,129,3531,1747,1088,2929.8,57,59,1910.8,1566.8,250.9,93.1
2020,"Tara, Co.Meath, 11060",Tara,Meath,11060,11060,11060,Tara,MEATH,59.6,43,1968,200,4279,2111,1369,4764.8,56.4,57,2564.9,1754.7,616.6,193.6
2020,"Crossakeel, Co.Meath, 11061",Crossakeel,Meath,11061,11061,11061,Crossakeel,MEATH,47.4,45,715,457,4826,3654,671,3506.2,54.8,53,2173,2014.1,0,158.9
2020,"Crosskeys, Co.Meath, 11062",Crosskeys,Meath,11062,11062,11062,Crosskeys,MEATH,34.5,46,0,467,2434,1967,6891,2264.4,56.7,58.5,1585.6,1567.5,0,18.1
2020,"Killallon, Co.Meath, 11063",Killallon,Meath,11063,11063,11063,Killallon,MEATH,40.7,56,357,617,4037,3063,2085,3658.7,59.1,60,2278.4,2252.1,0,26.3
2020,"Killeagh, Co.Meath, 11064",Killeagh,Meath,11064,11064,11064,Killeagh,MEATH,29.5,60,563,541,3537,2433,3521,2831.8,54.7,52.5,1772.6,1758.1,0,14.5
2020,"Knocklough, Co.Meath, 11065",Knocklough,Meath,11065,11065,11065,Knocklough,MEATH,33.4,33,0,389,2241,1852,1947,1716.4,54.6,55,1101.9,1091.6,0,10.3
2020,"Moylagh, Co.Meath, 11066",Moylagh,Meath,11066,11066,11066,Moylagh,MEATH,27.5,44,0,314,2224,1910,2130,1710.5,61.7,60,1209.3,1189.1,0,20.2
2020,"Oldcastle, Co.Meath, 11067",Oldcastle,Meath,11067,11067,11067,Oldcastle,MEATH,30.9,82,915,1110,5660,3635,3415,4354.6,54.7,55,2534.5,2499.8,0,34.7
2020,"Stonefield, Co.Meath, 11068",Stonefield,Meath,11068,11068,11068,Stonefield,MEATH,42.3,44,549,476,3299,2274,2759,2822,53.6,51.5,1860,1853.7,0,6.3
2020,"Ardnamullan, Co.Meath, 11069",Ardnamullan,Meath,11069,11069,11069,Ardnamullan,MEATH,30.8,51,0,432,3009,2577,3827,2430.1,56.3,54,1623,1513.6,0,109.4
2020,"Baile Átha Buí, Co.Meath, 11070",Baile Átha Buí,Meath,11070,11070,11070,Baile Átha Buí,MEATH,44,43,1227,364,4872,3281,378,3480.6,53.6,49,1891.8,1732.1,125.5,34.2
2020,"Ballyboggan, Co.Meath, 11071",Ballyboggan,Meath,11071,11071,11071,Ballyboggan,MEATH,56.5,52,1572,473,5515,3470,2966,4405.5,55.1,55,2946.6,2661.9,210.7,74
2020,"Ballyconnell, Co.Meath, 11072",Ballyconnell,Meath,11072,11072,11072,Ballyconnell,MEATH,45.9,43,749,140,2578,1689,2969,2192.9,55.7,56,2072.7,1498.6,408.4,165.7
2020,"Castlejordan, Co.Meath, 11073",Castlejordan,Meath,11073,11073,11073,Castlejordan,MEATH,39.8,35,0,393,2860,2467,3683,2347.1,59.9,61,1394.7,1354.2,0,40.5
2020,"Castlerickard, Co.Meath, 11074",Castlerickard,Meath,11074,11074,11074,Castlerickard,MEATH,45.7,45,525,230,2994,2239,3779,2485.4,57.5,59,2054.5,1671.2,0,383.3
2020,"Cloghbrack, Co.Meath, 11075",Cloghbrack,Meath,11075,11075,11075,Cloghbrack,MEATH,39.6,34,233,334,1927,1360,3567,1746.5,63.4,65.5,1348,1276.1,0,71.9
2020,"Clonmacduff, Co.Meath, 11076",Clonmacduff,Meath,11076,11076,11076,Clonmacduff,MEATH,51.4,33,0,268,1871,1603,1597,1502.4,59.3,61,1695.4,1035,545.6,114.8
2020,"Gallow, Co.Meath, 11077",Gallow,Meath,11077,11077,11077,Gallow,MEATH,40.4,54,589,395,3052,2068,4785,2690.4,56.5,56.5,2182.8,2017.5,87.2,78.1
2020,"Galtrim, Co.Meath, 11078",Galtrim,Meath,11078,11078,11078,Galtrim,MEATH,35.8,50,422,283,2391,1686,5203,2259.2,55.1,56,1796.3,1549.5,120,126.8
2020,"Grennanstown, Co.Meath, 11079",Grennanstown,Meath,11079,11079,11079,Grennanstown,MEATH,39.9,54,646,680,4450,3124,1911,4810.6,56,56.5,2156.7,1950.9,181.8,24
2020,"Hill of Down, Co.Meath, 11080",Hill of Down,Meath,11080,11080,11080,Hill of Down,MEATH,37.8,29,0,269,1973,1704,1676,1560.4,54.1,52,1096.8,935.4,0,161.4
2020,"Innfield, Co.Meath, 11081",Innfield,Meath,11081,11081,11081,Innfield,MEATH,44.9,63,295,905,4641,3441,2902,3878.3,59.6,57,2822.8,2308.6,382.5,131.7
2020,"Cill Bhríde, Co.Meath, 11082",Cill Bhríde,Meath,11082,11082,11082,Cill Bhríde,MEATH,67.4,37,0,373,1743,1370,515,1257.7,61.2,61,2313.8,816.8,1202,295
2020,"Kilcooly, Co.Meath, 11083",Kilcooly,Meath,11083,11083,11083,Kilcooly,MEATH,60.7,19,0,81,1993,1912,0,1536.3,59.1,59,1153.9,854.4,0,299.5
2020,"Kildalky, Co.Meath, 11084",Kildalky,Meath,11084,11084,11084,Kildalky,MEATH,53.4,42,0,289,2867,2578,3002,2443.1,56.3,56,2244.1,1645.4,532.5,66.2
2020,"Killaconnigan, Co.Meath, 11085",Killaconnigan,Meath,11085,11085,11085,Killaconnigan,MEATH,50.4,42,943,230,3058,1885,2740,2527.4,57.9,57.5,2114.9,1454.9,419.1,240.9
2020,"Killyon, Co.Meath, 11086",Killyon,Meath,11086,11086,11086,Killyon,MEATH,43.6,56,1028,515,4305,2762,5885,3618.1,58,55.5,2442.3,2239.2,104.7,98.4
2020,"Laracor, Co.Meath, 11087",Laracor,Meath,11087,11087,11087,Laracor,MEATH,36.5,45,0,344,2500,2156,1423,1849.4,58.8,60,1681.8,1226,247.7,208.1
2020,"Rahinstown, Co.Meath, 11088",Rahinstown,Meath,11088,11088,11088,Rahinstown,MEATH,31.5,32,0,322,1570,1248,925,1177.2,60.9,65,1008.6,923.2,0,85.4
2020,"Rathmolyon, Co.Meath, 11089",Rathmolyon,Meath,11089,11089,11089,Rathmolyon,MEATH,42.1,87,918,862,6843,5063,4302,5527,61.4,65,3660.1,3132.4,308.3,219.4
2020,"An Ráth Mhór, Co.Meath, 11090",An Ráth Mhór,Meath,11090,11090,11090,An Ráth Mhór,MEATH,35.1,65,716,729,4558,3113,1947,3378.2,54.6,56,2281.2,1888.2,266.8,126.2
2020,"Summerhill, Co.Meath, 11091",Summerhill,Meath,11091,11091,11091,Summerhill,MEATH,26.9,32,0,281,1389,1108,4980,1452,58,61,862.4,857.3,0,5.1
2020,"Trim Rural, Co.Meath, 11092",Trim Rural,Meath,11092,11092,11092,Trim Rural,MEATH,39.3,70,435,289,3139,2415,4673,2699.7,58.7,60,2752.7,1889.1,565.7,297.9
2020,"Birr Urban, Co.Offaly, 12001",Birr Urban,Offaly,12001,12001,12001,Birr Urban,OFFALY,28.4,5,0,0,0,0,0,271.6,51.4,48,141.8,139.9,0,1.9
2020,"Ballycumber, Co.Offaly, 12003",Ballycumber,Offaly,12003,12003,12003,Ballycumber,OFFALY,32.4,38,724,263,3023,2036,1146,2249.8,57.7,58,1230.5,1198.5,0,32
2020,"Banagher, Co.Offaly, 12004",Banagher,Offaly,12004,12004,12004,Banagher,OFFALY,37.8,41,680,247,2997,2070,1509,2313.1,54.8,52,1559,1408.2,0,150.8
2020,"Birr Rural, Co.Offaly, 12005",Birr Rural,Offaly,12005,12005,12005,Birr Rural,OFFALY,30.5,46,656,183,2986,2147,0,2436.1,57.7,59.5,1401.2,1268.1,84.6,48.5
2020,"Broughal, Co.Offaly, 12006",Broughal,Offaly,12006,12006,12006,Broughal,OFFALY,53.3,20,0,278,2112,1834,1327,1553.3,56,56.5,1065.1,980.5,0,84.6
2020,"Cloghan, Co.Offaly, 12007",Cloghan,Offaly,12007,12007,12007,Cloghan,OFFALY,36.8,49,0,847,3265,2418,2726,2463.4,57.2,57,1802.3,1673.6,111.4,17.3
2020,"Clonmacnoise, Co.Offaly, 12008",Clonmacnoise,Offaly,12008,12008,12008,Clonmacnoise,OFFALY,26.4,48,0,510,2327,1817,0,1561.5,59.9,63,1268.5,1261.2,0,7.3
2020,"Derrinboy, Co.Offaly, 12009",Derrinboy,Offaly,12009,12009,12009,Derrinboy,OFFALY,36.7,35,335,372,2578,1871,539,1912.8,55.2,55,1285.7,1178,73.8,33.9
2020,"Derryad, Co.Offaly, 12010",Derryad,Offaly,12010,12010,12010,Derryad,OFFALY,39.4,43,686,356,3759,2717,724,2961.7,53.4,54,1732.8,1562.1,0,170.7
2020,"Doon, Co.Offaly, 12011",Doon,Offaly,12011,12011,12011,Doon,OFFALY,27.9,66,0,694,3636,2942,946,2561.5,55.8,56,1839.3,1805.6,0,33.7
2020,"Dromoyle, Co.Offaly, 12012",Dromoyle,Offaly,12012,12012,12012,Dromoyle,OFFALY,38.1,52,605,292,4601,3704,2115,3522.3,53.3,52.5,1980.8,1821.6,109.8,49.4
2020,"Drumcullen, Co.Offaly, 12013",Drumcullen,Offaly,12013,12013,12013,Drumcullen,OFFALY,51.3,59,987,355,5921,4579,3639,9162.2,54.7,55,3072.5,2231.7,617.4,223.4
2020,"Eglish, Co.Offaly, 12014",Eglish,Offaly,12014,12014,12014,Eglish,OFFALY,42.6,26,0,164,2390,2226,0,1777.9,61.2,59,1107.8,1072.8,0,35
2020,"Ferbane, Co.Offaly, 12015",Ferbane,Offaly,12015,12015,12015,Ferbane,OFFALY,27.5,47,0,409,2336,1927,0,1636.6,57.3,57,1291.8,1248.2,0,43.6
2020,"Gallen, Co.Offaly, 12016",Gallen,Offaly,12016,12016,12016,Gallen,OFFALY,30.2,39,0,322,1997,1675,1431,1532,61.9,65,1178.1,1142.4,0,35.7
2020,"Hinds, Co.Offaly, 12017",Hinds,Offaly,12017,12017,12017,Hinds,OFFALY,20.7,35,0,204,1128,924,0,820.1,62.6,63,725.9,718.5,0,7.4
2020,"Huntston, Co.Offaly, 12018",Huntston,Offaly,12018,12018,12018,Huntston,OFFALY,31.2,46,603,220,2844,2021,845,2159.8,55.7,58,1435.5,1410.1,0,25.4
2020,"Kilcolman, Co.Offaly, 12019",Kilcolman,Offaly,12019,12019,12019,Kilcolman,OFFALY,41,50,449,393,4196,3354,1758,3024.1,55.9,57,2047.5,1804.1,171.7,71.7
2020,"Kilcormac, Co.Offaly, 12020",Kilcormac,Offaly,12020,12020,12020,Kilcormac,OFFALY,34.4,43,459,265,2524,1800,1006,1937.6,55.2,54,1479.3,1287.5,162.9,28.9
2020,"Killyon, Co.Offaly, 12021",Killyon,Offaly,12021,12021,12021,Killyon,OFFALY,42,26,653,99,2592,1840,0,1866.7,56.8,56,1092.4,915.2,145.4,31.8
2020,"Kinnitty, Co.Offaly, 12022",Kinnitty,Offaly,12022,12022,12022,Kinnitty,OFFALY,28,31,0,113,1868,1755,1763,1356.6,60.1,59,867.5,845,0,22.5
2020,"Knockbarron, Co.Offaly, 12023",Knockbarron,Offaly,12023,12023,12023,Knockbarron,OFFALY,30.5,33,0,228,2232,2004,665,1529.1,54.2,51,1007.7,961.2,0,46.5
2020,"Lea, Co.Offaly, 12024",Lea,Offaly,12024,12024,12024,Lea,OFFALY,43.8,36,0,472,3340,2868,2956,2473.1,54.2,55.5,1579.7,1520.8,0,58.9
2020,"Letter, Co.Offaly, 12025",Letter,Offaly,12025,12025,12025,Letter,OFFALY,56.4,21,0,244,1934,1690,771,1432.2,55.5,54,1184.5,1055.1,0,129.4
2020,"Lumcloon, Co.Offaly, 12026",Lumcloon,Offaly,12026,12026,12026,Lumcloon,OFFALY,41.9,26,0,337,2038,1701,0,1582,54.1,58.5,1089.8,1065.7,0,24.1
2020,"Lusmagh, Co.Offaly, 12027",Lusmagh,Offaly,12027,12027,12027,Lusmagh,OFFALY,40.6,52,779,341,5064,3944,790,3532.5,54.3,54,2112.6,2059.8,0,52.8
2020,"Mounterin, Co.Offaly, 12028",Mounterin,Offaly,12028,12028,12028,Mounterin,OFFALY,39.2,41,405,334,3557,2818,928,2624.3,57,59,1605.4,1556.5,35.8,13.1
2020,"Moyclare, Co.Offaly, 12029",Moyclare,Offaly,12029,12029,12029,Moyclare,OFFALY,24.6,68,0,725,3245,2520,1250,2350.3,59.5,60.5,1670.8,1649.1,0,21.7
2020,"Seirkieran, Co.Offaly, 12030",Seirkieran,Offaly,12030,12030,12030,Seirkieran,OFFALY,29.7,51,545,294,3698,2859,1897,2795.9,53.1,54,1516.7,1403.6,52.8,60.3
2020,"Shannonbridge, Co.Offaly, 12031",Shannonbridge,Offaly,12031,12031,12031,Shannonbridge,OFFALY,36.6,24,0,259,1878,1619,0,1265.2,57.5,56.5,879.2,872.9,0,6.3
2020,"Shannonharbour, Co.Offaly, 12032",Shannonharbour,Offaly,12032,12032,12032,Shannonharbour,OFFALY,21.6,33,0,162,1087,925,0,753.7,57.7,56,714,681.1,0,32.9
2020,"Srah, Co.Offaly, 12033",Srah,Offaly,12033,12033,12033,Srah,OFFALY,24,39,0,171,1354,1183,1250,1038.7,58.6,62,937.9,926.9,0,11
2020,"Ballyburly, Co.Offaly, 12035",Ballyburly,Offaly,12035,12035,12035,Ballyburly,OFFALY,49.4,31,0,72,2042,1970,0,2799.7,56.9,57,1531.6,1027.9,425.6,78.1
2020,"Ballymacwilliam, Co.Offaly, 12036",Ballymacwilliam,Offaly,12036,12036,12036,Ballymacwilliam,OFFALY,30.2,41,0,315,2570,2255,809,1887.3,60.2,59,1239.8,1092.2,0,147.6
2020,"Bracknagh, Co.Offaly, 12037",Bracknagh,Offaly,12037,12037,12037,Bracknagh,OFFALY,44.3,64,0,895,5139,4244,1908,3740.3,60,60.5,2837.4,2521.8,214.1,101.5
2020,"Clonbulloge, Co.Offaly, 12038",Clonbulloge,Offaly,12038,12038,12038,Clonbulloge,OFFALY,47.8,44,0,775,4027,3252,4282,3159.8,55.2,55,2097.7,1928.2,144.6,24.9
2020,"Clonmore, Co.Offaly, 12039",Clonmore,Offaly,12039,12039,12039,Clonmore,OFFALY,49.6,30,0,367,3331,2964,3394,2566.6,60.8,64,1488,1286.3,0,201.7
2020,"Croghan, Co.Offaly, 12040",Croghan,Offaly,12040,12040,12040,Croghan,OFFALY,35.7,45,379,334,3511,2798,646,5188.7,55.7,55,1606.2,1452.4,136.2,17.6
2020,"Edenderry Rural, Co.Offaly, 12041",Edenderry Rural,Offaly,12041,12041,12041,Edenderry Rural,OFFALY,47.5,35,1192,420,4459,2847,1485,3359.5,60,61,1662.5,1646.5,0,16
2020,"Edenderry Urban, Co.Offaly, 12042",Edenderry Urban,Offaly,12042,12042,12042,Edenderry Urban,OFFALY,15.5,15,0,47,383,336,0,11091.5,54.3,51,232.7,225.6,0,7.1
2020,"Esker / Ballaghassaan, Co.Offaly, 12043/12034",Esker / Ballaghassaan,Offaly,12043/12034,12043/12034,12043/12034,Esker / Ballaghassaan,OFFALY,41.5,49,382,560,3830,2888,923,2702.4,56.2,60,2034.9,1792.4,189.1,53.4
2020,"Knockdrin, Co.Offaly, 12044",Knockdrin,Offaly,12044,12044,12044,Knockdrin,OFFALY,56.2,19,0,226,2162,1936,0,1460.6,55.8,59,1067.9,894.4,0,173.5
2020,"Monasteroris, Co.Offaly, 12045",Monasteroris,Offaly,12045,12045,12045,Monasteroris,OFFALY,42.6,29,0,163,1871,1708,0,1457.8,56,52,1235.4,913.1,0,322.3
2020,"Aghancon, Co.Offaly, 12046",Aghancon,Offaly,12046,12046,12046,Aghancon,OFFALY,40.7,55,958,608,4895,3329,2966,3710.6,53.5,56,2236.3,2142.5,76.6,17.2
2020,"Ballincor, Co.Offaly, 12047",Ballincor,Offaly,12047,12047,12047,Ballincor,OFFALY,47.7,20,0,257,2006,1749,0,1467,58.5,61.5,954,891.3,0,62.7
2020,"Barna, Co.Offaly, 12048",Barna,Offaly,12048,12048,12048,Barna,OFFALY,40.9,27,569,218,2917,2130,0,2194.2,55.9,60,1103,1004.5,0,98.5
2020,"Cangort, Co.Offaly, 12049",Cangort,Offaly,12049,12049,12049,Cangort,OFFALY,31.3,22,355,253,1545,937,0,1145.7,58.6,59,689,612.5,0,76.5
2020,"Cullenwaine, Co.Offaly, 12050",Cullenwaine,Offaly,12050,12050,12050,Cullenwaine,OFFALY,52.3,45,2037,226,7373,5110,1102,5299.7,55.1,53,2352.6,2265.7,0,86.9
2020,"Dunkerrin, Co.Offaly, 12051",Dunkerrin,Offaly,12051,12051,12051,Dunkerrin,OFFALY,47.6,46,1363,482,5552,3707,455,4050.3,55.3,54,2191.6,2054.7,0,136.9
2020,"Ettagh, Co.Offaly, 12052",Ettagh,Offaly,12052,12052,12052,Ettagh,OFFALY,35.2,50,0,446,3670,3224,1206,2699.5,58.8,61,1755.5,1596.4,127.4,31.7
2020,"Gorteen, Co.Offaly, 12053",Gorteen,Offaly,12053,12053,12053,Gorteen,OFFALY,39.7,47,361,390,4377,3626,1051,4108.9,54.9,52,1864.2,1797.2,0,67
2020,"Mountheaton, Co.Offaly, 12054",Mountheaton,Offaly,12054,12054,12054,Mountheaton,OFFALY,35.5,47,898,331,3539,2310,958,2723.3,57.7,57,1668.3,1510.9,130.4,27
2020,"Roscomroe, Co.Offaly, 12055",Roscomroe,Offaly,12055,12055,12055,Roscomroe,OFFALY,48.5,27,0,351,3851,3500,0,2901.7,51.5,51,1309.2,1281.9,0,27.3
2020,"Shinrone, Co.Offaly, 12056",Shinrone,Offaly,12056,12056,12056,Shinrone,OFFALY,45.3,39,1493,160,4296,2643,810,3324,54.9,55,1767.5,1660.4,0,107.1
2020,"Templeharry, Co.Offaly, 12057",Templeharry,Offaly,12057,12057,12057,Templeharry,OFFALY,36.8,33,0,319,2498,2179,611,1829.5,59.3,54,1213.2,1178.3,0,34.9
2020,"Tulla, Co.Offaly, 12058",Tulla,Offaly,12058,12058,12058,Tulla,OFFALY,42.5,28,0,240,2973,2733,1305,2114.8,55.6,57,1189.9,1183.9,0,6
2020,"Ballycommon, Co.Offaly, 12059",Ballycommon,Offaly,12059,12059,12059,Ballycommon,OFFALY,48.4,43,0,535,3816,3281,3708,2947.5,57.7,59,2080.3,1847.2,177.3,55.8
2020,"Ballyshear, Co.Offaly, 12060",Ballyshear,Offaly,12060,12060,12060,Ballyshear,OFFALY,25.5,35,0,349,2157,1808,436,1483.6,52.6,52,893.4,868.4,0,25
2020,"Bawn, Co.Offaly, 12061",Bawn,Offaly,12061,12061,12061,Bawn,OFFALY,36.2,41,0,608,3255,2647,1452,2282.5,61.4,62,1482.4,1416.9,0,65.5
2020,"Cappancur, Co.Offaly, 12062",Cappancur,Offaly,12062,12062,12062,Cappancur,OFFALY,44.2,79,686,677,5068,3705,2174,3876.1,57.2,54,3504.9,2819.4,566.6,118.9
2020,"Clara, Co.Offaly, 12063",Clara,Offaly,12063,12063,12063,Clara,OFFALY,23.8,51,0,444,2076,1632,665,1501,52.9,51,1214.9,1156.9,0,58
2020,"Clonygowan, Co.Offaly, 12064",Clonygowan,Offaly,12064,12064,12064,Clonygowan,OFFALY,41.5,40,0,534,3587,3053,1640,2703.4,53.8,53,1659,1548.4,99.9,10.7
2020,"Daingean, Co.Offaly, 12065",Daingean,Offaly,12065,12065,12065,Daingean,OFFALY,27.6,30,0,250,1858,1608,0,1340,57.9,58.5,827.7,801.8,0,25.9
2020,"Derrycooley, Co.Offaly, 12066",Derrycooley,Offaly,12066,12066,12066,Derrycooley,OFFALY,29.1,28,0,155,1975,1820,0,1277.2,51.4,51,813.8,749.2,51.4,13.2
2020,"Durrow, Co.Offaly, 12067",Durrow,Offaly,12067,12067,12067,Durrow,OFFALY,49.2,41,0,165,2564,2399,1348,1866.4,55.6,58,2017.8,1539.7,408.7,69.4
2020,"Geashill, Co.Offaly, 12068",Geashill,Offaly,12068,12068,12068,Geashill,OFFALY,42,64,568,580,4860,3712,2295,3542.1,54.5,55.5,2689.7,2080.7,502.6,106.4
2020,"Gorteen, Co.Offaly, 12069",Gorteen,Offaly,12069,12069,12069,Gorteen,OFFALY,40,34,0,389,2654,2265,2183,2040.3,61,62,1354.1,1344,0,10.1
2020,"Hammerlane, Co.Offaly, 12070",Hammerlane,Offaly,12070,12070,12070,Hammerlane,OFFALY,30.5,28,0,229,1724,1495,0,1110.8,57.6,58,853.7,727.7,103.1,22.9
2020,"Kilclonfert, Co.Offaly, 12071",Kilclonfert,Offaly,12071,12071,12071,Kilclonfert,OFFALY,31,52,617,512,3603,2474,1384,2657.4,56,56.5,1614.1,1528,0,86.1
2020,"Kilcumreragh, Co.Offaly, 12072",Kilcumreragh,Offaly,12072,12072,12072,Kilcumreragh,OFFALY,40.1,44,1251,367,4052,2434,1479,3170.3,57.2,57,1766.4,1760.1,0,6.3
2020,"Killeigh, Co.Offaly, 12073",Killeigh,Offaly,12073,12073,12073,Killeigh,OFFALY,32.8,74,352,595,3464,2517,3956,2736.9,56.3,55,2426.4,2059.9,229.7,136.8
2020,"Killooly, Co.Offaly, 12074",Killooly,Offaly,12074,12074,12074,Killooly,OFFALY,40.2,34,0,344,2855,2511,1798,2168.1,53.8,55.5,1367.1,1184.9,151.5,30.7
2020,"Killoughy, Co.Offaly, 12075",Killoughy,Offaly,12075,12075,12075,Killoughy,OFFALY,45.4,57,525,604,4098,2969,4585,3204.8,54.6,54,2591.6,2119.4,373.5,98.7
2020,"Mountbriscoe, Co.Offaly, 12076",Mountbriscoe,Offaly,12076,12076,12076,Mountbriscoe,OFFALY,46.8,17,0,250,2028,1778,943,1429,53.5,55,795.7,657.4,0,138.3
2020,"O'Dempsey, Co.Offaly, 12077",O'Dempsey,Offaly,12077,12077,12077,O'Dempsey,OFFALY,48.9,17,0,255,1756,1501,0,1314.4,50.1,49,831.2,746.2,72.6,12.4
2020,"Portarlington North, Co.Offaly, 12078",Portarlington North,Offaly,12078,12078,12078,Portarlington North,OFFALY,33.5,37,0,462,2894,2432,447,2788.8,58.6,60,1239,1136.5,88.2,14.3
2020,"Rahan, Co.Offaly, 12079",Rahan,Offaly,12079,12079,12079,Rahan,OFFALY,36.6,52,708,505,4839,3626,1549,3452.4,53.4,53.5,1905.7,1800.3,79,26.4
2020,"Raheenakeeran, Co.Offaly, 12080",Raheenakeeran,Offaly,12080,12080,12080,Raheenakeeran,OFFALY,34.4,27,0,390,1786,1396,0,1244.9,55.6,54,929,738.6,157.4,33
2020,"Rathfeston, Co.Offaly, 12081",Rathfeston,Offaly,12081,12081,12081,Rathfeston,OFFALY,33.1,28,0,360,2139,1779,0,1456.5,58.8,57.5,926,795.2,98.5,32.3
2020,"Rathrobin, Co.Offaly, 12082",Rathrobin,Offaly,12082,12082,12082,Rathrobin,OFFALY,34.8,43,340,371,2936,2225,1890,2056.9,57.2,59,1472.4,1236.2,196.3,39.9
2020,"Screggan, Co.Offaly, 12083",Screggan,Offaly,12083,12083,12083,Screggan,OFFALY,30.5,29,0,346,1691,1345,0,1170.5,54.5,53,879.3,873.6,0,5.7
2020,"Silverbrook, Co.Offaly, 12084",Silverbrook,Offaly,12084,12084,12084,Silverbrook,OFFALY,39.7,42,903,314,4182,2965,536,2997.6,59.2,60,1669.1,1558.9,85.6,24.6
2020,"Tinamuck, Co.Offaly, 12085",Tinamuck,Offaly,12085,12085,12085,Tinamuck,OFFALY,30.1,33,0,403,1801,1398,0,1275.2,61.6,60,994.4,983,0,11.4
2020,"Tinnycross, Co.Offaly, 12086",Tinnycross,Offaly,12086,12086,12086,Tinnycross,OFFALY,43.3,17,0,221,1936,1715,0,1746.5,46.5,50,735.6,658.2,0,77.4
2020,"Tullamore Rural, Co.Offaly, 12087",Tullamore Rural,Offaly,12087,12087,12087,Tullamore Rural,OFFALY,44.1,23,0,246,1097,851,0,4422.6,53.4,51,1013.4,799,182,32.4
2020,"Athlone East Rural, Co.Westmeath, 13003",Athlone East Rural,Westmeath,13003,13003,13003,Athlone East Rural,WESTMEATH,8.4,13,0,0,107,107,0,71.7,73.2,74,108.9,108.9,0,0
2020,"Auburn, Co.Westmeath, 13004",Auburn,Westmeath,13004,13004,13004,Auburn,WESTMEATH,25.5,55,589,374,2636,1673,1273,2042.6,54.3,55,1404.6,1390.5,0,14.1
2020,"Ballybroder, Co.Westmeath, 13005",Ballybroder,Westmeath,13005,13005,13005,Ballybroder,WESTMEATH,47.8,26,868,192,3101,2041,732,2379.9,53.5,53.5,1243.3,1236.1,0,7.2
2020,"Bellanalack, Co.Westmeath, 13006",Bellanalack,Westmeath,13006,13006,13006,Bellanalack,WESTMEATH,31.9,35,239,353,1629,1037,1300,1296.9,54.2,55,1118.1,1094.9,0,23.2
2020,"Carn, Co.Westmeath, 13007",Carn,Westmeath,13007,13007,13007,Carn,WESTMEATH,22.7,62,0,421,2316,1895,1170,1778.4,54.7,56.5,1407,1395,0,12
2020,"Castledaly, Co.Westmeath, 13008",Castledaly,Westmeath,13008,13008,13008,Castledaly,WESTMEATH,29.3,74,0,628,3369,2741,2107,2578.5,59.1,58,2166.6,2121.3,0,45.3
2020,"Glassan, Co.Westmeath, 13009",Glassan,Westmeath,13009,13009,13009,Glassan,WESTMEATH,23.5,35,0,375,1072,697,1806,923.5,60.1,59,824,824,0,0
2020,"Kilcumreragh, Co.Westmeath, 13010",Kilcumreragh,Westmeath,13010,13010,13010,Kilcumreragh,WESTMEATH,29.1,41,0,360,2322,1962,567,1681.5,59.4,57,1188.7,1177,0,11.7
2020,"Killinure, Co.Westmeath, 13011",Killinure,Westmeath,13011,13011,13011,Killinure,WESTMEATH,26.4,24,0,91,1179,1088,413,954.8,61.1,61.5,633,633,0,0
2020,"Moate, Co.Westmeath, 13012",Moate,Westmeath,13012,13012,13012,Moate,WESTMEATH,33.6,43,0,394,2686,2292,720,2000.3,57.4,59,1446.7,1439.3,0,7.4
2020,"Mount Temple, Co.Westmeath, 13013",Mount Temple,Westmeath,13013,13013,13013,Mount Temple,WESTMEATH,24.6,43,0,273,2016,1743,828,1557,57.1,57,1056,984.5,0,71.5
2020,"Moydrum, Co.Westmeath, 13014",Moydrum,Westmeath,13014,13014,13014,Moydrum,WESTMEATH,19.6,45,0,246,1000,754,0,712.5,59.4,62,883.6,851.5,0,32.1
2020,"Muckanagh, Co.Westmeath, 13015",Muckanagh,Westmeath,13015,13015,13015,Muckanagh,WESTMEATH,39.3,25,0,480,2002,1522,1107,1455.2,63.6,67,982.7,980.8,0,1.9
2020,"Tubbrit, Co.Westmeath, 13016",Tubbrit,Westmeath,13016,13016,13016,Tubbrit,WESTMEATH,33.5,53,1030,409,3610,2171,0,2679.4,59.6,59,1774.1,1735.9,0,38.2
2020,"Umma, Co.Westmeath, 13017",Umma,Westmeath,13017,13017,13017,Umma,WESTMEATH,36.3,47,1025,433,3705,2247,247,2715.5,58.8,58,1705.1,1694.5,0,10.6
2020,"Ardnagragh, Co.Westmeath, 13018",Ardnagragh,Westmeath,13018,13018,13018,Ardnagragh,WESTMEATH,29.7,46,0,421,3032,2611,1522,2390.7,58.9,60,1366.6,1354.2,0,12.4
2020,"Ballymore, Co.Westmeath, 13019",Ballymore,Westmeath,13019,13019,13019,Ballymore,WESTMEATH,47.5,45,0,822,4235,3413,1988,3188.3,57.4,61,2136.5,2033.3,0,103.2
2020,"Doonis, Co.Westmeath, 13020",Doonis,Westmeath,13020,13020,13020,Doonis,WESTMEATH,31.6,31,0,408,2221,1813,831,1566.6,55.9,59,980.5,976.4,0,4.1
2020,"Drumraney, Co.Westmeath, 13021",Drumraney,Westmeath,13021,13021,13021,Drumraney,WESTMEATH,28.7,32,0,284,1463,1179,360,1106.4,61.9,65,919,907.6,0,11.4
2020,"Noughaval, Co.Westmeath, 13022",Noughaval,Westmeath,13022,13022,13022,Noughaval,WESTMEATH,45.3,28,0,340,2000,1660,1007,1542.8,59.3,60,1267.2,1260.7,0,6.5
2020,"Piercetown, Co.Westmeath, 13023",Piercetown,Westmeath,13023,13023,13023,Piercetown,WESTMEATH,38.7,17,0,319,1141,822,0,862.1,55.7,58,658.7,650,0,8.7
2020,"Templepatrick, Co.Westmeath, 13024",Templepatrick,Westmeath,13024,13024,13024,Templepatrick,WESTMEATH,34.5,22,0,339,1319,980,0,939,57.8,60.5,760,751,0,9
2020,"Winetown, Co.Westmeath, 13025",Winetown,Westmeath,13025,13025,13025,Winetown,WESTMEATH,43.3,35,668,491,3252,2093,2299,2478.5,52.9,53,1514.7,1506.6,0,8.1
2020,"Boherquill, Co.Westmeath, 13026",Boherquill,Westmeath,13026,13026,13026,Boherquill,WESTMEATH,26.8,19,0,172,713,541,1715,633.9,60,59,509.8,496.9,0,12.9
2020,"Coole, Co.Westmeath, 13027",Coole,Westmeath,13027,13027,13027,Coole,WESTMEATH,39.5,20,343,294,1583,946,693,1197.1,54.2,56.5,789.8,781.6,0,8.2
2020,"Coolure, Co.Westmeath, 13028",Coolure,Westmeath,13028,13028,13028,Coolure,WESTMEATH,49,31,0,349,2715,2366,4128,2438.1,57.2,55,1519.8,1452.3,0,67.5
2020,"Finnea, Co.Westmeath, 13029",Finnea,Westmeath,13029,13029,13029,Finnea,WESTMEATH,32,37,0,529,2210,1681,889,1674.4,57.6,57,1182.2,1169.2,0,13
2020,"Glore, Co.Westmeath, 13030",Glore,Westmeath,13030,13030,13030,Glore,WESTMEATH,47.8,19,0,278,1424,1146,3616,1328.7,51.7,50,907.5,899.6,0,7.9
2020,"Knockarrow, Co.Westmeath, 13031",Knockarrow,Westmeath,13031,13031,13031,Knockarrow,WESTMEATH,35.1,25,0,302,1366,1064,1755,1077.1,55.8,59,877.9,867.3,0,10.6
2020,"Rathowen, Co.Westmeath, 13032",Rathowen,Westmeath,13032,13032,13032,Rathowen,WESTMEATH,48.8,26,0,366,1485,1119,2666,1293.4,58.2,58.5,1268.4,1251.1,0,17.3
2020,"Street, Co.Westmeath, 13033",Street,Westmeath,13033,13033,13033,Street,WESTMEATH,43.3,42,518,603,2933,1812,2093,2261.7,53.2,54.5,1818.5,1752.4,0,66.1
2020,"Ballinlough, Co.Westmeath, 13034",Ballinlough,Westmeath,13034,13034,13034,Ballinlough,WESTMEATH,63.1,20,907,119,2592,1566,1773,2095.4,55.7,54.5,1261.2,1116,0,145.2
2020,"Ballyhealy, Co.Westmeath, 13035",Ballyhealy,Westmeath,13035,13035,13035,Ballyhealy,WESTMEATH,24.8,25,0,105,1394,1289,609,1035.6,56.8,58,619.6,609.8,0,9.8
2020,"Ballynaskeagh, Co.Westmeath, 13036",Ballynaskeagh,Westmeath,13036,13036,13036,Ballynaskeagh,WESTMEATH,37,18,0,317,1693,1376,0,1209.6,61.3,61.5,666.2,649.2,0,17
2020,"Bracklin, Co.Westmeath, 13037",Bracklin,Westmeath,13037,13037,13037,Bracklin,WESTMEATH,66.7,22,0,235,1986,1751,2608,1660.7,61.9,61.5,1466.6,1047.1,0,419.5
2020,"Clonarney, Co.Westmeath, 13038",Clonarney,Westmeath,13038,13038,13038,Clonarney,WESTMEATH,39.2,42,0,366,4318,3952,2296,2918.2,55.2,56,1641,1579.3,0,61.7
2020,"Collinstown, Co.Westmeath, 13039",Collinstown,Westmeath,13039,13039,13039,Collinstown,WESTMEATH,32,32,0,269,1331,1062,1733,6988.8,56.5,57,1022.5,965.8,0,56.7
2020,"Copperalley, Co.Westmeath, 13040",Copperalley,Westmeath,13040,13040,13040,Copperalley,WESTMEATH,53.6,22,538,179,2260,1543,1158,1755.1,56.4,55.5,1178.2,937.3,145.4,95.5
2020,"Delvin, Co.Westmeath, 13041",Delvin,Westmeath,13041,13041,13041,Delvin,WESTMEATH,40.2,24,0,282,1269,987,0,977.6,58.7,59.5,965.9,701.7,0,264.2
2020,"Faughalstown, Co.Westmeath, 13042",Faughalstown,Westmeath,13042,13042,13042,Faughalstown,WESTMEATH,37.8,24,0,285,1219,934,1865,1038.1,60.9,61,906.4,862.5,0,43.9
2020,"Fore East, Co.Westmeath, 13043",Fore East,Westmeath,13043,13043,13043,Fore East,WESTMEATH,37.5,44,0,430,3073,2643,1891,2276,58.4,58,1651.2,1601.5,0,49.7
2020,"Fore West, Co.Westmeath, 13044",Fore West,Westmeath,13044,13044,13044,Fore West,WESTMEATH,27.3,56,0,343,2757,2414,1881,2075.3,59.2,60,1530.2,1500.3,0,29.9
2020,"Hilltown, Co.Westmeath, 13045",Hilltown,Westmeath,13045,13045,13045,Hilltown,WESTMEATH,48.2,38,406,509,3429,2514,1845,2525.9,58.7,60,1830.3,1794.1,0,36.2
2020,"Kilcumny, Co.Westmeath, 13046",Kilcumny,Westmeath,13046,13046,13046,Kilcumny,WESTMEATH,47.6,17,0,231,1444,1213,0,1017.7,54,57,809,735.8,0,73.2
2020,"Killua, Co.Westmeath, 13047",Killua,Westmeath,13047,13047,13047,Killua,WESTMEATH,45.6,37,473,251,2513,1789,1233,1988.1,56.8,59,1688.5,1537,138.2,13.3
2020,"Killulagh, Co.Westmeath, 13048",Killulagh,Westmeath,13048,13048,13048,Killulagh,WESTMEATH,41.2,37,0,406,2601,2195,1285,1955.9,56.9,55,1524.9,1403.7,89.1,32.1
2020,"Kilpatrick, Co.Westmeath, 13049",Kilpatrick,Westmeath,13049,13049,13049,Kilpatrick,WESTMEATH,51.4,33,0,292,2418,2126,4175,3222.2,62.4,60,1682.7,1320.7,0,362
2020,"Kinturk, Co.Westmeath, 13050",Kinturk,Westmeath,13050,13050,13050,Kinturk,WESTMEATH,27.5,19,0,272,883,611,0,650.5,58.9,61,522.6,510.4,0,12.2
2020,"Riverdale, Co.Westmeath, 13051",Riverdale,Westmeath,13051,13051,13051,Riverdale,WESTMEATH,52.2,34,0,328,2729,2401,2782,2250.4,58.2,60.5,1774.9,1553.7,0,221.2
2020,"Rosmead, Co.Westmeath, 13052",Rosmead,Westmeath,13052,13052,13052,Rosmead,WESTMEATH,25.4,28,0,221,1180,959,2203,974,61.7,61,712,701.8,0,10.2
2020,"Ardnaglew, Co.Westmeath, 13053",Ardnaglew,Westmeath,13053,13053,13053,Ardnaglew,WESTMEATH,37,22,0,250,1620,1370,1608,1216.6,58.7,58,814.3,750.2,0,64.1
2020,"Ballinalack / Lackan, Co.Westmeath, 13054/13085",Ballinalack / Lackan,Westmeath,13054/13085,13054/13085,13054/13085,Ballinalack / Lackan,WESTMEATH,42.3,44,0,601,2685,2084,2311,2089.4,59.9,58,1859.4,1748.1,0,111.3
2020,"Ballykilmore, Co.Westmeath, 13055",Ballykilmore,Westmeath,13055,13055,13055,Ballykilmore,WESTMEATH,26.5,44,0,399,2308,1909,615,1728.1,58.2,57,1168.1,1137,0,31.1
2020,"Ballymorin, Co.Westmeath, 13056",Ballymorin,Westmeath,13056,13056,13056,Ballymorin,WESTMEATH,61.1,41,1142,462,4764,3160,6089,4072.6,55,53,2505.7,2391.2,0,114.5
2020,"Ballynagore, Co.Westmeath, 13057",Ballynagore,Westmeath,13057,13057,13057,Ballynagore,WESTMEATH,36.6,41,369,614,3463,2480,1052,2694.3,57.6,59,1501,1404.8,72,24.2
2020,"Belvidere, Co.Westmeath, 13058",Belvidere,Westmeath,13058,13058,13058,Belvidere,WESTMEATH,41.7,32,0,438,2051,1613,582,1471.7,55.9,55,1335.5,1285.8,0,49.7
2020,"Carrick, Co.Westmeath, 13059",Carrick,Westmeath,13059,13059,13059,Carrick,WESTMEATH,51.7,26,0,403,2195,1792,1116,1634.4,60.4,59,1343.1,1318.1,0,25
2020,"Castle, Co.Westmeath, 13060",Castle,Westmeath,13060,13060,13060,Castle,WESTMEATH,37.9,23,0,113,1277,1164,0,1057.7,58.8,61,872,852.9,0,19.1
2020,"Castlelost, Co.Westmeath, 13061",Castlelost,Westmeath,13061,13061,13061,Castlelost,WESTMEATH,36.3,25,0,358,1640,1282,1692,1229.5,53,51,906.4,772.3,121.5,12.6
2020,"Castletown, Co.Westmeath, 13062",Castletown,Westmeath,13062,13062,13062,Castletown,WESTMEATH,40.6,60,1020,329,4155,2806,1900,3274.8,56.3,56,2433.2,2323,73.4,36.8
2020,"Churchtown, Co.Westmeath, 13063",Churchtown,Westmeath,13063,13063,13063,Churchtown,WESTMEATH,39.2,47,679,537,4090,2874,1606,3395.6,54.7,53,1844.4,1708.7,0,135.7
2020,"Cloghan, Co.Westmeath, 13064",Cloghan,Westmeath,13064,13064,13064,Cloghan,WESTMEATH,31.3,24,0,261,1154,893,1106,2325.2,58.3,58.5,750.2,734.6,0,15.6
2020,"Clonfad, Co.Westmeath, 13065",Clonfad,Westmeath,13065,13065,13065,Clonfad,WESTMEATH,33.6,40,0,352,2401,2049,2055,1840.8,60.4,60.5,1343.8,1261.6,0,82.2
2020,"Clonlost, Co.Westmeath, 13066",Clonlost,Westmeath,13066,13066,13066,Clonlost,WESTMEATH,42.2,49,282,847,3820,2691,2727,2889.2,59,59,2068.4,2011,0,57.4
2020,"Derrymore, Co.Westmeath, 13067",Derrymore,Westmeath,13067,13067,13067,Derrymore,WESTMEATH,39.9,16,0,197,1232,1035,0,2945.9,54.9,56.5,637.7,591.3,0,46.4
2020,"Dysart, Co.Westmeath, 13068",Dysart,Westmeath,13068,13068,13068,Dysart,WESTMEATH,49.3,29,0,493,2286,1793,1607,1726.2,62,62,1429.9,1398.2,0,31.7
2020,"Emper, Co.Westmeath, 13069",Emper,Westmeath,13069,13069,13069,Emper,WESTMEATH,30,41,0,413,1982,1569,1148,1566.2,59,56,1230.4,1206.1,0,24.3
2020,"Enniscoffey, Co.Westmeath, 13070",Enniscoffey,Westmeath,13070,13070,13070,Enniscoffey,WESTMEATH,26.9,44,0,328,1671,1343,689,1223.9,55.6,56,1183.7,1011.6,0,172.1
2020,"Gaybrook, Co.Westmeath, 13071",Gaybrook,Westmeath,13071,13071,13071,Gaybrook,WESTMEATH,27.5,41,0,392,1974,1582,809,1438.9,55.6,55,1128.4,1025.3,0,103.1
2020,"Glenlough, Co.Westmeath, 13072",Glenlough,Westmeath,13072,13072,13072,Glenlough,WESTMEATH,39.1,26,0,226,1219,993,1383,1075.4,52.4,54,1015.5,1008.2,0,7.3
2020,"Greenpark, Co.Westmeath, 13073",Greenpark,Westmeath,13073,13073,13073,Greenpark,WESTMEATH,52.5,22,0,241,1806,1565,1343,1420.9,59.1,58.5,1155.6,1095.9,0,59.7
2020,"Griffinstown, Co.Westmeath, 13074",Griffinstown,Westmeath,13074,13074,13074,Griffinstown,WESTMEATH,49.9,43,687,405,3996,2904,2820,3309.5,53.4,54,2147.8,2016,90.6,41.2
2020,"Heathstown, Co.Westmeath, 13075",Heathstown,Westmeath,13075,13075,13075,Heathstown,WESTMEATH,27.6,38,0,330,1584,1254,2200,1351.5,59.2,57.5,1049.5,1030.2,0,19.3
2020,"Hopestown, Co.Westmeath, 13076",Hopestown,Westmeath,13076,13076,13076,Hopestown,WESTMEATH,46.9,22,1061,223,2381,1097,0,1887.7,58.1,59,1031.7,970,0,61.7
2020,"Huntingdon, Co.Westmeath, 13077",Huntingdon,Westmeath,13077,13077,13077,Huntingdon,WESTMEATH,34.9,32,0,434,2060,1626,0,1420.6,59.8,60,1115.7,957.3,132,26.4
2020,"Jamestown, Co.Westmeath, 13078",Jamestown,Westmeath,13078,13078,13078,Jamestown,WESTMEATH,37.8,25,0,345,2087,1742,1298,1543.5,53.6,54,946.2,938,0,8.2
2020,"Kilbeggan, Co.Westmeath, 13079",Kilbeggan,Westmeath,13079,13079,13079,Kilbeggan,WESTMEATH,40.8,31,0,342,2361,2019,1123,1812.3,57.2,55,1266.2,1209.1,0,57.1
2020,"Kilbixy, Co.Westmeath, 13080",Kilbixy,Westmeath,13080,13080,13080,Kilbixy,WESTMEATH,44.5,48,0,636,3390,2754,1475,2472.9,57.4,58.5,2136.8,2113.7,0,23.1
2020,"Killare, Co.Westmeath, 13081",Killare,Westmeath,13081,13081,13081,Killare,WESTMEATH,47.4,68,1256,1104,6674,4314,1710,4861.6,56.7,57,3225.3,3128.1,0,97.2
2020,"Killucan, Co.Westmeath, 13082",Killucan,Westmeath,13082,13082,13082,Killucan,WESTMEATH,37.1,28,0,278,1354,1076,2275,1163.7,59.6,59.5,1039.9,981.3,0,58.6
2020,"Kinnegad, Co.Westmeath, 13083",Kinnegad,Westmeath,13083,13083,13083,Kinnegad,WESTMEATH,45.6,24,0,220,1754,1534,1897,4208.7,56,61,1094.4,1052.1,0,42.3
2020,"Knockdrin, Co.Westmeath, 13084",Knockdrin,Westmeath,13084,13084,13084,Knockdrin,WESTMEATH,49.2,31,0,438,2554,2116,1701,1788.9,60,58,1526,1288.5,181.9,55.6
2020,"Lauree, Co.Westmeath, 13086",Lauree,Westmeath,13086,13086,13086,Lauree,WESTMEATH,52.9,36,565,186,3020,2269,0,2304,54.4,55.5,1903.9,1736.3,96.8,70.8
2020,"Middleton, Co.Westmeath, 13087",Middleton,Westmeath,13087,13087,13087,Middleton,WESTMEATH,38.2,36,708,196,2294,1390,1537,1842.6,51.4,52,1373.7,1298.4,0,75.3
2020,"Milltown, Co.Westmeath, 13088",Milltown,Westmeath,13088,13088,13088,Milltown,WESTMEATH,46,16,0,108,1587,1479,0,1290.6,55.3,55.5,735.3,693.9,0,41.4
2020,"Mullingar Rural, Co.Westmeath, 13089",Mullingar Rural,Westmeath,13089,13089,13089,Mullingar Rural,WESTMEATH,34,23,0,415,991,576,0,1087.4,61.7,65,783,749.7,0,33.3
2020,"Multyfarnham, Co.Westmeath, 13092",Multyfarnham,Westmeath,13092,13092,13092,Multyfarnham,WESTMEATH,42.8,37,677,537,2946,1732,1270,2611.2,62,60,1583,1462,97.5,23.5
2020,"Newtown, Co.Westmeath, 13093",Newtown,Westmeath,13093,13093,13093,Newtown,WESTMEATH,40.4,36,267,320,2003,1416,762,1377.6,58.5,59,1453.8,957.1,353.3,143.4
2020,"Owel, Co.Westmeath, 13094",Owel,Westmeath,13094,13094,13094,Owel,WESTMEATH,34.4,22,0,322,1175,853,0,1756.1,60.7,64,756.5,752.6,0,3.9
2020,"Portloman, Co.Westmeath, 13095",Portloman,Westmeath,13095,13095,13095,Portloman,WESTMEATH,41.7,52,0,501,3325,2824,4967,2966.8,58.3,59.5,2168,2011.1,115.4,41.5
2020,"Raharney, Co.Westmeath, 13096",Raharney,Westmeath,13096,13096,13096,Raharney,WESTMEATH,37.5,36,0,468,2535,2067,1489,3826,55.3,55.5,1350.4,1221.7,0,128.7
2020,"Rahugh, Co.Westmeath, 13097",Rahugh,Westmeath,13097,13097,13097,Rahugh,WESTMEATH,39.8,45,419,594,3781,2768,1454,2743.2,58.9,58,1794.5,1644.4,98.1,52
2020,"Rathconrath, Co.Westmeath, 13098",Rathconrath,Westmeath,13098,13098,13098,Rathconrath,WESTMEATH,35,39,0,483,2695,2212,1057,1985.5,56.6,55,1366.2,1272.4,0,93.8
2020,"Russellstown, Co.Westmeath, 13099",Russellstown,Westmeath,13099,13099,13099,Russellstown,WESTMEATH,28.4,31,0,429,1549,1120,780,1146.9,56.8,60,880.4,829.6,0,50.8
2020,"Skeagh, Co.Westmeath, 13100",Skeagh,Westmeath,13100,13100,13100,Skeagh,WESTMEATH,55.5,34,0,873,3045,2172,2498,2169.2,58.2,62,1885.6,1854.7,0,30.9
2020,"Sonna, Co.Westmeath, 13101",Sonna,Westmeath,13101,13101,13101,Sonna,WESTMEATH,42.4,40,0,853,3144,2291,2362,2332.9,53.8,54,1696.7,1669.5,0,27.2
2020,"Stonehall, Co.Westmeath, 13102",Stonehall,Westmeath,13102,13102,13102,Stonehall,WESTMEATH,48.1,28,0,351,1913,1562,1293,1520.5,53.4,56.5,1346.4,1157.5,0,188.9
2020,"Streamstown, Co.Westmeath, 13103",Streamstown,Westmeath,13103,13103,13103,Streamstown,WESTMEATH,35.4,39,476,413,3075,2186,554,2255.2,56.7,56,1378.7,1366.7,0,12
2020,"Taghmon, Co.Westmeath, 13104",Taghmon,Westmeath,13104,13104,13104,Taghmon,WESTMEATH,40.9,35,0,518,2383,1865,2230,1882.9,55.5,55,1430.2,1366.1,0,64.1
2020,"Tullaghan, Co.Westmeath, 13105",Tullaghan,Westmeath,13105,13105,13105,Tullaghan,WESTMEATH,44.2,26,677,349,2496,1470,1210,1947.4,53.9,53,1148.6,1086.4,0,62.2
2020,"Woodland, Co.Westmeath, 13106",Woodland,Westmeath,13106,13106,13106,Woodland,WESTMEATH,27.8,22,0,116,529,413,1238,474,57.7,59.5,611.3,506.7,0,104.6
2020,"Ballindaggan, Co.Wexford, 14007",Ballindaggan,Wexford,14007,14007,14007,Ballindaggan,WEXFORD,38.2,58,535,270,2617,1812,3823,2215.7,59.5,58.5,2240,1147.1,962.8,130.1
2020,"Ballycarney, Co.Wexford, 14008",Ballycarney,Wexford,14008,14008,14008,Ballycarney,WEXFORD,54.4,31,1158,173,2894,1563,0,2267,53.9,52,1726.9,980.5,553.2,193.2
2020,"Ballyhoge, Co.Wexford, 14009",Ballyhoge,Wexford,14009,14009,14009,Ballyhoge,WEXFORD,47.3,58,1925,501,6430,4004,1874,5126.7,55.8,56.5,2758.7,2054,453.7,251
2020,"Ballyhuskard, Co.Wexford, 14010",Ballyhuskard,Wexford,14010,14010,14010,Ballyhuskard,WEXFORD,37.7,69,1141,330,3553,2082,2179,2853.7,51.8,51,2600.5,1368.1,914.1,318.3
2020,"Ballymore, Co.Wexford, 14011",Ballymore,Wexford,14011,14011,14011,Ballymore,WEXFORD,43.7,20,637,158,2002,1207,0,1546.9,55,53.5,873.7,691.9,112.6,69.2
2020,"Ballyvaldon, Co.Wexford, 14012",Ballyvaldon,Wexford,14012,14012,14012,Ballyvaldon,WEXFORD,37.1,41,808,205,2632,1619,2764,2247.8,57.3,58,1519.2,1175,250.5,93.7
2020,"Bolaboy, Co.Wexford, 14013",Bolaboy,Wexford,14013,14013,14013,Bolaboy,WEXFORD,42.9,35,0,456,2175,1719,1712,1673.4,57.1,55,1500.2,1074.3,306,119.9
2020,"Bree, Co.Wexford, 14014",Bree,Wexford,14014,14014,14014,Bree,WEXFORD,49.3,53,1012,465,3910,2433,900,2876.5,55.2,55,2734.2,1668.3,842.7,223.2
2020,"Castleboro, Co.Wexford, 14015",Castleboro,Wexford,14015,14015,14015,Castleboro,WEXFORD,37.2,51,624,487,2942,1831,3395,2424.1,55.9,55,1936.8,1354.3,494.5,88
2020,"Castledockrell, Co.Wexford, 14016",Castledockrell,Wexford,14016,14016,14016,Castledockrell,WEXFORD,42.6,36,0,99,738,639,2921,812.6,53.8,53.5,1532,472.5,944.8,114.7
2020,"Castle Ellis, Co.Wexford, 14017",Castle Ellis,Wexford,14017,14017,14017,Castle Ellis,WEXFORD,42.2,45,683,536,3352,2133,881,2368.2,54.7,54,1897.7,1276.3,499.2,122.2
2020,"Castle Talbot, Co.Wexford, 14018",Castle Talbot,Wexford,14018,14018,14018,Castle Talbot,WEXFORD,44,44,1331,308,4505,2866,1127,3752.9,57.7,56.5,1937.1,1591.3,247.6,98.2
2020,"Clonroche, Co.Wexford, 14019",Clonroche,Wexford,14019,14019,14019,Clonroche,WEXFORD,32.6,71,910,556,3682,2216,2679,3224.9,57,58,2349.3,1519.8,699.7,129.8
2020,"Edermine, Co.Wexford, 14020",Edermine,Wexford,14020,14020,14020,Edermine,WEXFORD,37,48,496,286,2634,1852,1002,1911.5,57.1,55,1794.5,1276.3,399.7,118.5
2020,"Enniscorthy Rural, Co.Wexford, 14021",Enniscorthy Rural,Wexford,14021,14021,14021,Enniscorthy Rural,WEXFORD,40.7,66,1013,570,3290,1707,3071,6218.1,59.9,60,2687.3,1446.8,1020.7,219.8
2020,"Ferns, Co.Wexford, 14022",Ferns,Wexford,14022,14022,14022,Ferns,WEXFORD,35.3,16,0,93,1176,1083,634,930.9,55.3,55,564.8,397.8,144.3,22.7
2020,"Kilbora, Co.Wexford, 14023",Kilbora,Wexford,14023,14023,14023,Kilbora,WEXFORD,35.3,30,0,277,1590,1313,2233,1346.9,52.5,52,1058.1,663.9,346,48.2
2020,"Kilcormick, Co.Wexford, 14024",Kilcormick,Wexford,14024,14024,14024,Kilcormick,WEXFORD,39.7,39,883,302,3118,1933,1057,2343.6,52.5,51,1549.2,1103.7,355.3,90.2
2020,"Killann, Co.Wexford, 14025",Killann,Wexford,14025,14025,14025,Killann,WEXFORD,38.5,70,1204,646,5036,3186,7480,4351.4,54.3,53.5,2694,2179.5,420.5,94
2020,"Kilmallock, Co.Wexford, 14026",Kilmallock,Wexford,14026,14026,14026,Kilmallock,WEXFORD,49.5,36,880,233,2430,1317,838,1939.9,54.4,54,1782.8,1028.9,601.2,152.7
2020,"Killoughrum, Co.Wexford, 14027",Killoughrum,Wexford,14027,14027,14027,Killoughrum,WEXFORD,40.7,40,0,266,2214,1948,2143,1829,55.5,56.5,1628.8,917.9,593.8,117.1
2020,"Kilrush, Co.Wexford, 14028",Kilrush,Wexford,14028,14028,14028,Kilrush,WEXFORD,42.8,41,0,482,1745,1263,3753,1534.1,54.9,57,1755.3,887.9,746,121.4
2020,"Kiltealy, Co.Wexford, 14029",Kiltealy,Wexford,14029,14029,14029,Kiltealy,WEXFORD,30.7,36,0,272,1653,1381,3831,1564.9,57.6,62.5,1106.1,891,174.4,40.7
2020,"Marshalstown, Co.Wexford, 14030",Marshalstown,Wexford,14030,14030,14030,Marshalstown,WEXFORD,55.7,43,1089,272,3040,1679,2400,2515.1,56.3,57,2395.7,1194,1094.7,107
2020,"Moyacomb, Co.Wexford, 14031",Moyacomb,Wexford,14031,14031,14031,Moyacomb,WEXFORD,42,36,0,104,555,451,4943,885.3,58.2,58,1512.6,753.8,607.6,151.2
2020,"Newtownbarry, Co.Wexford, 14032",Newtownbarry,Wexford,14032,14032,14032,Newtownbarry,WEXFORD,28.1,56,0,251,1093,842,4702,3418.5,54.8,56,1574,797.6,673.5,102.9
2020,"Rossard, Co.Wexford, 14033",Rossard,Wexford,14033,14033,14033,Rossard,WEXFORD,29.4,50,0,538,2038,1500,9288,2250.5,56.6,58.5,1472.3,1212.8,211.4,48.1
2020,"St. Mary's, Co.Wexford, 14034",St. Mary's,Wexford,14034,14034,14034,St. Mary's,WEXFORD,29.5,49,0,455,1902,1447,8454,2077.7,58.4,58,1445.1,1171.5,225.9,47.7
2020,"The Harrow, Co.Wexford, 14035",The Harrow,Wexford,14035,14035,14035,The Harrow,WEXFORD,39.6,31,1146,240,2587,1201,866,2146,55.3,56,1227.6,837.7,313,76.9
2020,"The Leap, Co.Wexford, 14036",The Leap,Wexford,14036,14036,14036,The Leap,WEXFORD,43.5,39,962,279,2804,1563,1913,2249.5,54,53,1696.9,1148,485.9,63
2020,"Tinnacross, Co.Wexford, 14037",Tinnacross,Wexford,14037,14037,14037,Tinnacross,WEXFORD,46.5,39,972,268,2856,1616,2034,2399.1,53.5,54,1814.4,1266.4,455.2,92.8
2020,"Tombrack, Co.Wexford, 14038",Tombrack,Wexford,14038,14038,14038,Tombrack,WEXFORD,48.8,45,0,326,2836,2510,2008,2097.5,53.6,55,2197,1055.7,901.3,240
2020,"Ardamine, Co.Wexford, 14039",Ardamine,Wexford,14039,14039,14039,Ardamine,WEXFORD,52.7,48,1552,609,5914,3753,1157,4400.7,61.4,62,2528.4,2334.9,137.3,56.2
2020,"Balloughter, Co.Wexford, 14040",Balloughter,Wexford,14040,14040,14040,Balloughter,WEXFORD,45.8,41,1365,248,3617,2004,3302,3078.5,51.4,51,1879.5,1433.6,353.5,92.4
2020,"Ballybeg, Co.Wexford, 14041",Ballybeg,Wexford,14041,14041,14041,Ballybeg,WEXFORD,38.7,44,0,376,2787,2411,4237,2287.7,48.9,51,1704.4,1017,571.6,115.8
2020,"Ballycanew, Co.Wexford, 14042",Ballycanew,Wexford,14042,14042,14042,Ballycanew,WEXFORD,39.4,38,1279,409,3672,1984,1281,2881.8,54.2,54.5,1498.2,1379.7,105.8,12.7
2020,"Ballyellis, Co.Wexford, 14043",Ballyellis,Wexford,14043,14043,14043,Ballyellis,WEXFORD,33.6,31,0,188,1762,1574,1428,1342.5,58.5,59,1041.4,660.6,309,71.8
2020,"Ballygarrett, Co.Wexford, 14044",Ballygarrett,Wexford,14044,14044,14044,Ballygarrett,WEXFORD,40.7,38,1073,362,3615,2180,1655,2855.6,60.5,65.5,1547.5,1509.9,0,37.6
2020,"Ballylarkin, Co.Wexford, 14045",Ballylarkin,Wexford,14045,14045,14045,Ballylarkin,WEXFORD,46.4,32,1210,245,3505,2050,1172,2766.3,50.8,54,1486.2,1428.7,44.1,13.4
2020,"Ballynestragh, Co.Wexford, 14046",Ballynestragh,Wexford,14046,14046,14046,Ballynestragh,WEXFORD,36.7,38,880,594,3703,2229,1358,2751.1,59.1,57,1397.1,1330.3,44.8,22
2020,"Cahore, Co.Wexford, 14047",Cahore,Wexford,14047,14047,14047,Cahore,WEXFORD,59.2,31,1092,274,3864,2498,2217,3084.6,55,59,1835,1602.4,184,48.6
2020,"Coolgreany, Co.Wexford, 14048",Coolgreany,Wexford,14048,14048,14048,Coolgreany,WEXFORD,34.9,46,1005,282,2691,1404,2173,2287.3,57.6,59,1605.5,1311.1,149.4,145
2020,"Courtown, Co.Wexford, 14049",Courtown,Wexford,14049,14049,14049,Courtown,WEXFORD,32.9,46,1212,256,3144,1676,898,2455.2,57.1,60,1515.2,1422.7,63.2,29.3
2020,"Ford, Co.Wexford, 14050",Ford,Wexford,14050,14050,14050,Ford,WEXFORD,53.4,34,976,389,3614,2249,1103,6742.4,54.9,53,1815.8,1519.9,189.3,106.6
2020,"Gorey Rural, Co.Wexford, 14051",Gorey Rural,Wexford,14051,14051,14051,Gorey Rural,WEXFORD,37.3,49,707,222,2982,2053,2066,2499.6,56.3,53,1827.3,1276,427,124.3
2020,"Huntingtown, Co.Wexford, 14053",Huntingtown,Wexford,14053,14053,14053,Huntingtown,WEXFORD,44.9,26,701,240,2777,1836,0,2071.9,51.7,51,1168.1,954.5,181.6,32
2020,"Kilcomb, Co.Wexford, 14054",Kilcomb,Wexford,14054,14054,14054,Kilcomb,WEXFORD,36.2,48,427,140,1975,1408,3783,1800.3,53.1,54,1739.3,1036.7,595.5,107.1
2020,"Kilgorman, Co.Wexford, 14055",Kilgorman,Wexford,14055,14055,14055,Kilgorman,WEXFORD,34.9,37,1133,342,3087,1612,820,2449.3,54.3,54,1289.5,1247,0,42.5
2020,"Killenagh, Co.Wexford, 14056",Killenagh,Wexford,14056,14056,14056,Killenagh,WEXFORD,45.3,36,1094,449,4425,2882,987,3326.5,56.9,56,1630.1,1413.5,188.6,28
2020,"Killincooly, Co.Wexford, 14057",Killincooly,Wexford,14057,14057,14057,Killincooly,WEXFORD,43.7,15,0,117,697,580,1803,673.3,58.1,62,786.3,472.4,136.9,177
2020,"Kilnahue, Co.Wexford, 14058",Kilnahue,Wexford,14058,14058,14058,Kilnahue,WEXFORD,53.1,31,842,299,2698,1557,1643,2159.7,57,56,1646.4,1028.7,443.7,174
2020,"Limerick, Co.Wexford, 14059",Limerick,Wexford,14059,14059,14059,Limerick,WEXFORD,33.1,62,1484,287,4402,2631,2317,3462.7,54.5,54,2054.9,1546,418.3,90.6
2020,"Monamolin, Co.Wexford, 14060",Monamolin,Wexford,14060,14060,14060,Monamolin,WEXFORD,60.2,36,2250,282,4395,1863,1636,3699.4,56.3,58,2165.4,1554.5,499.3,111.6
2020,"Monaseed, Co.Wexford, 14061",Monaseed,Wexford,14061,14061,14061,Monaseed,WEXFORD,40.8,42,763,622,3922,2537,2621,3001.4,55.6,55,1714.5,1435.5,237.4,41.6
2020,"Rossminoge, Co.Wexford, 14062",Rossminoge,Wexford,14062,14062,14062,Rossminoge,WEXFORD,32.1,30,421,260,1810,1129,2112,1537,51.8,53.5,961.6,692.8,200.6,68.2
2020,"Wells, Co.Wexford, 14063",Wells,Wexford,14063,14063,14063,Wells,WEXFORD,38.5,47,664,279,3080,2137,1710,2328.6,56,55,1827.5,1238.5,458.5,130.5
2020,"Wingfield, Co.Wexford, 14064",Wingfield,Wexford,14064,14064,14064,Wingfield,WEXFORD,49.9,57,1006,788,4809,3015,4379,3849.5,54.2,56,2841.9,2337.7,379.5,124.7
2020,"Adamstown, Co.Wexford, 14065",Adamstown,Wexford,14065,14065,14065,Adamstown,WEXFORD,61.1,33,931,177,2854,1746,796,2096.3,56,56,2014.9,1018.5,772,224.4
2020,"Ballyanne, Co.Wexford, 14066",Ballyanne,Wexford,14066,14066,14066,Ballyanne,WEXFORD,32,52,536,324,2713,1853,2745,2232.3,56,56,1666.4,1342.7,240.4,83.3
2020,"Ballyhack, Co.Wexford, 14067",Ballyhack,Wexford,14067,14067,14067,Ballyhack,WEXFORD,32.1,34,0,273,1918,1645,0,1320.5,55,57.5,1091.1,744.7,263.5,82.9
2020,"Barrack Village, Co.Wexford, 14068",Barrack Village,Wexford,14068,14068,14068,Barrack Village,WEXFORD,38.3,17,517,68,1645,1060,1141,1353,63.8,63,651.9,600.2,0,51.7
2020,"Barronstown, Co.Wexford, 14069",Barronstown,Wexford,14069,14069,14069,Barronstown,WEXFORD,40.4,46,953,117,3895,2825,1941,2953.9,57.6,57.5,1864.7,1326.1,411,127.6
2020,"Carnagh, Co.Wexford, 14070",Carnagh,Wexford,14070,14070,14070,Carnagh,WEXFORD,40,38,724,155,2615,1736,1036,2013.1,53.6,56,1524.3,1108.8,306.9,108.6
2020,"Carrickbyrne, Co.Wexford, 14071",Carrickbyrne,Wexford,14071,14071,14071,Carrickbyrne,WEXFORD,36,32,823,129,2789,1837,1679,2646.4,55.6,56,1153.3,937,151.6,64.7
2020,"Clongeen, Co.Wexford, 14072",Clongeen,Wexford,14072,14072,14072,Clongeen,WEXFORD,38.6,44,1070,121,2651,1460,1446,2188,59.3,59,1699.9,1191.9,399.7,108.3
2020,"Clonleigh, Co.Wexford, 14073",Clonleigh,Wexford,14073,14073,14073,Clonleigh,WEXFORD,41.1,32,910,222,2914,1782,508,2144.6,57.9,58.5,1313.9,986.1,258.9,68.9
2020,"Dunmain, Co.Wexford, 14074",Dunmain,Wexford,14074,14074,14074,Dunmain,WEXFORD,42.4,23,0,0,1457,1457,0,1100.8,57.4,59,992.1,609.2,324.6,58.3
2020,"Fethard, Co.Wexford, 14075",Fethard,Wexford,14075,14075,14075,Fethard,WEXFORD,48.8,29,328,45,1243,870,0,938.9,58,61,1481.6,620.2,610.3,251.1
2020,"Horetown, Co.Wexford, 14076",Horetown,Wexford,14076,14076,14076,Horetown,WEXFORD,36.3,47,794,295,3300,2211,1231,2487.6,57.1,58,1706.5,1259.3,381.7,65.5
2020,"Inch, Co.Wexford, 14077",Inch,Wexford,14077,14077,14077,Inch,WEXFORD,63.5,32,929,88,1876,859,326,1538,57.4,53.5,2014.9,1287.8,623.7,103.4
2020,"Kilgarvan, Co.Wexford, 14078",Kilgarvan,Wexford,14078,14078,14078,Kilgarvan,WEXFORD,27.2,30,0,134,1522,1388,1521,1213.7,55.4,56,815.5,687.9,84.6,43
2020,"Killesk, Co.Wexford, 14079",Killesk,Wexford,14079,14079,14079,Killesk,WEXFORD,39.4,51,566,271,2721,1884,1206,2022.5,54.8,56,2007.6,1207.2,658.8,141.6
2020,"Kilmokea, Co.Wexford, 14080",Kilmokea,Wexford,14080,14080,14080,Kilmokea,WEXFORD,44.9,28,0,117,2086,1969,1510,1475.8,56.7,60,1256.9,727.6,446.7,82.6
2020,"Newbawn, Co.Wexford, 14081",Newbawn,Wexford,14081,14081,14081,Newbawn,WEXFORD,46.6,53,792,117,2829,1920,1061,2106.8,58.8,59,2475.5,1297.7,688.9,488.9
2020,"New Ross Rural, Co.Wexford, 14082",New Ross Rural,Wexford,14082,14082,14082,New Ross Rural,WEXFORD,30.7,26,611,86,1404,707,523,1125.7,61.1,58.5,797.6,592.3,141.2,64.1
2020,"Oldcourt, Co.Wexford, 14083",Oldcourt,Wexford,14083,14083,14083,Oldcourt,WEXFORD,30.5,38,716,324,2524,1484,649,1889.2,62.3,64,1160.8,929.9,200,30.9
2020,"Old Ross, Co.Wexford, 14084",Old Ross,Wexford,14084,14084,14084,Old Ross,WEXFORD,54.7,27,778,166,2616,1672,0,1862.9,55.3,55,1475.8,1019.4,325.5,130.9
2020,"Rathroe, Co.Wexford, 14085",Rathroe,Wexford,14085,14085,14085,Rathroe,WEXFORD,35.6,57,1119,184,4162,2859,2207,3149.9,55.2,56,2027.9,1496.4,399.7,131.8
2020,"Rochestown, Co.Wexford, 14086",Rochestown,Wexford,14086,14086,14086,Rochestown,WEXFORD,40.5,23,0,172,2155,1983,0,1516.9,59.7,60,931.9,777.1,120.3,34.5
2020,"Templeludigan, Co.Wexford, 14087",Templeludigan,Wexford,14087,14087,14087,Templeludigan,WEXFORD,51.1,37,1284,239,3907,2384,2318,3121.5,56.4,61,1890.9,1335.4,424.1,131.4
2020,"Templetown, Co.Wexford, 14088",Templetown,Wexford,14088,14088,14088,Templetown,WEXFORD,42.9,38,840,143,3017,2034,1362,2281.6,53.6,56,1630.5,1197.8,293.6,139.1
2020,"Tintern, Co.Wexford, 14089",Tintern,Wexford,14089,14089,14089,Tintern,WEXFORD,39.4,82,1609,237,5204,3358,1420,4753.1,55.3,56.5,3229.8,1875.4,1049.2,305.2
2020,"Whitechurch, Co.Wexford, 14090",Whitechurch,Wexford,14090,14090,14090,Whitechurch,WEXFORD,35.8,38,897,298,3248,2053,264,2324.9,57.2,59,1361,1037.3,254.2,69.5
2020,"Whitemoor, Co.Wexford, 14091",Whitemoor,Wexford,14091,14091,14091,Whitemoor,WEXFORD,35.5,48,772,376,3519,2371,2936,2973,57.3,55,1703.5,1347.4,243.6,112.5
2020,"Ardcavan, Co.Wexford, 14092",Ardcavan,Wexford,14092,14092,14092,Ardcavan,WEXFORD,41.9,25,0,422,1358,936,702,965.9,59.6,56,1048,700.8,271.3,75.9
2020,"Ardcolm, Co.Wexford, 14093",Ardcolm,Wexford,14093,14093,14093,Ardcolm,WEXFORD,77.4,17,0,132,1505,1373,0,1207.5,54.5,51,1315.9,948.9,0,367
2020,"Artramon, Co.Wexford, 14094",Artramon,Wexford,14094,14094,14094,Artramon,WEXFORD,56.1,19,1121,84,2541,1336,0,2008.3,52.2,52,1087.2,867.1,155.3,64.8
2020,"Aughwilliam, Co.Wexford, 14095",Aughwilliam,Wexford,14095,14095,14095,Aughwilliam,WEXFORD,48.7,29,713,173,2810,1924,0,2062.4,53.6,52,1410.9,1066.7,285.8,58.4
2020,"Ballymitty, Co.Wexford, 14096",Ballymitty,Wexford,14096,14096,14096,Ballymitty,WEXFORD,47.7,36,1111,155,2660,1394,482,2088.1,54.6,58,1715.9,1190.2,462.1,63.6
2020,"Bannow, Co.Wexford, 14097",Bannow,Wexford,14097,14097,14097,Bannow,WEXFORD,44.6,47,1529,326,4451,2596,1094,3394.8,55.3,54,2098.5,1608.2,380.3,110
2020,"Bridgetown, Co.Wexford, 14098",Bridgetown,Wexford,14098,14098,14098,Bridgetown,WEXFORD,50.4,26,0,159,1195,1036,897,915.2,60.3,63,1309.5,660.5,524.1,124.9
2020,"Carrick, Co.Wexford, 14099",Carrick,Wexford,14099,14099,14099,Carrick,WEXFORD,31.7,24,0,155,1316,1161,0,928.8,57.6,56.5,761.2,684,0,77.2
2020,"Drinagh, Co.Wexford, 14100",Drinagh,Wexford,14100,14100,14100,Drinagh,WEXFORD,61.3,17,0,115,1385,1270,0,1170.4,57.2,53,1050.3,708,281.4,60.9
2020,"Duncormick, Co.Wexford, 14101",Duncormick,Wexford,14101,14101,14101,Duncormick,WEXFORD,47.7,36,0,121,1164,1043,2080,1103.4,52,51.5,1727,780,746.4,200.6
2020,"Forth, Co.Wexford, 14102",Forth,Wexford,14102,14102,14102,Forth,WEXFORD,40.4,23,375,144,1146,627,0,1115.1,56.3,56,928.4,631.7,263.5,33.2
2020,"Glynn, Co.Wexford, 14103",Glynn,Wexford,14103,14103,14103,Glynn,WEXFORD,32.8,13,0,123,899,776,0,1773.9,51.9,52,425.8,413.5,0,12.3
2020,"Harperstown, Co.Wexford, 14104",Harperstown,Wexford,14104,14104,14104,Harperstown,WEXFORD,33.5,28,0,112,936,824,0,751,55.9,54.5,938.3,480.1,311.1,147.1
2020,"Harristown, Co.Wexford, 14105",Harristown,Wexford,14105,14105,14105,Harristown,WEXFORD,32.5,35,0,253,1474,1221,2449,1280.1,57.7,58,1136.8,663.1,341.9,131.8
2020,"Kilbride, Co.Wexford, 14106",Kilbride,Wexford,14106,14106,14106,Kilbride,WEXFORD,32.6,24,0,220,1538,1318,410,1122,52,52,781.6,689.8,0,91.8
2020,"Kilcowan, Co.Wexford, 14107",Kilcowan,Wexford,14107,14107,14107,Kilcowan,WEXFORD,29.2,35,585,86,1513,842,1889,1356.9,55.4,56,1021.7,893.8,101.8,26.1
2020,"Killag, Co.Wexford, 14108",Killag,Wexford,14108,14108,14108,Killag,WEXFORD,50,36,617,436,2190,1137,0,1643.8,57.9,56.5,1798.3,1364.5,330.7,103.1
2020,"Killinick, Co.Wexford, 14109",Killinick,Wexford,14109,14109,14109,Killinick,WEXFORD,51.1,36,544,330,2276,1402,0,1671.6,58.3,59,1839.1,1147.8,480.2,211.1
2020,"Killurin, Co.Wexford, 14110",Killurin,Wexford,14110,14110,14110,Killurin,WEXFORD,54.1,29,1454,180,3078,1444,982,3228.1,57.3,59,1568.7,1220.9,284.2,63.6
2020,"Kilmore, Co.Wexford, 14111",Kilmore,Wexford,14111,14111,14111,Kilmore,WEXFORD,41.1,43,694,151,2024,1179,2697,1788.5,55.7,55,1770.1,1195.9,368.7,205.5
2020,"Kilpatrick, Co.Wexford, 14112",Kilpatrick,Wexford,14112,14112,14112,Kilpatrick,WEXFORD,31.4,31,331,128,1311,852,0,3851.5,59.3,61,974.7,614.7,222.3,137.7
2020,"Kilscoran, Co.Wexford, 14113",Kilscoran,Wexford,14113,14113,14113,Kilscoran,WEXFORD,39.8,16,0,146,968,822,0,735.8,60.9,56,636.1,515.2,85.4,35.5
2020,"Lady's Island, Co.Wexford, 14114",Lady's Island,Wexford,14114,14114,14114,Lady's Island,WEXFORD,44.1,15,0,0,895,895,0,2296.9,55.9,50,661,455.4,138.1,67.5
2020,"Mayglass, Co.Wexford, 14115",Mayglass,Wexford,14115,14115,14115,Mayglass,WEXFORD,52,28,0,140,1299,1159,589,950.6,58.9,61,1454.8,755.5,619.4,79.9
2020,"Newcastle, Co.Wexford, 14116",Newcastle,Wexford,14116,14116,14116,Newcastle,WEXFORD,31.1,15,0,166,548,382,0,425.3,60.3,64,466.2,407,0,59.2
2020,"Rathaspick, Co.Wexford, 14117",Rathaspick,Wexford,14117,14117,14117,Rathaspick,WEXFORD,42.8,32,860,146,3455,2449,223,2496.5,55.4,57.5,1370.3,1245.5,86.9,37.9
2020,"Rosslare, Co.Wexford, 14118",Rosslare,Wexford,14118,14118,14118,Rosslare,WEXFORD,60,26,0,244,1383,1139,0,1488.3,54.3,58.5,1575.3,891.3,418.2,265.8
2020,"St. Helen's, Co.Wexford, 14119",St. Helen's,Wexford,14119,14119,14119,St. Helen's,WEXFORD,54.1,17,0,49,1038,989,0,846.1,56.4,60,918.9,519.9,231.5,167.5
2020,"Tacumshin, Co.Wexford, 14120",Tacumshin,Wexford,14120,14120,14120,Tacumshin,WEXFORD,63.2,24,627,168,2206,1411,0,1643.6,58.5,57,1525.9,844.6,519.6,161.7
2020,"Taghmon, Co.Wexford, 14121",Taghmon,Wexford,14121,14121,14121,Taghmon,WEXFORD,41.8,32,712,122,2535,1701,1008,1894.7,50.6,52.5,1337.9,1048.5,207.3,82.1
2020,"Tomhaggard, Co.Wexford, 14122",Tomhaggard,Wexford,14122,14122,14122,Tomhaggard,WEXFORD,43.8,30,548,112,1932,1272,0,2027.6,54,53.5,1312.7,905.3,313.5,93.9
2020,"Wexford Rural, Co.Wexford, 14123",Wexford Rural,Wexford,14123,14123,14123,Wexford Rural,WEXFORD,34.9,10,0,0,0,0,0,341.7,56.9,58,349,277.4,0,71.6
2020,"Whitechurch, Co.Wexford, 14124",Whitechurch,Wexford,14124,14124,14124,Whitechurch,WEXFORD,53.5,35,1448,200,4380,2732,1436,3343.2,56.5,55,1871.8,1628.6,212.2,31
2020,"Ballinguile, Co.Wicklow, 15008",Ballinguile,Wicklow,15008,15008,15008,Ballinguile,WICKLOW,40.7,25,0,221,1143,922,4310,1221.2,57.4,56,1018.7,1008,0,10.7
2020,"Baltinglass, Co.Wicklow, 15009",Baltinglass,Wicklow,15009,15009,15009,Baltinglass,WICKLOW,30.1,35,0,121,1860,1739,4326,1640.9,54.9,55,1054.8,969.5,0,85.3
2020,"Blessington, Co.Wicklow, 15010",Blessington,Wicklow,15010,15010,15010,Blessington,WICKLOW,46.6,49,0,381,1404,1023,12748,2219.8,61,60,2283.6,2282.4,0,1.2
2020,"Burgage, Co.Wicklow, 15011",Burgage,Wicklow,15011,15011,15011,Burgage,WICKLOW,43.8,25,0,168,1300,1132,4167,1334.5,61.3,65,1094.6,1089.3,0,5.3
2020,"Donaghmore, Co.Wicklow, 15012",Donaghmore,Wicklow,15012,15012,15012,Donaghmore,WICKLOW,63.6,27,1193,301,4010,2516,2660,3110,56,55,1717.9,1586.3,110.3,21.3
2020,"Donard, Co.Wicklow, 15013",Donard,Wicklow,15013,15013,15013,Donard,WICKLOW,40,30,0,231,1605,1374,3718,1577.2,53,55.5,1201.2,1186,0,15.2
2020,"Dunlavin, Co.Wicklow, 15014",Dunlavin,Wicklow,15014,15014,15014,Dunlavin,WICKLOW,38.2,44,349,495,2475,1631,2001,1954.4,57.2,57,1678.7,1095,560.7,23
2020,"Eadestown, Co.Wicklow, 15015",Eadestown,Wicklow,15015,15015,15015,Eadestown,WICKLOW,37.4,32,0,403,1647,1244,4767,1621.6,56.9,57,1195.5,1038.8,0,156.7
2020,"Hartstown, Co.Wicklow, 15016",Hartstown,Wicklow,15016,15016,15016,Hartstown,WICKLOW,47.7,26,0,310,2298,1988,3431,1963.8,57.2,57.5,1239.3,1091.7,103,44.6
2020,"Hollywood, Co.Wicklow, 15017",Hollywood,Wicklow,15017,15017,15017,Hollywood,WICKLOW,38.5,48,0,301,1683,1382,9007,2128.4,62.2,61,1850.3,1827.5,0,22.8
2020,"Humewood, Co.Wicklow, 15018",Humewood,Wicklow,15018,15018,15018,Humewood,WICKLOW,48,26,947,250,2841,1644,2645,2761.8,52.2,54,1247.4,1227.2,0,20.2
2020,"Imael North, Co.Wicklow, 15019",Imael North,Wicklow,15019,15019,15019,Imael North,WICKLOW,35.4,39,0,249,1245,996,8537,1733.3,61.1,64,1380.1,1376.6,0,3.5
2020,"Imael South, Co.Wicklow, 15020",Imael South,Wicklow,15020,15020,15020,Imael South,WICKLOW,42,26,0,266,1253,987,6003,1479.1,58.4,58,1093,1087.5,0,5.5
2020,"Kilbride, Co.Wicklow, 15021",Kilbride,Wicklow,15021,15021,15021,Kilbride,WICKLOW,35.8,39,0,365,1357,992,6014,1527.6,61.1,62,1396.5,1389.7,0,6.8
2020,"Lackan, Co.Wicklow, 15022",Lackan,Wicklow,15022,15022,15022,Lackan,WICKLOW,26,33,0,144,373,229,5123,749.2,54.9,55,856.8,849.9,0,6.9
2020,"Lugglass, Co.Wicklow, 15023",Lugglass,Wicklow,15023,15023,15023,Lugglass,WICKLOW,61.7,18,0,277,648,371,5855,1010.8,56.2,58.5,1109.8,1106.6,0,3.2
2020,"Rathdangan, Co.Wicklow, 15024",Rathdangan,Wicklow,15024,15024,15024,Rathdangan,WICKLOW,36.9,43,940,312,2998,1746,2358,3042.3,56.1,56,1570.3,1476.2,0,94.1
2020,"Rathsallagh, Co.Wicklow, 15025",Rathsallagh,Wicklow,15025,15025,15025,Rathsallagh,WICKLOW,66.8,18,473,373,2145,1299,1713,1734.8,52.6,54,1202.5,1108,0,94.5
2020,"Stratford, Co.Wicklow, 15026",Stratford,Wicklow,15026,15026,15026,Stratford,WICKLOW,77.1,14,1437,92,2843,1314,0,2314.8,54.4,51,1079.9,995.6,0,84.3
2020,"Talbotstown, Co.Wicklow, 15027",Talbotstown,Wicklow,15027,15027,15027,Talbotstown,WICKLOW,39.1,27,0,522,2442,1920,3087,2001,56.8,57,1056.3,1003.2,0,53.1
2020,"The Grange, Co.Wicklow, 15028",The Grange,Wicklow,15028,15028,15028,The Grange,WICKLOW,53,32,1258,194,2590,1138,2739,2353.6,57.9,59,1712.3,1356.6,323.6,32.1
2020,"Tober, Co.Wicklow, 15029",Tober,Wicklow,15029,15029,15029,Tober,WICKLOW,38.5,43,620,534,3151,1997,5281,2753.3,56,59,1654.5,1571.3,0,83.2
2020,"Togher, Co.Wicklow, 15030",Togher,Wicklow,15030,15030,15030,Togher,WICKLOW,42.1,23,0,89,339,250,3918,605.8,60.5,59,968.8,966.4,0,2.4
2020,"Tuckmill, Co.Wicklow, 15031",Tuckmill,Wicklow,15031,15031,15031,Tuckmill,WICKLOW,45.7,23,0,179,1519,1340,2137,1348.7,54.5,52,1050.1,1046.2,0,3.9
2020,"Delgany, Co.Wicklow, 15032",Delgany,Wicklow,15032,15032,15032,Delgany,WICKLOW,18.2,13,0,0,0,0,1221,238.3,58.6,56,237,215.6,0,21.4
2020,"Enniskerry, Co.Wicklow, 15033",Enniskerry,Wicklow,15033,15033,15033,Enniskerry,WICKLOW,26.8,24,0,0,323,323,2164,461.3,59.9,61.5,643.3,554.3,0,89
2020,"Kilmacanoge, Co.Wicklow, 15035",Kilmacanoge,Wicklow,15035,15035,15035,Kilmacanoge,WICKLOW,30.9,39,0,185,936,751,5729,1197.4,55.8,55,1204.3,1106.8,0,97.5
2020,"Powerscourt, Co.Wicklow, 15036",Powerscourt,Wicklow,15036,15036,15036,Powerscourt,WICKLOW,42.8,22,0,0,159,159,6727,770.2,56.3,56.5,941.5,936.3,0,5.2
2020,"Altidore, Co.Wicklow, 15037",Altidore,Wicklow,15037,15037,15037,Altidore,WICKLOW,45.6,28,0,409,1644,1235,6089,1709,59.6,58,1277.3,1227.4,0,49.9
2020,"Arklow Rural, Co.Wicklow, 15038",Arklow Rural,Wicklow,15038,15038,15038,Arklow Rural,WICKLOW,51.5,101,3232,1008,11354,7114,8259,8620,56.6,58,5197.8,4336.1,622.9,238.8
2020,"Aughrim, Co.Wicklow, 15039",Aughrim,Wicklow,15039,15039,15039,Aughrim,WICKLOW,36,40,0,289,1521,1232,4220,1523.6,55.7,54,1439.3,1283,117.3,39
2020,"Avoca, Co.Wicklow, 15040",Avoca,Wicklow,15040,15040,15040,Avoca,WICKLOW,44.2,24,0,224,1127,903,3755,1188.6,56.8,57,1061.9,871.6,145.5,44.8
2020,"Ballinaclash, Co.Wicklow, 15041",Ballinaclash,Wicklow,15041,15041,15041,Ballinaclash,WICKLOW,40,29,567,176,1579,836,4043,1586.5,59.1,60,1163.7,1036.6,0,127.1
2020,"Ballinacor, Co.Wicklow, 15042",Ballinacor,Wicklow,15042,15042,15042,Ballinacor,WICKLOW,53.3,39,0,390,1483,1093,8790,1900.7,55.4,56,2077.6,2011.6,0,66
2020,"Ballinderry, Co.Wicklow, 15043",Ballinderry,Wicklow,15043,15043,15043,Ballinderry,WICKLOW,26.4,25,0,142,586,444,3840,787.2,57.4,56,660.1,642.1,0,18
2020,"Ballyarthur, Co.Wicklow, 15044",Ballyarthur,Wicklow,15044,15044,15044,Ballyarthur,WICKLOW,60.9,22,0,307,1124,817,2716,991.4,54,51.5,1340.6,727,464.8,148.8
2020,"Ballycullen, Co.Wicklow, 15045",Ballycullen,Wicklow,15045,15045,15045,Ballycullen,WICKLOW,39.7,17,0,277,1020,743,2638,967.4,54.1,59,675.4,584,0,91.4
2020,"Brockagh, Co.Wicklow, 15046",Brockagh,Wicklow,15046,15046,15046,Brockagh,WICKLOW,58.2,24,0,101,259,158,6708,825.8,58,53.5,1396.1,1396.1,0,0
2020,"Calary, Co.Wicklow, 15047",Calary,Wicklow,15047,15047,15047,Calary,WICKLOW,46.1,24,0,147,478,331,6794,989.9,61.5,65,1107.4,1103.5,0,3.9
2020,"Cronebane, Co.Wicklow, 15048",Cronebane,Wicklow,15048,15048,15048,Cronebane,WICKLOW,39.7,20,0,193,1771,1578,1180,1381.9,50.2,48,793.8,731.6,0,62.2
2020,"Dunganstown East, Co.Wicklow, 15049",Dunganstown East,Wicklow,15049,15049,15049,Dunganstown East,WICKLOW,48.1,41,798,197,2199,1204,2243,1942.3,61.6,61,1970.6,1228.1,513.4,229.1
2020,"Dunganstown South, Co.Wicklow, 15050",Dunganstown South,Wicklow,15050,15050,15050,Dunganstown South,WICKLOW,42.2,34,706,333,2498,1459,2313,2053.8,56.3,57,1435.5,1335.4,71,29.1
2020,"Dunganstown West, Co.Wicklow, 15051",Dunganstown West,Wicklow,15051,15051,15051,Dunganstown West,WICKLOW,52.4,29,857,297,2483,1329,2296,2092.9,57,57,1521,1258.2,0,262.8
2020,"Ennereilly, Co.Wicklow, 15052",Ennereilly,Wicklow,15052,15052,15052,Ennereilly,WICKLOW,52.7,29,0,366,2062,1696,3105,1785.2,59.1,62,1527.9,1196.7,242.6,88.6
2020,"Glendalough, Co.Wicklow, 15053",Glendalough,Wicklow,15053,15053,15053,Glendalough,WICKLOW,37.4,35,0,112,358,246,6849,923.9,59.9,58,1309,1296.8,0,12.2
2020,"Glenealy, Co.Wicklow, 15054",Glenealy,Wicklow,15054,15054,15054,Glenealy,WICKLOW,42.1,47,0,319,1435,1116,5566,1556.8,58.2,57,1980.1,1384.8,495.6,99.7
2020,"Kilbride, Co.Wicklow, 15055",Kilbride,Wicklow,15055,15055,15055,Kilbride,WICKLOW,49.6,32,0,379,1798,1419,2194,1495.1,54.9,56,1587,1002.4,414.7,169.9
2020,"Kilcoole, Co.Wicklow, 15056",Kilcoole,Wicklow,15056,15056,15056,Kilcoole,WICKLOW,37.9,28,0,202,742,540,2892,763.7,58.8,57,1061.5,773.7,221.2,66.6
2020,"Killiskey, Co.Wicklow, 15057",Killiskey,Wicklow,15057,15057,15057,Killiskey,WICKLOW,36.7,22,0,0,708,708,3524,873,52.6,51.5,806.7,727.7,0,79
2020,"Knockrath, Co.Wicklow, 15058",Knockrath,Wicklow,15058,15058,15058,Knockrath,WICKLOW,99.6,27,0,261,809,548,10514,1567.1,52.2,51,2688,2686.3,0,1.7
2020,"Moneystown, Co.Wicklow, 15059",Moneystown,Wicklow,15059,15059,15059,Moneystown,WICKLOW,42.5,25,285,187,1117,645,2605,1090.6,58.8,59,1063.1,988.6,0,74.5
2020,"Newcastle Lower, Co.Wicklow, 15060",Newcastle Lower,Wicklow,15060,15060,15060,Newcastle Lower,WICKLOW,42.1,46,0,232,1124,892,4785,1248.2,61.4,59.5,1936.2,1287.9,523.3,125
2020,"Newcastle Upper, Co.Wicklow, 15061",Newcastle Upper,Wicklow,15061,15061,15061,Newcastle Upper,WICKLOW,43.1,40,0,236,1312,1076,7716,1764.8,58,59,1722.8,1328.4,317.2,77.2
2020,"Oldtown, Co.Wicklow, 15062",Oldtown,Wicklow,15062,15062,15062,Oldtown,WICKLOW,24.8,40,0,293,801,508,4961,1019.5,59,58,992.9,965.4,0,27.5
2020,"Rathdrum, Co.Wicklow, 15063",Rathdrum,Wicklow,15063,15063,15063,Rathdrum,WICKLOW,34.8,50,572,470,3151,2109,3148,2589,57,59,1739.8,1401,297.8,41
2020,"Togher, Co.Wicklow, 15064",Togher,Wicklow,15064,15064,15064,Togher,WICKLOW,27.6,18,0,95,346,251,3078,541.6,60.3,68.5,496.3,487.9,0,8.4
2020,"Trooperstown, Co.Wicklow, 15065",Trooperstown,Wicklow,15065,15065,15065,Trooperstown,WICKLOW,21.9,18,0,79,218,139,2530,395.6,56.2,55.5,394.4,392.8,0,1.6
2020,"Wicklow Rural, Co.Wicklow, 15066",Wicklow Rural,Wicklow,15066,15066,15066,Wicklow Rural,WICKLOW,61.8,37,489,209,2066,1368,5179,2120.3,60.1,59,2285.4,1720.8,447.6,117
2020,"Aghowle, Co.Wicklow, 15067",Aghowle,Wicklow,15067,15067,15067,Aghowle,WICKLOW,35.4,33,0,385,1625,1240,3284,1511.3,59.1,59,1167.4,1118.9,0,48.5
2020,"Ballingate, Co.Wicklow, 15068",Ballingate,Wicklow,15068,15068,15068,Ballingate,WICKLOW,44,43,0,337,3251,2914,5298,2486.8,54.9,56,1893.9,1158.6,557.6,177.7
2020,"Ballinglen, Co.Wicklow, 15069",Ballinglen,Wicklow,15069,15069,15069,Ballinglen,WICKLOW,35.6,35,466,299,2044,1279,6146,2041.3,55.6,58,1245.7,1201.1,0,44.6
2020,"Ballybeg, Co.Wicklow, 15070",Ballybeg,Wicklow,15070,15070,15070,Ballybeg,WICKLOW,33.5,34,0,253,1348,1095,2923,1266.2,55.6,56.5,1140,1106.4,0,33.6
2020,"Carnew, Co.Wicklow, 15071",Carnew,Wicklow,15071,15071,15071,Carnew,WICKLOW,33.2,57,0,434,3209,2775,5114,2673.7,56.3,54,1894.9,1261.3,516.7,116.9
2020,"Coolattin, Co.Wicklow, 15072",Coolattin,Wicklow,15072,15072,15072,Coolattin,WICKLOW,64.3,20,0,182,1623,1441,2771,1441.7,55.6,60.5,1285.1,689.8,496.6,98.7
2020,"Coolballintaggart, Co.Wicklow, 15073",Coolballintaggart,Wicklow,15073,15073,15073,Coolballintaggart,WICKLOW,27.6,62,0,471,1554,1083,7198,1769,56,55,1712.9,1703.9,0,9
2020,"Coolboy, Co.Wicklow, 15074",Coolboy,Wicklow,15074,15074,15074,Coolboy,WICKLOW,34.5,29,0,237,1318,1081,1744,1121.5,57.2,56,1001.3,812.1,0,189.2
2020,"Cronelea, Co.Wicklow, 15075",Cronelea,Wicklow,15075,15075,15075,Cronelea,WICKLOW,37.5,30,0,332,1577,1245,3751,1458.7,52.9,56,1124.2,1071.3,0,52.9
2020,"Kilballyowen, Co.Wicklow, 15076",Kilballyowen,Wicklow,15076,15076,15076,Kilballyowen,WICKLOW,42.7,29,0,274,1565,1291,3919,1565.6,64.2,72,1239.7,1148.8,0,90.9
2020,"Killinure, Co.Wicklow, 15077",Killinure,Wicklow,15077,15077,15077,Killinure,WICKLOW,37,32,0,358,2143,1785,1781,1629.4,54.3,56,1193.6,979.3,183.2,31.1
2020,"Kilpipe, Co.Wicklow, 15078",Kilpipe,Wicklow,15078,15078,15078,Kilpipe,WICKLOW,47,47,654,635,3673,2384,5256,3103.6,56.8,57,2209.7,1930.1,207.1,72.5
2020,"Money, Co.Wicklow, 15079",Money,Wicklow,15079,15079,15079,Money,WICKLOW,55,22,0,266,1523,1257,2583,1320.1,59.5,63,1208.9,783.9,360.1,64.9
2020,"Rath, Co.Wicklow, 15080",Rath,Wicklow,15080,15080,15080,Rath,WICKLOW,45.2,38,1093,150,2805,1562,1077,5831,57.7,58,1715.9,1019.5,622.7,73.7
2020,"Shillelagh, Co.Wicklow, 15081",Shillelagh,Wicklow,15081,15081,15081,Shillelagh,WICKLOW,40.4,27,0,371,1311,940,2977,1136,57.5,58,1091.7,843.1,212.1,36.5
2020,"Tinahely, Co.Wicklow, 15082",Tinahely,Wicklow,15082,15082,15082,Tinahely,WICKLOW,31.1,80,819,933,4508,2756,9919,4130.4,55.4,56.5,2491.5,2288.6,139.7,63.2
2020,"Kilrush Urban, Co.Clare, 16005",Kilrush Urban,Clare,16005,16005,16005,Kilrush Urban,CLARE,33.5,7,0,0,538,538,0,424.2,55.3,55,234.5,231.8,0,2.7
2020,"Abbey, Co.Clare, 16006",Abbey,Clare,16006,16006,16006,Abbey,CLARE,33.8,49,683,793,3404,1928,352,2424,53.9,52,1656.2,1608,0,48.2
2020,"Carran, Co.Clare, 16007",Carran,Clare,16007,16007,16007,Carran,CLARE,62.2,36,0,593,1709,1116,0,1170,53,50,2237.5,2237.5,0,0
2020,"Derreen, Co.Clare, 16009",Derreen,Clare,16009,16009,16009,Derreen,CLARE,38.1,21,0,311,774,463,0,508.8,54,54,800.4,800.4,0,0
2020,"Drumcreehy, Co.Clare, 16010",Drumcreehy,Clare,16010,16010,16010,Drumcreehy,CLARE,56.4,32,0,604,1773,1169,785,1255,61.3,63,1805,1805,0,0
2020,"Gleninagh, Co.Clare, 16011",Gleninagh,Clare,16011,16011,16011,Gleninagh,CLARE,64.8,35,0,663,1618,955,517,1092.6,57.3,57,2267.1,2266.1,0,1
2020,"Lisdoonvarna, Co.Clare, 16012",Lisdoonvarna,Clare,16012,16012,16012,Lisdoonvarna,CLARE,22.4,25,0,213,473,260,189,314.6,60.2,63,559,559,0,0
2020,"Mountelva, Co.Clare, 16013",Mountelva,Clare,16013,16013,16013,Mountelva,CLARE,50.7,34,0,531,1339,808,349,894.3,54.1,56.5,1722.5,1720.2,0,2.3
2020,"Noughaval / Castletown, Co.Clare, 16014/16008",Noughaval / Castletown,Clare,16014/16008,16014/16008,16014/16008,Noughaval / Castletown,CLARE,75.3,59,0,1588,4311,2723,940,2934.4,56.5,55,4445.3,4445.3,0,0
2020,"Oughtmama, Co.Clare, 16015",Oughtmama,Clare,16015,16015,16015,Oughtmama,CLARE,74.3,44,0,1251,3753,2502,1319,2646.3,52.7,52.5,3269.3,3269.2,0,0.1
2020,"Rathborney, Co.Clare, 16016",Rathborney,Clare,16016,16016,16016,Rathborney,CLARE,70.6,27,0,308,1179,871,0,846.5,52.9,51,1905.3,1889.5,0,15.8
2020,"Boston, Co.Clare, 16018",Boston,Clare,16018,16018,16018,Boston,CLARE,47.2,59,0,1144,3819,2675,2808,2772.3,53.8,52,2781.9,2768,0,13.9
2020,"Corrofin, Co.Clare, 16019",Corrofin,Clare,16019,16019,16019,Corrofin,CLARE,36,57,341,761,3121,2019,741,2238.4,58,56,2049.5,2043.5,0,6
2020,"Glenroe / Ballyeighter, Co.Clare, 16020/16017",Glenroe / Ballyeighter,Clare,16020/16017,16020/16017,16020/16017,Glenroe / Ballyeighter,CLARE,54.5,45,0,897,2379,1482,808,1639.4,56.9,55,2450.5,2450.5,0,0
2020,"Killinaboy, Co.Clare, 16021",Killinaboy,Clare,16021,16021,16021,Killinaboy,CLARE,32.4,55,0,632,2125,1493,311,1474.2,57.1,57,1780.6,1779.3,0,1.3
2020,"Kiltoraght, Co.Clare, 16022",Kiltoraght,Clare,16022,16022,16022,Kiltoraght,CLARE,41.8,37,0,552,1539,987,483,1065.1,60.3,60,1547.8,1546.4,0,1.4
2020,"Muckanagh, Co.Clare, 16023",Muckanagh,Clare,16023,16023,16023,Muckanagh,CLARE,42.7,55,743,795,3866,2328,1207,2888.3,54.1,55,2350.6,2315.7,0,34.9
2020,"Rath, Co.Clare, 16024",Rath,Clare,16024,16024,16024,Rath,CLARE,26.2,41,0,423,1331,908,415,933,56.6,58,1076.2,1051.1,0,25.1
2020,"Ruan, Co.Clare, 16025",Ruan,Clare,16025,16025,16025,Ruan,CLARE,23.5,62,0,675,2348,1673,230,1636,58.9,59.5,1459.7,1452,0,7.7
2020,"Clareabbey, Co.Clare, 16026",Clareabbey,Clare,16026,16026,16026,Clareabbey,CLARE,31.8,63,0,604,2551,1947,696,1852,59.1,56,2005.5,1998.3,0,7.2
2020,"Clenagh, Co.Clare, 16027",Clenagh,Clare,16027,16027,16027,Clenagh,CLARE,36.4,37,0,504,1878,1374,530,1436.8,59.3,57,1354.2,1349.6,0,4.6
2020,"Crusheen, Co.Clare, 16028",Crusheen,Clare,16028,16028,16028,Crusheen,CLARE,28,61,0,749,2604,1855,522,1865.6,57.8,61,1707.1,1673.5,0,33.6
2020,"Doora, Co.Clare, 16029",Doora,Clare,16029,16029,16029,Doora,CLARE,33.9,61,528,791,3747,2428,1445,2835,57.5,59,2069.9,2068.7,0,1.2
2020,"Drumline, Co.Clare, 16030",Drumline,Clare,16030,16030,16030,Drumline,CLARE,25.7,23,0,207,1175,968,0,843.6,58.1,60,591.6,589.5,0,2.1
2020,"Dysert, Co.Clare, 16031",Dysert,Clare,16031,16031,16031,Dysert,CLARE,26.5,40,0,482,1507,1025,123,1001.5,61.3,64,1059.4,1057.2,0,2.2
2020,"Ennis Rural, Co.Clare, 16032",Ennis Rural,Clare,16032,16032,16032,Ennis Rural,CLARE,31.1,41,0,407,1647,1240,478,2652.8,57.9,56,1274.5,1260.5,0,14
2020,"Furroor, Co.Clare, 16033",Furroor,Clare,16033,16033,16033,Furroor,CLARE,29.4,47,0,374,1039,665,0,687.1,61,65,1382,1382,0,0
2020,"Kilcloher, Co.Clare, 16034",Kilcloher,Clare,16034,16034,16034,Kilcloher,CLARE,22.3,65,0,464,1863,1399,0,1272.2,59.4,57,1449.1,1443.8,0,5.3
2020,"Killanniv, Co.Clare, 16035",Killanniv,Clare,16035,16035,16035,Killanniv,CLARE,22.2,67,0,468,1833,1365,0,1264.6,59.9,60,1485.9,1474.4,0,11.5
2020,"Killone, Co.Clare, 16036",Killone,Clare,16036,16036,16036,Killone,CLARE,28.3,47,387,349,2192,1456,0,1597,55.5,57,1329,1322.2,0,6.8
2020,"Kilnamona, Co.Clare, 16037",Kilnamona,Clare,16037,16037,16037,Kilnamona,CLARE,25.9,85,0,1035,3532,2497,251,2407,61.7,63,2203.2,2196.3,0,6.9
2020,"Kilraghtis, Co.Clare, 16038",Kilraghtis,Clare,16038,16038,16038,Kilraghtis,CLARE,27.9,34,0,341,1616,1275,0,1105.9,52.8,54.5,948.8,940.6,0,8.2
2020,"Kinturk, Co.Clare, 16039",Kinturk,Clare,16039,16039,16039,Kinturk,CLARE,19.8,35,0,242,588,346,0,377.8,60.6,63,692,692,0,0
2020,"Newmarket, Co.Clare, 16040",Newmarket,Clare,16040,16040,16040,Newmarket,CLARE,31.1,39,0,367,1973,1606,435,1433.3,60.9,62,1212.4,1207.7,0,4.7
2020,"Sixmilebridge, Co.Clare, 16041",Sixmilebridge,Clare,16041,16041,16041,Sixmilebridge,CLARE,29.9,40,668,199,2622,1755,1602,2019.9,52.8,52,1194.8,1188.4,0,6.4
2020,"Spancelhill, Co.Clare, 16042",Spancelhill,Clare,16042,16042,16042,Spancelhill,CLARE,30.8,44,274,438,2435,1723,0,1669.1,57.7,59,1354.7,1351.3,0,3.4
2020,"Templemaley, Co.Clare, 16043",Templemaley,Clare,16043,16043,16043,Templemaley,CLARE,28,50,0,515,2081,1566,469,1501.9,59.4,56.5,1402.2,1398.6,0,3.6
2020,"Tomfinlough, Co.Clare, 16044",Tomfinlough,Clare,16044,16044,16044,Tomfinlough,CLARE,32.8,53,581,424,3028,2023,0,2208.4,56.7,52,1739.5,1735.2,0,4.3
2020,"Urlan, Co.Clare, 16045",Urlan,Clare,16045,16045,16045,Urlan,CLARE,46.6,30,0,652,3012,2360,1127,2194.9,56.6,57.5,1397.1,1394,0,3.1
2020,"Annagh, Co.Clare, 16046",Annagh,Clare,16046,16046,16046,Annagh,CLARE,23,98,171,1091,3113,1851,0,2065.4,58.4,59,2257.8,2256.7,0,1.1
2020,"Ballagh, Co.Clare, 16047",Ballagh,Clare,16047,16047,16047,Ballagh,CLARE,25.5,39,0,403,1178,775,0,820.5,61.1,63,992.7,989.8,0,2.9
2020,"Ballyea, Co.Clare, 16048",Ballyea,Clare,16048,16048,16048,Ballyea,CLARE,26.1,79,0,788,2063,1275,590,1449.4,52.5,52,2065.7,2055.6,0,10.1
2020,"Ballysteen, Co.Clare, 16049",Ballysteen,Clare,16049,16049,16049,Ballysteen,CLARE,26.2,39,0,521,1797,1276,271,1212.1,56.1,56,1022,1019.5,0,2.5
2020,"Ballyvaskin, Co.Clare, 16050",Ballyvaskin,Clare,16050,16050,16050,Ballyvaskin,CLARE,30.4,60,0,754,2292,1538,0,1537.5,60.1,60,1826.8,1822.2,0,4.6
2020,"Cloghaun, Co.Clare, 16051",Cloghaun,Clare,16051,16051,16051,Cloghaun,CLARE,30.8,26,0,217,719,502,164,513.6,58.4,57,802,800.9,0,1.1
2020,"Cloonanaha, Co.Clare, 16052",Cloonanaha,Clare,16052,16052,16052,Cloonanaha,CLARE,31.4,48,0,522,1305,783,0,865.4,57.1,60,1508.7,1505.2,0,3.5
2020,"Clooney, Co.Clare, 16053",Clooney,Clare,16053,16053,16053,Clooney,CLARE,22.1,50,0,455,1216,761,0,826.2,61.7,62.5,1107,1104.4,0,2.6
2020,"Ennistimon, Co.Clare, 16054",Ennistimon,Clare,16054,16054,16054,Ennistimon,CLARE,22.9,74,222,892,2573,1459,635,1790,55.7,56.5,1694.1,1694.1,0,0
2020,"Formoyle, Co.Clare, 16055",Formoyle,Clare,16055,16055,16055,Formoyle,CLARE,28.1,37,0,390,843,453,0,552,57.3,58,1039.9,1037.1,0,2.8
2020,"Kilfenora, Co.Clare, 16056",Kilfenora,Clare,16056,16056,16056,Kilfenora,CLARE,36.5,46,0,586,1928,1342,285,1345.1,56.5,55.5,1678,1676.8,0,1.2
2020,"Killaspuglonane, Co.Clare, 16057",Killaspuglonane,Clare,16057,16057,16057,Killaspuglonane,CLARE,23.9,46,0,468,1557,1089,215,1084.4,54.3,55.5,1098.3,1093.5,0,4.8
2020,"Killilagh, Co.Clare, 16058",Killilagh,Clare,16058,16058,16058,Killilagh,CLARE,24,53,0,577,1520,943,0,1035.1,57.9,57,1274.5,1273.3,0,1.2
2020,"Kilshanny, Co.Clare, 16059",Kilshanny,Clare,16059,16059,16059,Kilshanny,CLARE,34.6,17,0,250,781,531,0,543.1,57.2,60,588.4,587.3,0,1.1
2020,"Liscannor, Co.Clare, 16060",Liscannor,Clare,16060,16060,16060,Liscannor,CLARE,29.4,32,306,309,1649,1034,288,1197.8,59.8,57,989.1,980.1,0,9
2020,"Lurraga, Co.Clare, 16061",Lurraga,Clare,16061,16061,16061,Lurraga,CLARE,26.8,30,0,363,997,634,0,671.6,61.8,63,804.1,802.4,0,1.7
2020,"Magherareagh, Co.Clare, 16062",Magherareagh,Clare,16062,16062,16062,Magherareagh,CLARE,24.6,67,0,738,1864,1126,0,1266.4,56.7,56,1650.7,1644.3,0,6.4
2020,"Milltown Malbay, Co.Clare, 16063",Milltown Malbay,Clare,16063,16063,16063,Milltown Malbay,CLARE,19.8,59,0,563,1719,1156,0,1173.4,57.3,58,1166,1159.8,0,6.2
2020,"Moy, Co.Clare, 16064",Moy,Clare,16064,16064,16064,Moy,CLARE,22.2,82,131,922,2839,1786,279,1896.3,57.5,58,1817.4,1812.2,0,5.2
2020,"Smithstown, Co.Clare, 16065",Smithstown,Clare,16065,16065,16065,Smithstown,CLARE,31.7,24,0,279,1046,767,0,740.8,58.4,58,760,758.8,0,1.2
2020,"Ballynacally, Co.Clare, 16066",Ballynacally,Clare,16066,16066,16066,Ballynacally,CLARE,26.7,28,0,149,1322,1173,0,933.1,62.3,62.5,748.7,748.7,0,0
2020,"Clondagad, Co.Clare, 16067",Clondagad,Clare,16067,16067,16067,Clondagad,CLARE,27.1,63,0,573,1993,1420,229,1340.6,57.9,57,1707.5,1703.1,0,4.4
2020,"Coolmeen, Co.Clare, 16068",Coolmeen,Clare,16068,16068,16068,Coolmeen,CLARE,39.7,49,563,497,3286,2226,0,2267,53.2,53,1943.4,1941,0,2.4
2020,"Kilchreest, Co.Clare, 16069",Kilchreest,Clare,16069,16069,16069,Kilchreest,CLARE,28.3,67,0,871,2721,1850,330,1828.8,59.4,60,1897.9,1892,0,5.9
2020,"Kilfiddane, Co.Clare, 16070",Kilfiddane,Clare,16070,16070,16070,Kilfiddane,CLARE,27,66,0,570,2440,1870,0,1709.3,56.7,57.5,1781.7,1772.9,0,8.8
2020,"Killadysert, Co.Clare, 16071",Killadysert,Clare,16071,16071,16071,Killadysert,CLARE,28.2,100,257,1222,4249,2770,515,2891.5,57.8,58,2824.5,2813.5,0,11
2020,"Killofin, Co.Clare, 16072",Killofin,Clare,16072,16072,16072,Killofin,CLARE,30,58,222,820,3218,2176,0,2195.9,54.6,55,1737.3,1728.7,0,8.6
2020,"Kilmurry, Co.Clare, 16073",Kilmurry,Clare,16073,16073,16073,Kilmurry,CLARE,26.7,51,175,314,1830,1341,563,1422.8,56.3,58,1363,1353.3,0,9.7
2020,"Liscasey, Co.Clare, 16074",Liscasey,Clare,16074,16074,16074,Liscasey,CLARE,24.3,52,0,459,1336,877,0,876.5,58.7,60,1265.2,1265.2,0,0
2020,"Lisheen, Co.Clare, 16075",Lisheen,Clare,16075,16075,16075,Lisheen,CLARE,23.4,53,0,419,1843,1424,245,1276.4,57.5,58,1240.5,1238.1,0,2.4
2020,"Rinealon, Co.Clare, 16076",Rinealon,Clare,16076,16076,16076,Rinealon,CLARE,32,36,236,566,1924,1122,0,1317.7,55,51.5,1152.6,1145.4,0,7.2
2020,"Cahermurphy, Co.Clare, 16077",Cahermurphy,Clare,16077,16077,16077,Cahermurphy,CLARE,25.8,42,0,408,1766,1358,0,1246.8,56.3,54,1083,1076.7,0,6.3
2020,"Cloonadrum, Co.Clare, 16078",Cloonadrum,Clare,16078,16078,16078,Cloonadrum,CLARE,31.2,48,491,552,2792,1749,0,1923.4,57.8,58,1496,1492.5,0,3.5
2020,"Clooncoorha, Co.Clare, 16079",Clooncoorha,Clare,16079,16079,16079,Clooncoorha,CLARE,25.6,48,317,473,2201,1411,0,1516.1,53.4,50,1229.1,1226.6,0,2.5
2020,"Cooraclare, Co.Clare, 16080",Cooraclare,Clare,16080,16080,16080,Cooraclare,CLARE,27.9,59,953,658,3575,1964,0,2562.7,54.4,54,1644.2,1640.7,0,3.5
2020,"Creegh, Co.Clare, 16081",Creegh,Clare,16081,16081,16081,Creegh,CLARE,23.9,63,401,594,2467,1472,0,1749.1,55.9,57,1508.8,1505,0,3.8
2020,"Doonbeg, Co.Clare, 16082",Doonbeg,Clare,16082,16082,16082,Doonbeg,CLARE,23.4,53,470,359,2056,1227,0,1501.6,59.8,58,1240.9,1237.9,0,3
2020,"Drumellihy, Co.Clare, 16083",Drumellihy,Clare,16083,16083,16083,Drumellihy,CLARE,22.7,76,596,577,2973,1800,0,2071.2,58.4,59,1728.8,1719.7,0,9.1
2020,"Einagh, Co.Clare, 16084",Einagh,Clare,16084,16084,16084,Einagh,CLARE,23,33,356,260,1332,716,0,978.7,61.1,62,758.8,758.8,0,0
2020,"Glenmore, Co.Clare, 16085",Glenmore,Clare,16085,16085,16085,Glenmore,CLARE,34.8,60,440,731,2665,1494,0,1870,55.5,56.5,2087.6,2079.2,0,8.4
2020,"Kilballyowen, Co.Clare, 16086",Kilballyowen,Clare,16086,16086,16086,Kilballyowen,CLARE,40.3,60,1340,792,5160,3028,777,3838,53.8,54.5,2420.9,2416.2,0,4.7
2020,"Kilfearagh, Co.Clare, 16087",Kilfearagh,Clare,16087,16087,16087,Kilfearagh,CLARE,36.4,42,311,439,1969,1219,0,1420.5,57.9,57.5,1528,1521.4,0,6.6
2020,"Kilkee, Co.Clare, 16088",Kilkee,Clare,16088,16088,16088,Kilkee,CLARE,40.3,7,0,0,105,105,0,128.2,53.3,60,281.9,278.6,0,3.3
2020,"Killard, Co.Clare, 16089",Killard,Clare,16089,16089,16089,Killard,CLARE,35.3,45,736,410,2990,1844,0,2203.6,55.8,59,1588.8,1573.7,0,15.1
2020,"Killimer, Co.Clare, 16090",Killimer,Clare,16090,16090,16090,Killimer,CLARE,31.7,61,1085,519,3780,2176,0,2698.5,53.4,54,1935.8,1929.2,0,6.6
2020,"Kilmihil, Co.Clare, 16091",Kilmihil,Clare,16091,16091,16091,Kilmihil,CLARE,24.6,59,0,591,2176,1585,0,1495.1,55.1,51,1448.8,1443.1,0,5.7
2020,"Kilmurry, Co.Clare, 16092",Kilmurry,Clare,16092,16092,16092,Kilmurry,CLARE,22.5,53,189,619,2187,1379,0,1475.7,57.4,56,1195.1,1189.8,0,5.3
2020,"Kilrush Rural, Co.Clare, 16093",Kilrush Rural,Clare,16093,16093,16093,Kilrush Rural,CLARE,28.4,72,450,664,3479,2365,0,2354.3,57.1,58,2042.1,2024.6,0,17.5
2020,"Knock, Co.Clare, 16094",Knock,Clare,16094,16094,16094,Knock,CLARE,29.3,50,0,503,2244,1741,0,1463.1,56.6,55.5,1466.8,1462.2,0,4.6
2020,"Knocknaboley, Co.Clare, 16095",Knocknaboley,Clare,16095,16095,16095,Knocknaboley,CLARE,21.9,62,0,527,1523,996,0,1009.7,55.1,55.5,1358.8,1358.8,0,0
2020,"Knocknagore, Co.Clare, 16096",Knocknagore,Clare,16096,16096,16096,Knocknagore,CLARE,41.8,36,1268,216,3619,2135,0,2651.7,58.3,59,1506.5,1499.5,0,7
2020,"Moveen, Co.Clare, 16097",Moveen,Clare,16097,16097,16097,Moveen,CLARE,36.7,23,580,143,1453,730,0,1082.7,57,58,843.7,842.7,0,1
2020,"Moyarta, Co.Clare, 16098",Moyarta,Clare,16098,16098,16098,Moyarta,CLARE,27.6,40,387,279,2119,1453,0,1456,54.8,55,1105.3,1102.8,0,2.5
2020,"Mullagh, Co.Clare, 16099",Mullagh,Clare,16099,16099,16099,Mullagh,CLARE,23.1,48,0,562,1966,1404,0,1294.5,58.2,61,1107.2,1105.7,0,1.5
2020,"Querrin, Co.Clare, 16100",Querrin,Clare,16100,16100,16100,Querrin,CLARE,34.2,22,0,202,1192,990,0,831.5,57,58,753.1,751.6,0,1.5
2020,"Rahona, Co.Clare, 16101",Rahona,Clare,16101,16101,16101,Rahona,CLARE,36.7,37,457,425,2369,1487,0,1712.9,54.9,52,1357.1,1349.9,0,7.2
2020,"St. Martin's, Co.Clare, 16102",St. Martin's,Clare,16102,16102,16102,St. Martin's,CLARE,40.7,19,323,216,1379,840,0,975.9,50.6,51,773.7,770.9,0,2.8
2020,"Tullig, Co.Clare, 16103",Tullig,Clare,16103,16103,16103,Tullig,CLARE,40.8,29,780,283,2289,1226,0,1676.2,54.3,55,1183.8,1179.7,0,4.1
2020,"Tullycreen, Co.Clare, 16104",Tullycreen,Clare,16104,16104,16104,Tullycreen,CLARE,27.6,32,0,198,1719,1521,0,1228.1,59,61.5,883.1,879.7,0,3.4
2020,"Ballycannan, Co.Clare, 16105",Ballycannan,Clare,16105,16105,16105,Ballycannan,CLARE,41.9,18,0,155,1011,856,0,714.6,62.8,62,753.6,753.6,0,0
2020,"Ballyglass, Co.Clare, 16106",Ballyglass,Clare,16106,16106,16106,Ballyglass,CLARE,26,25,0,363,1071,708,0,705.9,60.4,60,649.7,642.8,0,6.9
2020,"Cappavilla, Co.Clare, 16107",Cappavilla,Clare,16107,16107,16107,Cappavilla,CLARE,61,13,0,188,1147,959,0,809.2,55.5,52,792.7,791.6,0,1.1
2020,"Castlecrine, Co.Clare, 16108",Castlecrine,Clare,16108,16108,16108,Castlecrine,CLARE,28.4,40,0,439,1865,1426,0,1264.7,57.1,58.5,1134.3,1129.9,0,4.4
2020,"Cloghera, Co.Clare, 16109",Cloghera,Clare,16109,16109,16109,Cloghera,CLARE,38.2,49,875,428,3722,2419,0,2660.2,59.3,58,1873.4,1818.4,0,55
2020,"Cloontra, Co.Clare, 16110",Cloontra,Clare,16110,16110,16110,Cloontra,CLARE,28.8,36,0,293,825,532,0,539.1,60.4,59.5,1038,1038,0,0
2020,"Cratloe, Co.Clare, 16111",Cratloe,Clare,16111,16111,16111,Cratloe,CLARE,39.1,33,490,284,2189,1415,0,1622.1,59.7,62,1291.6,1285.4,0,6.2
2020,"Fahymore, Co.Clare, 16112",Fahymore,Clare,16112,16112,16112,Fahymore,CLARE,40.2,36,0,419,2001,1582,0,1437.7,52.5,55,1446.5,1434.1,0,12.4
2020,"Killeely, Co.Clare, 16113",Killeely,Clare,16113,16113,16113,Killeely,CLARE,32.1,26,0,309,1436,1127,0,947.4,58.5,56,833.5,832,0,1.5
2020,"Killokennedy, Co.Clare, 16114",Killokennedy,Clare,16114,16114,16114,Killokennedy,CLARE,44.5,27,0,450,1773,1323,0,1236,52.7,49,1201.1,1193.8,0,7.3
2020,"Kilseily, Co.Clare, 16115",Kilseily,Clare,16115,16115,16115,Kilseily,CLARE,33.6,56,0,756,2581,1825,1540,1900,55,56,1883.3,1865.8,0,17.5
2020,"Kiltenanlea, Co.Clare, 16116",Kiltenanlea,Clare,16116,16116,16116,Kiltenanlea,CLARE,30.1,44,0,306,2103,1797,0,1495.9,55.9,55,1326.5,1314.3,0,12.2
2020,"Lackareagh, Co.Clare, 16117",Lackareagh,Clare,16117,16117,16117,Lackareagh,CLARE,41.7,23,0,360,1341,981,0,918.8,53.5,55,959.3,954.1,0,5.2
2020,"Mountievers, Co.Clare, 16118",Mountievers,Clare,16118,16118,16118,Mountievers,CLARE,26.5,37,0,295,1707,1412,0,1287.4,60.7,61,981.3,976.8,0,4.5
2020,"O'Briensbridge, Co.Clare, 16119",O'Briensbridge,Clare,16119,16119,16119,O'Briensbridge,CLARE,43.1,19,0,233,1517,1284,0,1068.6,56.7,56,819.3,796.3,0,23
2020,"Ayle, Co.Clare, 16120",Ayle,Clare,16120,16120,16120,Ayle,CLARE,34.7,33,0,432,1316,884,0,870.1,58,58,1145.1,1145.1,0,0
2020,"Boherglass, Co.Clare, 16121",Boherglass,Clare,16121,16121,16121,Boherglass,CLARE,29.2,35,0,422,1266,844,0,867.6,61,62,1021.1,1015,0,6.1
2020,"Caherhurley, Co.Clare, 16122",Caherhurley,Clare,16122,16122,16122,Caherhurley,CLARE,66.8,20,0,308,2073,1765,0,1568.2,54.7,51.5,1336.6,1329.8,0,6.8
2020,"Cappaghabaun, Co.Clare, 16124",Cappaghabaun,Clare,16124,16124,16124,Cappaghabaun,CLARE,37.2,30,0,373,1297,924,0,934.3,60.6,61,1115.9,1115.9,0,0
2020,"Carrowbaun, Co.Clare, 16125",Carrowbaun,Clare,16125,16125,16125,Carrowbaun,CLARE,50.4,17,0,226,665,439,0,476.3,62.4,62,856.4,811,0,45.4
2020,"Cloonusker, Co.Clare, 16126",Cloonusker,Clare,16126,16126,16126,Cloonusker,CLARE,34.8,40,0,520,2072,1552,689,1485.5,56,54,1392.3,1390.6,0,1.7
2020,"Coolreagh, Co.Clare, 16127",Coolreagh,Clare,16127,16127,16127,Coolreagh,CLARE,35.2,29,346,299,1622,977,0,1157.3,59.9,59,1020,1019,0,1
2020,"Corlea / Cahermurphy, Co.Clare, 16128/16123",Corlea / Cahermurphy,Clare,16128/16123,16128/16123,16128/16123,Corlea / Cahermurphy,CLARE,33.9,31,0,203,689,486,0,478.9,59.3,61,1051.5,1051.5,0,0
2020,"Derrynagittagh, Co.Clare, 16129",Derrynagittagh,Clare,16129,16129,16129,Derrynagittagh,CLARE,32.3,19,0,206,815,609,0,656.8,54.7,55,613.4,613.1,0,0.3
2020,"Drummaan, Co.Clare, 16130",Drummaan,Clare,16130,16130,16130,Drummaan,CLARE,29.5,52,468,461,3076,2147,759,2351.7,57.8,57.5,1536.2,1424.2,0,112
2020,"Feakle, Co.Clare, 16131",Feakle,Clare,16131,16131,16131,Feakle,CLARE,21.5,46,0,395,1327,932,0,1282.7,59.7,60,988.8,984.7,0,4.1
2020,"Inishcaltra North / Inishcaltra South, Co.Clare, 16132/16133",Inishcaltra North / Inishcaltra South,Clare,16132/16133,16132/16133,16132/16133,Inishcaltra North / Inishcaltra South,CLARE,28.1,39,369,432,2114,1313,0,1470,58.9,57,1094.7,1094.7,0,0
2020,"Killaloe, Co.Clare, 16134",Killaloe,Clare,16134,16134,16134,Killaloe,CLARE,32.4,33,429,162,1783,1192,637,1299.6,54.8,52,1068.3,1063.9,0,4.4
2020,"Mountshannon, Co.Clare, 16135",Mountshannon,Clare,16135,16135,16135,Mountshannon,CLARE,30.9,15,0,203,663,460,0,458.2,55.6,55,463.8,463.8,0,0
2020,"Ogonnelloe, Co.Clare, 16136",Ogonnelloe,Clare,16136,16136,16136,Ogonnelloe,CLARE,40.6,43,950,377,3410,2083,0,2799.3,58.1,60,1746.6,1739.2,0,7.4
2020,"Scarriff, Co.Clare, 16137",Scarriff,Clare,16137,16137,16137,Scarriff,CLARE,30,44,0,502,2004,1502,91,1370.5,59.4,58,1318.7,1305.8,0,12.9
2020,"Ballyblood, Co.Clare, 16138",Ballyblood,Clare,16138,16138,16138,Ballyblood,CLARE,38.8,19,0,281,1468,1187,0,1071.5,57.7,59,736.3,732.4,0,3.9
2020,"Ballynahinch, Co.Clare, 16139",Ballynahinch,Clare,16139,16139,16139,Ballynahinch,CLARE,33.2,40,0,610,2121,1511,0,1487.1,58.7,63.5,1326.9,1326.9,0,0
2020,"Caher, Co.Clare, 16140",Caher,Clare,16140,16140,16140,Caher,CLARE,35.9,39,0,570,1769,1199,0,1244,56.4,56,1399.9,1399.9,0,0
2020,"Clooney, Co.Clare, 16141",Clooney,Clare,16141,16141,16141,Clooney,CLARE,31,48,0,715,2741,2026,715,1983.3,56.8,61,1486.4,1481.8,0,4.6
2020,"Dangan, Co.Clare, 16142",Dangan,Clare,16142,16142,16142,Dangan,CLARE,50.3,30,0,366,2206,1840,255,1661.8,57.7,59,1510.5,1508,0,2.5
2020,"Glendree, Co.Clare, 16143",Glendree,Clare,16143,16143,16143,Glendree,CLARE,25.7,24,0,146,522,376,0,379.1,56.3,55,615.8,615.6,0,0.2
2020,"Kilkishen, Co.Clare, 16144",Kilkishen,Clare,16144,16144,16144,Kilkishen,CLARE,34.4,53,386,579,3229,2264,434,2346.4,59.8,61,1824.3,1804.6,0,19.7
2020,"Killanena, Co.Clare, 16145",Killanena,Clare,16145,16145,16145,Killanena,CLARE,28.4,51,0,463,1401,938,0,963.8,60.3,63,1447,1447,0,0
2020,"Killuran, Co.Clare, 16146",Killuran,Clare,16146,16146,16146,Killuran,CLARE,27.9,40,237,365,1665,1063,0,1203.6,56.2,56.5,1117.8,1115.5,0,2.3
2020,"Kiltannon, Co.Clare, 16147",Kiltannon,Clare,16147,16147,16147,Kiltannon,CLARE,29.5,33,0,410,1378,968,0,935.6,59.8,58,972.1,954.6,0,17.5
2020,"Kyle, Co.Clare, 16148",Kyle,Clare,16148,16148,16148,Kyle,CLARE,31.2,39,0,491,2073,1582,556,1503.3,52.7,52,1217.2,1202.9,0,14.3
2020,"Loughea, Co.Clare, 16149",Loughea,Clare,16149,16149,16149,Loughea,CLARE,35.5,19,0,217,712,495,0,489.7,55.5,55,675,673.9,0,1.1
2020,"Newgrove, Co.Clare, 16150",Newgrove,Clare,16150,16150,16150,Newgrove,CLARE,36.7,36,0,568,2220,1652,0,1493.8,58.2,59.5,1321.8,1321.8,0,0
2020,"Quin, Co.Clare, 16151",Quin,Clare,16151,16151,16151,Quin,CLARE,34,47,345,493,2926,2088,310,2192,59.7,59,1596.2,1592.6,0,3.6
2020,"Rathclooney, Co.Clare, 16152",Rathclooney,Clare,16152,16152,16152,Rathclooney,CLARE,28.5,24,0,383,1119,736,255,752.1,59.8,60,684.1,684.1,0,0
2020,"Rossroe, Co.Clare, 16153",Rossroe,Clare,16153,16153,16153,Rossroe,CLARE,40.8,33,230,373,2934,2331,0,2115.3,58.2,60,1345,1336.4,0,8.6
2020,"Toberbreeda, Co.Clare, 16154",Toberbreeda,Clare,16154,16154,16154,Toberbreeda,CLARE,29.5,28,0,427,1537,1110,0,1036.1,54.3,53,824.6,824.5,0,0.1
2020,"Tulla, Co.Clare, 16155",Tulla,Clare,16155,16155,16155,Tulla,CLARE,37.8,36,515,435,2664,1714,0,1908.6,57.6,58.5,1360.8,1354.3,0,6.5
2020,"Macroom Urban, Co.Cork, 18005",Macroom Urban,Cork,18005,18005,18005,Macroom Urban,CORK,34.1,16,0,0,1376,1376,0,1047.7,51,49,545.1,545.1,0,0
2020,"Skibbereen Urban, Co.Cork, 18009",Skibbereen Urban,Cork,18009,18009,18009,Skibbereen Urban,CORK,22.4,7,0,0,462,462,0,337.9,56,50,157,157,0,0
2020,"Ballinadee, Co.Cork, 18011",Ballinadee,Cork,18011,18011,18011,Ballinadee,CORK,30.7,47,906,116,3477,2455,0,2481.7,51.3,52,1443.6,1153.6,210,80
2020,"Ballygroman, Co.Cork, 18012",Ballygroman,Cork,18012,18012,18012,Ballygroman,CORK,57.9,28,2357,14,4269,1898,0,3389.9,57.1,56,1620.8,1412.2,111.6,97
2020,"Ballymodan, Co.Cork, 18013",Ballymodan,Cork,18013,18013,18013,Ballymodan,CORK,40.8,59,2634,171,6016,3211,0,4744.9,50.2,52,2409.3,2244,116.6,48.7
2020,"Ballymurphy, Co.Cork, 18014",Ballymurphy,Cork,18014,18014,18014,Ballymurphy,CORK,50.2,29,1640,104,3593,1849,0,2880.1,63.3,64,1456.5,1343.2,0,113.3
2020,"Baurleigh, Co.Cork, 18016",Baurleigh,Cork,18016,18016,18016,Baurleigh,CORK,33.8,35,1439,108,3049,1502,0,2368.7,51.6,50,1181.6,1068.2,77.8,35.6
2020,"Bengour, Co.Cork, 18017",Bengour,Cork,18017,18017,18017,Bengour,CORK,43.4,41,1024,165,4424,3235,0,3126.5,57.9,58,1778.3,1649.6,0,128.7
2020,"Boulteen, Co.Cork, 18018",Boulteen,Cork,18018,18018,18018,Boulteen,CORK,33.1,66,2507,328,6291,3456,0,4804.2,53.3,55,2182.1,2037.1,112.2,32.8
2020,"Brinny, Co.Cork, 18019",Brinny,Cork,18019,18019,18019,Brinny,CORK,39.8,40,1182,97,3271,1992,0,2448.8,53.8,54,1590.9,1419.5,96.1,75.3
2020,"Cashel, Co.Cork, 18020",Cashel,Cork,18020,18020,18020,Cashel,CORK,35.8,28,913,104,2879,1862,0,2136.7,53.4,54.5,1004.4,932.2,51,21.2
2020,"Inishannon, Co.Cork, 18021",Inishannon,Cork,18021,18021,18021,Inishannon,CORK,34.9,34,802,149,2171,1220,0,2311.4,49,46.5,1186.9,1074.2,97.3,15.4
2020,"Kilbonane, Co.Cork, 18022",Kilbonane,Cork,18022,18022,18022,Kilbonane,CORK,50.5,32,2245,88,3933,1600,0,3246.8,54.1,53.5,1617.3,1465.2,0,152.1
2020,"Kilbrittain, Co.Cork, 18023",Kilbrittain,Cork,18023,18023,18023,Kilbrittain,CORK,35.5,38,1098,123,3482,2261,0,2738.9,54.7,57,1349,1153.2,170.9,24.9
2020,"Kilbrogan, Co.Cork, 18024",Kilbrogan,Cork,18024,18024,18024,Kilbrogan,CORK,40.4,66,3028,109,5974,2837,0,4830.8,54.8,55.5,2668.6,2447.9,116.8,103.9
2020,"Knockavilly, Co.Cork, 18025",Knockavilly,Cork,18025,18025,18025,Knockavilly,CORK,40.6,27,1274,152,3218,1792,0,2591.9,57.7,56,1096.1,1065.2,0,30.9
2020,"Knockroe, Co.Cork, 18026",Knockroe,Cork,18026,18026,18026,Knockroe,CORK,38.1,48,1925,87,4463,2451,0,6280.1,51,50.5,1827,1517.2,194.3,115.5
2020,"Moviddy, Co.Cork, 18027",Moviddy,Cork,18027,18027,18027,Moviddy,CORK,37.9,59,2422,258,5310,2630,0,4260,57,57,2235.7,2135.5,0,100.2
2020,"Murragh, Co.Cork, 18028",Murragh,Cork,18028,18028,18028,Murragh,CORK,34,41,1489,71,4206,2646,0,3192.5,50.9,50,1394.3,1336.1,0,58.2
2020,"Rathclarin, Co.Cork, 18029",Rathclarin,Cork,18029,18029,18029,Rathclarin,CORK,31.3,45,2205,47,4311,2059,0,4533.8,52.5,53,1407.9,1342.5,0,65.4
2020,"Teadies, Co.Cork, 18030",Teadies,Cork,18030,18030,18030,Teadies,CORK,31.1,39,1177,78,2564,1309,0,2323.5,58.5,60,1238.5,1140.8,84.7,13
2020,"Templemartin, Co.Cork, 18031",Templemartin,Cork,18031,18031,18031,Templemartin,CORK,41.4,70,2538,404,7477,4535,0,6705.9,56.4,54.5,2901.5,2807.3,45.8,48.4
2020,"Ahil, Co.Cork, 18032",Ahil,Cork,18032,18032,18032,Ahil,CORK,42.8,65,0,369,1110,741,9507,1714.4,50.6,51,2785,2738.9,0,46.1
2020,"Bantry Rural / Whiddy, Co.Cork, 18033/18046",Bantry Rural / Whiddy,Cork,18033/18046,18033/18046,18033/18046,Bantry Rural / Whiddy,CORK,27.5,88,668,640,3387,2079,2596,2636,53.6,53.5,2420.6,2411.1,0,9.5
2020,"Bantry Urban, Co.Cork, 18034",Bantry Urban,Cork,18034,18034,18034,Bantry Urban,CORK,17.6,27,0,100,583,483,791,529.9,64.3,65,474.6,473.2,0,1.4
2020,"Douce, Co.Cork, 18035",Douce,Cork,18035,18035,18035,Douce,CORK,38.2,56,0,535,1480,945,3369,1332.3,56.2,57,2137.4,2136.7,0,0.7
2020,"Durrus East, Co.Cork, 18036",Durrus East,Cork,18036,18036,18036,Durrus East,CORK,34.1,35,0,379,1311,932,1897,1082,58.9,61,1192.6,1173.7,0,18.9
2020,"Durrus West, Co.Cork, 18037",Durrus West,Cork,18037,18037,18037,Durrus West,CORK,30.7,45,299,421,1778,1058,1943,1454.1,53.2,53,1380.4,1379.4,0,1
2020,"Glanlough, Co.Cork, 18038",Glanlough,Cork,18038,18038,18038,Glanlough,CORK,23,29,0,254,1154,900,403,747.4,52.2,53,666,665.6,0,0.4
2020,"Glengarriff, Co.Cork, 18039",Glengarriff,Cork,18039,18039,18039,Glengarriff,CORK,19.5,66,0,417,1175,758,5939,1345,55.6,57,1283.9,1274.1,0,9.8
2020,"Kealkill, Co.Cork, 18040",Kealkill,Cork,18040,18040,18040,Kealkill,CORK,35.1,62,571,387,2278,1320,4440,2075.8,52.8,50,2177.2,2168.7,0,8.5
2020,"Kilcaskan, Co.Cork, 18041",Kilcaskan,Cork,18041,18041,18041,Kilcaskan,CORK,44.1,71,0,377,2103,1726,5458,1996.5,54.8,58,3133.7,3132.7,0,1
2020,"Mealagh, Co.Cork, 18042",Mealagh,Cork,18042,18042,18042,Mealagh,CORK,30.3,61,539,426,2169,1204,2813,1802.9,56.5,57,1847.1,1818,0,29.1
2020,"Scart, Co.Cork, 18043",Scart,Cork,18043,18043,18043,Scart,CORK,29.4,51,672,296,1995,1027,2422,4602.8,53.9,55,1498.2,1494.4,0,3.8
2020,"Seefin, Co.Cork, 18044",Seefin,Cork,18044,18044,18044,Seefin,CORK,21.9,39,0,282,1074,792,1077,876.2,54.7,55,855.5,854.6,0,0.9
2020,"Sheepshead, Co.Cork, 18045",Sheepshead,Cork,18045,18045,18045,Sheepshead,CORK,34.1,34,0,213,906,693,1395,795.9,52.6,47,1158.9,1158.9,0,0
2020,"Adrigole, Co.Cork, 18047",Adrigole,Cork,18047,18047,18047,Adrigole,CORK,20.4,96,0,501,1228,727,7710,1618.4,57.3,58,1956.5,1954.8,0,1.7
2020,"Bear, Co.Cork, 18048",Bear,Cork,18048,18048,18048,Bear,CORK,17.8,47,0,282,615,333,2008,616.1,61.1,63,834.9,833,0,1.9
2020,"Coulagh, Co.Cork, 18049",Coulagh,Cork,18049,18049,18049,Coulagh,CORK,21.6,97,0,604,1513,909,6771,1695.5,55.2,56,2095.5,2077.5,0,18
2020,"Curryglass, Co.Cork, 18050",Curryglass,Cork,18050,18050,18050,Curryglass,CORK,17.9,63,0,265,614,349,6908,1078.2,62.5,63,1127.9,1126.7,0,1.2
2020,"Kilcatherine, Co.Cork, 18051",Kilcatherine,Cork,18051,18051,18051,Kilcatherine,CORK,25.4,112,0,601,1457,856,9403,1887,59.2,59,2848.2,2847,0,1.2
2020,"Killaconenagh, Co.Cork, 18052",Killaconenagh,Cork,18052,18052,18052,Killaconenagh,CORK,28.4,86,0,522,1332,810,6298,1509.6,53.5,52.5,2440.5,2424.9,0,15.6
2020,"Kilnamanagh, Co.Cork, 18053",Kilnamanagh,Cork,18053,18053,18053,Kilnamanagh,CORK,23,93,0,926,2133,1207,6258,1994.9,57.2,57,2139.8,2136.6,0,3.2
2020,"Abbeymahon, Co.Cork, 18054",Abbeymahon,Cork,18054,18054,18054,Abbeymahon,CORK,24.9,52,1245,277,3571,2049,0,3599.6,55.8,54,1296,1173.4,79.1,43.5
2020,"Ardfield, Co.Cork, 18055",Ardfield,Cork,18055,18055,18055,Ardfield,CORK,30.6,48,1218,177,3238,1843,0,3285.5,57.2,58,1474.2,1223.2,187.5,63.5
2020,"Argideen, Co.Cork, 18056",Argideen,Cork,18056,18056,18056,Argideen,CORK,40.4,34,1484,193,3765,2088,0,3123.9,50.7,52.5,1373.3,1232.7,94.5,46.1
2020,"Butlerstown, Co.Cork, 18057",Butlerstown,Cork,18057,18057,18057,Butlerstown,CORK,32,48,2076,146,4357,2135,0,3418.4,57.3,56,1533.9,1442.2,0,91.7
2020,"Cahermore, Co.Cork, 18058",Cahermore,Cork,18058,18058,18058,Cahermore,CORK,35.6,48,1809,284,4693,2600,0,3493.6,59.1,59,1710,1682.3,0,27.7
2020,"Castleventry, Co.Cork, 18059",Castleventry,Cork,18059,18059,18059,Castleventry,CORK,39.6,25,1254,182,3180,1744,0,2398.2,55.3,57,989.5,961.7,0,27.8
2020,"Clonakilty Rural, Co.Cork, 18060",Clonakilty Rural,Cork,18060,18060,18060,Clonakilty Rural,CORK,42.4,58,2848,193,6434,3393,0,5559.1,53.9,53,2460.1,2168.9,170.1,121.1
2020,"Coolcraheen, Co.Cork, 18061",Coolcraheen,Cork,18061,18061,18061,Coolcraheen,CORK,28.3,45,1588,106,3174,1480,0,3145.6,55.3,55,1273.3,1198.2,27.4,47.7
2020,"Courtmacsherry, Co.Cork, 18062",Courtmacsherry,Cork,18062,18062,18062,Courtmacsherry,CORK,29.5,25,901,143,2025,981,0,1610.1,55.8,58,738,702,0,36
2020,"Derry, Co.Cork, 18063",Derry,Cork,18063,18063,18063,Derry,CORK,29.3,42,1311,179,3290,1800,0,3541.6,56.3,57,1230.7,1208.9,0,21.8
2020,"Kilkerranmore, Co.Cork, 18064",Kilkerranmore,Cork,18064,18064,18064,Kilkerranmore,CORK,30.6,39,1449,229,3068,1390,0,2759.8,52.5,52,1196.3,1110.2,45,41.1
2020,"Kilmaloda East, Co.Cork, 18065",Kilmaloda East,Cork,18065,18065,18065,Kilmaloda East,CORK,34.6,37,1861,67,3873,1945,0,3026.6,57.2,56,1279.6,1249.6,0,30
2020,"Kilmaloda West, Co.Cork, 18066",Kilmaloda West,Cork,18066,18066,18066,Kilmaloda West,CORK,38.8,28,1191,87,3282,2004,0,2697.2,52.8,55,1086.1,1004.7,59.1,22.3
2020,"Kilmoylerane, Co.Cork, 18067",Kilmoylerane,Cork,18067,18067,18067,Kilmoylerane,CORK,40,24,1312,124,2889,1453,0,2195,51.2,48.5,959.3,912.3,0,47
2020,"Kilnagross, Co.Cork, 18068",Kilnagross,Cork,18068,18068,18068,Kilnagross,CORK,28.1,46,1035,254,3599,2310,0,3182.7,53.6,56,1303,1162.6,80.7,59.7
2020,"Knocks, Co.Cork, 18069",Knocks,Cork,18069,18069,18069,Knocks,CORK,42.7,32,1898,164,4016,1954,0,3137.4,50.8,49.5,1365.4,1325.8,0,39.6
2020,"Rathbarry, Co.Cork, 18070",Rathbarry,Cork,18070,18070,18070,Rathbarry,CORK,24.1,40,854,185,2494,1455,0,1911.7,59.2,58.5,964.1,895.7,35.2,33.2
2020,"Rosscarbery, Co.Cork, 18071",Rosscarbery,Cork,18071,18071,18071,Rosscarbery,CORK,23,25,0,128,1381,1253,0,1691.8,54.7,58,574.6,553.3,0,21.3
2020,"Rossmore, Co.Cork, 18072",Rossmore,Cork,18072,18072,18072,Rossmore,CORK,35.1,32,1367,88,3337,1882,0,2522.8,56.2,53.5,1122.1,1117.9,0,4.2
2020,"Templeomalus, Co.Cork, 18073",Templeomalus,Cork,18073,18073,18073,Templeomalus,CORK,32.1,40,2057,98,4214,2059,0,3622.2,57.9,60.5,1282.7,1082.8,146.1,53.8
2020,"Timoleague, Co.Cork, 18074",Timoleague,Cork,18074,18074,18074,Timoleague,CORK,48.5,32,1875,21,3858,1962,0,6663.8,53.7,50.5,1551.9,1393.2,74.2,84.5
2020,"Ballincollig, Co.Cork, 18075",Ballincollig,Cork,18075,18075,18075,Ballincollig,CORK,47.8,45,2441,98,5808,3269,0,4416.7,53,54,2172.4,2026.7,47.7,98
2020,"Ballygarvan, Co.Cork, 18076",Ballygarvan,Cork,18076,18076,18076,Ballygarvan,CORK,33.3,34,1482,42,3038,1514,0,2435.3,55,54,1136.6,1071.4,42,23.2
2020,"Ballynaglogh, Co.Cork, 18077",Ballynaglogh,Cork,18077,18077,18077,Ballynaglogh,CORK,62.5,25,2215,173,4863,2475,0,5946.2,49.8,50,1561.3,1527.7,0,33.6
2020,"Blackpool, Co.Cork, 18079",Blackpool,Cork,18079,18079,18079,Blackpool,CORK,33.3,64,2003,237,5551,3311,0,4268.6,53.7,53,2132.3,2076.3,0,56
2020,"Blarney, Co.Cork, 18080",Blarney,Cork,18080,18080,18080,Blarney,CORK,51,30,1348,339,3899,2212,0,3518.6,57.7,58,1529.4,1430,0,99.4
2020,"Caherlag, Co.Cork, 18081",Caherlag,Cork,18081,18081,18081,Caherlag,CORK,55.1,23,808,52,2828,1968,0,2067.1,54.4,55,1266.6,940.1,220.9,105.6
2020,"Carrigaline, Co.Cork, 18082",Carrigaline,Cork,18082,18082,18082,Carrigaline,CORK,52.9,23,1165,146,2861,1550,0,2208,51.3,47,1216.6,1006,138.1,72.5
2020,"Carrignavar, Co.Cork, 18083",Carrignavar,Cork,18083,18083,18083,Carrignavar,CORK,50.6,54,3448,201,8508,4859,0,6416.2,58,56.5,2733.6,2697.8,0,35.8
2020,"Carrigrohane Beg, Co.Cork, 18084",Carrigrohane Beg,Cork,18084,18084,18084,Carrigrohane Beg,CORK,62.6,28,1695,134,3165,1336,0,2573.6,52.7,51,1752.5,1581.3,132.1,39.1
2020,"Cobh Rural, Co.Cork, 18085",Cobh Rural,Cork,18085,18085,18085,Cobh Rural,CORK,38.4,35,613,198,2091,1280,0,1492.1,57.9,62,1344.8,881.3,380.8,82.7
2020,"Douglas, Co.Cork, 18086",Douglas,Cork,18086,18086,18086,Douglas,CORK,56.8,36,2214,118,4210,1878,0,3494.2,57.6,57,2044.4,1584,329.2,131.2
2020,"Dripsey, Co.Cork, 18087",Dripsey,Cork,18087,18087,18087,Dripsey,CORK,45.7,50,2975,160,6868,3733,0,5230.2,57.8,57.5,2285,2137.5,99.5,48
2020,"Dunderrow, Co.Cork, 18088",Dunderrow,Cork,18088,18088,18088,Dunderrow,CORK,45.2,35,790,238,3206,2178,0,2257,56.5,56,1581.7,1141.9,344.6,95.2
2020,"Firmount, Co.Cork, 18089",Firmount,Cork,18089,18089,18089,Firmount,CORK,46.7,39,2477,138,5425,2810,0,4139.7,55.5,54,1822.5,1821.5,0,1
2020,"Glenville, Co.Cork, 18090",Glenville,Cork,18090,18090,18090,Glenville,CORK,47.7,27,940,180,2848,1728,0,2074,53.2,54,1286.9,1093.5,0,193.4
2020,"Greenfort, Co.Cork, 18091",Greenfort,Cork,18091,18091,18091,Greenfort,CORK,50.9,43,2709,286,5985,2990,0,4702.9,57.8,55,2189.8,2045,128.7,16.1
2020,"Inishkenny, Co.Cork, 18092",Inishkenny,Cork,18092,18092,18092,Inishkenny,CORK,41.4,33,1880,80,3247,1287,0,2664.8,56,57,1367.3,1231,102.1,34.2
2020,"Killeagh, Co.Cork, 18093",Killeagh,Cork,18093,18093,18093,Killeagh,CORK,46.7,38,2113,236,5266,2917,0,4055.7,54.5,56.5,1776.3,1737.2,0,39.1
2020,"Knockantota, Co.Cork, 18094",Knockantota,Cork,18094,18094,18094,Knockantota,CORK,40.8,32,1397,198,3876,2281,0,2906.9,54.6,49.5,1306.2,1273.1,0,33.1
2020,"Knockraha, Co.Cork, 18095",Knockraha,Cork,18095,18095,18095,Knockraha,CORK,43.5,39,1231,256,4103,2616,0,3524.8,56.1,55,1694.8,1537,122.3,35.5
2020,"Lehenagh, Co.Cork, 18096",Lehenagh,Cork,18096,18096,18096,Lehenagh,CORK,70.6,12,1480,0,2938,1458,0,2299.5,46.6,49,847.1,790.1,38.1,18.9
2020,"Matehy, Co.Cork, 18097",Matehy,Cork,18097,18097,18097,Matehy,CORK,34.5,51,2216,134,4923,2573,0,3790.2,54.7,55,1757.7,1693.4,0,64.3
2020,"Monkstown Rural, Co.Cork, 18098",Monkstown Rural,Cork,18098,18098,18098,Monkstown Rural,CORK,53.2,10,0,0,716,716,0,558.6,54.2,57.5,531.9,491.5,0,40.4
2020,"Monkstown Urban, Co.Cork, 18099",Monkstown Urban,Cork,18099,18099,18099,Monkstown Urban,CORK,53.4,5,0,0,0,0,0,0,64.6,66,266.9,243.3,0,23.6
2020,"Ovens, Co.Cork, 18100",Ovens,Cork,18100,18100,18100,Ovens,CORK,33.6,17,537,0,1193,656,0,958.6,54.9,53,571.8,472.2,0,99.6
2020,"Rathcooney (Part Rural), Co.Cork, 18101",Rathcooney (Part Rural),Cork,18101,18101,18101,Rathcooney (Part Rural),CORK,65.9,38,2640,77,5437,2720,0,4983.6,53.7,53,2502.8,2040.2,0,462.6
2020,"Riverstown, Co.Cork, 18102",Riverstown,Cork,18102,18102,18102,Riverstown,CORK,44.8,37,1341,54,3099,1704,0,2399,55.3,57,1659.4,1437.2,103.7,118.5
2020,"St. Mary's (Part Rural), Co.Cork, 18103",St. Mary's (Part Rural),Cork,18103,18103,18103,St. Mary's (Part Rural),CORK,67.3,18,1223,205,2711,1283,0,2146.7,62.1,60.5,1210.6,1110.5,0,100.1
2020,"Whitechurch, Co.Cork, 18104",Whitechurch,Cork,18104,18104,18104,Whitechurch,CORK,47.5,50,2642,169,6611,3800,0,5111.5,55.3,55,2377.3,2241.5,95.7,40.1
2020,"Aultagh, Co.Cork, 18105",Aultagh,Cork,18105,18105,18105,Aultagh,CORK,36.4,51,1488,236,4110,2386,674,3116.2,51.9,52,1856.4,1850.2,0,6.2
2020,"Ballingurteen, Co.Cork, 18106",Ballingurteen,Cork,18106,18106,18106,Ballingurteen,CORK,30.8,57,1830,343,4780,2607,0,3625.8,53.1,53,1758.1,1719.9,0,38.2
2020,"Ballymoney, Co.Cork, 18107",Ballymoney,Cork,18107,18107,18107,Ballymoney,CORK,33.1,50,1583,201,3628,1844,0,3356.7,55.2,53,1654.3,1563.1,66.7,24.5
2020,"Béal Átha an Ghaorthaidh, Co.Cork, 18108",Béal Átha an Ghaorthaidh,Cork,18108,18108,18108,Béal Átha an Ghaorthaidh,CORK,69.8,44,0,301,1214,913,8642,1709.1,53.1,53.5,3071.2,3069.2,0,2
2020,"Bealock, Co.Cork, 18109",Bealock,Cork,18109,18109,18109,Bealock,CORK,35.3,38,245,293,1359,821,2592,1197.1,55.9,59,1339.9,1335.5,0,4.4
2020,"Carrigboy, Co.Cork, 18110",Carrigboy,Cork,18110,18110,18110,Carrigboy,CORK,30.9,64,1040,511,4281,2730,345,3049.3,54,52.5,1979.5,1960.8,0,18.7
2020,"Castletown, Co.Cork, 18111",Castletown,Cork,18111,18111,18111,Castletown,CORK,31,40,1285,262,3185,1638,0,2436.5,57,57,1239.8,1233.7,0,6.1
2020,"Coolmountain, Co.Cork, 18112",Coolmountain,Cork,18112,18112,18112,Coolmountain,CORK,32,59,609,482,2947,1856,1403,2243.9,53.2,52,1885.1,1876.2,0,8.9
2020,"Drinagh, Co.Cork, 18113",Drinagh,Cork,18113,18113,18113,Drinagh,CORK,39.7,34,1301,214,3354,1839,0,4997.5,52.9,53,1348.7,1269.4,0,79.3
2020,"Dunmanway North, Co.Cork, 18114",Dunmanway North,Cork,18114,18114,18114,Dunmanway North,CORK,25.8,39,526,198,1785,1061,0,2041.9,53.2,51,1008.1,1004.2,0,3.9
2020,"Dunmanway South, Co.Cork, 18115",Dunmanway South,Cork,18115,18115,18115,Dunmanway South,CORK,39.8,44,1380,553,4202,2269,0,3159.4,53.8,54,1751.3,1693.9,0,57.4
2020,"Garrown, Co.Cork, 18116",Garrown,Cork,18116,18116,18116,Garrown,CORK,49.8,46,343,241,1255,671,5717,1486.8,54.8,53,2289.4,2287.2,0,2.2
2020,"Kinneigh, Co.Cork, 18117",Kinneigh,Cork,18117,18117,18117,Kinneigh,CORK,37.3,54,1701,473,4830,2656,0,3676.3,55.5,55,2016.6,1960.4,0,56.2
2020,"Manch, Co.Cork, 18118",Manch,Cork,18118,18118,18118,Manch,CORK,37.6,61,2061,324,5708,3323,0,4310.9,52.6,52,2296.6,2045.2,175,76.4
2020,"Milane, Co.Cork, 18119",Milane,Cork,18119,18119,18119,Milane,CORK,43.1,32,1189,232,2776,1355,643,2240.5,53.7,53,1378.6,1372.2,0,6.4
2020,"Teerelton, Co.Cork, 18120",Teerelton,Cork,18120,18120,18120,Teerelton,CORK,37.6,69,1757,565,6159,3837,340,4617.3,55.9,56,2594.6,2543.1,0,51.5
2020,"Aghern, Co.Cork, 18121",Aghern,Cork,18121,18121,18121,Aghern,CORK,65.3,25,1450,103,3375,1822,0,2541.1,55.4,51,1631.8,1374.3,0,257.5
2020,"Ballyhooly, Co.Cork, 18122",Ballyhooly,Cork,18122,18122,18122,Ballyhooly,CORK,43.2,36,1656,42,4057,2359,0,3034.2,55.5,53,1554.6,1325.6,194.8,34.2
2020,"Ballynoe, Co.Cork, 18123",Ballynoe,Cork,18123,18123,18123,Ballynoe,CORK,48.7,58,2686,170,6988,4132,602,5440.2,55.9,54,2822.9,2573.4,212.3,37.2
2020,"Carrig, Co.Cork, 18124",Carrig,Cork,18124,18124,18124,Carrig,CORK,63.2,23,1791,290,4612,2531,0,5288.4,52.3,54,1452.7,1379.1,0,73.6
2020,"Castlecooke, Co.Cork, 18125",Castlecooke,Cork,18125,18125,18125,Castlecooke,CORK,36.5,31,997,132,3363,2234,0,2449.4,57.3,53,1130.3,1112.4,0,17.9
2020,"Castle Hyde, Co.Cork, 18126",Castle Hyde,Cork,18126,18126,18126,Castle Hyde,CORK,41.6,24,1112,67,2654,1475,0,2421.2,55.6,54.5,997.5,880.5,0,117
2020,"Castlelyons, Co.Cork, 18127",Castlelyons,Cork,18127,18127,18127,Castlelyons,CORK,39.7,40,784,181,3098,2133,0,2381.9,56.5,56,1588.6,1289.6,268.6,30.4
2020,"Castletownroche, Co.Cork, 18128",Castletownroche,Cork,18128,18128,18128,Castletownroche,CORK,42.2,42,788,123,2948,2037,0,4582.6,56,54,1799.2,1221.4,374.2,203.6
2020,"Coole, Co.Cork, 18129",Coole,Cork,18129,18129,18129,Coole,CORK,46.5,59,2161,193,5839,3485,375,4489.2,57.7,55,2741.4,2430.1,224.1,87.2
2020,"Curraglass, Co.Cork, 18130",Curraglass,Cork,18130,18130,18130,Curraglass,CORK,52.1,42,1988,85,4392,2319,893,5486.1,54.7,55,2187.4,1638.7,450.8,97.9
2020,"Fermoy Rural, Co.Cork, 18131",Fermoy Rural,Cork,18131,18131,18131,Fermoy Rural,CORK,40.8,36,699,201,3114,2214,0,2386.3,60.6,63,1470.6,1378.6,71.2,20.8
2020,"Glanworth East, Co.Cork, 18132",Glanworth East,Cork,18132,18132,18132,Glanworth East,CORK,46.2,41,1519,216,5004,3269,0,3571.4,53.7,53,1905.7,1686.8,145.5,73.4
2020,"Glanworth West, Co.Cork, 18133",Glanworth West,Cork,18133,18133,18133,Glanworth West,CORK,54.7,43,1579,101,4542,2862,0,4813.6,56.6,57,2352,1820,413.2,118.8
2020,"Gortnaskehy, Co.Cork, 18134",Gortnaskehy,Cork,18134,18134,18134,Gortnaskehy,CORK,27.3,52,865,277,3730,2588,288,2610.4,56,54.5,1421.9,1412.6,0,9.3
2020,"Gortroe, Co.Cork, 18135",Gortroe,Cork,18135,18135,18135,Gortroe,CORK,41.3,55,2067,245,5830,3518,491,4425.4,55.8,56,2270.9,2237.9,0,33
2020,"Kilcor, Co.Cork, 18136",Kilcor,Cork,18136,18136,18136,Kilcor,CORK,61,43,2287,352,5954,3315,290,4541.5,53.4,55,2623.7,2443.7,138.6,41.4
2020,"Kilcummer, Co.Cork, 18137",Kilcummer,Cork,18137,18137,18137,Kilcummer,CORK,41.6,26,840,120,2533,1573,0,1756.6,56.2,54.5,1080.5,765.9,271.8,42.8
2020,"Kildinan, Co.Cork, 18138",Kildinan,Cork,18138,18138,18138,Kildinan,CORK,37.8,68,2470,352,7482,4660,0,5381.3,49.6,49,2573.4,2555,0,18.4
2020,"Killathy, Co.Cork, 18139",Killathy,Cork,18139,18139,18139,Killathy,CORK,51.1,35,2003,75,4427,2349,0,3402.2,54.2,56,1790.1,1482.1,267.4,40.6
2020,"Kilworth, Co.Cork, 18140",Kilworth,Cork,18140,18140,18140,Kilworth,CORK,40.5,55,1895,153,4699,2651,1746,5796.6,55.8,55,2225.4,2170.7,0,54.7
2020,"Knockmourne, Co.Cork, 18141",Knockmourne,Cork,18141,18141,18141,Knockmourne,CORK,38.3,70,2136,389,6244,3719,0,4612.3,54.1,55.5,2680.3,2358.1,275.9,46.3
2020,"Leitrim, Co.Cork, 18142",Leitrim,Cork,18142,18142,18142,Leitrim,CORK,47.8,33,1671,109,4598,2818,0,3439.4,52.1,55,1577.3,1550.1,0,27.2
2020,"Rathcormack, Co.Cork, 18143",Rathcormack,Cork,18143,18143,18143,Rathcormack,CORK,45.9,62,2379,197,6782,4206,422,5116.8,54.3,55,2843,2653.8,147.5,41.7
2020,"Watergrasshill, Co.Cork, 18144",Watergrasshill,Cork,18144,18144,18144,Watergrasshill,CORK,53.8,57,1991,297,7434,5146,0,5212.8,52.8,51,3066.7,2461.3,545.4,60
2020,"Allow, Co.Cork, 18145",Allow,Cork,18145,18145,18145,Allow,CORK,36.5,57,1745,187,4951,3019,0,3730.2,58.7,59,2078.5,2073.4,0,5.1
2020,"Ballyhoolahan, Co.Cork, 18146",Ballyhoolahan,Cork,18146,18146,18146,Ballyhoolahan,CORK,50.1,34,1636,250,4207,2321,0,3153.8,53.6,53.5,1703.9,1697.2,0,6.7
2020,"Banteer, Co.Cork, 18147",Banteer,Cork,18147,18147,18147,Banteer,CORK,28.7,59,1003,404,4082,2675,792,2917.5,58.3,60,1693.2,1644.9,0,48.3
2020,"Barleyhill, Co.Cork, 18148",Barleyhill,Cork,18148,18148,18148,Barleyhill,CORK,42.3,70,2127,359,6009,3523,707,4512.9,57.6,57,2957.9,2937.8,0,20.1
2020,"Barnacurra, Co.Cork, 18149",Barnacurra,Cork,18149,18149,18149,Barnacurra,CORK,30.7,29,414,249,1626,963,0,1174.4,55.7,57,890.2,883.6,0,6.6
2020,"Bawncross, Co.Cork, 18150",Bawncross,Cork,18150,18150,18150,Bawncross,CORK,44,50,1821,221,5151,3109,0,3822.9,54.8,54.5,2197.9,2148.6,0,49.3
2020,"Boherboy, Co.Cork, 18151",Boherboy,Cork,18151,18151,18151,Boherboy,CORK,36.6,51,1439,283,3941,2219,0,2986.4,56.1,58,1867.3,1800.6,0,66.7
2020,"Castlecor, Co.Cork, 18152",Castlecor,Cork,18152,18152,18152,Castlecor,CORK,43.2,33,1304,74,2834,1456,0,2166.8,58.2,57,1425.4,1120.9,247.4,57.1
2020,"Castlemagner, Co.Cork, 18153",Castlemagner,Cork,18153,18153,18153,Castlemagner,CORK,35.8,36,590,118,1847,1139,0,2175.7,61.2,62.5,1287.2,986,247.4,53.8
2020,"Clonfert East, Co.Cork, 18154",Clonfert East,Cork,18154,18154,18154,Clonfert East,CORK,30.1,47,366,270,1632,996,0,1172.2,55.2,53,1412.9,1406.5,0,6.4
2020,"Clonfert West, Co.Cork, 18155",Clonfert West,Cork,18155,18155,18155,Clonfert West,CORK,39.7,31,223,331,1409,855,0,1002.5,59.9,60,1229.6,1229.6,0,0
2020,"Clonmeen, Co.Cork, 18156",Clonmeen,Cork,18156,18156,18156,Clonmeen,CORK,38.8,22,721,196,1983,1066,0,1521.7,59,61,852.5,795,0,57.5
2020,"Coolclogh, Co.Cork, 18157",Coolclogh,Cork,18157,18157,18157,Coolclogh,CORK,38.2,46,1761,106,4098,2231,0,3305,57.2,58,1756.4,1716.9,0,39.5
2020,"Dromina, Co.Cork, 18158",Dromina,Cork,18158,18158,18158,Dromina,CORK,37.2,44,1325,259,3630,2046,0,2742,57.4,55,1634.7,1590.4,0,44.3
2020,"Glenlara, Co.Cork, 18159",Glenlara,Cork,18159,18159,18159,Glenlara,CORK,29.4,66,959,358,3624,2307,0,2798.6,56.7,57.5,1943.2,1934.2,0,9
2020,"Gortmore, Co.Cork, 18160",Gortmore,Cork,18160,18160,18160,Gortmore,CORK,32.4,10,392,38,792,362,0,627.2,50.7,49.5,324,323.9,0,0.1
2020,"Greenane, Co.Cork, 18161",Greenane,Cork,18161,18161,18161,Greenane,CORK,45.7,31,585,363,2562,1614,0,2001,53.5,54,1431.2,1213.3,0,217.9
2020,"Kanturk, Co.Cork, 18162",Kanturk,Cork,18162,18162,18162,Kanturk,CORK,35.3,45,1044,46,2597,1507,0,2017.8,55.3,57,1586.6,1418.8,163.4,4.4
2020,"Kilbrin, Co.Cork, 18163",Kilbrin,Cork,18163,18163,18163,Kilbrin,CORK,40.8,34,1242,154,3158,1762,0,2439.4,53.5,55.5,1388.8,1358.5,0,30.3
2020,"Kilmeen, Co.Cork, 18164",Kilmeen,Cork,18164,18164,18164,Kilmeen,CORK,33.5,45,740,303,2107,1064,0,1683.2,55,55,1508.8,1504.9,0,3.9
2020,"Knockatooan, Co.Cork, 18165",Knockatooan,Cork,18165,18165,18165,Knockatooan,CORK,33.1,45,542,207,1867,1118,0,1498.2,55.5,56,1489.2,1482.6,0,6.6
2020,"Knocktemple, Co.Cork, 18166",Knocktemple,Cork,18166,18166,18166,Knocktemple,CORK,43.1,44,2074,74,4014,1866,0,3232.2,57.6,56.5,1894.7,1859.9,0,34.8
2020,"Meens, Co.Cork, 18167",Meens,Cork,18167,18167,18167,Meens,CORK,34.1,59,1628,416,3911,1867,0,2946.8,53.9,54,2011.3,2011.3,0,0
2020,"Milford, Co.Cork, 18168",Milford,Cork,18168,18168,18168,Milford,CORK,38.8,50,1533,346,4831,2952,280,3711.2,54.7,56.5,1941.6,1820.3,0,121.3
2020,"Nad, Co.Cork, 18169",Nad,Cork,18169,18169,18169,Nad,CORK,59.1,15,0,150,1107,957,383,773.9,59.5,60,887.2,887.2,0,0
2020,"Newmarket, Co.Cork, 18170",Newmarket,Cork,18170,18170,18170,Newmarket,CORK,39.6,66,1872,469,6909,4568,0,4792.1,55.6,55.5,2615.5,2571.2,0,44.3
2020,"Newtown, Co.Cork, 18171",Newtown,Cork,18171,18171,18171,Newtown,CORK,32.8,56,1547,165,4574,2862,0,3314,53.5,55,1834.5,1827.7,0,6.8
2020,"Roskeen, Co.Cork, 18172",Roskeen,Cork,18172,18172,18172,Roskeen,CORK,44.1,41,1272,244,3351,1835,0,2642,55.3,54,1807.3,1634.7,168.2,4.4
2020,"Rosnalee, Co.Cork, 18173",Rosnalee,Cork,18173,18173,18173,Rosnalee,CORK,37.6,30,542,231,2445,1672,794,1892.3,58,58.5,1127.3,1083.4,0,43.9
2020,"Rowls, Co.Cork, 18174",Rowls,Cork,18174,18174,18174,Rowls,CORK,35.3,30,554,199,1773,1020,0,1287.7,55.1,52,1057.6,1057.6,0,0
2020,"Tincoora, Co.Cork, 18175",Tincoora,Cork,18175,18175,18175,Tincoora,CORK,35.8,37,412,403,2735,1920,0,1897.4,51.9,50,1323.9,1305.6,0,18.3
2020,"Tullylease, Co.Cork, 18176",Tullylease,Cork,18176,18176,18176,Tullylease,CORK,33.5,54,1750,274,4718,2694,0,3612.9,55.4,55.5,1809.5,1806,0,3.5
2020,"Williamstown, Co.Cork, 18177",Williamstown,Cork,18177,18177,18177,Williamstown,CORK,28,35,288,177,1071,606,0,825.5,60,59,980.1,973.6,0,6.5
2020,"Ballinspittle, Co.Cork, 18178",Ballinspittle,Cork,18178,18178,18178,Ballinspittle,CORK,33.5,34,514,155,2312,1643,0,1617.8,55.4,54.5,1137.3,808.4,244,84.9
2020,"Ballyfeard, Co.Cork, 18179",Ballyfeard,Cork,18179,18179,18179,Ballyfeard,CORK,40.4,34,961,149,2895,1785,0,2151.8,58.2,55,1373.2,983.4,310.6,79.2
2020,"Ballyfoyle, Co.Cork, 18180",Ballyfoyle,Cork,18180,18180,18180,Ballyfoyle,CORK,39.6,24,0,164,2175,2011,0,1537,53.3,51,949.7,711.5,188,50.2
2020,"Ballymackean, Co.Cork, 18181",Ballymackean,Cork,18181,18181,18181,Ballymackean,CORK,34.7,26,916,0,1996,1080,0,1591.3,49.7,47,903.1,696.7,175.2,31.2
2020,"Ballymartle, Co.Cork, 18182",Ballymartle,Cork,18182,18182,18182,Ballymartle,CORK,36.7,47,1498,239,3906,2169,0,2922.5,55.2,54,1727,1379.2,282.4,65.4
2020,"Carrigaline, Co.Cork, 18183",Carrigaline,Cork,18183,18183,18183,Carrigaline,CORK,50.5,29,1117,207,3402,2078,0,2438.6,50.7,47,1464.5,1104.4,233.4,126.7
2020,"Coolmain, Co.Cork, 18184",Coolmain,Cork,18184,18184,18184,Coolmain,CORK,37.1,42,1290,35,2568,1243,0,2113.8,54.1,53,1559,1016.3,464.9,77.8
2020,"Cullen, Co.Cork, 18185",Cullen,Cork,18185,18185,18185,Cullen,CORK,40.8,20,604,0,1896,1292,0,1335.5,61.8,58,816.3,679.8,133.6,2.9
2020,"Farranbrien, Co.Cork, 18186",Farranbrien,Cork,18186,18186,18186,Farranbrien,CORK,52.1,24,705,72,1918,1141,0,1444.8,55.9,54.5,1250.1,735.6,467.5,47
2020,"Kilmonoge, Co.Cork, 18187",Kilmonoge,Cork,18187,18187,18187,Kilmonoge,CORK,45.5,24,1061,82,2105,962,0,1684.7,52.8,52.5,1091.8,748.4,314.5,28.9
2020,"Kilpatrick, Co.Cork, 18188",Kilpatrick,Cork,18188,18188,18188,Kilpatrick,CORK,52.7,21,1063,0,1898,835,0,1836.9,54.5,58,1120.3,897.9,150.1,72.3
2020,"Kinsale Rural, Co.Cork, 18189",Kinsale Rural,Cork,18189,18189,18189,Kinsale Rural,CORK,52.8,82,2725,166,6397,3506,0,4944,54.8,51,4329.4,2565.3,1504.5,259.6
2020,"Kinure, Co.Cork, 18190",Kinure,Cork,18190,18190,18190,Kinure,CORK,55.3,14,0,63,834,771,0,633.5,55.7,56.5,774.1,347.3,383,43.8
2020,"Laherne, Co.Cork, 18191",Laherne,Cork,18191,18191,18191,Laherne,CORK,40.5,22,1053,53,2401,1295,0,2027,52.6,58,891.2,708.8,139.6,42.8
2020,"Leighmoney, Co.Cork, 18192",Leighmoney,Cork,18192,18192,18192,Leighmoney,CORK,47.3,38,1353,338,4154,2463,0,3112.4,50.2,50.5,1797.9,1387.6,371.3,39
2020,"Liscleary, Co.Cork, 18193",Liscleary,Cork,18193,18193,18193,Liscleary,CORK,39.7,44,1491,97,3938,2350,0,3049.3,56,57,1745.5,1583.5,78.7,83.3
2020,"Nohaval, Co.Cork, 18194",Nohaval,Cork,18194,18194,18194,Nohaval,CORK,56.6,15,499,92,1796,1205,0,1297.9,52.7,56,849.7,685.4,147.4,16.9
2020,"Templebreedy, Co.Cork, 18195",Templebreedy,Cork,18195,18195,18195,Templebreedy,CORK,55.3,15,0,178,1025,847,0,794.5,59,61,848.9,588,158.8,102.1
2020,"Templemichael, Co.Cork, 18196",Templemichael,Cork,18196,18196,18196,Templemichael,CORK,46.3,47,2388,166,6108,3554,0,5101.5,51.4,52,2177,2085,0,92
2020,"Aghinagh, Co.Cork, 18197",Aghinagh,Cork,18197,18197,18197,Aghinagh,CORK,42.9,34,701,204,2598,1693,770,2356.5,53.7,54,1458.3,1420.3,20.2,17.8
2020,"Aglish, Co.Cork, 18198",Aglish,Cork,18198,18198,18198,Aglish,CORK,43.9,57,2664,154,6507,3689,0,4900.8,57.3,56,2503.6,2130.7,246.1,126.8
2020,"Béal Átha an Ghaorthaidh (Bealanageary), Co.Cork, 18199",Béal Átha an Ghaorthaidh (Bealanageary),Cork,18199,18199,18199,Béal Átha an Ghaorthaidh (Bealanageary),CORK,49.1,43,0,268,928,660,5348,1165.7,58.6,58,2112,2105.7,0,6.3
2020,"Ceann Droma, Co.Cork, 18200",Ceann Droma,Cork,18200,18200,18200,Ceann Droma,CORK,26.5,31,483,161,1491,847,0,1098.4,53.4,51,822.4,817.9,0,4.5
2020,"Cannaway, Co.Cork, 18201",Cannaway,Cork,18201,18201,18201,Cannaway,CORK,41.6,43,1680,308,4264,2276,0,3365.8,56,56,1788.3,1681.7,66.8,39.8
2020,"Claonráth, Co.Cork, 18202",Claonráth,Cork,18202,18202,18202,Claonráth,CORK,41.2,41,0,416,1376,960,2267,1113.2,50.5,47,1688.9,1683.6,0,5.3
2020,"Clondrohid, Co.Cork, 18203",Clondrohid,Cork,18203,18203,18203,Clondrohid,CORK,33.2,96,888,791,5404,3725,3476,4088.1,55,53,3184,3176.9,0,7.1
2020,"Clonmoyle, Co.Cork, 18204",Clonmoyle,Cork,18204,18204,18204,Clonmoyle,CORK,37.8,32,1080,158,3534,2296,0,2572,54.5,57,1209.2,1191.2,0,18
2020,"Doire Fhínín, Co.Cork, 18205",Doire Fhínín,Cork,18205,18205,18205,Doire Fhínín,CORK,29.6,36,272,263,1298,763,1200,1048,53.3,52.5,1064.5,1048,0,16.5
2020,"Gort na Tiobratan, Co.Cork, 18206",Gort na Tiobratan,Cork,18206,18206,18206,Gort na Tiobratan,CORK,47,62,0,367,1479,1112,6812,1692.2,51.5,49,2914.8,2905.6,0,9.2
2020,"Gowlane, Co.Cork, 18207",Gowlane,Cork,18207,18207,18207,Gowlane,CORK,45,67,3601,178,8457,4678,0,6505.9,56.4,57,3018.3,2996,0,22.3
2020,"Greenville, Co.Cork, 18208",Greenville,Cork,18208,18208,18208,Greenville,CORK,46.2,33,1234,193,3851,2424,0,2944.1,57.5,59,1523.2,1484.7,0,38.5
2020,"Inchigeelagh, Co.Cork, 18209",Inchigeelagh,Cork,18209,18209,18209,Inchigeelagh,CORK,32.2,55,515,389,2720,1816,2516,2146.8,51.7,54,1771.8,1752,0,19.8
2020,"Kilberrihert, Co.Cork, 18210",Kilberrihert,Cork,18210,18210,18210,Kilberrihert,CORK,51.3,76,2418,614,7160,4128,3573,5902.1,56.1,54.5,3902.5,3864,0,38.5
2020,"Kilcullen, Co.Cork, 18211",Kilcullen,Cork,18211,18211,18211,Kilcullen,CORK,37.7,69,2688,359,6904,3857,318,5211.4,55.8,56,2600.3,2563.7,0,36.6
2020,"Cill na Martra, Co.Cork, 18212",Cill na Martra,Cork,18212,18212,18212,Cill na Martra,CORK,37.9,62,1789,496,5160,2875,471,3878.2,53.6,56,2350.4,2266.7,0,83.7
2020,"Macloneigh, Co.Cork, 18213",Macloneigh,Cork,18213,18213,18213,Macloneigh,CORK,38.6,54,1066,334,4197,2797,938,3103,53.1,55,2085.5,1903.9,114,67.6
2020,"Magourney, Co.Cork, 18214",Magourney,Cork,18214,18214,18214,Magourney,CORK,36.4,31,1170,102,2898,1626,0,3123.5,52.8,55,1128.8,980.2,0,148.6
2020,"Mashanaglass, Co.Cork, 18215",Mashanaglass,Cork,18215,18215,18215,Mashanaglass,CORK,37.7,26,811,114,2228,1303,276,1675.4,48.5,46,979.7,957,0,22.7
2020,"Mountrivers, Co.Cork, 18216",Mountrivers,Cork,18216,18216,18216,Mountrivers,CORK,41.4,53,1325,196,4628,3107,990,3500.1,57,56,2196.4,2094.7,69.5,32.2
2020,"Rahalisk, Co.Cork, 18217",Rahalisk,Cork,18217,18217,18217,Rahalisk,CORK,38.3,69,1039,538,4524,2947,3814,3656.2,57.6,56,2644,2632,0,12
2020,"An Sliabh Riabhach, Co.Cork, 18218",An Sliabh Riabhach,Cork,18218,18218,18218,An Sliabh Riabhach,CORK,53.1,54,433,459,2665,1773,5310,2326,58.2,58,2866,2864.3,0,1.7
2020,"Na hUláin, Co.Cork, 18219",Na hUláin,Cork,18219,18219,18219,Na hUláin,CORK,38.6,57,1040,339,3797,2418,1749,2976.5,55,55,2198.7,2191.8,0,6.9
2020,"Warrenscourt, Co.Cork, 18220",Warrenscourt,Cork,18220,18220,18220,Warrenscourt,CORK,48.6,53,3065,222,7617,4330,0,5860.6,57.4,58,2577.6,2485.8,44,47.8
2020,"Ardskeagh, Co.Cork, 18221",Ardskeagh,Cork,18221,18221,18221,Ardskeagh,CORK,42.2,39,882,232,3946,2832,0,2966.2,58.4,56,1645.2,1622.5,0,22.7
2020,"Ballyclogh, Co.Cork, 18222",Ballyclogh,Cork,18222,18222,18222,Ballyclogh,CORK,40.7,44,1227,139,3235,1869,0,2454.3,58.4,56.5,1789.8,1512.1,229.6,48.1
2020,"Ballynamona, Co.Cork, 18223",Ballynamona,Cork,18223,18223,18223,Ballynamona,CORK,39.8,88,3202,454,8810,5154,759,6689.6,56.4,54,3506.2,3202.3,236.2,67.7
2020,"Buttevant, Co.Cork, 18224",Buttevant,Cork,18224,18224,18224,Buttevant,CORK,44.9,58,1841,264,5387,3282,276,3920,55.4,54,2603.2,1963.6,587.4,52.2
2020,"Caherduggan, Co.Cork, 18225",Caherduggan,Cork,18225,18225,18225,Caherduggan,CORK,35.8,31,839,248,2679,1592,0,1987.9,61.1,62,1110,936.3,155.5,18.2
2020,"Carrig, Co.Cork, 18226",Carrig,Cork,18226,18226,18226,Carrig,CORK,67.4,18,0,43,1454,1411,0,1116.7,55.7,52,1212.9,616.4,575.5,21
2020,"Churchtown, Co.Cork, 18227",Churchtown,Cork,18227,18227,18227,Churchtown,CORK,46.3,76,2684,454,7196,4058,155,5409.2,57.1,57,3517.9,3110.5,330.9,76.5
2020,"Clenor, Co.Cork, 18228",Clenor,Cork,18228,18228,18228,Clenor,CORK,53.9,31,1096,80,2280,1104,0,1864.5,56.5,59,1670.1,958.7,640,71.4
2020,"Doneraile, Co.Cork, 18229",Doneraile,Cork,18229,18229,18229,Doneraile,CORK,33.2,52,1009,173,3090,1908,261,2273.6,60.2,58.5,1723.9,1330.4,373.9,19.6
2020,"Dromore, Co.Cork, 18230",Dromore,Cork,18230,18230,18230,Dromore,CORK,39,93,2885,413,8389,5091,0,7037.6,57.7,58,3627.7,3335.3,234.4,58
2020,"Imphrick, Co.Cork, 18231",Imphrick,Cork,18231,18231,18231,Imphrick,CORK,56.1,36,1670,232,4625,2723,0,3501.1,56.4,57,2018.1,1984.2,0,33.9
2020,"Kilmaclenine, Co.Cork, 18232",Kilmaclenine,Cork,18232,18232,18232,Kilmaclenine,CORK,47,46,1989,227,4936,2720,0,3743.2,54.3,55.5,2159.9,1774.8,292,93.1
2020,"Kilshannig, Co.Cork, 18233",Kilshannig,Cork,18233,18233,18233,Kilshannig,CORK,41.7,84,1688,317,6645,4640,897,5447.7,56.1,56,3500.4,3198.3,205.2,96.9
2020,"Liscarroll, Co.Cork, 18234",Liscarroll,Cork,18234,18234,18234,Liscarroll,CORK,38.7,43,924,207,3944,2813,0,2876.1,55.3,58,1664.3,1498.1,152.4,13.8
2020,"Mallow Rural, Co.Cork, 18235",Mallow Rural,Cork,18235,18235,18235,Mallow Rural,CORK,39.9,51,2008,262,4205,1935,0,3256.7,59.3,60,2032.4,1739.7,229.9,62.8
2020,"Milltown, Co.Cork, 18236",Milltown,Cork,18236,18236,18236,Milltown,CORK,47.8,35,1814,168,4787,2805,0,3590.2,60,59,1672.3,1672.3,0,0
2020,"Monanimy, Co.Cork, 18237",Monanimy,Cork,18237,18237,18237,Monanimy,CORK,49.8,39,1170,228,3406,2008,0,2523.7,56.4,53,1941.8,1338.5,452.7,150.6
2020,"Rahan, Co.Cork, 18238",Rahan,Cork,18238,18238,18238,Rahan,CORK,38.3,72,2831,201,6214,3182,290,5290.6,57.9,59,2756.9,2612.8,0,144.1
2020,"Rathluirc, Co.Cork, 18239",Rathluirc,Cork,18239,18239,18239,Rathluirc,CORK,48.1,30,2065,85,4372,2222,0,3472.8,54.6,53.5,1442.5,1440.1,0,2.4
2020,"Shanballymore, Co.Cork, 18240",Shanballymore,Cork,18240,18240,18240,Shanballymore,CORK,38,48,964,157,3192,2071,0,2252.1,58.7,58,1825.4,1176.3,577.9,71.2
2020,"Skahanagh, Co.Cork, 18241",Skahanagh,Cork,18241,18241,18241,Skahanagh,CORK,33.2,25,440,215,2447,1792,0,1698,57.3,56,829.6,827,0,2.6
2020,"Springfort, Co.Cork, 18242",Springfort,Cork,18242,18242,18242,Springfort,CORK,53.4,29,1969,99,4649,2581,0,3568.6,57.4,58,1548.6,1548.6,0,0
2020,"Streamhill, Co.Cork, 18243",Streamhill,Cork,18243,18243,18243,Streamhill,CORK,40.1,12,322,0,1105,783,0,791.7,58.8,60.5,481,423,0,58
2020,"Templemary, Co.Cork, 18244",Templemary,Cork,18244,18244,18244,Templemary,CORK,49.3,34,1369,132,3941,2440,0,2913.7,56.4,59,1676.5,1596.2,0,80.3
2020,"Wallstown, Co.Cork, 18245",Wallstown,Cork,18245,18245,18245,Wallstown,CORK,51.4,34,616,278,3388,2494,0,2378.9,54.9,55,1746,1284.5,406.6,54.9
2020,"Ballintemple, Co.Cork, 18246",Ballintemple,Cork,18246,18246,18246,Ballintemple,CORK,45.6,29,479,142,2099,1478,0,1489.3,57.2,58,1322.4,824.5,409.1,88.8
2020,"Ballycottin, Co.Cork, 18247",Ballycottin,Cork,18247,18247,18247,Ballycottin,CORK,30.9,42,517,23,1481,941,0,1181,61.6,60.5,1306.7,773.3,383.8,149.6
2020,"Ballyspillane, Co.Cork, 18248",Ballyspillane,Cork,18248,18248,18248,Ballyspillane,CORK,50.7,23,653,163,3327,2511,0,2241.9,53.3,52,1166.3,986,143.7,36.6
2020,"Carrigtohill, Co.Cork, 18249",Carrigtohill,Cork,18249,18249,18249,Carrigtohill,CORK,48.8,74,1785,344,6980,4851,475,8204.1,56.1,56.5,3609.2,2409.4,930.2,269.6
2020,"Castlemartyr, Co.Cork, 18250",Castlemartyr,Cork,18250,18250,18250,Castlemartyr,CORK,71.2,39,808,200,2874,1866,1762,2961.7,62.6,65,2778.7,1633.2,938.8,206.7
2020,"Clonmult, Co.Cork, 18251",Clonmult,Cork,18251,18251,18251,Clonmult,CORK,41.1,32,1129,63,3285,2093,0,2377.1,58.8,58.5,1316.7,1219.6,0,97.1
2020,"Cloyne, Co.Cork, 18252",Cloyne,Cork,18252,18252,18252,Cloyne,CORK,56.7,49,1477,149,3798,2172,1855,3163.8,56.1,59,2780.6,1506.2,1036.6,237.8
2020,"Corkbeg, Co.Cork, 18253",Corkbeg,Cork,18253,18253,18253,Corkbeg,CORK,47.3,24,0,0,747,747,0,666.2,58.3,57.5,1138.9,442,534.6,162.3
2020,"Dangan, Co.Cork, 18254",Dangan,Cork,18254,18254,18254,Dangan,CORK,36.8,22,316,24,1594,1254,0,1173.2,57.7,59,809.7,725,0,84.7
2020,"Dungourney, Co.Cork, 18255",Dungourney,Cork,18255,18255,18255,Dungourney,CORK,43.1,47,1406,131,4011,2474,0,3008.1,54.6,56,2026.1,1572.2,354.5,99.4
2020,"Garryvoe, Co.Cork, 18256",Garryvoe,Cork,18256,18256,18256,Garryvoe,CORK,41,31,1065,27,2306,1214,0,1796.2,55.5,57,1272.3,837.4,337.2,97.7
2020,"Ightermurragh, Co.Cork, 18257",Ightermurragh,Cork,18257,18257,18257,Ightermurragh,CORK,46,48,1666,82,4380,2632,708,3362.9,55.8,58,2210.8,1629.2,450.1,131.5
2020,"Inch, Co.Cork, 18258",Inch,Cork,18258,18258,18258,Inch,CORK,42.1,43,768,0,2377,1609,1404,1931.9,54.4,53,1847,813.3,808.1,225.6
2020,"Lisgoold, Co.Cork, 18259",Lisgoold,Cork,18259,18259,18259,Lisgoold,CORK,39.4,58,1610,234,5134,3290,853,5276.7,56.4,56.5,2339.1,1995,205.8,138.3
2020,"Midleton Rural, Co.Cork, 18260",Midleton Rural,Cork,18260,18260,18260,Midleton Rural,CORK,36.5,63,454,287,3942,3201,994,4893.2,58,59,2301,1590.2,534,176.8
2020,"Mogeely, Co.Cork, 18261",Mogeely,Cork,18261,18261,18261,Mogeely,CORK,67.8,22,570,119,2766,2077,0,1886.8,54.2,53.5,1492.5,908.5,509.3,74.7
2020,"Rostellan, Co.Cork, 18262",Rostellan,Cork,18262,18262,18262,Rostellan,CORK,49.5,27,701,151,2691,1839,0,1896.9,62.3,61,1347.4,861.3,374.6,111.5
2020,"Templebodan, Co.Cork, 18263",Templebodan,Cork,18263,18263,18263,Templebodan,CORK,35.5,35,834,58,2943,2051,607,2267.7,55.5,54,1242.6,1228.5,0,14.1
2020,"Templenacarriga, Co.Cork, 18264",Templenacarriga,Cork,18264,18264,18264,Templenacarriga,CORK,43.8,43,984,163,3456,2309,0,2674.4,55.6,56,1884.7,1598.5,146.4,139.8
2020,"Caherbarnagh, Co.Cork, 18265",Caherbarnagh,Cork,18265,18265,18265,Caherbarnagh,CORK,53.5,67,1992,357,5246,2897,5387,4389,55.9,56,3582,3577.9,0,4.1
2020,"Coomlogane, Co.Cork, 18266",Coomlogane,Cork,18266,18266,18266,Coomlogane,CORK,35.3,72,990,415,4046,2641,5605,3448.5,57.4,57,2544,2541.1,0,2.9
2020,"Crinnaloo, Co.Cork, 18267",Crinnaloo,Cork,18267,18267,18267,Crinnaloo,CORK,40.3,26,656,155,2141,1330,0,1617,54.4,51.5,1046.9,1040.9,0,6
2020,"Cullen, Co.Cork, 18268",Cullen,Cork,18268,18268,18268,Cullen,CORK,27.9,40,741,219,2162,1202,0,1582.3,58.1,59,1117.5,1117.5,0,0
2020,"Derragh, Co.Cork, 18269",Derragh,Cork,18269,18269,18269,Derragh,CORK,42.6,23,961,211,2297,1125,0,1753.9,55.9,57,980.6,970.4,0,10.2
2020,"Doonasleen, Co.Cork, 18270",Doonasleen,Cork,18270,18270,18270,Doonasleen,CORK,28.9,49,820,401,2708,1487,0,1997.9,57.7,58,1414.9,1408.9,0,6
2020,"Drishane, Co.Cork, 18271",Drishane,Cork,18271,18271,18271,Drishane,CORK,37.2,58,1202,288,4373,2883,0,3161.8,54.6,56,2159.5,2147.1,0,12.4
2020,"Keale, Co.Cork, 18272",Keale,Cork,18272,18272,18272,Keale,CORK,38.1,39,1266,282,3571,2023,0,2603.2,54,52,1486.2,1478,0,8.2
2020,"Kilcorney, Co.Cork, 18273",Kilcorney,Cork,18273,18273,18273,Kilcorney,CORK,46,45,1593,261,4187,2333,0,3236.7,57.1,57,2070,2038.6,0,31.4
2020,"Knocknagree, Co.Cork, 18274",Knocknagree,Cork,18274,18274,18274,Knocknagree,CORK,27,75,1235,338,3605,2032,0,2740.9,54.8,54,2027.8,2007.3,0,20.5
2020,"Rathcool, Co.Cork, 18275",Rathcool,Cork,18275,18275,18275,Rathcool,CORK,59.7,35,1850,46,4047,2151,0,3087.7,53.4,54,2132.9,1593.1,0,539.8
2020,"Skagh, Co.Cork, 18276",Skagh,Cork,18276,18276,18276,Skagh,CORK,33.6,47,899,282,3229,2048,0,2402.7,57,58,1579.8,1547.2,0,32.6
2020,"Ballyarthur, Co.Cork, 18277",Ballyarthur,Cork,18277,18277,18277,Ballyarthur,CORK,36.5,35,1194,164,3275,1917,0,2383.8,57.1,56,1279.2,1276.7,0,2.5
2020,"Derryvillane, Co.Cork, 18278",Derryvillane,Cork,18278,18278,18278,Derryvillane,CORK,41.6,48,2203,136,5219,2880,0,10445.9,54.9,54,1996.3,1786.4,142.6,67.3
2020,"Farahy, Co.Cork, 18279",Farahy,Cork,18279,18279,18279,Farahy,CORK,35.2,39,965,153,3366,2248,0,2384.9,59.8,62,1371.6,1059.1,0,312.5
2020,"Kildorrery, Co.Cork, 18280",Kildorrery,Cork,18280,18280,18280,Kildorrery,CORK,41.3,30,1174,91,2873,1608,0,2197.5,55.1,54,1238.2,1090.7,0,147.5
2020,"Kilgullane, Co.Cork, 18281",Kilgullane,Cork,18281,18281,18281,Kilgullane,CORK,47.5,22,759,148,2635,1728,0,6905.6,53.1,52.5,1036.3,1033.1,0,3.2
2020,"Kilphelan, Co.Cork, 18282",Kilphelan,Cork,18282,18282,18282,Kilphelan,CORK,43.2,45,2079,158,5341,3104,0,4133.9,58.9,59,1944.3,1848.9,0,95.4
2020,"Marshalstown, Co.Cork, 18283",Marshalstown,Cork,18283,18283,18283,Marshalstown,CORK,36,30,1020,31,2977,1926,0,7095.3,56.4,55.5,1080.4,1026.1,0,54.3
2020,"Mitchelstown, Co.Cork, 18284",Mitchelstown,Cork,18284,18284,18284,Mitchelstown,CORK,32.6,122,3504,483,10987,7000,2374,9994.3,56.8,58,3982.8,3954.4,0,28.4
2020,"Templemolaga, Co.Cork, 18285",Templemolaga,Cork,18285,18285,18285,Templemolaga,CORK,34.4,47,895,218,3699,2586,0,2645.3,53.6,52,1617.5,1553.5,0,64
2020,"Aghadown North, Co.Cork, 18286",Aghadown North,Cork,18286,18286,18286,Aghadown North,CORK,31.7,26,501,242,1641,898,0,1238.4,55.5,55,823.6,813.9,0,9.7
2020,"Aghadown South, Co.Cork, 18287",Aghadown South,Cork,18287,18287,18287,Aghadown South,CORK,30.2,46,1111,504,3331,1716,0,2451.7,54.8,55,1389.1,1379.5,0,9.6
2020,"Bredagh, Co.Cork, 18288",Bredagh,Cork,18288,18288,18288,Bredagh,CORK,29.2,40,1706,162,3819,1951,0,2962.2,55.4,55,1167.3,1167.3,0,0
2020,"Caheragh, Co.Cork, 18289",Caheragh,Cork,18289,18289,18289,Caheragh,CORK,32.7,47,963,456,2999,1580,570,2239,52.8,51,1535.8,1535.8,0,0
2020,"Cléire, Co.Cork, 18290",Cléire,Cork,18290,18290,18290,Cléire,CORK,24.8,42,0,287,1028,741,471,766,58.1,58,1040.9,1040.7,0,0.2
2020,"Carrigbaun, Co.Cork, 18291",Carrigbaun,Cork,18291,18291,18291,Carrigbaun,CORK,32.8,58,1721,418,4433,2294,0,6269.1,54.2,54.5,1901.6,1842.2,0,59.4
2020,"Castlehaven North, Co.Cork, 18292",Castlehaven North,Cork,18292,18292,18292,Castlehaven North,CORK,37.7,69,3503,473,7265,3289,242,5743.5,54.8,51,2603.3,2581.9,0,21.4
2020,"Castlehaven South, Co.Cork, 18293",Castlehaven South,Cork,18293,18293,18293,Castlehaven South,CORK,29.1,46,711,460,2826,1655,0,2025.7,58.4,56,1339.2,1326.2,0,13
2020,"Cloghdonnell, Co.Cork, 18294",Cloghdonnell,Cork,18294,18294,18294,Cloghdonnell,CORK,29.6,51,915,493,3341,1933,0,2461.1,52.2,54,1508.9,1502.7,0,6.2
2020,"Cloonkeen, Co.Cork, 18295",Cloonkeen,Cork,18295,18295,18295,Cloonkeen,CORK,26.6,50,1259,207,3266,1800,0,2637.9,56.5,57,1330.3,1325.2,0,5.1
2020,"Drinagh, Co.Cork, 18296",Drinagh,Cork,18296,18296,18296,Drinagh,CORK,24.6,33,491,184,1474,799,1100,1228.5,50.8,55,812,809.6,0,2.4
2020,"Dromdaleague North, Co.Cork, 18297",Dromdaleague North,Cork,18297,18297,18297,Dromdaleague North,CORK,39.9,38,464,168,1577,945,2157,1353.1,58.8,58.5,1517.8,1516.6,0,1.2
2020,"Dromdaleague South, Co.Cork, 18298",Dromdaleague South,Cork,18298,18298,18298,Dromdaleague South,CORK,27.6,51,1052,348,3250,1850,820,2526.5,55.2,56,1411.9,1399.8,0,12.1
2020,"Garranes, Co.Cork, 18299",Garranes,Cork,18299,18299,18299,Garranes,CORK,32,47,1117,358,3386,1911,0,2530.1,51.6,50,1504.1,1493.6,0,10.5
2020,"Gortnascreeny, Co.Cork, 18300",Gortnascreeny,Cork,18300,18300,18300,Gortnascreeny,CORK,34.3,62,1723,424,4390,2243,778,3365.3,55.1,55,2127,2123.9,0,3.1
2020,"Kilfaughnabeg, Co.Cork, 18301",Kilfaughnabeg,Cork,18301,18301,18301,Kilfaughnabeg,CORK,23.1,32,527,212,1854,1115,0,1321.2,56.9,61,740.8,736.9,0,3.9
2020,"Killeenleagh, Co.Cork, 18302",Killeenleagh,Cork,18302,18302,18302,Killeenleagh,CORK,34.4,44,1565,247,3509,1697,0,2775,52.7,51,1512.1,1512.1,0,0
2020,"Knockskagh, Co.Cork, 18303",Knockskagh,Cork,18303,18303,18303,Knockskagh,CORK,29.3,46,884,348,3132,1900,0,2649.8,53.1,53.5,1347.7,1342,0,5.7
2020,"Myross, Co.Cork, 18304",Myross,Cork,18304,18304,18304,Myross,CORK,28.4,33,748,246,2288,1294,0,1675.5,58.8,56,948.1,942.4,0,5.7
2020,"Shreelane, Co.Cork, 18305",Shreelane,Cork,18305,18305,18305,Shreelane,CORK,31.8,43,1416,236,3284,1632,0,2597.4,49.5,49,1368.5,1353.8,0,14.7
2020,"Skibbereen Rural, Co.Cork, 18306",Skibbereen Rural,Cork,18306,18306,18306,Skibbereen Rural,CORK,22.5,76,1047,623,4076,2406,258,3008.4,54.2,51,1710.8,1687.6,0,23.2
2020,"Tullagh, Co.Cork, 18307",Tullagh,Cork,18307,18307,18307,Tullagh,CORK,24.1,32,0,203,883,680,0,637.7,55.3,54,771.5,764.7,0,6.8
2020,"Woodfort, Co.Cork, 18308",Woodfort,Cork,18308,18308,18308,Woodfort,CORK,39.7,42,1790,211,4413,2412,0,3374.4,57.5,57.5,1667,1643.5,0,23.5
2020,"Ballybane, Co.Cork, 18309",Ballybane,Cork,18309,18309,18309,Ballybane,CORK,27,54,715,428,2336,1193,862,1775.2,56.4,56,1459.3,1457.6,0,1.7
2020,"Ballydehob, Co.Cork, 18310",Ballydehob,Cork,18310,18310,18310,Ballydehob,CORK,28.3,59,220,600,1999,1179,0,1373.5,55.8,57,1671.1,1667.4,0,3.7
2020,"Coolagh, Co.Cork, 18311",Coolagh,Cork,18311,18311,18311,Coolagh,CORK,39.3,19,359,140,1223,724,0,1067.7,54.8,51,745.8,741.2,0,4.6
2020,"Crookhaven, Co.Cork, 18312",Crookhaven,Cork,18312,18312,18312,Crookhaven,CORK,38.6,40,305,395,1858,1158,800,1413.5,54.9,54.5,1542.2,1525.3,0,16.9
2020,"Dunbeacon, Co.Cork, 18313",Dunbeacon,Cork,18313,18313,18313,Dunbeacon,CORK,46.8,44,930,332,2531,1269,3228,2252.4,53,52.5,2061.3,2061.2,0,0.1
2020,"Dunmanus, Co.Cork, 18314",Dunmanus,Cork,18314,18314,18314,Dunmanus,CORK,45.5,34,1028,214,2765,1523,899,2149.3,53,54,1547,1546,0,1
2020,"Goleen, Co.Cork, 18315",Goleen,Cork,18315,18315,18315,Goleen,CORK,33.9,31,373,321,1386,692,0,1067,57.1,55,1051.7,1049.4,0,2.3
2020,"Kilcoe, Co.Cork, 18316",Kilcoe,Cork,18316,18316,18316,Kilcoe,CORK,36.8,46,1575,384,4109,2150,0,3103.4,56.5,57,1692,1690.3,0,1.7
2020,"Lowertown, Co.Cork, 18317",Lowertown,Cork,18317,18317,18317,Lowertown,CORK,43.1,25,756,238,2271,1277,0,1730.6,54.1,55,1077.5,1070.9,0,6.6
2020,"Skull, Co.Cork, 18318",Skull,Cork,18318,18318,18318,Skull,CORK,23.2,30,0,203,993,790,343,816.7,59.3,60.5,696.4,694.9,0,1.5
2020,"Toormore, Co.Cork, 18319",Toormore,Cork,18319,18319,18319,Toormore,CORK,38,26,0,350,1320,970,0,963.6,57.3,59.5,988.9,988.3,0,0.6
2020,"Ardagh, Co.Cork, 18320",Ardagh,Cork,18320,18320,18320,Ardagh,CORK,33.7,57,1023,388,4669,3258,0,3329.6,59.1,59,1924.2,1750.8,104.8,68.6
2020,"Clonpriest, Co.Cork, 18321",Clonpriest,Cork,18321,18321,18321,Clonpriest,CORK,39.4,57,1776,322,5822,3724,323,4299.4,54.2,55,2243.1,2016.4,164.7,62
2020,"Kilcronat, Co.Cork, 18322",Kilcronat,Cork,18322,18322,18322,Kilcronat,CORK,46.9,23,736,187,2612,1689,0,1876.8,53.6,53,1079.8,1073,0,6.8
2020,"Killeagh, Co.Cork, 18323",Killeagh,Cork,18323,18323,18323,Killeagh,CORK,43.7,50,2160,217,5798,3421,347,4265.9,55.6,56.5,2185.7,1935,179.2,71.5
2020,"Kilmacdonogh, Co.Cork, 18324",Kilmacdonogh,Cork,18324,18324,18324,Kilmacdonogh,CORK,33.5,57,1773,67,4553,2713,745,3465.5,56.4,57,1908.7,1501.6,309.1,98
2020,"Youghal Rural, Co.Cork, 18325",Youghal Rural,Cork,18325,18325,18325,Youghal Rural,CORK,54.8,32,1864,190,4368,2314,0,4588,57.4,59,1760.1,1476.3,236.4,47.4
2020,"Killarney Urban, Co.Kerry, 19001",Killarney Urban,Kerry,19001,19001,19001,Killarney Urban,KERRY,22.5,5,0,0,413,413,0,302.6,56.8,59,112.4,112.4,0,0
2020,"Listowel Urban, Co.Kerry, 19002",Listowel Urban,Kerry,19002,19002,19002,Listowel Urban,KERRY,24.5,8,0,0,55,55,0,33.9,59.6,53,196.1,196.1,0,0
2020,"Na Beathacha, Co.Kerry, 19004",Na Beathacha,Kerry,19004,19004,19004,Na Beathacha,KERRY,49.6,54,0,432,1014,582,4789,1146,56.1,57.5,2677.4,2673.6,0,3.8
2020,"Baile an Sceilg, Co.Kerry, 19005",Baile an Sceilg,Kerry,19005,19005,19005,Baile an Sceilg,KERRY,30.5,63,0,453,1090,637,2970,1007.6,59.1,61,1928.1,1918.6,0,9.5
2020,"An Baile Breac, Co.Kerry, 19006",An Baile Breac,Kerry,19006,19006,19006,An Baile Breac,KERRY,91.3,20,0,86,197,111,5633,688,59.7,62,1826.7,1826.7,0,0
2020,"Caher, Co.Kerry, 19007",Caher,Kerry,19007,19007,19007,Caher,KERRY,30.2,92,0,445,1095,650,6063,1355.5,57.2,58,2782.1,2775.1,0,7
2020,"Cathair Dónall, Co.Kerry, 19008",Cathair Dónall,Kerry,19008,19008,19008,Cathair Dónall,KERRY,27.7,39,0,100,269,169,2985,464.7,61,64,1081.2,1081.2,0,0
2020,"Ceannúigh / Máistir Gaoithe, Co.Kerry, 19009/19020",Ceannúigh / Máistir Gaoithe,Kerry,19009/19020,19009/19020,19009/19020,Ceannúigh / Máistir Gaoithe,KERRY,52.2,78,0,634,1579,945,7615,1840.9,57.3,55.5,4069.6,4068.3,0,1.3
2020,"Castlequin, Co.Kerry, 19010",Castlequin,Kerry,19010,19010,19010,Castlequin,KERRY,30.4,100,0,750,2224,1474,10788,2590.1,56.8,56,3036.5,3035.2,0,1.3
2020,"Curraghbeg, Co.Kerry, 19012",Curraghbeg,Kerry,19012,19012,19012,Curraghbeg,KERRY,49.8,37,0,276,727,451,3854,859.7,56.1,58,1843,1832.8,0,10.2
2020,"Doire Fhíonáin, Co.Kerry, 19013",Doire Fhíonáin,Kerry,19013,19013,19013,Doire Fhíonáin,KERRY,46.3,34,0,252,662,410,4246,845.3,58.1,57.5,1573.6,1572.1,0,1.5
2020,"Doire Ianna / Cloon, Co.Kerry, 19014/19011",Doire Ianna / Cloon,Kerry,19014/19011,19014/19011,19014/19011,Doire Ianna / Cloon,KERRY,79.3,91,0,452,1045,593,21522,2831.9,54.3,52,7217.1,7209.8,0,7.3
2020,"An tImleach, Co.Kerry, 19015",An tImleach,Kerry,19015,19015,19015,An tImleach,KERRY,28.2,73,0,553,1383,830,2715,1183.9,56,57,2055.7,2053.1,0,2.6
2020,"Glanbehy, Co.Kerry, 19016",Glanbehy,Kerry,19016,19016,19016,Glanbehy,KERRY,31.2,114,0,414,1176,762,14696,2276.6,59.1,59,3551.6,3548.6,0,3
2020,"Killinane, Co.Kerry, 19017",Killinane,Kerry,19017,19017,19017,Killinane,KERRY,39.2,63,0,242,560,318,7870,1162.8,58.8,59,2468.5,2468.5,0,0
2020,"Lickeen, Co.Kerry, 19018",Lickeen,Kerry,19018,19018,19018,Lickeen,KERRY,99.8,28,0,235,622,387,5336,934.4,53.9,52.5,2793.4,2793.4,0,0
2020,"Loch Luíoch, Co.Kerry, 19019",Loch Luíoch,Kerry,19019,19019,19019,Loch Luíoch,KERRY,36,34,0,189,582,393,1692,567,59.9,58,1223.1,1223.1,0,0
2020,"Maum, Co.Kerry, 19021",Maum,Kerry,19021,19021,19021,Maum,KERRY,58.2,48,0,281,971,690,8828,1517.5,55.7,55.5,2793.7,2791.5,0,2.2
2020,"Portmagee, Co.Kerry, 19022",Portmagee,Kerry,19022,19022,19022,Portmagee,KERRY,25.1,47,0,298,877,579,1818,780.8,62.6,65,1182,1182,0,0
2020,"Toghroinn Fhíonáin, Co.Kerry, 19023",Toghroinn Fhíonáin,Kerry,19023,19023,19023,Toghroinn Fhíonáin,KERRY,22.6,32,0,199,478,279,1696,484.8,60.2,60,724.3,722.9,0,1.4
2020,"Teeranearagh, Co.Kerry, 19024",Teeranearagh,Kerry,19024,19024,19024,Teeranearagh,KERRY,27.1,63,0,584,1380,796,743,998.9,56.8,60,1707,1696,0,11
2020,"Valencia, Co.Kerry, 19025",Valencia,Kerry,19025,19025,19025,Valencia,KERRY,28.7,62,410,696,2415,1309,2337,1932.3,60.7,62.5,1776.8,1772.5,0,4.3
2020,"Ballinvoher, Co.Kerry, 19026",Ballinvoher,Kerry,19026,19026,19026,Ballinvoher,KERRY,23.5,56,625,113,1637,899,4830,1705.5,53.7,51.5,1317.7,1312.9,0,4.8
2020,"An Baile Dubh, Co.Kerry, 19027",An Baile Dubh,Kerry,19027,19027,19027,An Baile Dubh,KERRY,54.6,30,0,150,555,405,9777,1339.4,53.4,56.5,1636.9,1631.6,0,5.3
2020,"Ballynacourty, Co.Kerry, 19028",Ballynacourty,Kerry,19028,19028,19028,Ballynacourty,KERRY,30.3,43,356,186,1277,735,4107,1323,58.2,57,1304.4,1304.4,0,0
2020,"Cé Bhréanainn, Co.Kerry, 19029",Cé Bhréanainn,Kerry,19029,19029,19029,Cé Bhréanainn,KERRY,46.9,24,0,0,145,145,5273,621.5,58.4,59,1125.8,1125.8,0,0
2020,"Castlegregory, Co.Kerry, 19030",Castlegregory,Kerry,19030,19030,19030,Castlegregory,KERRY,19.7,47,0,310,1483,1173,867,1104,61.8,63,934.7,908.5,0,26.2
2020,"An Clochán, Co.Kerry, 19031",An Clochán,Kerry,19031,19031,19031,An Clochán,KERRY,64,40,0,68,681,613,11073,1566.1,53.3,52,2561.3,2556.4,0,4.9
2020,"Deelis, Co.Kerry, 19032",Deelis,Kerry,19032,19032,19032,Deelis,KERRY,51.6,44,384,129,1347,834,7397,1671.3,55.8,53,2276.1,2266.9,0,9.2
2020,"Dún Chaoin, Co.Kerry, 19034",Dún Chaoin,Kerry,19034,19034,19034,Dún Chaoin,KERRY,24.6,18,0,0,198,198,2483,390.2,55.1,59,443.5,443.5,0,0
2020,"Dún Urlann, Co.Kerry, 19035",Dún Urlann,Kerry,19035,19035,19035,Dún Urlann,KERRY,32.1,44,323,279,1602,1000,4058,1522.6,56.3,56,1411.8,1405.4,0,6.4
2020,"Na Gleannta, Co.Kerry, 19036",Na Gleannta,Kerry,19036,19036,19036,Na Gleannta,KERRY,35.5,134,1711,532,5567,3324,10950,5160.3,54.5,54.5,4753.5,4740.4,0,13.1
2020,"Inch, Co.Kerry, 19037",Inch,Kerry,19037,19037,19037,Inch,KERRY,21.6,29,0,153,633,480,1958,625.9,55.5,55,625.9,624.1,0,1.8
2020,"Cill Maoilchéadair, Co.Kerry, 19038",Cill Maoilchéadair,Kerry,19038,19038,19038,Cill Maoilchéadair,KERRY,25.3,57,0,282,1576,1294,4193,1544.2,57.6,58,1442.3,1437.1,0,5.2
2020,"Cill Chuáin, Co.Kerry, 19039",Cill Chuáin,Kerry,19039,19039,19039,Cill Chuáin,KERRY,37.4,67,0,213,1045,832,11694,1851.4,55.8,56,2504.6,2501.3,0,3.3
2020,"Cinn Aird, Co.Kerry, 19040",Cinn Aird,Kerry,19040,19040,19040,Cinn Aird,KERRY,27.6,52,852,55,2660,1753,6630,2491.8,52.4,52.5,1434.6,1432.2,0,2.4
2020,"Lack, Co.Kerry, 19041",Lack,Kerry,19041,19041,19041,Lack,KERRY,16,31,0,91,549,458,3805,773.2,56,58,494.7,494.7,0,0
2020,"Márthain, Co.Kerry, 19042",Márthain,Kerry,19042,19042,19042,Márthain,KERRY,31.6,29,0,121,484,363,2330,554.7,60.6,60,917.2,911.7,0,5.5
2020,"An Mhin Aird, Co.Kerry, 19043",An Mhin Aird,Kerry,19043,19043,19043,An Mhin Aird,KERRY,28.2,45,657,139,1749,953,3786,1699.1,54.3,55,1269.1,1269,0,0.1
2020,"An Sráidbhaile, Co.Kerry, 19044",An Sráidbhaile,Kerry,19044,19044,19044,An Sráidbhaile,KERRY,39.5,25,0,91,693,602,3819,905,53.9,55,986.4,986.4,0,0
2020,"Ceann Trá, Co.Kerry, 19045",Ceann Trá,Kerry,19045,19045,19045,Ceann Trá,KERRY,26.6,54,366,159,1356,831,5360,1508.3,58,58,1438.2,1433.2,0,5
2020,"Ardea, Co.Kerry, 19046",Ardea,Kerry,19046,19046,19046,Ardea,KERRY,41.4,47,0,166,583,417,6250,1002.8,58,59,1945.3,1944.1,0,1.2
2020,"Banawn, Co.Kerry, 19047",Banawn,Kerry,19047,19047,19047,Banawn,KERRY,50,73,0,241,743,502,12468,1747.7,55.9,55,3652,3648.8,0,3.2
2020,"Cappagh, Co.Kerry, 19048",Cappagh,Kerry,19048,19048,19048,Cappagh,KERRY,38.5,55,0,493,1523,1030,3470,1392.7,54.6,55,2115.5,2115.2,0,0.3
2020,"Castlecove, Co.Kerry, 19049",Castlecove,Kerry,19049,19049,19049,Castlecove,KERRY,38.7,91,0,426,946,520,8214,1474.9,60.6,62,3523.9,3520.9,0,3
2020,"Dawros, Co.Kerry, 19050",Dawros,Kerry,19050,19050,19050,Dawros,KERRY,52.8,54,0,320,898,578,5405,1131.3,51.2,51.5,2851.4,2850.2,0,1.2
2020,"Dromore, Co.Kerry, 19051",Dromore,Kerry,19051,19051,19051,Dromore,KERRY,33.3,26,0,141,299,158,1114,318.2,59.2,61.5,864.9,861.3,0,3.6
2020,"Glanlee, Co.Kerry, 19052",Glanlee,Kerry,19052,19052,19052,Glanlee,KERRY,96.5,48,0,328,892,564,11759,1906.6,52.7,51.5,4631.2,4631.1,0,0.1
2020,"Glanlough, Co.Kerry, 19053",Glanlough,Kerry,19053,19053,19053,Glanlough,KERRY,64.9,49,0,372,833,461,9837,1549.7,53.2,51,3179.4,3175.7,0,3.7
2020,"Glanmore, Co.Kerry, 19054",Glanmore,Kerry,19054,19054,19054,Glanmore,KERRY,48.4,67,0,176,394,218,12681,1523.1,56.7,57,3240.1,3240.1,0,0
2020,"Greenane, Co.Kerry, 19055",Greenane,Kerry,19055,19055,19055,Greenane,KERRY,79.7,37,0,254,602,348,6015,1006.6,54.5,55,2948.7,2947.9,0,0.8
2020,"Kenmare, Co.Kerry, 19056",Kenmare,Kerry,19056,19056,19056,Kenmare,KERRY,33.9,87,210,471,1637,956,5968,1729.1,56.5,57,2952.1,2939.3,0,12.8
2020,"Kilgarvan, Co.Kerry, 19057",Kilgarvan,Kerry,19057,19057,19057,Kilgarvan,KERRY,56.1,76,512,557,2183,1114,11391,5646.2,51.6,52,4265.7,4264.3,0,1.4
2020,"Loughbrin, Co.Kerry, 19058",Loughbrin,Kerry,19058,19058,19058,Loughbrin,KERRY,111.2,28,0,330,683,353,6270,1071.5,53.8,52,3112.9,3112.9,0,0
2020,"Reen, Co.Kerry, 19059",Reen,Kerry,19059,19059,19059,Reen,KERRY,66.4,21,0,219,491,272,2619,584.1,54,53,1393.7,1392.7,0,1
2020,"Sneem, Co.Kerry, 19060",Sneem,Kerry,19060,19060,19060,Sneem,KERRY,62.7,62,0,337,727,390,7783,1271.6,58.7,59,3889.3,3889.3,0,0
2020,"Tahilla, Co.Kerry, 19061",Tahilla,Kerry,19061,19061,19061,Tahilla,KERRY,46.5,50,0,324,663,339,3336,776.7,57.8,60,2326.6,2324.4,0,2.2
2020,"Aghadoe, Co.Kerry, 19062",Aghadoe,Kerry,19062,19062,19062,Aghadoe,KERRY,25,26,266,184,883,433,0,683.5,56.8,56,648.9,640.7,0,8.2
2020,"Aglish, Co.Kerry, 19063",Aglish,Kerry,19063,19063,19063,Aglish,KERRY,22.6,29,351,100,976,525,1225,870.7,58.9,59,656.2,650.8,0,5.4
2020,"Ballyhar, Co.Kerry, 19064",Ballyhar,Kerry,19064,19064,19064,Ballyhar,KERRY,43,18,540,199,1559,820,0,1197,55.1,57,773.7,772.7,0,1
2020,"Brewsterfield, Co.Kerry, 19065",Brewsterfield,Kerry,19065,19065,19065,Brewsterfield,KERRY,30.2,48,0,280,1017,737,2608,980.7,58.4,60,1448.4,1448.4,0,0
2020,"Caragh, Co.Kerry, 19066",Caragh,Kerry,19066,19066,19066,Caragh,KERRY,16.9,71,0,409,1222,813,2694,1096,57.1,55,1199.9,1199.9,0,0
2020,"Churchtown, Co.Kerry, 19067",Churchtown,Kerry,19067,19067,19067,Churchtown,KERRY,31,54,376,423,1850,1051,7719,2101.9,54.1,53.5,1673,1671.6,0,1.4
2020,"Clydagh, Co.Kerry, 19068",Clydagh,Kerry,19068,19068,19068,Clydagh,KERRY,70.8,46,0,394,1123,729,9478,1658.6,54.4,51,3255.1,3253,0,2.1
2020,"Coolies, Co.Kerry, 19069",Coolies,Kerry,19069,19069,19069,Coolies,KERRY,19.4,28,0,104,676,572,2152,732.1,57.3,57.5,542.5,542.5,0,0
2020,"Coom, Co.Kerry, 19070",Coom,Kerry,19070,19070,19070,Coom,KERRY,21.6,199,773,1393,5684,3518,657,3992,59.3,60,4289,4273.9,0,15.1
2020,"Curraghmore, Co.Kerry, 19071",Curraghmore,Kerry,19071,19071,19071,Curraghmore,KERRY,71,59,453,310,1540,777,12463,2378.4,57.3,56,4191.7,4191.7,0,0
2020,"Currans, Co.Kerry, 19072",Currans,Kerry,19072,19072,19072,Currans,KERRY,37.7,19,483,182,1265,600,0,1020.8,57.1,58,716.1,715,0,1.1
2020,"Doocarrig, Co.Kerry, 19073",Doocarrig,Kerry,19073,19073,19073,Doocarrig,KERRY,26.7,70,909,457,2852,1486,4070,2510.2,53.4,53,1867.2,1861.9,0,5.3
2020,"Dromin, Co.Kerry, 19074",Dromin,Kerry,19074,19074,19074,Dromin,KERRY,31.5,58,1349,215,4176,2612,2612,3304.4,54.9,52,1828.9,1816.1,0,12.8
2020,"Dunloe, Co.Kerry, 19075",Dunloe,Kerry,19075,19075,19075,Dunloe,KERRY,47.6,56,0,251,1037,786,10312,1723.5,56.6,58,2663.6,2663.3,0,0.3
2020,"Flesk, Co.Kerry, 19076",Flesk,Kerry,19076,19076,19076,Flesk,KERRY,63.4,49,0,383,2183,1800,9040,2250.8,58.7,59,3105.7,3105.7,0,0
2020,"Headfort, Co.Kerry, 19077",Headfort,Kerry,19077,19077,19077,Headfort,KERRY,18.1,59,308,257,1298,733,633,1003.6,57.3,55,1069.3,1063.8,0,5.5
2020,"Kilbonane, Co.Kerry, 19078",Kilbonane,Kerry,19078,19078,19078,Kilbonane,KERRY,26,44,704,194,1954,1056,1581,1619.7,52.2,51,1145.8,1106,0,39.8
2020,"Kilcummin, Co.Kerry, 19079",Kilcummin,Kerry,19079,19079,19079,Kilcummin,KERRY,24.3,99,897,784,4214,2533,1227,3166.3,57.8,58,2404.9,2396.5,0,8.4
2020,"Kilfelim, Co.Kerry, 19080",Kilfelim,Kerry,19080,19080,19080,Kilfelim,KERRY,29.9,34,995,326,2310,989,422,1861.4,56.7,54.5,1016.9,1013.5,0,3.4
2020,"Kilgobnet, Co.Kerry, 19081",Kilgobnet,Kerry,19081,19081,19081,Kilgobnet,KERRY,30.7,72,937,574,3670,2159,1993,2844.1,60.2,61.5,2207.9,2203.9,0,4
2020,"Killarney Rural, Co.Kerry, 19082",Killarney Rural,Kerry,19082,19082,19082,Killarney Rural,KERRY,21.4,116,1266,577,4319,2476,1182,3324.9,59,59,2489.7,2477.9,0,11.8
2020,"Killeentierna, Co.Kerry, 19083",Killeentierna,Kerry,19083,19083,19083,Killeentierna,KERRY,30.9,81,1255,549,4349,2545,459,3268.9,52.6,51,2501.9,2302.5,0,199.4
2020,"Killorglin, Co.Kerry, 19084",Killorglin,Kerry,19084,19084,19084,Killorglin,KERRY,11.1,147,576,524,2911,1811,1349,2171.8,59.7,61,1633.1,1628.5,0,4.6
2020,"Kilnanare, Co.Kerry, 19085",Kilnanare,Kerry,19085,19085,19085,Kilnanare,KERRY,27.3,102,1512,586,4918,2820,2200,3969.7,54.8,54.5,2788,2781.1,0,6.9
2020,"Knocknahoe, Co.Kerry, 19086",Knocknahoe,Kerry,19086,19086,19086,Knocknahoe,KERRY,28.1,31,267,266,1321,788,0,924.8,59.4,59,869.9,869.9,0,0
2020,"Lahard, Co.Kerry, 19087",Lahard,Kerry,19087,19087,19087,Lahard,KERRY,36.5,47,1132,274,2968,1562,4426,2759.7,52.1,52,1713.9,1686.7,0,27.2
2020,"Milltown, Co.Kerry, 19088",Milltown,Kerry,19088,19088,19088,Milltown,KERRY,23.5,78,1066,345,3542,2131,3477,2960.8,57.6,59,1833.2,1817.9,0,15.3
2020,"Molahiffe, Co.Kerry, 19089",Molahiffe,Kerry,19089,19089,19089,Molahiffe,KERRY,31.9,86,2551,528,5904,2825,1048,4700.4,54.4,56,2743.7,2737.9,0,5.8
2020,"Muckross, Co.Kerry, 19090",Muckross,Kerry,19090,19090,19090,Muckross,KERRY,149,29,0,146,357,211,5142,758.8,59.5,57,4319.7,4319.7,0,0
2020,"Rathmore, Co.Kerry, 19091",Rathmore,Kerry,19091,19091,19091,Rathmore,KERRY,25.1,94,1026,462,3681,2193,1463,2804.5,58.4,59,2357.7,2351.8,0,5.9
2020,"Rockfield, Co.Kerry, 19092",Rockfield,Kerry,19092,19092,19092,Rockfield,KERRY,33.9,29,727,243,2290,1320,1285,1773.6,56.8,56,983.2,978.1,0,5.1
2020,"Ardagh, Co.Kerry, 19093",Ardagh,Kerry,19093,19093,19093,Ardagh,KERRY,33.5,46,1727,155,4182,2300,0,3148.8,56.2,58,1541.8,1383.9,146.7,11.2
2020,"Astee, Co.Kerry, 19094",Astee,Kerry,19094,19094,19094,Astee,KERRY,30.9,64,1332,439,3978,2207,0,2964.5,53.6,53.5,1980.7,1973.2,0,7.5
2020,"Ballincloher, Co.Kerry, 19095",Ballincloher,Kerry,19095,19095,19095,Ballincloher,KERRY,27.1,32,746,28,1839,1065,0,1398.6,58.5,62,875.8,854.7,0,21.1
2020,"Ballyconry, Co.Kerry, 19096",Ballyconry,Kerry,19096,19096,19096,Ballyconry,KERRY,29,25,603,120,1681,958,0,1240.9,62.1,63,724.3,724.3,0,0
2020,"Ballyduff, Co.Kerry, 19097",Ballyduff,Kerry,19097,19097,19097,Ballyduff,KERRY,36.6,30,1192,204,2991,1595,0,2305.1,54,51,1097.4,1011.1,78.2,8.1
2020,"Ballyegan, Co.Kerry, 19098",Ballyegan,Kerry,19098,19098,19098,Ballyegan,KERRY,48.5,26,588,307,2257,1362,0,1599.5,59.1,63,1261.1,1203,0,58.1
2020,"Ballyhorgan, Co.Kerry, 19099",Ballyhorgan,Kerry,19099,19099,19099,Ballyhorgan,KERRY,60,29,1321,371,4263,2571,0,3147.4,54.5,53,1739.1,1538.2,0,200.9
2020,"Beal, Co.Kerry, 19100",Beal,Kerry,19100,19100,19100,Beal,KERRY,33.3,30,561,159,1509,789,0,1144.4,57.4,59,998.8,996.1,0,2.7
2020,"Carrig, Co.Kerry, 19101",Carrig,Kerry,19101,19101,19101,Carrig,KERRY,46.5,21,861,104,2564,1599,0,1813.2,54.7,56,976.2,976.2,0,0
2020,"Causeway, Co.Kerry, 19102",Causeway,Kerry,19102,19102,19102,Causeway,KERRY,34.2,30,1100,177,3086,1809,0,3960.2,58.7,58.5,1026.3,922.4,0,103.9
2020,"Cloontubbrid, Co.Kerry, 19103",Cloontubbrid,Kerry,19103,19103,19103,Cloontubbrid,KERRY,29.6,30,764,176,2425,1485,0,1679.7,55.6,58.5,888.8,885.4,0,3.4
2020,"Drommartin, Co.Kerry, 19104",Drommartin,Kerry,19104,19104,19104,Drommartin,KERRY,30,46,982,144,3031,1905,0,2214.1,50.1,47.5,1379.4,1150.5,180.2,48.7
2020,"Duagh, Co.Kerry, 19105",Duagh,Kerry,19105,19105,19105,Duagh,KERRY,20.3,36,0,198,1577,1379,0,1192.3,59.1,62,729.1,729,0,0.1
2020,"Ennismore, Co.Kerry, 19106",Ennismore,Kerry,19106,19106,19106,Ennismore,KERRY,32.7,37,1211,152,3355,1992,0,2519.6,58.9,60,1211.3,1147.9,0,63.4
2020,"Gullane, Co.Kerry, 19107",Gullane,Kerry,19107,19107,19107,Gullane,KERRY,31.7,36,803,222,2205,1180,0,1680.7,55.2,55.5,1142.3,1137.2,0,5.1
2020,"Gunsborough, Co.Kerry, 19108",Gunsborough,Kerry,19108,19108,19108,Gunsborough,KERRY,36.2,32,1102,128,2862,1632,0,2184.4,60,59,1157.1,1157.1,0,0
2020,"Kilfeighny, Co.Kerry, 19109",Kilfeighny,Kerry,19109,19109,19109,Kilfeighny,KERRY,31.6,57,811,435,3127,1881,0,2329,54.8,55,1802.9,1782.5,0,20.4
2020,"Killehenny, Co.Kerry, 19110",Killehenny,Kerry,19110,19110,19110,Killehenny,KERRY,24.1,50,795,300,2755,1660,0,2018.4,58.3,60,1202.6,1193.2,0,9.4
2020,"Killury, Co.Kerry, 19111",Killury,Kerry,19111,19111,19111,Killury,KERRY,30.1,50,1959,41,4137,2137,0,3200.9,55.5,56,1506.3,1329.7,165.6,11
2020,"Kilmeany, Co.Kerry, 19112",Kilmeany,Kerry,19112,19112,19112,Kilmeany,KERRY,30.1,65,1578,314,4459,2567,0,3333.2,56.6,56,1954.6,1954.6,0,0
2020,"Kilshenane, Co.Kerry, 19113",Kilshenane,Kerry,19113,19113,19113,Kilshenane,KERRY,34.9,44,0,213,1668,1455,0,1153.8,59.1,62,1536.2,1536.2,0,0
2020,"Kiltomy, Co.Kerry, 19114",Kiltomy,Kerry,19114,19114,19114,Kiltomy,KERRY,34.3,37,1354,219,3267,1694,0,2468,59.6,59,1267.3,1247.7,0,19.6
2020,"Leitrim, Co.Kerry, 19115",Leitrim,Kerry,19115,19115,19115,Leitrim,KERRY,28.9,53,1365,250,3406,1791,0,2551.4,59.3,60,1534.3,1530.3,0,4
2020,"Lislaughtin, Co.Kerry, 19116",Lislaughtin,Kerry,19116,19116,19116,Lislaughtin,KERRY,29.4,46,501,539,2827,1787,0,1953.6,60.4,59,1354.5,1352.4,0,2.1
2020,"Lisselton, Co.Kerry, 19117",Lisselton,Kerry,19117,19117,19117,Lisselton,KERRY,33.9,49,1268,311,3515,1936,0,2613.3,57.3,56,1660,1659,0,1
2020,"Listowel Rural, Co.Kerry, 19118",Listowel Rural,Kerry,19118,19118,19118,Listowel Rural,KERRY,35.8,74,2624,294,6413,3495,0,4791.7,55.1,53.5,2650.7,2609.1,0,41.6
2020,"Lixnaw, Co.Kerry, 19119",Lixnaw,Kerry,19119,19119,19119,Lixnaw,KERRY,31.7,32,1032,280,2927,1615,0,2188.8,57.9,56.5,1015.1,1000.5,0,14.6
2020,"Moynsha, Co.Kerry, 19120",Moynsha,Kerry,19120,19120,19120,Moynsha,KERRY,28.4,51,589,278,2040,1173,0,1528.2,56.7,56,1448.1,1448.1,0,0
2020,"Newtownsandes, Co.Kerry, 19121",Newtownsandes,Kerry,19121,19121,19121,Newtownsandes,KERRY,40.6,85,3508,319,8454,4627,0,6387,55.9,58,3454.1,3430.9,0,23.2
2020,"Rathea, Co.Kerry, 19122",Rathea,Kerry,19122,19122,19122,Rathea,KERRY,40.7,48,2003,344,4739,2392,0,3589.7,55.8,56,1952,1951.8,0,0.2
2020,"Shronowen, Co.Kerry, 19123",Shronowen,Kerry,19123,19123,19123,Shronowen,KERRY,37.5,28,909,110,2457,1438,0,1821.7,55.8,55,1048.7,1048.7,0,0
2020,"Tarbert, Co.Kerry, 19124",Tarbert,Kerry,19124,19124,19124,Tarbert,KERRY,43.7,43,1527,236,4243,2480,0,3111.7,55,56,1878.1,1878.1,0,0
2020,"Tarmon, Co.Kerry, 19125",Tarmon,Kerry,19125,19125,19125,Tarmon,KERRY,26.3,51,767,347,3320,2206,0,2318.7,58.8,57,1343.3,1331,0,12.3
2020,"Trienearagh, Co.Kerry, 19126",Trienearagh,Kerry,19126,19126,19126,Trienearagh,KERRY,34,61,1221,361,4038,2456,0,2963.8,53.5,55,2075.7,2075.7,0,0
2020,"Urlee, Co.Kerry, 19127",Urlee,Kerry,19127,19127,19127,Urlee,KERRY,28.9,36,871,228,2568,1469,0,1884.4,56,56.5,1038.8,988.8,0,50
2020,"Abbeydorney, Co.Kerry, 19128",Abbeydorney,Kerry,19128,19128,19128,Abbeydorney,KERRY,31.6,53,1457,282,3681,1942,936,2888,56.5,57,1675.4,1644.2,0,31.2
2020,"Arabela, Co.Kerry, 19129",Arabela,Kerry,19129,19129,19129,Arabela,KERRY,29.3,63,1152,488,3628,1988,1322,2782.4,57,57,1846.4,1823,0,23.4
2020,"Ardfert, Co.Kerry, 19130",Ardfert,Kerry,19130,19130,19130,Ardfert,KERRY,31,29,518,40,1944,1386,0,1457.8,58.3,61,901.6,864.9,0,36.7
2020,"Ballyegan, Co.Kerry, 19131",Ballyegan,Kerry,19131,19131,19131,Ballyegan,KERRY,27.9,28,477,299,1821,1045,0,1341,49.5,47.5,780.8,775.7,0,5.1
2020,"Ballyheige, Co.Kerry, 19132",Ballyheige,Kerry,19132,19132,19132,Ballyheige,KERRY,26.2,52,1462,193,3982,2327,0,2998.4,57.1,60,1363.3,1288.9,0,74.4
2020,"Ballynahaglish, Co.Kerry, 19133",Ballynahaglish,Kerry,19133,19133,19133,Ballynahaglish,KERRY,28.5,33,661,72,2234,1501,0,1683.4,61.2,64,958,885.9,0,72.1
2020,"Ballynorig, Co.Kerry, 19134",Ballynorig,Kerry,19134,19134,19134,Ballynorig,KERRY,30.3,48,2000,147,4301,2154,0,3385,57.3,58,1456.5,1367.9,56.3,32.3
2020,"Ballyseedy, Co.Kerry, 19135",Ballyseedy,Kerry,19135,19135,19135,Ballyseedy,KERRY,22,49,439,173,1873,1261,1607,1496.2,57.5,58,1079.8,1079.8,0,0
2020,"Banna, Co.Kerry, 19136",Banna,Kerry,19136,19136,19136,Banna,KERRY,28.8,39,353,187,2137,1597,0,1528.6,60.8,62,1123.7,924.5,191.4,7.8
2020,"Baurtregaum, Co.Kerry, 19137",Baurtregaum,Kerry,19137,19137,19137,Baurtregaum,KERRY,16.8,42,0,136,712,576,5173,1008.3,53.5,51,706.7,706.7,0,0
2020,"Blennerville, Co.Kerry, 19138",Blennerville,Kerry,19138,19138,19138,Blennerville,KERRY,24.9,25,0,106,701,595,1706,711.2,52.3,51,622.9,595.2,0,27.7
2020,"Boolteens, Co.Kerry, 19139",Boolteens,Kerry,19139,19139,19139,Boolteens,KERRY,17.7,56,276,303,1312,733,2772,1216.6,58.3,55.5,992.3,992.1,0,0.2
2020,"Brosna, Co.Kerry, 19140",Brosna,Kerry,19140,19140,19140,Brosna,KERRY,30.7,63,1150,413,3902,2339,0,3846.9,59.8,58,1934.9,1929.7,0,5.2
2020,"Carker, Co.Kerry, 19141",Carker,Kerry,19141,19141,19141,Carker,KERRY,25.2,66,1204,475,3461,1782,0,2581.3,53.9,52,1665.1,1658.6,0,6.5
2020,"Castleisland, Co.Kerry, 19142",Castleisland,Kerry,19142,19142,19142,Castleisland,KERRY,39.5,78,2254,1074,6091,2763,897,6200.8,54.7,54.5,3084.3,3070.9,0,13.4
2020,"Clogherbrien, Co.Kerry, 19143",Clogherbrien,Kerry,19143,19143,19143,Clogherbrien,KERRY,33.5,58,1529,216,4478,2733,468,3347.5,57.4,59,1961.9,1909.2,0,52.7
2020,"Cordal, Co.Kerry, 19144",Cordal,Kerry,19144,19144,19144,Cordal,KERRY,30.3,34,504,172,1500,824,0,1126.7,55.7,57,1028.9,1028.7,0,0.2
2020,"Crinny, Co.Kerry, 19145",Crinny,Kerry,19145,19145,19145,Crinny,KERRY,29.4,32,572,167,1610,871,0,1232.7,56.9,58.5,940.6,940.6,0,0
2020,"Derreen, Co.Kerry, 19146",Derreen,Kerry,19146,19146,19146,Derreen,KERRY,26.2,45,429,409,1814,976,0,1300.3,56.5,57,1178.6,1178.6,0,0
2020,"Doon, Co.Kerry, 19147",Doon,Kerry,19147,19147,19147,Doon,KERRY,27.8,30,520,128,1598,950,0,1161.9,58.4,60.5,846.7,807.5,0,39.2
2020,"Gneeves, Co.Kerry, 19148",Gneeves,Kerry,19148,19148,19148,Gneeves,KERRY,32,56,531,431,2442,1480,0,1797.5,56.9,57,1792.6,1788.9,0,3.7
2020,"Kerryhead, Co.Kerry, 19149",Kerryhead,Kerry,19149,19149,19149,Kerryhead,KERRY,29,59,1767,253,4734,2714,0,3452.5,55.6,54,1709.5,1634.8,61.8,12.9
2020,"Kilflyn, Co.Kerry, 19150",Kilflyn,Kerry,19150,19150,19150,Kilflyn,KERRY,29.5,23,0,168,1001,833,0,701.5,53.7,56,679.6,679.6,0,0
2020,"Kilgarrylander, Co.Kerry, 19151",Kilgarrylander,Kerry,19151,19151,19151,Kilgarrylander,KERRY,12.9,70,0,278,865,587,6254,1208.2,56.1,57,902.1,899.5,0,2.6
2020,"Kilgobban, Co.Kerry, 19152",Kilgobban,Kerry,19152,19152,19152,Kilgobban,KERRY,42.5,52,0,289,1185,896,10322,1876.5,57.8,59,2208.5,2204.4,0,4.1
2020,"Killahan, Co.Kerry, 19153",Killahan,Kerry,19153,19153,19153,Killahan,KERRY,49.9,29,1941,210,3570,1419,509,2964.2,59.3,61,1448.2,1445.6,0,2.6
2020,"Kilmurry, Co.Kerry, 19154",Kilmurry,Kerry,19154,19154,19154,Kilmurry,KERRY,27.6,31,278,251,1155,626,0,966,58.1,62,854.8,854.8,0,0
2020,"Kiltallagh, Co.Kerry, 19155",Kiltallagh,Kerry,19155,19155,19155,Kiltallagh,KERRY,30.3,49,651,377,2529,1501,2542,2087.7,53,53,1485.7,1480.8,0,4.9
2020,"Knockglass, Co.Kerry, 19156",Knockglass,Kerry,19156,19156,19156,Knockglass,KERRY,37.5,15,0,0,113,113,4269,525,55.3,54,562,562,0,0
2020,"Knocknagashel, Co.Kerry, 19157",Knocknagashel,Kerry,19157,19157,19157,Knocknagashel,KERRY,29.3,81,1129,384,3384,1871,0,3310.5,55.8,55,2373.4,2373.4,0,0
2020,"Lackabaun, Co.Kerry, 19158",Lackabaun,Kerry,19158,19158,19158,Lackabaun,KERRY,26.3,46,594,166,1835,1075,0,2817.9,57.8,60,1209.4,1204.3,0,5.1
2020,"Millbrook, Co.Kerry, 19159",Millbrook,Kerry,19159,19159,19159,Millbrook,KERRY,30.8,55,822,309,2419,1288,0,1827.8,60.3,63,1693.6,1691.9,0,1.7
2020,"Mount Eagle, Co.Kerry, 19160",Mount Eagle,Kerry,19160,19160,19160,Mount Eagle,KERRY,30.5,37,330,247,1411,834,0,1011,55.8,57,1129.3,1111.2,0,18.1
2020,"Nohaval, Co.Kerry, 19161",Nohaval,Kerry,19161,19161,19161,Nohaval,KERRY,32.5,39,696,178,1830,956,563,1446.2,58.3,59,1267.7,1267.7,0,0
2020,"O'Brennan, Co.Kerry, 19162",O'Brennan,Kerry,19162,19162,19162,O'Brennan,KERRY,28.4,40,776,175,2089,1138,559,1622.5,58.9,60,1135.8,1133.1,0,2.7
2020,"Ratass, Co.Kerry, 19163",Ratass,Kerry,19163,19163,19163,Ratass,KERRY,31.7,34,675,161,1690,854,0,1287.8,59.5,59.5,1077.6,1077.6,0,0
2020,"Scartaglin, Co.Kerry, 19164",Scartaglin,Kerry,19164,19164,19164,Scartaglin,KERRY,37.2,38,1312,258,3002,1432,0,2360.6,56.5,58,1412.4,1408,0,4.4
2020,"Tralee Rural, Co.Kerry, 19165",Tralee Rural,Kerry,19165,19165,19165,Tralee Rural,KERRY,27.1,41,313,190,2082,1579,2286,1680.4,62,64,1113,1110,0,3
2020,"Tubrid, Co.Kerry, 19166",Tubrid,Kerry,19166,19166,19166,Tubrid,KERRY,35.3,73,2625,345,7350,4380,0,5464.7,56.8,56,2578.8,2476.2,88.8,13.8
2020,"Limerick North Rural, Co.Limerick, 20065",Limerick North Rural,Limerick,20065,20065,20065,Limerick North Rural,LIMERICK,40.4,7,0,0,466,466,0,349.1,57.6,56,283,283,0,0
2020,"Abbeyville, Co.Limerick, 21001",Abbeyville,Limerick,21001,21001,21001,Abbeyville,LIMERICK,54.5,26,1067,128,3186,1991,0,2439.3,59.3,63,1416.2,1416.2,0,0
2020,"Adare North, Co.Limerick, 21002",Adare North,Limerick,21002,21002,21002,Adare North,LIMERICK,43.7,35,1273,392,4246,2581,0,3179.8,55.5,54,1530.2,1526.5,0,3.7
2020,"Adare South, Co.Limerick, 21003",Adare South,Limerick,21003,21003,21003,Adare South,LIMERICK,60.4,30,1258,185,4263,2820,865,3363.1,54.8,53.5,1811.3,1736.2,0,75.1
2020,"Ballingarry, Co.Limerick, 21004",Ballingarry,Limerick,21004,21004,21004,Ballingarry,LIMERICK,42.8,28,1321,220,3528,1987,0,2725.9,53.7,52.5,1197.5,1158.8,0,38.7
2020,"Ballyagran, Co.Limerick, 21005",Ballyagran,Limerick,21005,21005,21005,Ballyagran,LIMERICK,40.1,43,1221,208,4075,2646,0,3026.7,55.1,57,1725.9,1716.6,0,9.3
2020,"Ballygrennan, Co.Limerick, 21006",Ballygrennan,Limerick,21006,21006,21006,Ballygrennan,LIMERICK,50.4,44,2071,353,5886,3462,0,4398.2,55.7,56.5,2217.2,2195.3,0,21.9
2020,"Ballynabanoge, Co.Limerick, 21007",Ballynabanoge,Limerick,21007,21007,21007,Ballynabanoge,LIMERICK,55.7,21,1329,99,3077,1649,0,2332.5,60.2,58,1170.7,1170.7,0,0
2020,"Ballynoe, Co.Limerick, 21008",Ballynoe,Limerick,21008,21008,21008,Ballynoe,LIMERICK,47.8,38,2061,156,4589,2372,0,4203.2,51.7,52.5,1814.7,1769.8,0,44.9
2020,"Castletown, Co.Limerick, 21009",Castletown,Limerick,21009,21009,21009,Castletown,LIMERICK,46.1,35,1121,232,3545,2192,0,2804.4,56.1,53,1614.6,1614.6,0,0
2020,"Coolrus, Co.Limerick, 21010",Coolrus,Limerick,21010,21010,21010,Coolrus,LIMERICK,45.2,29,1241,107,3963,2615,0,6262.2,59.1,58,1310.4,1292.1,0,18.3
2020,"Crean, Co.Limerick, 21011",Crean,Limerick,21011,21011,21011,Crean,LIMERICK,36.5,25,548,249,2265,1468,0,1608.5,57.9,55,912.7,911.5,0,1.2
2020,"Crecora, Co.Limerick, 21012",Crecora,Limerick,21012,21012,21012,Crecora,LIMERICK,42.1,23,0,119,1990,1871,0,1466.5,62.1,59,969.2,927.5,0,41.7
2020,"Croom, Co.Limerick, 21013",Croom,Limerick,21013,21013,21013,Croom,LIMERICK,47.3,41,1614,161,4274,2499,0,3341.8,55.4,54,1941.3,1847.2,0,94.1
2020,"Dunnaman, Co.Limerick, 21014",Dunnaman,Limerick,21014,21014,21014,Dunnaman,LIMERICK,39.5,37,1222,185,3737,2330,0,2790,56.2,56,1462,1461.7,0,0.3
2020,"Fedamore, Co.Limerick, 21015",Fedamore,Limerick,21015,21015,21015,Fedamore,LIMERICK,35.3,51,790,391,4110,2929,0,2882,56.8,56,1798.2,1671.1,0,127.1
2020,"Garrane, Co.Limerick, 21016",Garrane,Limerick,21016,21016,21016,Garrane,LIMERICK,42.8,24,606,130,2004,1268,0,1450.4,54,55,1027,998.1,0,28.9
2020,"Grange, Co.Limerick, 21017",Grange,Limerick,21017,21017,21017,Grange,LIMERICK,40,36,615,327,2901,1959,0,2208.3,60.3,60.5,1438.3,1438.3,0,0
2020,"Kilfinny, Co.Limerick, 21018",Kilfinny,Limerick,21018,21018,21018,Kilfinny,LIMERICK,37.2,29,1199,133,3020,1688,0,2350.9,56.5,54,1079.4,1062.5,0,16.9
2020,"Kilpeacon, Co.Limerick, 21019",Kilpeacon,Limerick,21019,21019,21019,Kilpeacon,LIMERICK,54.1,28,697,162,3113,2254,948,2316.7,56.8,60.5,1515.9,1405.6,0,110.3
2020,"Rathmore, Co.Limerick, 21020",Rathmore,Limerick,21020,21020,21020,Rathmore,LIMERICK,64.6,21,656,121,3115,2338,0,2421.3,55.9,54,1356.2,1355.1,0,1.1
2020,"Fleanmore, Co.Limerick, 21021",Fleanmore,Limerick,21021,21021,21021,Fleanmore,LIMERICK,29.6,26,630,136,1714,948,0,1270.3,53.9,58,768.4,768.4,0,0
2020,"Glin, Co.Limerick, 21022",Glin,Limerick,21022,21022,21022,Glin,LIMERICK,28.5,68,1307,178,4189,2704,0,3186.6,55.4,54,1936,1932.9,0,3.1
2020,"Kilfergus, Co.Limerick, 21023",Kilfergus,Limerick,21023,21023,21023,Kilfergus,LIMERICK,22.7,73,302,380,2177,1495,0,1467.7,58.8,59,1659.6,1658.5,0,1.1
2020,"Kilmoylan, Co.Limerick, 21024",Kilmoylan,Limerick,21024,21024,21024,Kilmoylan,LIMERICK,24.7,65,526,362,2053,1165,0,1491,59.6,60,1605.8,1605.8,0,0
2020,"Ardpatrick, Co.Limerick, 21025",Ardpatrick,Limerick,21025,21025,21025,Ardpatrick,LIMERICK,50.3,40,1369,529,5442,3544,0,3940.8,55.4,53,2010.9,1991.6,0,19.3
2020,"Athlacca, Co.Limerick, 21026",Athlacca,Limerick,21026,21026,21026,Athlacca,LIMERICK,40.3,37,1138,343,3769,2288,0,2754.1,56.4,58,1491.8,1487.8,0,4
2020,"Ballymacshaneboy, Co.Limerick, 21027",Ballymacshaneboy,Limerick,21027,21027,21027,Ballymacshaneboy,LIMERICK,35.2,38,1859,194,4364,2311,0,3397.2,57.1,57.5,1337,1337,0,0
2020,"Bruff, Co.Limerick, 21028",Bruff,Limerick,21028,21028,21028,Bruff,LIMERICK,42.5,45,708,508,3369,2153,0,2586.9,58.4,56,1912.7,1906,0,6.7
2020,"Bruree, Co.Limerick, 21029",Bruree,Limerick,21029,21029,21029,Bruree,LIMERICK,38.1,44,1918,251,4117,1948,0,3408.1,59,60.5,1676.8,1674,0,2.8
2020,"Bulgaden, Co.Limerick, 21030",Bulgaden,Limerick,21030,21030,21030,Bulgaden,LIMERICK,42,35,1085,143,3063,1835,0,4652.4,54.7,53,1471,1467.1,0,3.9
2020,"Cahercorney, Co.Limerick, 21031",Cahercorney,Limerick,21031,21031,21031,Cahercorney,LIMERICK,43.3,37,546,300,3442,2596,0,2665.5,54.6,53,1603.6,1564.9,0,38.7
2020,"Colmanswell, Co.Limerick, 21032",Colmanswell,Limerick,21032,21032,21032,Colmanswell,LIMERICK,44.1,48,1500,183,4865,3182,0,3708.5,57.9,55.5,2115.3,2066.9,0,48.4
2020,"Darragh, Co.Limerick, 21033",Darragh,Limerick,21033,21033,21033,Darragh,LIMERICK,34.8,35,939,251,2997,1807,0,2243.9,58.7,61,1217.3,1217.1,0,0.2
2020,"Dromin, Co.Limerick, 21034",Dromin,Limerick,21034,21034,21034,Dromin,LIMERICK,50.9,63,2721,512,8045,4812,0,6087.8,56.3,60,3207.3,3201.7,0,5.6
2020,"Emlygrennan, Co.Limerick, 21035",Emlygrennan,Limerick,21035,21035,21035,Emlygrennan,LIMERICK,38.5,55,1717,300,5032,3015,0,4720.7,55.4,53,2115.5,2112.8,0,2.7
2020,"Glenbrohane, Co.Limerick, 21036",Glenbrohane,Limerick,21036,21036,21036,Glenbrohane,LIMERICK,29.8,47,1085,162,3780,2533,0,2775.7,57.8,59,1401.3,1392.6,0,8.7
2020,"Griston, Co.Limerick, 21037",Griston,Limerick,21037,21037,21037,Griston,LIMERICK,26.2,50,356,175,2768,2237,0,1964.4,56.3,54,1310.9,1292.6,0,18.3
2020,"Hospital, Co.Limerick, 21038",Hospital,Limerick,21038,21038,21038,Hospital,LIMERICK,41.8,52,1397,338,4878,3143,0,3708.4,57.1,58.5,2173.4,2171.8,0,1.6
2020,"Kilfinnane, Co.Limerick, 21039",Kilfinnane,Limerick,21039,21039,21039,Kilfinnane,LIMERICK,31.9,51,680,320,3143,2143,0,2272.7,54.6,56,1626.2,1620.7,0,5.5
2020,"Kilflyn, Co.Limerick, 21040",Kilflyn,Limerick,21040,21040,21040,Kilflyn,LIMERICK,41.2,25,786,174,2214,1254,0,1671.2,53.8,58,1029.8,1029.8,0,0
2020,"Kilmallock, Co.Limerick, 21041",Kilmallock,Limerick,21041,21041,21041,Kilmallock,LIMERICK,39.2,45,1268,200,4105,2637,0,3168.2,59.8,62,1763.6,1763.6,0,0
2020,"Kilteely, Co.Limerick, 21042",Kilteely,Limerick,21042,21042,21042,Kilteely,LIMERICK,43.3,40,903,336,3774,2535,0,2719.5,51.9,48.5,1732,1729.5,0,2.5
2020,"Knockainy, Co.Limerick, 21043",Knockainy,Limerick,21043,21043,21043,Knockainy,LIMERICK,36.4,44,690,318,3573,2565,0,2581.8,55.6,57,1601.3,1585.5,0,15.8
2020,"Knocklong, Co.Limerick, 21044",Knocklong,Limerick,21044,21044,21044,Knocklong,LIMERICK,27.7,48,419,228,2742,2095,0,1924.5,61.6,61,1331.8,1318.8,0,13
2020,"Particles, Co.Limerick, 21045",Particles,Limerick,21045,21045,21045,Particles,LIMERICK,28.3,28,360,223,1343,760,0,999.2,59.5,61.5,793.8,788.4,0,5.4
2020,"Rockhill, Co.Limerick, 21046",Rockhill,Limerick,21046,21046,21046,Rockhill,LIMERICK,52.6,32,1847,140,4311,2324,0,3294.8,56.2,53,1681.8,1655.4,0,26.4
2020,"Tobernea, Co.Limerick, 21047",Tobernea,Limerick,21047,21047,21047,Tobernea,LIMERICK,39.4,56,1368,513,4895,3014,0,3617,56,56.5,2206.9,2190.6,0,16.3
2020,"Uregare, Co.Limerick, 21048",Uregare,Limerick,21048,21048,21048,Uregare,LIMERICK,38.2,59,1405,331,5892,4156,0,4247.6,54.7,57,2253.2,2244.1,0,9.1
2020,"Abington, Co.Limerick, 21049",Abington,Limerick,21049,21049,21049,Abington,LIMERICK,39.5,43,733,196,3126,2197,0,2250.6,57.8,57,1699.3,1699.3,0,0
2020,"Ballybricken, Co.Limerick, 21050",Ballybricken,Limerick,21050,21050,21050,Ballybricken,LIMERICK,36.6,59,1457,243,5306,3606,0,3904.3,56.3,54,2159.3,2155.1,0,4.2
2020,"Ballycummin, Co.Limerick, 21051",Ballycummin,Limerick,21051,21051,21051,Ballycummin,LIMERICK,33.1,24,0,193,1936,1743,0,1398.4,55.4,50.5,793.8,791.9,0,1.9
2020,"Ballysimon, Co.Limerick, 21052",Ballysimon,Limerick,21052,21052,21052,Ballysimon,LIMERICK,30.5,54,541,426,3077,2110,0,2193.9,61.4,59.5,1646.8,1645,0,1.8
2020,"Ballyvarra, Co.Limerick, 21053",Ballyvarra,Limerick,21053,21053,21053,Ballyvarra,LIMERICK,36.7,62,1556,380,4910,2974,0,3653.3,58.7,59.5,2276.9,2271.7,0,5.2
2020,"Caherconlish East, Co.Limerick, 21054",Caherconlish East,Limerick,21054,21054,21054,Caherconlish East,LIMERICK,44,46,885,468,3658,2305,0,2652,59,59.5,2021.9,2018.3,0,3.6
2020,"Caherconlish West, Co.Limerick, 21055",Caherconlish West,Limerick,21055,21055,21055,Caherconlish West,LIMERICK,47.7,43,1301,321,4604,2982,0,3394.7,57,59,2053.1,2053.1,0,0
2020,"Caherelly, Co.Limerick, 21056",Caherelly,Limerick,21056,21056,21056,Caherelly,LIMERICK,26.5,26,0,109,1828,1719,0,1169.1,51.9,55.5,689.5,689.5,0,0
2020,"Cappamore, Co.Limerick, 21057",Cappamore,Limerick,21057,21057,21057,Cappamore,LIMERICK,31.3,44,870,348,3147,1929,0,2251.2,55.9,53,1376.8,1374.4,0,2.4
2020,"Carrig, Co.Limerick, 21058",Carrig,Limerick,21058,21058,21058,Carrig,LIMERICK,42.9,34,1130,273,3235,1832,0,2423.6,60.2,61.5,1457.1,1456.1,0,1
2020,"Castleconnell, Co.Limerick, 21059",Castleconnell,Limerick,21059,21059,21059,Castleconnell,LIMERICK,25.1,38,285,237,1705,1183,0,1194.6,55.9,53.5,952.2,947.5,0,4.7
2020,"Clarina, Co.Limerick, 21060",Clarina,Limerick,21060,21060,21060,Clarina,LIMERICK,38.5,46,1152,382,4428,2894,0,3220.2,56.6,58,1771.5,1769.2,0,2.3
2020,"Clonkeen, Co.Limerick, 21061",Clonkeen,Limerick,21061,21061,21061,Clonkeen,LIMERICK,32.8,45,479,469,2957,2009,0,2045.6,56.7,57,1477.8,1477.8,0,0
2020,"Doon West, Co.Limerick, 21062",Doon West,Limerick,21062,21062,21062,Doon West,LIMERICK,32.1,34,314,377,2133,1442,0,1478.1,53,49.5,1090.7,1090.7,0,0
2020,"Glenstal, Co.Limerick, 21063",Glenstal,Limerick,21063,21063,21063,Glenstal,LIMERICK,39.1,41,940,394,3241,1907,0,2360.4,61.8,62,1605.1,1605.1,0,0
2020,"Kilmurry, Co.Limerick, 21064",Kilmurry,Limerick,21064,21064,21064,Kilmurry,LIMERICK,40.4,61,1032,302,5070,3736,0,4009.7,54.8,55,2462.4,2458.5,0,3.9
2020,"Limerick South Rural, Co.Limerick, 21066",Limerick South Rural,Limerick,21066,21066,21066,Limerick South Rural,LIMERICK,30.7,10,0,0,296,296,0,247.2,66.7,63,306.6,304.5,0,2.1
2020,"Patrickswell, Co.Limerick, 21067",Patrickswell,Limerick,21067,21067,21067,Patrickswell,LIMERICK,38.8,24,0,216,1904,1688,0,1314.4,62,63.5,932.2,923.8,0,8.4
2020,"Roxborough, Co.Limerick, 21068",Roxborough,Limerick,21068,21068,21068,Roxborough,LIMERICK,32.1,54,761,218,3518,2539,0,2667.7,59.3,59.5,1732.6,1693.4,0,39.2
2020,"Anglesborough, Co.Limerick, 21069",Anglesborough,Limerick,21069,21069,21069,Anglesborough,LIMERICK,31.7,49,623,416,3632,2593,1643,4025,56.1,57,1554,1551.2,0,2.8
2020,"Ballylanders, Co.Limerick, 21070",Ballylanders,Limerick,21070,21070,21070,Ballylanders,LIMERICK,27.9,28,620,95,1925,1210,0,1353.1,60,62,780,780,0,0
2020,"Cullane, Co.Limerick, 21071",Cullane,Limerick,21071,21071,21071,Cullane,LIMERICK,38.8,53,1548,306,5479,3625,552,3949.7,55.4,55,2054.3,2047.4,0,6.9
2020,"Duntryleague, Co.Limerick, 21072",Duntryleague,Limerick,21072,21072,21072,Duntryleague,LIMERICK,32.3,35,817,195,2997,1985,0,2150.9,57,55,1131.6,1129.6,0,2
2020,"Galbally, Co.Limerick, 21073",Galbally,Limerick,21073,21073,21073,Galbally,LIMERICK,37.4,39,1225,220,3878,2433,0,2831.8,53,55,1459.5,1452,0,7.5
2020,"Kilbeheny, Co.Limerick, 21074",Kilbeheny,Limerick,21074,21074,21074,Kilbeheny,LIMERICK,36.3,33,666,268,2347,1413,4607,2423.8,57.9,60,1197.7,1197.7,0,0
2020,"Kilglass, Co.Limerick, 21075",Kilglass,Limerick,21075,21075,21075,Kilglass,LIMERICK,26.6,39,754,162,2518,1602,0,1905,56.6,59,1037.8,1035.8,0,2
2020,"Knocknascrow, Co.Limerick, 21076",Knocknascrow,Limerick,21076,21076,21076,Knocknascrow,LIMERICK,30.3,26,484,161,1962,1317,3186,1671.6,57.9,59.5,788.3,787.9,0,0.4
2020,"Riversdale, Co.Limerick, 21077",Riversdale,Limerick,21077,21077,21077,Riversdale,LIMERICK,36,42,1396,74,3997,2527,0,2984.4,51.7,51,1513.1,1510.4,0,2.7
2020,"Abbeyfeale, Co.Limerick, 21078",Abbeyfeale,Limerick,21078,21078,21078,Abbeyfeale,LIMERICK,22.7,45,292,309,1918,1317,0,1256,55.7,59,1019.6,1019.6,0,0
2020,"Ardagh, Co.Limerick, 21079",Ardagh,Limerick,21079,21079,21079,Ardagh,LIMERICK,29.6,64,1161,363,4278,2754,0,3408.8,57.1,56.5,1896.5,1886.9,0,9.6
2020,"Ballintober, Co.Limerick, 21080",Ballintober,Limerick,21080,21080,21080,Ballintober,LIMERICK,33.7,33,801,267,2898,1830,0,3169.4,49.3,50,1112.1,1109.9,0,2.2
2020,"Ballynoe West, Co.Limerick, 21081",Ballynoe West,Limerick,21081,21081,21081,Ballynoe West,LIMERICK,30,35,411,238,2545,1896,0,1944.5,57.3,58,1048.6,1047.5,0,1.1
2020,"Boola, Co.Limerick, 21082",Boola,Limerick,21082,21082,21082,Boola,LIMERICK,39.8,22,1032,92,2264,1140,0,1723.6,44.6,40.5,875.2,875.2,0,0
2020,"Broadford, Co.Limerick, 21083",Broadford,Limerick,21083,21083,21083,Broadford,LIMERICK,36.5,73,2454,355,6502,3693,0,6869.3,56.9,56,2661,2652.5,0,8.5
2020,"Caher, Co.Limerick, 21084",Caher,Limerick,21084,21084,21084,Caher,LIMERICK,23.7,32,359,221,1492,912,0,1071.9,62.1,62.5,758.1,755.9,0,2.2
2020,"Cleanglass, Co.Limerick, 21085",Cleanglass,Limerick,21085,21085,21085,Cleanglass,LIMERICK,20.9,27,0,116,906,790,0,590.7,56.7,58,563.6,563.6,0,0
2020,"Cloncagh, Co.Limerick, 21086",Cloncagh,Limerick,21086,21086,21086,Cloncagh,LIMERICK,61,26,1212,142,4227,2873,0,3376.6,57.9,55.5,1587.3,1554.7,0,32.6
2020,"Danganbeg, Co.Limerick, 21087",Danganbeg,Limerick,21087,21087,21087,Danganbeg,LIMERICK,40.7,49,1178,292,4420,2950,0,4400.8,55.8,55,1993.5,1986,0,7.5
2020,"Dromcolliher, Co.Limerick, 21088",Dromcolliher,Limerick,21088,21088,21088,Dromcolliher,LIMERICK,44.2,55,3403,256,7545,3886,0,5908.8,52.1,53,2429,2412.4,0,16.6
2020,"Dromtrasna, Co.Limerick, 21089",Dromtrasna,Limerick,21089,21089,21089,Dromtrasna,LIMERICK,28.9,73,787,471,3375,2117,0,2434.4,54.5,54,2111.6,2106.8,0,4.8
2020,"Feenagh, Co.Limerick, 21090",Feenagh,Limerick,21090,21090,21090,Feenagh,LIMERICK,63.6,35,2230,138,5088,2720,0,3943.3,57.1,57,2225.4,2194.3,0,31.1
2020,"Garryduff, Co.Limerick, 21091",Garryduff,Limerick,21091,21091,21091,Garryduff,LIMERICK,38.2,20,599,110,1620,911,0,2838.2,57.9,58.5,764.3,762.6,0,1.7
2020,"Glenagower, Co.Limerick, 21092",Glenagower,Limerick,21092,21092,21092,Glenagower,LIMERICK,22,47,359,239,1724,1126,0,1251.7,64,65,1034.9,1034.8,0,0.1
2020,"Glengort, Co.Limerick, 21093",Glengort,Limerick,21093,21093,21093,Glengort,LIMERICK,32.3,70,1061,437,4272,2774,0,3668,56.1,55,2258.7,2256.5,0,2.2
2020,"Glensharrold, Co.Limerick, 21094",Glensharrold,Limerick,21094,21094,21094,Glensharrold,LIMERICK,22.8,41,0,196,1101,905,0,726,60.2,62,934.5,934.3,0,0.2
2020,"Kilmeedy, Co.Limerick, 21095",Kilmeedy,Limerick,21095,21095,21095,Kilmeedy,LIMERICK,26.3,40,662,79,2437,1696,0,1758,56.1,56.5,1051.8,1049.1,0,2.7
2020,"Knockaderry, Co.Limerick, 21096",Knockaderry,Limerick,21096,21096,21096,Knockaderry,LIMERICK,27.1,50,977,219,3266,2070,0,3445.7,57.5,57,1357.3,1357.3,0,0
2020,"Mahoonagh, Co.Limerick, 21097",Mahoonagh,Limerick,21097,21097,21097,Mahoonagh,LIMERICK,32.8,31,636,127,2496,1733,0,2271,56.7,59,1015.7,1015.4,0,0.3
2020,"Monagay, Co.Limerick, 21098",Monagay,Limerick,21098,21098,21098,Monagay,LIMERICK,28.4,108,1880,480,6620,4260,1116,6317.7,56.6,55,3068.8,3063.7,0,5.1
2020,"Mountcollins, Co.Limerick, 21099",Mountcollins,Limerick,21099,21099,21099,Mountcollins,LIMERICK,24.2,44,349,217,1819,1253,0,1314.5,63.2,64.5,1066.9,1066.9,0,0
2020,"Mountplummer, Co.Limerick, 21100",Mountplummer,Limerick,21100,21100,21100,Mountplummer,LIMERICK,32,42,752,320,3004,1932,0,2121.9,54.3,54.5,1344.5,1344.5,0,0
2020,"Newcastle Rural, Co.Limerick, 21101",Newcastle Rural,Limerick,21101,21101,21101,Newcastle Rural,LIMERICK,29.1,68,1146,355,3794,2293,0,4366.9,59,60,1978.5,1938.3,0,40.2
2020,"Port, Co.Limerick, 21103",Port,Limerick,21103,21103,21103,Port,LIMERICK,27.3,43,673,195,1916,1048,0,1434,54.6,55,1173.6,1173.6,0,0
2020,"Rathronan, Co.Limerick, 21104",Rathronan,Limerick,21104,21104,21104,Rathronan,LIMERICK,29,67,150,567,2161,1444,432,1453.9,60,60,1945.7,1944.7,0,1
2020,"Rooskagh, Co.Limerick, 21105",Rooskagh,Limerick,21105,21105,21105,Rooskagh,LIMERICK,28.9,23,0,101,875,774,0,627.7,57.6,59,664.9,663.8,0,1.1
2020,"Templeglentan, Co.Limerick, 21106",Templeglentan,Limerick,21106,21106,21106,Templeglentan,LIMERICK,30,79,783,522,4670,3365,0,3206.2,52.7,52,2372.3,2366.3,0,6
2020,"Askeaton East, Co.Limerick, 21107",Askeaton East,Limerick,21107,21107,21107,Askeaton East,LIMERICK,35.5,29,0,343,1852,1509,0,1336.5,60.1,61,1028.5,1028.5,0,0
2020,"Askeaton West, Co.Limerick, 21108",Askeaton West,Limerick,21108,21108,21108,Askeaton West,LIMERICK,42.7,32,441,310,2801,2050,0,2052.9,52.9,53.5,1368,1365.2,0,2.8
2020,"Aughinish, Co.Limerick, 21109",Aughinish,Limerick,21109,21109,21109,Aughinish,LIMERICK,42.6,14,0,282,1033,751,0,722,62.2,62.5,596.7,593.5,0,3.2
2020,"Ballyallinan, Co.Limerick, 21110",Ballyallinan,Limerick,21110,21110,21110,Ballyallinan,LIMERICK,49.1,46,2254,340,5920,3326,0,4511.7,56.3,57.5,2260.4,2259.4,0,1
2020,"Ballynacarriga, Co.Limerick, 21111",Ballynacarriga,Limerick,21111,21111,21111,Ballynacarriga,LIMERICK,34.9,40,449,369,2908,2090,0,2097,62.1,61,1397.2,1371.9,0,25.3
2020,"Castletown, Co.Limerick, 21112",Castletown,Limerick,21112,21112,21112,Castletown,LIMERICK,24.1,56,404,215,2921,2302,0,2070.2,61.9,62,1347.6,1343.2,0,4.4
2020,"Craggs, Co.Limerick, 21113",Craggs,Limerick,21113,21113,21113,Craggs,LIMERICK,44.8,28,690,413,3032,1929,0,2204.8,52.4,51.5,1255.6,1244.8,0,10.8
2020,"Croagh, Co.Limerick, 21114",Croagh,Limerick,21114,21114,21114,Croagh,LIMERICK,38.3,43,1265,238,4483,2980,0,3579.7,56,56,1647.1,1554,0,93.1
2020,"Dromard, Co.Limerick, 21115",Dromard,Limerick,21115,21115,21115,Dromard,LIMERICK,38.7,56,1869,347,6496,4280,0,4671.1,57.3,56,2169.5,2153.2,0,16.3
2020,"Dunmoylan East, Co.Limerick, 21116",Dunmoylan East,Limerick,21116,21116,21116,Dunmoylan East,LIMERICK,38.3,47,1523,184,4205,2498,0,3227.4,59.1,58,1799.9,1786.9,0,13
2020,"Dunmoylan West, Co.Limerick, 21117",Dunmoylan West,Limerick,21117,21117,21117,Dunmoylan West,LIMERICK,35.2,14,0,239,745,506,0,498.5,63.6,66,493.2,493.2,0,0
2020,"Iveruss, Co.Limerick, 21118",Iveruss,Limerick,21118,21118,21118,Iveruss,LIMERICK,30.3,37,0,487,2434,1947,0,1638.8,59.3,58,1128.4,1085.3,0,43.1
2020,"Kilcornan, Co.Limerick, 21119",Kilcornan,Limerick,21119,21119,21119,Kilcornan,LIMERICK,24.8,59,443,334,3119,2342,309,2310.5,57.9,57,1463.2,1453.4,0,9.8
2020,"Kildimo, Co.Limerick, 21120",Kildimo,Limerick,21120,21120,21120,Kildimo,LIMERICK,30.6,31,363,205,2079,1511,0,1583.1,58.2,60,949.3,948.4,0,0.9
2020,"Kilscannell, Co.Limerick, 21121",Kilscannell,Limerick,21121,21121,21121,Kilscannell,LIMERICK,44.5,43,1300,155,4589,3134,0,3567.3,54.6,56,1915.7,1865.8,0,49.9
2020,"Lismakeery, Co.Limerick, 21122",Lismakeery,Limerick,21122,21122,21122,Lismakeery,LIMERICK,47.5,37,700,527,3150,1923,0,2734.4,51.1,52,1758,1758,0,0
2020,"Loghill, Co.Limerick, 21123",Loghill,Limerick,21123,21123,21123,Loghill,LIMERICK,44.1,42,1262,221,3978,2495,0,2901.3,55,53.5,1850.7,1843,0,7.7
2020,"Mohernagh, Co.Limerick, 21124",Mohernagh,Limerick,21124,21124,21124,Mohernagh,LIMERICK,24.3,17,0,98,454,356,0,305.9,58.9,60,413,412.9,0,0.1
2020,"Nantinan, Co.Limerick, 21125",Nantinan,Limerick,21125,21125,21125,Nantinan,LIMERICK,34.6,51,970,293,3690,2427,0,2822.2,58.3,57,1767.1,1762.6,0,4.5
2020,"Pallaskenry, Co.Limerick, 21126",Pallaskenry,Limerick,21126,21126,21126,Pallaskenry,LIMERICK,32.9,27,620,245,2247,1382,0,1659.7,59.4,61,888.1,872.7,0,15.4
2020,"Rathkeale Rural, Co.Limerick, 21127",Rathkeale Rural,Limerick,21127,21127,21127,Rathkeale Rural,LIMERICK,35.7,18,472,14,1481,995,0,1123.4,54.2,54.5,643.4,559.1,0,84.3
2020,"Rathkeale Urban, Co.Limerick, 21128",Rathkeale Urban,Limerick,21128,21128,21128,Rathkeale Urban,LIMERICK,26.3,9,0,0,516,516,0,355,56.4,58,236.3,236.3,0,0
2020,"Riddlestown, Co.Limerick, 21129",Riddlestown,Limerick,21129,21129,21129,Riddlestown,LIMERICK,59.8,44,1565,160,7431,5706,0,5404.4,55.8,52.5,2632.5,2569.4,0,63.1
2020,"Shanagolden, Co.Limerick, 21130",Shanagolden,Limerick,21130,21130,21130,Shanagolden,LIMERICK,45.8,15,0,148,1199,1051,0,878.9,55.1,57,687.2,680.3,0,6.9
2020,"Shanid, Co.Limerick, 21131",Shanid,Limerick,21131,21131,21131,Shanid,LIMERICK,33.7,40,566,262,2629,1801,0,1891.9,56.4,58,1347.6,1346.1,0,1.5
2020,"Bilboa, Co.Limerick, 21132",Bilboa,Limerick,21132,21132,21132,Bilboa,LIMERICK,31.8,51,366,674,2881,1841,0,1973.8,54.6,57,1621.4,1604.8,0,16.6
2020,"Doon South, Co.Limerick, 21133",Doon South,Limerick,21133,21133,21133,Doon South,LIMERICK,27.3,82,759,554,4189,2876,0,2977.6,57.2,59,2238.8,2235.5,0,3.3
2020,"Grean, Co.Limerick, 21134",Grean,Limerick,21134,21134,21134,Grean,LIMERICK,36.9,86,1752,641,7346,4953,0,5301.7,52.9,51,3174.6,3171,0,3.6
2020,"Oola, Co.Limerick, 21135",Oola,Limerick,21135,21135,21135,Oola,LIMERICK,36.4,72,1426,504,5715,3785,0,4178,58.1,58,2617.7,2617.7,0,0
2020,"Templebredon, Co.Limerick, 21136",Templebredon,Limerick,21136,21136,21136,Templebredon,LIMERICK,40.9,48,1191,296,5031,3544,0,3502.8,56.9,59.5,1961.8,1959.8,0,2
2020,"Nenagh East Urban, Co.Tipperary, 22001",Nenagh East Urban,Tipperary,22001,22001,22001,Nenagh East Urban,TIPPERARY,33.8,7,0,0,479,479,0,349.2,61,65,236.7,233,0,3.7
2020,"Nenagh West Urban, Co.Tipperary, 22002",Nenagh West Urban,Tipperary,22002,22002,22002,Nenagh West Urban,TIPPERARY,35.5,5,0,0,0,0,0,338.3,65.8,60,177.6,177.6,0,0
2020,"Templemore, Co.Tipperary, 22003",Templemore,Tipperary,22003,22003,22003,Templemore,TIPPERARY,24.8,9,0,0,280,280,0,278.9,61.6,58,222.9,222.9,0,0
2020,"Aglishcloghane, Co.Tipperary, 22005",Aglishcloghane,Tipperary,22005,22005,22005,Aglishcloghane,TIPPERARY,50.1,51,1735,430,5929,3764,1200,4575.2,52.6,51,2554.7,2252.8,215.7,86.2
2020,"Ballingarry, Co.Tipperary, 22006",Ballingarry,Tipperary,22006,22006,22006,Ballingarry,TIPPERARY,53.2,51,1134,489,6918,5295,3483,5101.9,54.5,56,2715.2,2511.7,169.5,34
2020,"Ballylusky, Co.Tipperary, 22007",Ballylusky,Tipperary,22007,22007,22007,Ballylusky,TIPPERARY,45.9,45,1568,82,5314,3664,1015,4042.5,53.7,53,2064.5,1772.6,189.9,102
2020,"Borrisokane, Co.Tipperary, 22008",Borrisokane,Tipperary,22008,22008,22008,Borrisokane,TIPPERARY,53,32,1511,341,4893,3041,681,3595.9,58.6,59.5,1696.6,1560.4,129.4,6.8
2020,"Carrig, Co.Tipperary, 22009",Carrig,Tipperary,22009,22009,22009,Carrig,TIPPERARY,57.3,18,1052,87,2769,1630,0,2070.6,62.4,61.5,1030.5,995.8,0,34.7
2020,"Cloghjordan, Co.Tipperary, 22010",Cloghjordan,Tipperary,22010,22010,22010,Cloghjordan,TIPPERARY,41.7,51,904,275,5531,4352,789,3940.2,52.1,51,2124.6,1906.1,181.1,37.4
2020,"Cloghprior, Co.Tipperary, 22011",Cloghprior,Tipperary,22011,22011,22011,Cloghprior,TIPPERARY,46.8,29,1012,134,2893,1747,499,2160.5,53.3,52,1357,1263.6,83.6,9.8
2020,"Clohaskin, Co.Tipperary, 22012",Clohaskin,Tipperary,22012,22012,22012,Clohaskin,TIPPERARY,55,26,0,328,3133,2805,0,2292.8,55.4,56,1424.3,1214.8,181.7,27.8
2020,"Finnoe, Co.Tipperary, 22013",Finnoe,Tipperary,22013,22013,22013,Finnoe,TIPPERARY,61.9,23,528,155,2637,1954,0,1939.6,49.1,53,1423.3,1265.2,137.1,21
2020,"Graigue, Co.Tipperary, 22014",Graigue,Tipperary,22014,22014,22014,Graigue,TIPPERARY,38.6,31,586,173,2621,1862,1854,2160.6,58.4,59,1195.3,1108.4,0,86.9
2020,"Kilbarron, Co.Tipperary, 22015",Kilbarron,Tipperary,22015,22015,22015,Kilbarron,TIPPERARY,42.2,55,1046,343,4753,3364,2156,3523.9,54.5,55,2322.6,2002.2,261.2,59.2
2020,"Lorrha East, Co.Tipperary, 22016",Lorrha East,Tipperary,22016,22016,22016,Lorrha East,TIPPERARY,53.1,36,0,288,3419,3131,3419,2885.8,57.7,56,1915.7,1761.9,118.7,35.1
2020,"Lorrha West, Co.Tipperary, 22017",Lorrha West,Tipperary,22017,22017,22017,Lorrha West,TIPPERARY,55.8,43,402,277,3432,2753,2172,2781.6,57.2,57,2398.9,2219.6,154.8,24.5
2020,"Mertonhall, Co.Tipperary, 22018",Mertonhall,Tipperary,22018,22018,22018,Mertonhall,TIPPERARY,63.1,29,1282,95,4366,2989,0,3112.1,50.8,51,1830.4,1411.5,383.6,35.3
2020,"Rathcabban, Co.Tipperary, 22019",Rathcabban,Tipperary,22019,22019,22019,Rathcabban,TIPPERARY,46.1,35,869,198,4041,2974,3522,3135.2,60.4,62,1614.7,1560.5,0,54.2
2020,"Redwood, Co.Tipperary, 22020",Redwood,Tipperary,22020,22020,22020,Redwood,TIPPERARY,42.1,29,0,174,2195,2021,846,1591.8,54.7,54,1221.1,1010.2,157.2,53.7
2020,"Riverstown, Co.Tipperary, 22021",Riverstown,Tipperary,22021,22021,22021,Riverstown,TIPPERARY,45.5,32,590,323,3627,2714,1058,2549.5,59.2,59,1456.3,1394,0,62.3
2020,"Terryglass, Co.Tipperary, 22022",Terryglass,Tipperary,22022,22022,22022,Terryglass,TIPPERARY,51,36,733,303,3577,2541,2167,2711.2,55.1,52.5,1837.1,1493.4,289.9,53.8
2020,"Uskane, Co.Tipperary, 22023",Uskane,Tipperary,22023,22023,22023,Uskane,TIPPERARY,49.1,36,1010,302,5244,3932,0,3713.3,54.7,58.5,1767.9,1652.9,100.1,14.9
2020,"Abington, Co.Tipperary, 22024",Abington,Tipperary,22024,22024,22024,Abington,TIPPERARY,37,60,173,585,2440,1682,0,1625.2,55.5,57,2219.4,2186.1,0,33.3
2020,"Aghnameadle, Co.Tipperary, 22025",Aghnameadle,Tipperary,22025,22025,22025,Aghnameadle,TIPPERARY,45.8,42,830,633,4853,3390,946,3496.1,54.7,53,1923.8,1893.1,0,30.7
2020,"Ardcrony, Co.Tipperary, 22026",Ardcrony,Tipperary,22026,22026,22026,Ardcrony,TIPPERARY,50.8,31,1871,78,5126,3177,0,3791.3,52.5,52,1573.8,1532.9,0,40.9
2020,"Ballina, Co.Tipperary, 22027",Ballina,Tipperary,22027,22027,22027,Ballina,TIPPERARY,33.8,43,636,349,2815,1830,0,2062.4,58.1,59,1454,1448.5,0,5.5
2020,"Ballygibbon, Co.Tipperary, 22028",Ballygibbon,Tipperary,22028,22028,22028,Ballygibbon,TIPPERARY,41.4,58,1909,288,6911,4714,0,6517.5,56.5,54.5,2401.1,2169.7,204.4,27
2020,"Ballymackey, Co.Tipperary, 22029",Ballymackey,Tipperary,22029,22029,22029,Ballymackey,TIPPERARY,38.7,65,1629,241,6344,4474,0,4733,55.1,54,2514.1,2353.4,109.1,51.6
2020,"Ballynaclogh, Co.Tipperary, 22030",Ballynaclogh,Tipperary,22030,22030,22030,Ballynaclogh,TIPPERARY,31.1,54,1123,340,4022,2559,0,3053.2,58.9,60,1679.9,1573.9,0,106
2020,"Birdhill, Co.Tipperary, 22031",Birdhill,Tipperary,22031,22031,22031,Birdhill,TIPPERARY,27.6,52,0,404,2275,1871,258,1604.1,57.6,56.5,1433.2,1372,0,61.2
2020,"Burgesbeg, Co.Tipperary, 22032",Burgesbeg,Tipperary,22032,22032,22032,Burgesbeg,TIPPERARY,35.5,45,1145,291,4173,2737,0,3080.9,53.3,54,1598.9,1593.3,0,5.6
2020,"Carrigatogher, Co.Tipperary, 22033",Carrigatogher,Tipperary,22033,22033,22033,Carrigatogher,TIPPERARY,35.8,40,993,149,3332,2190,511,2445.6,55.2,54,1431.6,1425.9,0,5.7
2020,"Castletown, Co.Tipperary, 22034",Castletown,Tipperary,22034,22034,22034,Castletown,TIPPERARY,31,65,1684,398,5323,3241,263,3925.6,57.2,60,2014.4,2001.2,0,13.2
2020,"Derrycastle, Co.Tipperary, 22035",Derrycastle,Tipperary,22035,22035,22035,Derrycastle,TIPPERARY,48.2,26,951,222,3210,2037,0,2252.4,56.3,56.5,1252.7,1249.9,0,2.8
2020,"Dolla, Co.Tipperary, 22036",Dolla,Tipperary,22036,22036,22036,Dolla,TIPPERARY,50.3,36,514,573,3219,2132,870,2326.2,56.4,57.5,1812.3,1810.2,0,2.1
2020,"Greenhall / Lackagh, Co.Tipperary, 22037/22045",Greenhall / Lackagh,Tipperary,22037/22045,22037/22045,22037/22045,Greenhall / Lackagh,TIPPERARY,39,45,0,574,2385,1811,1159,1712.9,55.9,57,1757,1750.6,0,6.4
2020,"Kilcomenty, Co.Tipperary, 22038",Kilcomenty,Tipperary,22038,22038,22038,Kilcomenty,TIPPERARY,29.6,45,386,450,2697,1861,0,1833.4,56.1,55,1330.3,1326.3,0,4
2020,"Kilkeary, Co.Tipperary, 22039",Kilkeary,Tipperary,22039,22039,22039,Kilkeary,TIPPERARY,46.7,51,2105,149,5776,3522,1205,4546.1,57.3,58,2380.8,2034.3,276.8,69.7
2020,"Killoscully, Co.Tipperary, 22040",Killoscully,Tipperary,22040,22040,22040,Killoscully,TIPPERARY,32.7,38,0,331,2030,1699,804,1477.4,57.5,56.5,1243.1,1232.7,0,10.4
2020,"Kilmore, Co.Tipperary, 22041",Kilmore,Tipperary,22041,22041,22041,Kilmore,TIPPERARY,35.5,67,669,581,4032,2782,1791,2933.7,57,56,2376.2,2234.1,0,142.1
2020,"Kilnaneave, Co.Tipperary, 22042",Kilnaneave,Tipperary,22042,22042,22042,Kilnaneave,TIPPERARY,45.6,60,1738,437,6279,4104,1835,4820.9,56.5,58,2738.3,2731.9,0,6.4
2020,"Kilnarath, Co.Tipperary, 22043",Kilnarath,Tipperary,22043,22043,22043,Kilnarath,TIPPERARY,39.6,33,0,389,1565,1176,0,1077.7,56.9,57,1306.2,1304.7,0,1.5
2020,"Knigh, Co.Tipperary, 22044",Knigh,Tipperary,22044,22044,22044,Knigh,TIPPERARY,61,42,2247,299,6938,4392,0,6408.7,54,51,2563.2,2362.9,179.5,20.8
2020,"Latteragh, Co.Tipperary, 22046",Latteragh,Tipperary,22046,22046,22046,Latteragh,TIPPERARY,42.5,53,1635,356,6297,4306,710,4583.6,54.3,53,2253.6,2252.3,0,1.3
2020,"Monsea, Co.Tipperary, 22047",Monsea,Tipperary,22047,22047,22047,Monsea,TIPPERARY,35.5,27,0,47,1526,1479,249,1109.5,53.1,51,959,874.3,74.5,10.2
2020,"Nenagh Rural, Co.Tipperary, 22048",Nenagh Rural,Tipperary,22048,22048,22048,Nenagh Rural,TIPPERARY,36.9,60,1189,185,4552,3178,1317,3395.3,53.9,51,2215.3,2090.2,87.1,38
2020,"Newport, Co.Tipperary, 22049",Newport,Tipperary,22049,22049,22049,Newport,TIPPERARY,28.9,61,496,635,3419,2288,613,2354,57.8,57,1762.6,1757.6,0,5
2020,"Templederry, Co.Tipperary, 22050",Templederry,Tipperary,22050,22050,22050,Templederry,TIPPERARY,31.8,29,433,239,1621,949,0,1196.9,56.9,58,923,918.1,0,4.9
2020,"Youghalarra, Co.Tipperary, 22051",Youghalarra,Tipperary,22051,22051,22051,Youghalarra,TIPPERARY,46.8,53,1753,526,6066,3787,2384,4656,54,53,2482.2,2470.8,0,11.4
2020,"Borrisnafarney, Co.Tipperary, 22052",Borrisnafarney,Tipperary,22052,22052,22052,Borrisnafarney,TIPPERARY,43.4,58,1508,570,6540,4462,1200,4707.3,54.9,53.5,2516.4,2475.6,0,40.8
2020,"Borrisnoe, Co.Tipperary, 22053",Borrisnoe,Tipperary,22053,22053,22053,Borrisnoe,TIPPERARY,48.8,21,0,265,1794,1529,0,1374.6,56.6,59,1024.1,1023.4,0,0.7
2020,"Bourney East, Co.Tipperary, 22054",Bourney East,Tipperary,22054,22054,22054,Bourney East,TIPPERARY,36.9,56,1119,273,4848,3456,0,3472.5,50.3,52,2067.3,1949.1,0,118.2
2020,"Bourney West, Co.Tipperary, 22055",Bourney West,Tipperary,22055,22055,22055,Bourney West,TIPPERARY,38.1,58,1010,671,5653,3972,1086,4060.8,54.8,53.5,2209.5,2185.3,0,24.2
2020,"Killavinoge, Co.Tipperary, 22056",Killavinoge,Tipperary,22056,22056,22056,Killavinoge,TIPPERARY,42.1,50,1378,533,5980,4069,0,4284.3,55.1,59,2105.7,2057.2,0,48.5
2020,"Killea, Co.Tipperary, 22057",Killea,Tipperary,22057,22057,22057,Killea,TIPPERARY,36.4,56,536,690,5306,4080,404,3576.5,56.1,56.5,2037.6,2006,0,31.6
2020,"Rathnaveoge, Co.Tipperary, 22058",Rathnaveoge,Tipperary,22058,22058,22058,Rathnaveoge,TIPPERARY,38.7,44,556,493,4018,2969,3106,3563.9,53.1,53,1702.8,1684.1,0,18.7
2020,"Roscrea, Co.Tipperary, 22059",Roscrea,Tipperary,22059,22059,22059,Roscrea,TIPPERARY,32.7,85,938,823,6675,4914,2055,5558,56,55,2781.9,2666.7,0,115.2
2020,"Timoney, Co.Tipperary, 22060",Timoney,Tipperary,22060,22060,22060,Timoney,TIPPERARY,37.4,43,928,411,3777,2438,0,2691.8,56.1,53,1608,1585.3,0,22.7
2020,"Ballycahill, Co.Tipperary, 22061",Ballycahill,Tipperary,22061,22061,22061,Ballycahill,TIPPERARY,36.9,66,1339,456,5862,4067,0,4116.7,55,53,2434.4,2410.1,0,24.3
2020,"Ballymurreen, Co.Tipperary, 22062",Ballymurreen,Tipperary,22062,22062,22062,Ballymurreen,TIPPERARY,86.1,14,1155,0,3336,2181,0,2427.5,57.9,60,1205,1021.9,0,183.1
2020,"Borrisoleigh, Co.Tipperary, 22063",Borrisoleigh,Tipperary,22063,22063,22063,Borrisoleigh,TIPPERARY,32.3,51,487,428,3501,2586,782,2655.5,56.5,57,1648.2,1642.1,0,6.1
2020,"Drom, Co.Tipperary, 22064",Drom,Tipperary,22064,22064,22064,Drom,TIPPERARY,41.1,101,2166,730,11435,8539,829,8050.4,57.4,57,4154,3946.7,184.8,22.5
2020,"Foilnaman, Co.Tipperary, 22065",Foilnaman,Tipperary,22065,22065,22065,Foilnaman,TIPPERARY,37,46,513,434,2791,1844,0,1897.2,53.7,52,1701.8,1701.8,0,0
2020,"Glenkeen, Co.Tipperary, 22066",Glenkeen,Tipperary,22066,22066,22066,Glenkeen,TIPPERARY,49.4,51,1311,479,5722,3932,1223,4170.6,57.7,61,2521.2,2497.9,0,23.3
2020,"Gortkelly, Co.Tipperary, 22067",Gortkelly,Tipperary,22067,22067,22067,Gortkelly,TIPPERARY,36.7,64,1129,737,4995,3129,0,3584.1,57.9,60,2349.9,2349.9,0,0
2020,"Holycross, Co.Tipperary, 22068",Holycross,Tipperary,22068,22068,22068,Holycross,TIPPERARY,41.9,70,1765,680,6897,4452,0,5092,54,54,2932.9,2679.9,175.1,77.9
2020,"Inch, Co.Tipperary, 22069",Inch,Tipperary,22069,22069,22069,Inch,TIPPERARY,33.6,33,476,230,2179,1473,0,1700,56.3,58,1109.8,969.3,132.4,8.1
2020,"Kilrush, Co.Tipperary, 22070",Kilrush,Tipperary,22070,22070,22070,Kilrush,TIPPERARY,46.5,48,1344,322,5482,3816,0,4003.7,55.8,57.5,2231.3,2095.1,0,136.2
2020,"Littleton, Co.Tipperary, 22071",Littleton,Tipperary,22071,22071,22071,Littleton,TIPPERARY,42.3,43,513,251,4120,3356,0,2980.8,55.2,54,1819.3,1360.3,385.9,73.1
2020,"Longfordpass, Co.Tipperary, 22072",Longfordpass,Tipperary,22072,22072,22072,Longfordpass,TIPPERARY,37.8,24,484,246,2273,1543,0,1563.4,55.3,53.5,915.8,795.3,0,120.5
2020,"Loughmoe, Co.Tipperary, 22073",Loughmoe,Tipperary,22073,22073,22073,Loughmoe,TIPPERARY,40.5,64,1327,434,6866,5105,0,4918.6,54.9,57,2594.7,2460.2,93.5,41
2020,"Moyaliff, Co.Tipperary, 22074",Moyaliff,Tipperary,22074,22074,22074,Moyaliff,TIPPERARY,30.3,61,757,466,4012,2789,227,2830.1,53.6,51,1849.4,1825.3,0,24.1
2020,"Moycarky, Co.Tipperary, 22075",Moycarky,Tipperary,22075,22075,22075,Moycarky,TIPPERARY,44.3,34,1055,181,3270,2034,0,2539.6,55.6,54.5,1505.9,1311.9,143.9,50.1
2020,"Moyne, Co.Tipperary, 22076",Moyne,Tipperary,22076,22076,22076,Moyne,TIPPERARY,49.7,60,2990,403,8988,5595,0,6633.3,59.2,58,2980.8,2908.3,52.8,19.7
2020,"Rahelty, Co.Tipperary, 22077",Rahelty,Tipperary,22077,22077,22077,Rahelty,TIPPERARY,39.9,59,948,811,5744,3985,0,3969.8,56.1,55,2355.1,2192.6,142,20.5
2020,"Templetouhy, Co.Tipperary, 22078",Templetouhy,Tipperary,22078,22078,22078,Templetouhy,TIPPERARY,41.9,69,2095,675,7761,4991,661,5742.8,53.2,55,2891,2806.2,66.5,18.3
2020,"Thurles Rural, Co.Tipperary, 22079",Thurles Rural,Tipperary,22079,22079,22079,Thurles Rural,TIPPERARY,41.2,58,1319,597,5930,4014,0,4225.4,55.6,57,2387.7,2309.5,52.1,26.1
2020,"Twomileborris, Co.Tipperary, 22080",Twomileborris,Tipperary,22080,22080,22080,Twomileborris,TIPPERARY,38.4,38,915,281,3256,2060,0,2313.5,58.9,62,1457.7,1347.4,99.7,10.6
2020,"Upperchurch, Co.Tipperary, 22081",Upperchurch,Tipperary,22081,22081,22081,Upperchurch,TIPPERARY,32.1,61,170,694,3428,2564,415,2286.1,56.6,56,1960.7,1951.4,0,9.3
2020,"Carrickbeg Urban, Co.Tipperary, 23082",Carrickbeg Urban,Tipperary,23082,23082,23082,Carrickbeg Urban,TIPPERARY,34.9,10,0,28,800,772,0,1750.9,61.6,63,348.6,317.1,0,31.5
2020,"Carrick-on-Suir Rural, Co.Tipperary, 23089",Carrick-on-Suir Rural,Tipperary,23089,23089,23089,Carrick-on-Suir Rural,TIPPERARY,30.8,32,902,101,2848,1845,0,2098.6,54.8,56,985.7,932.7,0,53
2020,"Garrangibbon, Co.Tipperary, 23090",Garrangibbon,Tipperary,23090,23090,23090,Garrangibbon,TIPPERARY,50.3,62,1960,625,6808,4223,1164,5098,54.8,52.5,3116.1,2788.5,261.1,66.5
2020,"Kilmurry, Co.Tipperary, 23091",Kilmurry,Tipperary,23091,23091,23091,Kilmurry,TIPPERARY,59.6,33,1202,232,4622,3188,0,3770.3,55.8,58,1965.3,1752.3,169.7,43.3
2020,"Newtown, Co.Tipperary, 23092",Newtown,Tipperary,23092,23092,23092,Newtown,TIPPERARY,46.3,40,693,455,3517,2369,0,2478,57.7,57.5,1852.2,1573.1,223.6,55.5
2020,"Ardmayle, Co.Tipperary, 23093",Ardmayle,Tipperary,23093,23093,23093,Ardmayle,TIPPERARY,49.7,31,1429,82,3788,2277,0,2815.9,55.6,55,1542.9,1471.9,0,71
2020,"Ardsallagh, Co.Tipperary, 23094",Ardsallagh,Tipperary,23094,23094,23094,Ardsallagh,TIPPERARY,45.6,45,786,310,4504,3408,0,3188.8,56,57,2052.4,1579.8,356.9,115.7
2020,"Ballysheehan, Co.Tipperary, 23095",Ballysheehan,Tipperary,23095,23095,23095,Ballysheehan,TIPPERARY,84.4,51,1468,169,6188,4551,509,4774.3,52.5,53,4306.1,4129.3,155.5,21.3
2020,"Cashel Rural, Co.Tipperary, 23096",Cashel Rural,Tipperary,23096,23096,23096,Cashel Rural,TIPPERARY,49.8,66,2466,404,7898,5028,677,6116.6,55.9,56.5,3283.7,3182.2,0,101.5
2020,"Clogher, Co.Tipperary, 23097",Clogher,Tipperary,23097,23097,23097,Clogher,TIPPERARY,33.6,35,387,319,2152,1446,0,1495.2,59,60,1176.1,1167.3,0,8.8
2020,"Cloneen, Co.Tipperary, 23098",Cloneen,Tipperary,23098,23098,23098,Cloneen,TIPPERARY,39.8,39,0,179,2618,2439,2054,2062.7,57.5,58,1551.9,1491.7,0,60.2
2020,"Clonoulty East, Co.Tipperary, 23099",Clonoulty East,Tipperary,23099,23099,23099,Clonoulty East,TIPPERARY,41.5,36,1150,419,3668,2099,0,2733.2,54.1,54,1492.8,1489.4,0,3.4
2020,"Clonoulty West, Co.Tipperary, 23100",Clonoulty West,Tipperary,23100,23100,23100,Clonoulty West,TIPPERARY,37.7,68,1474,688,5852,3690,0,4171.3,56.1,56,2564,2558.7,0,5.3
2020,"Colman, Co.Tipperary, 23101",Colman,Tipperary,23101,23101,23101,Colman,TIPPERARY,46.7,28,285,171,2208,1752,910,1640,58.4,60.5,1306.7,1003.3,256.3,47.1
2020,"Cooleagh, Co.Tipperary, 23102",Cooleagh,Tipperary,23102,23102,23102,Cooleagh,TIPPERARY,38.9,54,901,220,3904,2783,463,2841,55.2,56.5,2099.8,1911,0,188.8
2020,"Drangan, Co.Tipperary, 23103",Drangan,Tipperary,23103,23103,23103,Drangan,TIPPERARY,49,56,2763,311,7708,4634,3157,6053.4,57.6,59.5,2746.7,2680,0,66.7
2020,"Gaile, Co.Tipperary, 23105",Gaile,Tipperary,23105,23105,23105,Gaile,TIPPERARY,51.8,29,1458,250,4071,2363,0,2921.8,57.3,56,1501.3,1233.9,250.3,17.1
2020,"Graigue, Co.Tipperary, 23106",Graigue,Tipperary,23106,23106,23106,Graigue,TIPPERARY,66.5,22,1103,207,3148,1838,1525,3642.6,58.9,58,1462.8,1240.5,0,222.3
2020,"Greystown, Co.Tipperary, 23107",Greystown,Tipperary,23107,23107,23107,Greystown,TIPPERARY,39.8,49,0,348,3555,3207,0,2486.1,55.6,54,1950.2,1691.2,194.8,64.2
2020,"Killeenasteena, Co.Tipperary, 23108",Killeenasteena,Tipperary,23108,23108,23108,Killeenasteena,TIPPERARY,56.1,56,2031,175,6012,3806,0,5164,56.1,54.5,3141.4,2503.8,433.2,204.4
2020,"Killenaule, Co.Tipperary, 23109",Killenaule,Tipperary,23109,23109,23109,Killenaule,TIPPERARY,39.2,36,805,189,3068,2074,633,2323,58.1,60,1410.4,1368.7,0,41.7
2020,"Kilpatrick, Co.Tipperary, 23110",Kilpatrick,Tipperary,23110,23110,23110,Kilpatrick,TIPPERARY,40.3,56,1530,343,5157,3284,0,4175.6,54.6,55.5,2256.5,2226.6,0,29.9
2020,"Knockgraffon, Co.Tipperary, 23111",Knockgraffon,Tipperary,23111,23111,23111,Knockgraffon,TIPPERARY,46.2,62,1728,411,5821,3682,1084,4319.4,56.7,58,2863.5,2169.5,606.2,87.8
2020,"Magorban, Co.Tipperary, 23112",Magorban,Tipperary,23112,23112,23112,Magorban,TIPPERARY,43.5,57,1583,319,5810,3908,2723,4718.7,52.8,54,2479.4,2316.5,139.9,23
2020,"Nodstown, Co.Tipperary, 23113",Nodstown,Tipperary,23113,23113,23113,Nodstown,TIPPERARY,66.3,40,2687,313,7590,4590,0,5747.2,56.9,58,2652.5,2473.7,123.4,55.4
2020,"Oughterleague, Co.Tipperary, 23114",Oughterleague,Tipperary,23114,23114,23114,Oughterleague,TIPPERARY,68.4,36,992,98,2887,1797,0,2302.1,60.7,60,2461.9,1183.3,0,1278.6
2020,"Peppardstown, Co.Tipperary, 23115",Peppardstown,Tipperary,23115,23115,23115,Peppardstown,TIPPERARY,54.9,66,1543,560,7798,5695,593,5664.7,56.2,55.5,3624.6,3454.7,0,169.9
2020,"Tullamain, Co.Tipperary, 23116",Tullamain,Tipperary,23116,23116,23116,Tullamain,TIPPERARY,44.9,38,746,273,3341,2322,1012,2514.1,59.8,60,1707,1306,289.7,111.3
2020,"Ardfinnan, Co.Tipperary, 23117",Ardfinnan,Tipperary,23117,23117,23117,Ardfinnan,TIPPERARY,53.7,56,2315,392,6217,3510,874,6383.6,56.5,57.5,3005.4,2258.1,649.1,98.2
2020,"Ballybacon, Co.Tipperary, 23118",Ballybacon,Tipperary,23118,23118,23118,Ballybacon,TIPPERARY,34.9,42,916,118,2902,1868,4449,2579.8,60.9,61,1465.3,1379.1,0,86.2
2020,"Ballyporeen, Co.Tipperary, 23119",Ballyporeen,Tipperary,23119,23119,23119,Ballyporeen,TIPPERARY,39.1,72,2373,366,6903,4164,1906,5277.1,56.8,56,2814.4,2768.6,0,45.8
2020,"Burncourt, Co.Tipperary, 23120",Burncourt,Tipperary,23120,23120,23120,Burncourt,TIPPERARY,37.4,40,1828,89,4108,2191,633,4434.6,50.3,50,1495.3,1443.8,0,51.5
2020,"Caher, Co.Tipperary, 23121",Caher,Tipperary,23121,23121,23121,Caher,TIPPERARY,32.9,23,0,0,1849,1849,0,1498.9,61.7,63,756,670.8,0,85.2
2020,"Clogheen, Co.Tipperary, 23122",Clogheen,Tipperary,23122,23122,23122,Clogheen,TIPPERARY,39.1,69,1708,320,5840,3812,1617,6557.8,53.4,52,2695.5,2358.4,329.2,7.9
2020,"Coolagarranroe, Co.Tipperary, 23123",Coolagarranroe,Tipperary,23123,23123,23123,Coolagarranroe,TIPPERARY,28.3,53,750,369,2802,1683,3634,2373.9,57,58,1501.9,1492.8,0,9.1
2020,"Derrygrath, Co.Tipperary, 23124",Derrygrath,Tipperary,23124,23124,23124,Derrygrath,TIPPERARY,45.3,50,903,146,3604,2555,0,2620.8,58.9,58,2262.7,1555.4,570.6,136.7
2020,"Kilcommon, Co.Tipperary, 23125",Kilcommon,Tipperary,23125,23125,23125,Kilcommon,TIPPERARY,29,42,0,163,2150,1987,2326,1617.3,58.8,58.5,1220,807,403.4,9.6
2020,"Kilcoran, Co.Tipperary, 23126",Kilcoran,Tipperary,23126,23126,23126,Kilcoran,TIPPERARY,26.3,62,1176,136,4111,2799,4465,3428.2,56.6,56.5,1631.6,1589.6,0,42
2020,"Mortlestown, Co.Tipperary, 23127",Mortlestown,Tipperary,23127,23127,23127,Mortlestown,TIPPERARY,36.9,39,909,189,2968,1870,0,2117.6,57.2,57,1438.2,942.7,440.6,54.9
2020,"Newcastle, Co.Tipperary, 23128",Newcastle,Tipperary,23128,23128,23128,Newcastle,TIPPERARY,41.6,47,1357,261,3743,2125,7621,3514.3,52.9,53,1953.1,1930.9,0,22.2
2020,"Tubbrid, Co.Tipperary, 23129",Tubbrid,Tipperary,23129,23129,23129,Tubbrid,TIPPERARY,31.2,69,1140,272,4453,3041,1502,3439.6,58.9,61,2151.6,1763.4,345.7,42.5
2020,"Tullaghmelan, Co.Tipperary, 23130",Tullaghmelan,Tipperary,23130,23130,23130,Tullaghmelan,TIPPERARY,54.8,38,1304,126,3779,2349,0,2841.7,62.3,62.5,2083.1,1354.3,603.3,125.5
2020,"Tullaghorton, Co.Tipperary, 23131",Tullaghorton,Tipperary,23131,23131,23131,Tullaghorton,TIPPERARY,26.8,34,489,72,1899,1338,3050,1699.3,54.4,53,911.7,861.5,35.8,14.4
2020,"Ballyclerahan, Co.Tipperary, 23132",Ballyclerahan,Tipperary,23132,23132,23132,Ballyclerahan,TIPPERARY,56.4,39,1199,203,4532,3130,0,3325.2,56.8,58,2207.5,1726,385.8,95.7
2020,"Clonmel Rural, Co.Tipperary, 23133",Clonmel Rural,Tipperary,23133,23133,23133,Clonmel Rural,TIPPERARY,44.3,34,814,140,2427,1473,0,6713.2,56.5,55.5,1505.7,962.1,401.6,142
2020,"Inishlounaght, Co.Tipperary, 23134",Inishlounaght,Tipperary,23134,23134,23134,Inishlounaght,TIPPERARY,59.4,34,1277,219,4584,3088,0,3268.1,52.1,55.5,2022.9,1663,313.2,46.7
2020,"Kilcash, Co.Tipperary, 23135",Kilcash,Tipperary,23135,23135,23135,Kilcash,TIPPERARY,70.4,42,753,167,3733,2813,923,2973.2,56.3,56.5,2958.3,2329.6,559.7,69
2020,"Kilsheelan / Killaloan, Co.Tipperary, 23137/23136",Kilsheelan / Killaloan,Tipperary,23137/23136,23137/23136,23137/23136,Kilsheelan / Killaloan,TIPPERARY,73.7,35,1343,218,3739,2178,359,2974.8,58,57,2580.3,1728.7,653.9,197.7
2020,"Kiltinan, Co.Tipperary, 23138",Kiltinan,Tipperary,23138,23138,23138,Kiltinan,TIPPERARY,41,39,0,272,1452,1180,2925,1227.5,58.3,58,1599.1,1162.4,415.8,20.9
2020,"Lisronagh, Co.Tipperary, 23139",Lisronagh,Tipperary,23139,23139,23139,Lisronagh,TIPPERARY,41.3,29,629,160,2511,1722,0,1958.9,51.7,50,1197.4,1010.9,0,186.5
2020,"Anner, Co.Tipperary, 23140",Anner,Tipperary,23140,23140,23140,Anner,TIPPERARY,37.7,47,1384,388,4927,3155,490,3486.2,53.4,51,1770.5,1749.7,0,20.8
2020,"Ballingarry, Co.Tipperary, 23141",Ballingarry,Tipperary,23141,23141,23141,Ballingarry,TIPPERARY,63.2,39,2092,597,7134,4445,957,7592.1,54.8,57,2464.8,2351.3,0,113.5
2020,"Ballyphilip, Co.Tipperary, 23142",Ballyphilip,Tipperary,23142,23142,23142,Ballyphilip,TIPPERARY,36.4,35,793,279,3495,2423,0,2590.3,57.9,56,1273.9,1243.3,0,30.6
2020,"Buolick, Co.Tipperary, 23143",Buolick,Tipperary,23143,23143,23143,Buolick,TIPPERARY,44,42,1434,454,4620,2732,2773,3680.2,53.9,53.5,1847.2,1752.7,85.2,9.3
2020,"Crohane, Co.Tipperary, 23144",Crohane,Tipperary,23144,23144,23144,Crohane,TIPPERARY,36.7,35,814,126,3240,2300,289,2281.4,57.4,57,1284.2,1265.1,0,19.1
2020,"Farranrory, Co.Tipperary, 23145",Farranrory,Tipperary,23145,23145,23145,Farranrory,TIPPERARY,54.2,46,1541,646,6371,4184,0,4493.6,53,50.5,2492.7,2425.9,0,66.8
2020,"Fennor, Co.Tipperary, 23146",Fennor,Tipperary,23146,23146,23146,Fennor,TIPPERARY,49.6,39,1574,156,5171,3441,0,5814.6,53,48,1935.4,1774.5,146.1,14.8
2020,"Kilcooly, Co.Tipperary, 23147",Kilcooly,Tipperary,23147,23147,23147,Kilcooly,TIPPERARY,46.9,25,1035,194,3397,2168,0,2688.4,49.6,49,1173.4,1167.4,0,6
2020,"Kilvemnon, Co.Tipperary, 23148",Kilvemnon,Tipperary,23148,23148,23148,Kilvemnon,TIPPERARY,40.7,33,1045,213,3611,2353,0,2623.1,52.1,52,1341.8,1316.7,0,25.1
2020,"Modeshil, Co.Tipperary, 23149",Modeshil,Tipperary,23149,23149,23149,Modeshil,TIPPERARY,42.8,47,1476,536,5560,3548,636,4084.5,57.5,58,2011.9,1978.9,0,33
2020,"Mullinahone, Co.Tipperary, 23150",Mullinahone,Tipperary,23150,23150,23150,Mullinahone,TIPPERARY,45.2,30,1542,195,3652,1915,0,2776.3,54.6,56.5,1357.2,1275,0,82.2
2020,"New Birmingham, Co.Tipperary, 23151",New Birmingham,Tipperary,23151,23151,23151,New Birmingham,TIPPERARY,36,34,515,364,2865,1986,1741,2254.2,56.9,57,1224.9,1193.8,0,31.1
2020,"Poyntstown, Co.Tipperary, 23152",Poyntstown,Tipperary,23152,23152,23152,Poyntstown,TIPPERARY,40,17,0,263,1558,1295,0,1075.5,56.6,57,680,601.4,0,78.6
2020,"Ballycarron, Co.Tipperary, 23153",Ballycarron,Tipperary,23153,23153,23153,Ballycarron,TIPPERARY,56.6,30,1579,155,4438,2704,0,3251,55.2,54,1698,1618.5,66.6,12.9
2020,"Ballygriffin, Co.Tipperary, 23154",Ballygriffin,Tipperary,23154,23154,23154,Ballygriffin,TIPPERARY,54,24,1487,98,3580,1995,0,2813.2,55.5,56,1296.1,1262,0,34.1
2020,"Ballykisteen, Co.Tipperary, 23155",Ballykisteen,Tipperary,23155,23155,23155,Ballykisteen,TIPPERARY,32.4,38,1069,149,2818,1600,0,2171.5,56.3,56.5,1230.7,1228.6,0,2.1
2020,"Bansha, Co.Tipperary, 23156",Bansha,Tipperary,23156,23156,23156,Bansha,TIPPERARY,38.7,46,1111,242,3555,2202,0,6600.8,57.5,55.5,1780.5,1415.7,303.2,61.6
2020,"Bruis, Co.Tipperary, 23157",Bruis,Tipperary,23157,23157,23157,Bruis,TIPPERARY,42.2,28,982,173,2587,1432,0,2023.1,52,50.5,1180.7,1175.4,0,5.3
2020,"Cappagh, Co.Tipperary, 23158",Cappagh,Tipperary,23158,23158,23158,Cappagh,TIPPERARY,32.1,53,978,474,3556,2104,0,2564.4,54.1,54,1698.8,1695.4,0,3.4
2020,"Clonbeg, Co.Tipperary, 23159",Clonbeg,Tipperary,23159,23159,23159,Clonbeg,TIPPERARY,29.4,96,1273,868,6344,4203,7202,5112,55.5,57,2822.3,2810.7,0,11.6
2020,"Cullen, Co.Tipperary, 23160",Cullen,Tipperary,23160,23160,23160,Cullen,TIPPERARY,38.1,36,1159,385,3734,2190,0,2705.8,58.3,59,1372.3,1372.2,0,0.1
2020,"Curraheen, Co.Tipperary, 23161",Curraheen,Tipperary,23161,23161,23161,Curraheen,TIPPERARY,45.6,41,579,408,3167,2180,0,2220.1,55.1,57,1867.9,1865.1,0,2.8
2020,"Donohill, Co.Tipperary, 23162",Donohill,Tipperary,23162,23162,23162,Donohill,TIPPERARY,32.5,71,1535,478,5011,2998,0,3553.6,56.9,60,2307.1,2305.4,0,1.7
2020,"Drumwood, Co.Tipperary, 23163",Drumwood,Tipperary,23163,23163,23163,Drumwood,TIPPERARY,31.6,52,910,336,4065,2819,0,2862.3,57.1,56.5,1642,1640.5,0,1.5
2020,"Emly, Co.Tipperary, 23164",Emly,Tipperary,23164,23164,23164,Emly,TIPPERARY,39.4,54,1299,364,5304,3641,319,3791,53.4,52,2128.7,2123.2,0,5.5
2020,"Glengar, Co.Tipperary, 23165",Glengar,Tipperary,23165,23165,23165,Glengar,TIPPERARY,30.8,43,372,401,1882,1109,0,1288.7,61.3,60,1323.2,1323,0,0.2
2020,"Golden, Co.Tipperary, 23166",Golden,Tipperary,23166,23166,23166,Golden,TIPPERARY,50.5,37,916,176,3018,1926,0,2803.2,60.5,65,1869.5,1448.7,0,420.8
2020,"Kilfeakle, Co.Tipperary, 23167",Kilfeakle,Tipperary,23167,23167,23167,Kilfeakle,TIPPERARY,37.8,49,1346,210,4659,3103,582,3585.5,56,55,1854.4,1741.7,71.9,40.8
2020,"Killadriffe, Co.Tipperary, 23168",Killadriffe,Tipperary,23168,23168,23168,Killadriffe,TIPPERARY,26.5,41,504,211,2280,1565,0,1941.8,57.9,58,1087.5,966.5,0,121
2020,"Kilmucklin, Co.Tipperary, 23169",Kilmucklin,Tipperary,23169,23169,23169,Kilmucklin,TIPPERARY,41.3,52,1393,300,4482,2789,0,3395.9,53.1,54,2148.4,2147.3,0,1.1
2020,"Lattin, Co.Tipperary, 23170",Lattin,Tipperary,23170,23170,23170,Lattin,TIPPERARY,46.5,29,1143,174,3103,1786,0,2312.8,56.5,57,1347.3,1343.7,0,3.6
2020,"Rathlynin, Co.Tipperary, 23171",Rathlynin,Tipperary,23171,23171,23171,Rathlynin,TIPPERARY,60.2,25,2063,41,4509,2405,0,3455.7,52.7,51,1504.1,1499.1,0,5
2020,"Rodus, Co.Tipperary, 23172",Rodus,Tipperary,23172,23172,23172,Rodus,TIPPERARY,34.3,52,873,383,4003,2747,0,3041.8,58.2,58,1785.8,1785.8,0,0
2020,"Shronell, Co.Tipperary, 23173",Shronell,Tipperary,23173,23173,23173,Shronell,TIPPERARY,36.6,38,1073,168,3331,2090,0,2502.9,56.3,59.5,1391.6,1391.6,0,0
2020,"Solloghodbeg, Co.Tipperary, 23174",Solloghodbeg,Tipperary,23174,23174,23174,Solloghodbeg,TIPPERARY,39,25,537,96,2071,1438,0,1517.9,57,57,976.1,973.5,0,2.6
2020,"Templeneiry, Co.Tipperary, 23175",Templeneiry,Tipperary,23175,23175,23175,Templeneiry,TIPPERARY,35.4,47,1525,315,3705,1865,3076,3150.7,59.5,62,1663.8,1650,0,13.8
2020,"Thomastown, Co.Tipperary, 23176",Thomastown,Tipperary,23176,23176,23176,Thomastown,TIPPERARY,55.8,35,1628,112,4614,2874,0,3500,58.3,59,1953.5,1692.6,230.8,30.1
2020,"Tipperary Rural, Co.Tipperary, 23177",Tipperary Rural,Tipperary,23177,23177,23177,Tipperary Rural,TIPPERARY,32.4,87,2155,372,6739,4212,0,5041.5,55.4,54,2819.4,2716.4,0,103
2020,"Gracedieu, Co.Waterford, 24016",Gracedieu,Waterford,24016,24016,24016,Gracedieu,WATERFORD,30.1,10,0,0,445,445,0,1084.1,58,58.5,301.5,263.2,0,38.3
2020,"Grange South, Co.Waterford, 24018",Grange South,Waterford,24018,24018,24018,Grange South,WATERFORD,108.2,6,0,0,0,0,0,0,53.2,53,649.3,583.7,0,65.6
2020,"Kilbarry, Co.Waterford, 24020",Kilbarry,Waterford,24020,24020,24020,Kilbarry,WATERFORD,53.3,5,0,0,0,0,0,0,56.2,58,266.4,245.3,0,21.1
2020,"Ballydurn, Co.Waterford, 25003",Ballydurn,Waterford,25003,25003,25003,Ballydurn,WATERFORD,64.8,24,1008,223,3017,1786,3695,2569.7,56.2,57,1554.1,1544.8,0,9.3
2020,"Carrickbeg Rural, Co.Waterford, 25004",Carrickbeg Rural,Waterford,25004,25004,25004,Carrickbeg Rural,WATERFORD,62.5,20,1091,213,2633,1329,0,2060.3,58.8,56.5,1249,1147.9,0,101.1
2020,"Clonea, Co.Waterford, 25005",Clonea,Waterford,25005,25005,25005,Clonea,WATERFORD,54.8,30,1655,376,4597,2566,0,3427.8,56.4,58.5,1643.1,1641.9,0,1.2
2020,"Fenoagh, Co.Waterford, 25006",Fenoagh,Waterford,25006,25006,25006,Fenoagh,WATERFORD,45.7,17,735,65,1789,989,397,4814.2,60.1,63,776.8,757.6,0,19.2
2020,"Glen, Co.Waterford, 25007",Glen,Waterford,25007,25007,25007,Glen,WATERFORD,58.6,52,2482,277,7968,5209,1864,6078.1,53.7,53.5,3049.2,2731.4,0,317.8
2020,"Kilmeadan, Co.Waterford, 25008",Kilmeadan,Waterford,25008,25008,25008,Kilmeadan,WATERFORD,37.2,37,1006,451,3497,2040,0,2618,57.8,56,1375.6,1341.2,0,34.4
2020,"Mothel, Co.Waterford, 25009",Mothel,Waterford,25009,25009,25009,Mothel,WATERFORD,47.8,30,1642,17,4166,2507,0,3171.6,54.1,55,1433.9,1374.7,0,59.2
2020,"Portlaw, Co.Waterford, 25010",Portlaw,Waterford,25010,25010,25010,Portlaw,WATERFORD,118,18,895,426,2981,1660,0,2490.5,52.2,57,2157.4,1471.1,507,179.3
2020,"Rathgormuck, Co.Waterford, 25011",Rathgormuck,Waterford,25011,25011,25011,Rathgormuck,WATERFORD,92.4,38,1145,296,4234,2793,11073,4129.2,55.8,60,3510.3,3311.5,0,198.8
2020,"Ross, Co.Waterford, 25012",Ross,Waterford,25012,25012,25012,Ross,WATERFORD,74.4,24,1112,306,3803,2385,7960,4141.3,56.5,58,1785.9,1784.8,0,1.1
2020,"Ballymacarbry, Co.Waterford, 25013",Ballymacarbry,Waterford,25013,25013,25013,Ballymacarbry,WATERFORD,49.1,34,1589,220,3477,1668,0,2796.4,56.9,57,1668.9,1610.6,0,58.3
2020,"Graignagower, Co.Waterford, 25014",Graignagower,Waterford,25014,25014,25014,Graignagower,WATERFORD,43.6,49,1483,443,4774,2848,2012,3770.5,55.1,59,2137,2121.4,0,15.6
2020,"Gurteen, Co.Waterford, 25015",Gurteen,Waterford,25015,25015,25015,Gurteen,WATERFORD,39.1,43,604,325,2548,1619,7082,2541.1,52.2,54,1679.9,1678.9,0,1
2020,"Kilmacomma, Co.Waterford, 25016",Kilmacomma,Waterford,25016,25016,25016,Kilmacomma,WATERFORD,38.6,21,0,53,828,775,755,762.6,55.6,52,811.1,610.5,0,200.6
2020,"Kilronan, Co.Waterford, 25017",Kilronan,Waterford,25017,25017,25017,Kilronan,WATERFORD,24.8,14,0,129,765,636,0,539.4,54.2,58,347.8,347.8,0,0
2020,"St. Mary's, Co.Waterford, 25018",St. Mary's,Waterford,25018,25018,25018,St. Mary's,WATERFORD,28.5,31,0,89,472,383,4945,827.9,59.5,62,883.8,882.2,0,1.6
2020,"Aird Mhór, Co.Waterford, 25019",Aird Mhór,Waterford,25019,25019,25019,Aird Mhór,WATERFORD,45.6,26,789,195,2757,1773,0,1970.3,54.9,52,1185.8,1143.2,0,42.6
2020,"Baile Mhac Airt, Co.Waterford, 25020",Baile Mhac Airt,Waterford,25020,25020,25020,Baile Mhac Airt,WATERFORD,70.7,34,1439,535,5754,3780,0,5879.1,59.3,61,2402.8,2325.5,0,77.3
2020,"Bohadoon, Co.Waterford, 25021",Bohadoon,Waterford,25021,25021,25021,Bohadoon,WATERFORD,48,31,1320,142,3669,2207,1655,2906.5,53.3,52,1487.4,1465.6,0,21.8
2020,"Cappagh, Co.Waterford, 25022",Cappagh,Waterford,25022,25022,25022,Cappagh,WATERFORD,35.3,26,1097,129,2449,1223,0,1929.1,61.7,59.5,918.2,858.8,0,59.4
2020,"Carriglea, Co.Waterford, 25023",Carriglea,Waterford,25023,25023,25023,Carriglea,WATERFORD,37.6,31,712,131,2273,1430,0,1733.2,57.1,57,1166.3,1018.1,0,148.2
2020,"Clonea, Co.Waterford, 25024",Clonea,Waterford,25024,25024,25024,Clonea,WATERFORD,31.4,42,919,129,3153,2105,0,2455.3,53.2,55.5,1318.9,1285.1,0,33.8
2020,"Colligan, Co.Waterford, 25025",Colligan,Waterford,25025,25025,25025,Colligan,WATERFORD,49.8,39,2271,184,4232,1777,0,3444.4,53.9,51,1940.8,1887.8,0,53
2020,"Coumaraglin, Co.Waterford, 25026",Coumaraglin,Waterford,25026,25026,25026,Coumaraglin,WATERFORD,39.6,30,844,105,2347,1398,7568,4045.6,56.5,55,1187.4,1187.4,0,0
2020,"Dromana, Co.Waterford, 25027",Dromana,Waterford,25027,25027,25027,Dromana,WATERFORD,37.8,21,876,195,2305,1234,0,2463.3,49.9,47,793.8,789.4,0,4.4
2020,"Dromore, Co.Waterford, 25028",Dromore,Waterford,25028,25028,25028,Dromore,WATERFORD,49.8,27,0,395,2380,1985,0,1856.7,55.8,55,1344.3,1125,176.5,42.8
2020,"Dungarvan Rural, Co.Waterford, 25029",Dungarvan Rural,Waterford,25029,25029,25029,Dungarvan Rural,WATERFORD,46.6,30,1369,151,3495,1975,0,5699.2,62,59.5,1398.7,1300.5,0,98.2
2020,"Keereen, Co.Waterford, 25030",Keereen,Waterford,25030,25030,25030,Keereen,WATERFORD,48.7,20,442,237,1976,1297,0,1361.9,54.4,54,973.4,775.3,122.8,75.3
2020,"Knockaunbrandaun, Co.Waterford, 25031",Knockaunbrandaun,Waterford,25031,25031,25031,Knockaunbrandaun,WATERFORD,54.8,31,361,230,1618,1027,4479,1588.6,56.3,55,1699.2,1697,0,2.2
2020,"Modelligo, Co.Waterford, 25032",Modelligo,Waterford,25032,25032,25032,Modelligo,WATERFORD,47.5,34,1800,262,4867,2805,0,4348.8,53.1,52,1613.5,1597.7,0,15.8
2020,"Mountstuart, Co.Waterford, 25033",Mountstuart,Waterford,25033,25033,25033,Mountstuart,WATERFORD,45.4,22,0,301,2344,2043,0,1655.4,56.2,56.5,998.6,996.5,0,2.1
2020,"An Rinn, Co.Waterford, 25034",An Rinn,Waterford,25034,25034,25034,An Rinn,WATERFORD,52.4,32,1693,224,3928,2011,0,3071.9,57.1,56,1675.2,1610.5,0,64.7
2020,"Seskinan, Co.Waterford, 25035",Seskinan,Waterford,25035,25035,25035,Seskinan,WATERFORD,35.8,38,829,114,2740,1797,1660,2141.2,55.1,54,1361.2,1355,0,6.2
2020,"Whitechurch, Co.Waterford, 25036",Whitechurch,Waterford,25036,25036,25036,Whitechurch,WATERFORD,54.7,21,1540,175,3179,1464,0,5063.4,58,56,1149.7,1100.3,0,49.4
2020,"Annestown, Co.Waterford, 25037",Annestown,Waterford,25037,25037,25037,Annestown,WATERFORD,41.5,27,1141,522,3478,1815,0,3700.5,57.1,57,1118.9,1083.5,0,35.4
2020,"Ballylaneen, Co.Waterford, 25038",Ballylaneen,Waterford,25038,25038,25038,Ballylaneen,WATERFORD,52,24,1283,184,2870,1403,0,2311,54.8,54,1249,1174.2,0,74.8
2020,"Carrigcastle, Co.Waterford, 25039",Carrigcastle,Waterford,25039,25039,25039,Carrigcastle,WATERFORD,32.7,25,467,186,1790,1137,0,1317.9,62,66,818.6,795.3,0,23.3
2020,"Comeragh, Co.Waterford, 25040",Comeragh,Waterford,25040,25040,25040,Comeragh,WATERFORD,44.3,34,652,265,2677,1760,3802,2254.2,59.9,60.5,1507.8,1488.1,0,19.7
2020,"Dunhill, Co.Waterford, 25041",Dunhill,Waterford,25041,25041,25041,Dunhill,WATERFORD,60.5,16,821,66,1974,1087,0,1511.4,52.8,53.5,969.5,793.4,92.9,83.2
2020,"Fews, Co.Waterford, 25042",Fews,Waterford,25042,25042,25042,Fews,WATERFORD,49.5,20,685,162,2398,1551,1254,1904.7,60.5,59,989.8,981,0,8.8
2020,"Fox's Castle, Co.Waterford, 25043",Fox's Castle,Waterford,25043,25043,25043,Fox's Castle,WATERFORD,45.4,38,1788,327,4780,2665,1082,3743.4,53.8,54,1724.4,1707.8,0,16.6
2020,"Gardenmorris, Co.Waterford, 25044",Gardenmorris,Waterford,25044,25044,25044,Gardenmorris,WATERFORD,64.6,16,838,188,3183,2157,0,2347.4,56.8,54,1034.2,978.9,0,55.3
2020,"Georgestown, Co.Waterford, 25045",Georgestown,Waterford,25045,25045,25045,Georgestown,WATERFORD,40,15,0,0,1299,1299,0,1001.3,54.1,55,599.4,581.7,0,17.7
2020,"Kilbarrymeaden, Co.Waterford, 25046",Kilbarrymeaden,Waterford,25046,25046,25046,Kilbarrymeaden,WATERFORD,41,9,0,0,984,984,0,716,48.8,47,369.1,359.1,0,10
2020,"Kilmacthomas, Co.Waterford, 25047",Kilmacthomas,Waterford,25047,25047,25047,Kilmacthomas,WATERFORD,50.6,34,1487,442,5075,3146,0,3602.5,54.3,56.5,1720.8,1524.5,174.6,21.7
2020,"Knockmahon, Co.Waterford, 25048",Knockmahon,Waterford,25048,25048,25048,Knockmahon,WATERFORD,46.7,19,599,158,2246,1489,422,1661,56.9,56,886.8,865.3,0,21.5
2020,"Mountkennedy, Co.Waterford, 25049",Mountkennedy,Waterford,25049,25049,25049,Mountkennedy,WATERFORD,40.7,41,488,302,2698,1908,3282,2179.3,61,65,1670.3,1601.5,0,68.8
2020,"Newtown, Co.Waterford, 25050",Newtown,Waterford,25050,25050,25050,Newtown,WATERFORD,57.5,29,1351,101,3922,2470,0,3112.7,54.6,56,1668.4,1596.3,0,72.1
2020,"Stradbally, Co.Waterford, 25051",Stradbally,Waterford,25051,25051,25051,Stradbally,WATERFORD,42.3,28,972,243,2739,1524,0,2087.1,56.5,56,1183.2,1163.8,0,19.4
2020,"Tinnasaggart, Co.Waterford, 25052",Tinnasaggart,Waterford,25052,25052,25052,Tinnasaggart,WATERFORD,70.3,8,0,0,884,884,2900,900.5,55.9,55,562.1,562.1,0,0
2020,"Ballyduff, Co.Waterford, 25053",Ballyduff,Waterford,25053,25053,25053,Ballyduff,WATERFORD,28.2,40,776,91,2656,1789,0,1937.6,50.7,49.5,1129.1,1123.3,0,5.8
2020,"Ballyhane, Co.Waterford, 25054",Ballyhane,Waterford,25054,25054,25054,Ballyhane,WATERFORD,37.8,34,919,68,2781,1794,0,2089.9,60.2,59,1284.6,1012.5,124.3,147.8
2020,"Ballyin, Co.Waterford, 25055",Ballyin,Waterford,25055,25055,25055,Ballyin,WATERFORD,32.7,60,1034,382,4119,2703,2690,3278,56.2,57,1959.2,1825.3,0,133.9
2020,"Ballynamult, Co.Waterford, 25056",Ballynamult,Waterford,25056,25056,25056,Ballynamult,WATERFORD,48,32,1330,337,3830,2163,1925,3573,56.2,52,1534.8,1517.1,0,17.7
2020,"Ballysaggartmore, Co.Waterford, 25057",Ballysaggartmore,Waterford,25057,25057,25057,Ballysaggartmore,WATERFORD,37.6,57,1524,293,4688,2871,581,3501.3,54.7,54,2143.3,2068.8,0,74.5
2020,"Cappoquin, Co.Waterford, 25058",Cappoquin,Waterford,25058,25058,25058,Cappoquin,WATERFORD,48.6,54,2050,432,5151,2669,666,4658.1,53,51,2623.5,2091.1,337.5,194.9
2020,"Castlerichard, Co.Waterford, 25059",Castlerichard,Waterford,25059,25059,25059,Castlerichard,WATERFORD,67.5,42,2106,327,5876,3443,605,4598,56.2,55,2834.6,2351.3,352.8,130.5
2020,"Drumroe, Co.Waterford, 25060",Drumroe,Waterford,25060,25060,25060,Drumroe,WATERFORD,52.3,24,497,182,2080,1401,0,1665,59.5,60.5,1255,893.9,181.4,179.7
2020,"Gortnapeaky, Co.Waterford, 25061",Gortnapeaky,Waterford,25061,25061,25061,Gortnapeaky,WATERFORD,39.7,12,0,82,1177,1095,0,864.2,60.3,55,476.6,475.3,0,1.3
2020,"Kilcockan, Co.Waterford, 25062",Kilcockan,Waterford,25062,25062,25062,Kilcockan,WATERFORD,34.9,21,593,138,1540,809,0,1173.1,52.6,57,733.9,616.4,74.4,43.1
2020,"Kilwatermoy East, Co.Waterford, 25063",Kilwatermoy East,Waterford,25063,25063,25063,Kilwatermoy East,WATERFORD,62.3,19,1226,0,2818,1592,0,2089.1,60.4,58,1183,880.2,0,302.8
2020,"Kilwatermoy West, Co.Waterford, 25064",Kilwatermoy West,Waterford,25064,25064,25064,Kilwatermoy West,WATERFORD,55.8,22,0,96,2048,1952,0,1731,59.5,60.5,1226.8,875,286,65.8
2020,"Lismore Rural, Co.Waterford, 25065",Lismore Rural,Waterford,25065,25065,25065,Lismore Rural,WATERFORD,37.4,54,1522,594,4742,2626,1479,3688.3,60.9,60,2021.8,1818.7,113.9,89.2
2020,"Mocollop, Co.Waterford, 25067",Mocollop,Waterford,25067,25067,25067,Mocollop,WATERFORD,46.4,37,1252,355,4454,2847,0,3202,52.2,53,1717.3,1690.7,0,26.6
2020,"Modelligo, Co.Waterford, 25068",Modelligo,Waterford,25068,25068,25068,Modelligo,WATERFORD,56.5,22,1519,60,3235,1656,0,3303,54.1,53,1242.8,1180.2,0,62.6
2020,"Tallow, Co.Waterford, 25069",Tallow,Waterford,25069,25069,25069,Tallow,WATERFORD,43.9,32,1516,24,3457,1917,0,2854.2,54.1,55,1404.4,1287,0,117.4
2020,"Ballynakill (Part Rural), Co.Waterford, 25070",Ballynakill (Part Rural),Waterford,25070,25070,25070,Ballynakill (Part Rural),WATERFORD,48.9,15,0,109,1597,1488,0,1216.8,53.4,53,733.3,699.8,0,33.5
2020,"Drumcannon, Co.Waterford, 25071",Drumcannon,Waterford,25071,25071,25071,Drumcannon,WATERFORD,47.5,18,0,262,2009,1747,0,1443.4,55.3,52,854.5,791.7,0,62.8
2020,"Faithlegg (Part Rural), Co.Waterford, 25072",Faithlegg (Part Rural),Waterford,25072,25072,25072,Faithlegg (Part Rural),WATERFORD,47.8,37,1526,376,4805,2903,0,3488.9,52.3,56,1768,1554.9,153.8,59.3
2020,"Islandikane, Co.Waterford, 25073",Islandikane,Waterford,25073,25073,25073,Islandikane,WATERFORD,37.7,44,1382,228,3785,2175,0,2924.8,57.5,57,1659,1626.3,0,32.7
2020,"Kilbarry (Part Rural), Co.Waterford, 25074",Kilbarry (Part Rural),Waterford,25074,25074,25074,Kilbarry (Part Rural),WATERFORD,50.7,11,0,0,880,880,0,690.9,50.9,42,557.2,482.3,0,74.9
2020,"Killea, Co.Waterford, 25075",Killea,Waterford,25075,25075,25075,Killea,WATERFORD,57.4,26,712,266,2785,1807,0,1975.6,59.9,57.5,1493.7,1282.4,173.4,37.9
2020,"Killoteran, Co.Waterford, 25076",Killoteran,Waterford,25076,25076,25076,Killoteran,WATERFORD,44.3,16,787,210,1995,998,0,1525.7,58.2,60.5,708.8,704.2,0,4.6
2020,"Kilmacleague, Co.Waterford, 25077",Kilmacleague,Waterford,25077,25077,25077,Kilmacleague,WATERFORD,62.9,19,982,173,2652,1497,0,1988.8,54.6,53,1195.5,1108.2,0,87.3
2020,"Kilmeadan, Co.Waterford, 25078",Kilmeadan,Waterford,25078,25078,25078,Kilmeadan,WATERFORD,55.8,30,920,266,3115,1929,0,2309.1,58.8,58.5,1674.7,1562.6,0,112.1
2020,"Newcastle, Co.Waterford, 25079",Newcastle,Waterford,25079,25079,25079,Newcastle,WATERFORD,51.6,28,1413,97,4092,2582,0,3050.5,58.9,63,1444.4,1424.3,0,20.1
2020,"Pembrokestown, Co.Waterford, 25080",Pembrokestown,Waterford,25080,25080,25080,Pembrokestown,WATERFORD,53.7,24,979,223,2709,1507,0,2092.6,56.9,56,1288.1,1174.4,0,113.7
2020,"Rathmoylan, Co.Waterford, 25081",Rathmoylan,Waterford,25081,25081,25081,Rathmoylan,WATERFORD,33.1,22,468,113,1608,1027,0,1252.6,56,55.5,727.1,697.1,0,30
2020,"Reisk, Co.Waterford, 25082",Reisk,Waterford,25082,25082,25082,Reisk,WATERFORD,43.7,35,1326,157,4392,2909,0,9119.9,59.1,59,1531.2,1512.5,0,18.7
2020,"Tramore, Co.Waterford, 25083",Tramore,Waterford,25083,25083,25083,Tramore,WATERFORD,30.5,18,0,0,1054,1054,0,6649.8,60.2,60,563.7,510.4,0,53.3
2020,"Woodstown, Co.Waterford, 25084",Woodstown,Waterford,25084,25084,25084,Woodstown,WATERFORD,27.4,32,0,158,1695,1537,0,1246.7,58.8,58,881.2,804.9,57.2,19.1
2020,"Ardmore, Co.Waterford, 25085",Ardmore,Waterford,25085,25085,25085,Ardmore,WATERFORD,34.4,18,0,0,1123,1123,0,897.3,57.7,59,652.4,476.4,82.9,93.1
2020,"Ballyheeny, Co.Waterford, 25086",Ballyheeny,Waterford,25086,25086,25086,Ballyheeny,WATERFORD,31.9,32,880,145,2635,1610,0,2062,55.9,57,1020.6,956.3,0,64.3
2020,"Clashmore, Co.Waterford, 25087",Clashmore,Waterford,25087,25087,25087,Clashmore,WATERFORD,60.9,24,1049,187,3711,2475,0,2733.6,55.5,56.5,1462.7,1417.5,0,45.2
2020,"Glenwilliam, Co.Waterford, 25088",Glenwilliam,Waterford,25088,25088,25088,Glenwilliam,WATERFORD,42.9,14,0,157,1333,1176,0,1018.4,55,56,601.3,562.1,0,39.2
2020,"Grallagh, Co.Waterford, 25089",Grallagh,Waterford,25089,25089,25089,Grallagh,WATERFORD,49.4,29,1227,212,3572,2133,0,2722.1,55.4,54,1432.3,1403.8,0,28.5
2020,"Grange, Co.Waterford, 25090",Grange,Waterford,25090,25090,25090,Grange,WATERFORD,34.8,22,741,34,2117,1342,0,1791.4,60.5,63.5,777.8,642.9,77.7,57.2
2020,"Kinsalebeg, Co.Waterford, 25091",Kinsalebeg,Waterford,25091,25091,25091,Kinsalebeg,WATERFORD,38.7,31,637,185,2342,1520,1031,1902.9,60.9,63,1200.3,1043.5,116.3,40.5
2020,"Templemichael, Co.Waterford, 25092",Templemichael,Waterford,25092,25092,25092,Templemichael,WATERFORD,48.2,57,2306,167,6150,3677,0,4592.2,57.8,57,2745.5,2073.5,567.7,104.3
2020,"Bearna, Co.Galway, 26003",Bearna,Galway,26003,26003,26003,Bearna,GALWAY,11.3,16,0,57,171,114,0,115.9,67.5,72,180.2,180.2,0,0
2020,"Mionlach, Co.Galway, 26010",Mionlach,Galway,26010,26010,26010,Mionlach,GALWAY,17.1,12,0,87,266,179,0,199.5,57.6,64.5,205.2,205.2,0,0
2020,"Rahoon, Co.Galway, 26015",Rahoon,Galway,26015,26015,26015,Rahoon,GALWAY,9.3,7,0,0,70,70,0,49.1,69.3,78,64.8,64.8,0,0
2020,"Ballinasloe Urban, Co.Galway, 27001",Ballinasloe Urban,Galway,27001,27001,27001,Ballinasloe Urban,GALWAY,30.8,25,0,200,1358,1158,1089,1096.4,60.4,63,770.1,763.3,0,6.8
2020,"Abbeygormacan, Co.Galway, 27002",Abbeygormacan,Galway,27002,27002,27002,Abbeygormacan,GALWAY,31.3,76,0,765,3975,3210,3279,3134.2,57.4,58.5,2376.7,2318.7,0,58
2020,"Ahascragh, Co.Galway, 27003",Ahascragh,Galway,27003,27003,27003,Ahascragh,GALWAY,33.5,67,0,714,3860,3146,4900,3114.4,57.7,57,2246.7,2215.7,0,31
2020,"Aughrim, Co.Galway, 27004",Aughrim,Galway,27004,27004,27004,Aughrim,GALWAY,29.1,66,0,667,2703,2036,4108,2199.1,57,57,1923.8,1868.3,0,55.5
2020,"Ballinasloe Rural, Co.Galway, 27005",Ballinasloe Rural,Galway,27005,27005,27005,Ballinasloe Rural,GALWAY,25.2,39,0,328,1526,1198,1436,1215.9,58.5,58,982.2,951.4,0,30.8
2020,"Ballymacward, Co.Galway, 27006",Ballymacward,Galway,27006,27006,27006,Ballymacward,GALWAY,31.8,50,0,400,1803,1403,5062,1759.5,58.8,61,1587.7,1570.5,0,17.2
2020,"Clonfert, Co.Galway, 27007",Clonfert,Galway,27007,27007,27007,Clonfert,GALWAY,33.2,71,625,686,4639,3328,4962,3757.7,59.1,60,2356.6,2318.7,0,37.9
2020,"Clontuskert, Co.Galway, 27008",Clontuskert,Galway,27008,27008,27008,Clontuskert,GALWAY,34.3,41,0,331,2040,1709,3709,1820.8,58.5,59,1407.1,1387.1,0,20
2020,"Kellysgrove, Co.Galway, 27009",Kellysgrove,Galway,27009,27009,27009,Kellysgrove,GALWAY,40.8,60,341,826,3919,2752,5861,3336.5,55.4,56,2448.7,2410.5,0,38.2
2020,"Kilconnell, Co.Galway, 27010",Kilconnell,Galway,27010,27010,27010,Kilconnell,GALWAY,28.4,75,0,645,2426,1781,8235,2495.2,60.1,60,2128.9,2010.1,0,118.8
2020,"Killaan, Co.Galway, 27011",Killaan,Galway,27011,27011,27011,Killaan,GALWAY,28.3,67,0,513,2018,1505,4024,2910.5,60.7,58,1893.3,1862.3,0,31
2020,"Killallaghtan, Co.Galway, 27012",Killallaghtan,Galway,27012,27012,27012,Killallaghtan,GALWAY,29.9,66,0,563,2302,1739,3830,1957.3,56.1,54.5,1971.4,1937.3,0,34.1
2020,"Killoran, Co.Galway, 27013",Killoran,Galway,27013,27013,27013,Killoran,GALWAY,32.9,54,0,792,2992,2200,4693,2408.3,57.7,59,1775.6,1714.7,0,60.9
2020,"Killure, Co.Galway, 27014",Killure,Galway,27014,27014,27014,Killure,GALWAY,28.1,76,0,408,2808,2400,5144,2557.9,56.9,58,2137,2105.8,0,31.2
2020,"Kilmacshane, Co.Galway, 27015",Kilmacshane,Galway,27015,27015,27015,Kilmacshane,GALWAY,33.4,35,0,248,1711,1463,1361,1341.5,61.9,63,1167.3,1064,0,103.3
2020,"Kiltormer, Co.Galway, 27016",Kiltormer,Galway,27016,27016,27016,Kiltormer,GALWAY,31.9,71,565,852,4135,2718,3668,3229.1,55.4,57,2267,2221.3,0,45.7
2020,"Kylemore, Co.Galway, 27017",Kylemore,Galway,27017,27017,27017,Kylemore,GALWAY,49.1,32,0,220,2318,2098,5672,2234.2,61,63,1571,1272.4,234,64.6
2020,"Laurencetown, Co.Galway, 27018",Laurencetown,Galway,27018,27018,27018,Laurencetown,GALWAY,37.5,44,0,530,3114,2584,2430,2412.3,60.9,63,1648.9,1600,31.2,17.7
2020,"Lismanny, Co.Galway, 27019",Lismanny,Galway,27019,27019,27019,Lismanny,GALWAY,31.4,50,0,521,2873,2352,2157,2166.5,57.6,57,1568.5,1522.6,0,45.9
2020,"Oatfield, Co.Galway, 27020",Oatfield,Galway,27020,27020,27020,Oatfield,GALWAY,34.7,52,0,652,2571,1919,3052,2017.5,57.2,57,1806.7,1775.1,0,31.6
2020,"Ballynakill, Co.Galway, 27021",Ballynakill,Galway,27021,27021,27021,Ballynakill,GALWAY,58.5,50,0,180,480,300,2620,578.4,61,63.5,2923.6,2922,0,1.6
2020,"Binn an Choire, Co.Galway, 27022",Binn an Choire,Galway,27022,27022,27022,Binn an Choire,GALWAY,65.2,43,0,96,280,184,10312,1229.2,53.5,55,2804.3,2804.3,0,0
2020,"Bunowen, Co.Galway, 27023",Bunowen,Galway,27023,27023,27023,Bunowen,GALWAY,14.2,60,0,228,474,246,1747,486.2,60.4,64.5,849.8,849.8,0,0
2020,"Cleggan, Co.Galway, 27024",Cleggan,Galway,27024,27024,27024,Cleggan,GALWAY,34.8,31,0,117,317,200,2207,423.4,56,57,1078,1078,0,0
2020,"Clifden, Co.Galway, 27025",Clifden,Galway,27025,27025,27025,Clifden,GALWAY,24.9,66,0,222,499,277,2287,564.3,60.9,61.5,1641.2,1641.2,0,0
2020,"Cushkillary, Co.Galway, 27026",Cushkillary,Galway,27026,27026,27026,Cushkillary,GALWAY,69.5,47,0,43,99,56,11337,1199.4,57.2,56,3267,3267,0,0
2020,"Derrycunlagh / Derrylea, Co.Galway, 27027/27028",Derrycunlagh / Derrylea,Galway,27027/27028,27027/27028,27027/27028,Derrycunlagh / Derrylea,GALWAY,45.2,69,0,229,518,289,5186,858.7,55.5,54,3120.8,3120.8,0,0
2020,"Doonloughan, Co.Galway, 27029",Doonloughan,Galway,27029,27029,27029,Doonloughan,GALWAY,23.6,29,0,168,340,172,486,277.4,62.3,61,683.5,683.5,0,0
2020,"Errislannan, Co.Galway, 27030",Errislannan,Galway,27030,27030,27030,Errislannan,GALWAY,23,31,0,141,323,182,435,255.2,63.1,62,711.8,711.8,0,0
2020,"An Uillinn, Co.Galway, 27031",An Uillinn,Galway,27031,27031,27031,An Uillinn,GALWAY,21,32,0,52,158,106,4657,577,57.6,60.5,670.7,670.6,0,0.1
2020,"Inishbofin, Co.Galway, 27032",Inishbofin,Galway,27032,27032,27032,Inishbofin,GALWAY,12.8,35,0,41,102,61,2757,341.2,63.3,59,447.9,447.9,0,0
2020,"An Cnoc Buí, Co.Galway, 27033",An Cnoc Buí,Galway,27033,27033,27033,An Cnoc Buí,GALWAY,14.5,124,0,396,853,457,1443,703.7,60.4,61.5,1800.7,1794.5,0,6.2
2020,"Maíros, Co.Galway, 27034",Maíros,Galway,27034,27034,27034,Maíros,GALWAY,13.8,88,0,201,429,228,7715,1053.5,59.9,61.5,1217.5,1217.5,0,0
2020,"Abhainn Ghabhla, Co.Galway, 27035",Abhainn Ghabhla,Galway,27035,27035,27035,Abhainn Ghabhla,GALWAY,26.4,63,0,310,741,431,1174,615.3,61.1,63,1662.3,1661.9,0,0.4
2020,"Rinvyle, Co.Galway, 27036",Rinvyle,Galway,27036,27036,27036,Rinvyle,GALWAY,15.6,117,0,308,801,493,7396,1258.8,60.2,62,1819.7,1819.7,0,0
2020,"Cloch na Rón, Co.Galway, 27037",Cloch na Rón,Galway,27037,27037,27037,Cloch na Rón,GALWAY,15,43,0,135,281,146,3866,574.1,66.2,66,644.9,644.9,0,0
2020,"Sillerna, Co.Galway, 27038",Sillerna,Galway,27038,27038,27038,Sillerna,GALWAY,15.5,64,0,272,589,317,1253,506.9,60.5,60.5,991.6,991.6,0,0
2020,"Scainimh, Co.Galway, 27039",Scainimh,Galway,27039,27039,27039,Scainimh,GALWAY,15.2,66,0,280,563,283,894,471.3,65.4,67,1001.9,1001.7,0,0.2
2020,"Eanach Dhúin, Co.Galway, 27040",Eanach Dhúin,Galway,27040,27040,27040,Eanach Dhúin,GALWAY,18.5,96,305,592,2626,1729,1688,2034.1,59.9,60,1776.2,1755.3,0,20.9
2020,"Aughrim, Co.Galway, 27041",Aughrim,Galway,27041,27041,27041,Aughrim,GALWAY,29.4,88,401,1097,5086,3588,3313,3891.1,60.2,61.5,2586.7,2436.3,0,150.4
2020,"Baile an Teampaill (Part Rural), Co.Galway, 27042",Baile an Teampaill (Part Rural),Galway,27042,27042,27042,Baile an Teampaill (Part Rural),GALWAY,22.2,44,0,242,1500,1258,481,1109.3,60.2,59.5,975.1,972.9,0,2.2
2020,"Ballynacourty, Co.Galway, 27043",Ballynacourty,Galway,27043,27043,27043,Ballynacourty,GALWAY,19.2,49,0,272,1248,976,2602,1131.3,56.8,54,940.7,921.7,0,19
2020,"Bearna (Part Rural), Co.Galway, 27044",Bearna (Part Rural),Galway,27044,27044,27044,Bearna (Part Rural),GALWAY,21.4,38,0,315,869,554,0,570.6,60.7,58.5,812.9,811.8,0,1.1
2020,"Belleville, Co.Galway, 27045",Belleville,Galway,27045,27045,27045,Belleville,GALWAY,30.7,69,0,772,3250,2478,3477,2604,59.1,60,2115.9,1982.7,110,23.2
2020,"An Carn Mór, Co.Galway, 27046",An Carn Mór,Galway,27046,27046,27046,An Carn Mór,GALWAY,28,54,557,400,2478,1521,1042,1911.1,58.1,58.5,1512.5,1475.5,0,37
2020,"Ceathrú an Bhrúnaigh (Part Rural), Co.Galway, 27047",Ceathrú an Bhrúnaigh (Part Rural),Galway,27047,27047,27047,Ceathrú an Bhrúnaigh (Part Rural),GALWAY,19.2,40,0,268,931,663,0,609.8,61.9,63,766.4,755.4,0,11
2020,"Baile Chláir, Co.Galway, 27048",Baile Chláir,Galway,27048,27048,27048,Baile Chláir,GALWAY,22.4,66,577,319,2846,1950,1026,2140.2,57.5,56,1477.9,1446.8,0,31.1
2020,"Clarinbridge, Co.Galway, 27049",Clarinbridge,Galway,27049,27049,27049,Clarinbridge,GALWAY,24.7,58,453,465,2483,1565,1426,1954.1,60.6,62.5,1430.7,1421.1,0,9.6
2020,"Deerpark, Co.Galway, 27050",Deerpark,Galway,27050,27050,27050,Deerpark,GALWAY,22,72,0,476,2128,1652,4211,1794.3,59,59.5,1583.8,1472.7,0,111.1
2020,"Na Forbacha, Co.Galway, 27051",Na Forbacha,Galway,27051,27051,27051,Na Forbacha,GALWAY,22.3,44,0,264,640,376,0,451.1,61.2,61,979.6,974.8,0,4.8
2020,"Galway Rural (Part Rural), Co.Galway, 27052",Galway Rural (Part Rural),Galway,27052,27052,27052,Galway Rural (Part Rural),GALWAY,15.7,14,0,73,342,269,0,271.3,58.7,57.5,219.3,219.3,0,0
2020,"Árainn, Co.Galway, 27053",Árainn,Galway,27053,27053,27053,Árainn,GALWAY,12.2,202,0,656,1553,897,253,1041.7,63.3,65,2460.1,2459.5,0,0.6
2020,"Cill Chuimin, Co.Galway, 27054",Cill Chuimin,Galway,27054,27054,27054,Cill Chuimin,GALWAY,11.7,102,0,412,912,500,461,634.9,63.5,64.5,1200.9,1200.7,0,0.2
2020,"Cill Aithnín, Co.Galway, 27055",Cill Aithnín,Galway,27055,27055,27055,Cill Aithnín,GALWAY,12.6,55,0,206,476,270,0,335.1,63.4,65,693.5,693.5,0,0
2020,"Leacach Beag, Co.Galway, 27056",Leacach Beag,Galway,27056,27056,27056,Leacach Beag,GALWAY,23.5,63,0,548,2550,2002,2262,1987.1,58,58,1483.9,1425.7,0,58.2
2020,"Liscananaun, Co.Galway, 27057",Liscananaun,Galway,27057,27057,27057,Liscananaun,GALWAY,20,61,0,385,1783,1398,1782,1404.6,59.7,56,1220.3,1185,0,35.3
2020,"Lisín an Bhealaigh, Co.Galway, 27058",Lisín an Bhealaigh,Galway,27058,27058,27058,Lisín an Bhealaigh,GALWAY,34.1,37,0,417,1899,1482,2958,1580.6,52.6,55,1261.8,1172.6,65.9,23.3
2020,"Maigh Cuilinn, Co.Galway, 27059",Maigh Cuilinn,Galway,27059,27059,27059,Maigh Cuilinn,GALWAY,21.7,47,0,274,755,481,159,512.7,61.2,60,1019,1016.4,0,2.6
2020,"Oranmore, Co.Galway, 27060",Oranmore,Galway,27060,27060,27060,Oranmore,GALWAY,28.7,47,0,380,1698,1318,3001,1491.1,58,60,1349.1,1310.9,0,38.2
2020,"Sailearna, Co.Galway, 27061",Sailearna,Galway,27061,27061,27061,Sailearna,GALWAY,17.2,76,0,234,662,428,1105,536.2,63.7,63,1304.5,1304.5,0,0
2020,"Sliabh an Aonaigh, Co.Galway, 27062",Sliabh an Aonaigh,Galway,27062,27062,27062,Sliabh an Aonaigh,GALWAY,26.5,91,0,484,1264,780,1700,1014.2,61.8,63,2409.8,2261.9,0,147.9
2020,"An Spidéal, Co.Galway, 27063",An Spidéal,Galway,27063,27063,27063,An Spidéal,GALWAY,19.3,71,0,300,747,447,354,523.5,61.4,63,1368.1,1368.1,0,0
2020,"Stradbally, Co.Galway, 27064",Stradbally,Galway,27064,27064,27064,Stradbally,GALWAY,43.4,34,1587,249,3677,1841,1698,3059,48.5,45,1471.9,1468.9,0,3
2020,"Tulaigh Mhic Aodháin, Co.Galway, 27065",Tulaigh Mhic Aodháin,Galway,27065,27065,27065,Tulaigh Mhic Aodháin,GALWAY,18.6,56,0,382,1245,863,209,856.9,58.8,59,1041.9,1041.9,0,0
2020,"Ballinastack, Co.Galway, 27066",Ballinastack,Galway,27066,27066,27066,Ballinastack,GALWAY,19.9,48,0,408,1481,1073,581,1056.7,56.7,56.5,957,933.8,0,23.2
2020,"Ballymoe, Co.Galway, 27067",Ballymoe,Galway,27067,27067,27067,Ballymoe,GALWAY,26.1,55,437,448,2200,1315,1839,1725.5,60.8,59,1433.8,1428.1,0,5.7
2020,"Ballynakill, Co.Galway, 27068",Ballynakill,Galway,27068,27068,27068,Ballynakill,GALWAY,24.8,67,0,439,1878,1439,3317,1603.1,59.1,58,1663.5,1632.7,0,30.8
2020,"Boyounagh, Co.Galway, 27069",Boyounagh,Galway,27069,27069,27069,Boyounagh,GALWAY,21.2,47,0,420,1764,1344,478,1261.3,63.4,63,996.1,980.6,0,15.5
2020,"Creggs, Co.Galway, 27070",Creggs,Galway,27070,27070,27070,Creggs,GALWAY,36.3,50,0,559,2167,1608,1038,1558.5,56.9,58,1813.2,1774.3,0,38.9
2020,"Curraghmore, Co.Galway, 27071",Curraghmore,Galway,27071,27071,27071,Curraghmore,GALWAY,26,38,0,230,1537,1307,467,1086.9,58.3,61,988.5,954.3,0,34.2
2020,"Glennamaddy, Co.Galway, 27072",Glennamaddy,Galway,27072,27072,27072,Glennamaddy,GALWAY,21.3,82,0,436,2376,1940,1516,1804,58.1,61,1749.1,1697.6,0,51.5
2020,"Island, Co.Galway, 27073",Island,Galway,27073,27073,27073,Island,GALWAY,20.7,74,0,471,2162,1691,662,1479.1,59.3,61,1533.6,1505,0,28.6
2020,"Kilcroan, Co.Galway, 27074",Kilcroan,Galway,27074,27074,27074,Kilcroan,GALWAY,21.4,54,0,467,1851,1384,546,1310.9,63,64,1157.2,1141.2,0,16
2020,"Kiltullagh, Co.Galway, 27075",Kiltullagh,Galway,27075,27075,27075,Kiltullagh,GALWAY,24.1,47,0,215,1473,1258,1241,1158.9,59.8,58,1134,1094.3,0,39.7
2020,"Raheen, Co.Galway, 27076",Raheen,Galway,27076,27076,27076,Raheen,GALWAY,18.4,84,0,377,2552,2175,1448,1923.9,56,53.5,1548,1498.8,0,49.2
2020,"Scregg, Co.Galway, 27077",Scregg,Galway,27077,27077,27077,Scregg,GALWAY,30,37,0,462,2190,1728,757,1607.5,55,57,1111,1085.8,0,25.2
2020,"Shankill, Co.Galway, 27078",Shankill,Galway,27078,27078,27078,Shankill,GALWAY,25.2,47,0,436,1762,1326,1294,1317.7,57.6,60,1184.7,1148.6,0,36.1
2020,"Templetogher, Co.Galway, 27079",Templetogher,Galway,27079,27079,27079,Templetogher,GALWAY,26.3,64,0,907,3145,2238,1120,2168.3,58.2,59.5,1686.3,1673.7,0,12.6
2020,"Toberroe, Co.Galway, 27080",Toberroe,Galway,27080,27080,27080,Toberroe,GALWAY,22.8,51,0,373,1677,1304,1218,1243.7,58.2,60,1162.6,1156,0,6.6
2020,"Ardamullivan, Co.Galway, 27081",Ardamullivan,Galway,27081,27081,27081,Ardamullivan,GALWAY,25.9,89,0,1018,3045,2027,522,2110.4,57.9,58,2301.4,2297.1,0,4.3
2020,"Ardrahan, Co.Galway, 27082",Ardrahan,Galway,27082,27082,27082,Ardrahan,GALWAY,24.1,30,0,355,1412,1057,1352,1074.7,57.6,58.5,724.3,689.5,26.5,8.3
2020,"Ballycahalan, Co.Galway, 27083",Ballycahalan,Galway,27083,27083,27083,Ballycahalan,GALWAY,26.2,43,330,428,1709,951,940,1304.9,60.5,62,1128,1124,0,4
2020,"Beagh, Co.Galway, 27084",Beagh,Galway,27084,27084,27084,Beagh,GALWAY,27.8,92,0,1291,3890,2599,1671,2745.1,59.7,61,2568.3,2534.1,0,34.2
2020,"Cahermore, Co.Galway, 27085",Cahermore,Galway,27085,27085,27085,Cahermore,GALWAY,31.5,61,469,932,3707,2306,1449,2671.5,56.9,57,1919.4,1855.7,0,63.7
2020,"Cappard, Co.Galway, 27086",Cappard,Galway,27086,27086,27086,Cappard,GALWAY,22.6,15,0,101,374,273,0,254.8,63.9,63,339.3,339.2,0,0.1
2020,"Castletaylor, Co.Galway, 27087",Castletaylor,Galway,27087,27087,27087,Castletaylor,GALWAY,32.1,41,221,452,1727,1054,1424,1408.8,58.8,57,1317,1304.6,0,12.4
2020,"Doorus, Co.Galway, 27088",Doorus,Galway,27088,27088,27088,Doorus,GALWAY,28,34,0,542,2191,1649,0,1514,62.5,65,953.5,951.1,0,2.4
2020,"Drumacoo, Co.Galway, 27089",Drumacoo,Galway,27089,27089,27089,Drumacoo,GALWAY,23.3,61,0,667,1991,1324,832,1389.9,58.2,59,1419.6,1410,0,9.6
2020,"Gort, Co.Galway, 27090",Gort,Galway,27090,27090,27090,Gort,GALWAY,28.1,23,0,321,1084,763,692,778.5,59.2,60,645.3,613.8,0,31.5
2020,"Kilbeacanty, Co.Galway, 27091",Kilbeacanty,Galway,27091,27091,27091,Kilbeacanty,GALWAY,23.2,34,0,350,1181,831,0,833.4,56.8,58,788.4,787.1,0,1.3
2020,"Killeely, Co.Galway, 27092",Killeely,Galway,27092,27092,27092,Killeely,GALWAY,24.6,64,0,905,3147,2242,923,2189,59.7,60,1575.3,1570.3,0,5
2020,"Killeenavarra, Co.Galway, 27093",Killeenavarra,Galway,27093,27093,27093,Killeenavarra,GALWAY,31.7,48,0,614,2200,1586,1313,1667,57.4,64,1523.3,1496.6,0,26.7
2020,"Killinny, Co.Galway, 27094",Killinny,Galway,27094,27094,27094,Killinny,GALWAY,42.1,60,0,1434,3854,2420,3327,2844.3,54.7,57,2526.9,2521.1,0,5.8
2020,"Kiltartan, Co.Galway, 27095",Kiltartan,Galway,27095,27095,27095,Kiltartan,GALWAY,26.6,83,434,906,3992,2652,1574,2853.8,54.4,56,2208.6,2185.1,0,23.5
2020,"Kilthomas, Co.Galway, 27096",Kilthomas,Galway,27096,27096,27096,Kilthomas,GALWAY,29.1,26,0,307,968,661,0,627,58.1,59.5,756.4,756.4,0,0
2020,"Kinvarra, Co.Galway, 27097",Kinvarra,Galway,27097,27097,27097,Kinvarra,GALWAY,28,84,0,1339,3297,1958,1887,2315.8,52.6,53,2352,2326.2,0,25.8
2020,"Rahasane, Co.Galway, 27098",Rahasane,Galway,27098,27098,27098,Rahasane,GALWAY,36,37,0,758,2456,1698,1730,1835.5,55.2,57,1333.1,1325.7,0,7.4
2020,"Skehanagh, Co.Galway, 27099",Skehanagh,Galway,27099,27099,27099,Skehanagh,GALWAY,21.6,45,0,352,1507,1155,840,1126.6,58.1,60,972.9,944.9,0,28
2020,"Aille, Co.Galway, 27100",Aille,Galway,27100,27100,27100,Aille,GALWAY,30.1,55,0,504,1866,1362,1136,1410.9,59.1,60,1656.4,1611.6,0,44.8
2020,"Athenry, Co.Galway, 27101",Athenry,Galway,27101,27101,27101,Athenry,GALWAY,29,67,0,555,3461,2906,4371,2873.8,58.6,55,1945.1,1911.2,0,33.9
2020,"Ballynagar, Co.Galway, 27102",Ballynagar,Galway,27102,27102,27102,Ballynagar,GALWAY,29.7,42,0,343,2259,1916,1549,1718.5,59.5,57.5,1245.5,1229.9,0,15.6
2020,"Bracklagh, Co.Galway, 27103",Bracklagh,Galway,27103,27103,27103,Bracklagh,GALWAY,27,89,363,972,3855,2520,4824,3102.4,56.5,56,2401.1,2377.2,0,23.9
2020,"Bullaun, Co.Galway, 27104",Bullaun,Galway,27104,27104,27104,Bullaun,GALWAY,25.4,36,0,361,1128,767,2010,933.5,56.7,57,914.8,904.9,0,9.9
2020,"Cappalusk, Co.Galway, 27105",Cappalusk,Galway,27105,27105,27105,Cappalusk,GALWAY,34.4,54,0,691,2645,1954,2516,2039.7,57.8,56.5,1859.5,1835.6,0,23.9
2020,"Castleboy, Co.Galway, 27106",Castleboy,Galway,27106,27106,27106,Castleboy,GALWAY,25.4,66,433,699,3779,2647,1802,2725.8,55.5,54,1678.9,1592,0,86.9
2020,"Cloonkeen, Co.Galway, 27107",Cloonkeen,Galway,27107,27107,27107,Cloonkeen,GALWAY,32.8,27,0,287,1055,768,577,781.9,59.7,61,885.6,876.9,0,8.7
2020,"Colmanstown, Co.Galway, 27108",Colmanstown,Galway,27108,27108,27108,Colmanstown,GALWAY,23.5,19,0,191,738,547,1093,596.3,57,61,447.2,442.3,0,4.9
2020,"Craughwell, Co.Galway, 27109",Craughwell,Galway,27109,27109,27109,Craughwell,GALWAY,28.6,66,271,978,3419,2170,2210,2535.1,53.8,54,1888.2,1861.1,0,27.1
2020,"Derrylaur, Co.Galway, 27110",Derrylaur,Galway,27110,27110,27110,Derrylaur,GALWAY,31.2,20,0,197,480,283,0,317.5,57,59.5,624.1,624.1,0,0
2020,"Drumkeary, Co.Galway, 27111",Drumkeary,Galway,27111,27111,27111,Drumkeary,GALWAY,20.9,73,204,552,2540,1784,1604,1877.4,58.7,59,1528,1519.2,0,8.8
2020,"Graigabbey, Co.Galway, 27112",Graigabbey,Galway,27112,27112,27112,Graigabbey,GALWAY,31.1,32,0,353,1289,936,1342,994.9,56.2,58,996.7,963.7,0,33
2020,"Grange, Co.Galway, 27113",Grange,Galway,27113,27113,27113,Grange,GALWAY,24.7,95,0,902,3107,2205,6301,2718,58.5,59,2348.3,2299.8,0,48.5
2020,"Greethill, Co.Galway, 27114",Greethill,Galway,27114,27114,27114,Greethill,GALWAY,32,66,458,863,4419,3098,2222,3274.5,57.3,58,2113.2,2077.3,0,35.9
2020,"Kilchreest, Co.Galway, 27115",Kilchreest,Galway,27115,27115,27115,Kilchreest,GALWAY,26.4,47,0,532,1744,1212,1281,1306.9,60.2,59,1242.1,1242.1,0,0
2020,"Kilconickny, Co.Galway, 27116",Kilconickny,Galway,27116,27116,27116,Kilconickny,GALWAY,29.2,42,835,210,2405,1360,865,1862,57.5,53.5,1225,1221.9,0,3.1
2020,"Kilconierin, Co.Galway, 27117",Kilconierin,Galway,27117,27117,27117,Kilconierin,GALWAY,32.4,49,0,459,2541,2082,2378,2078.9,59.2,58,1588.2,1574,0,14.2
2020,"Killimor, Co.Galway, 27118",Killimor,Galway,27118,27118,27118,Killimor,GALWAY,26.6,46,0,576,1652,1076,1626,1247.7,62.2,59.5,1225.6,1203.7,0,21.9
2020,"Killogilleen, Co.Galway, 27119",Killogilleen,Galway,27119,27119,27119,Killogilleen,GALWAY,28.2,74,354,789,3808,2665,2750,2897.7,56.9,57.5,2085.8,2011.9,0,73.9
2020,"Kilmeen, Co.Galway, 27120",Kilmeen,Galway,27120,27120,27120,Kilmeen,GALWAY,28.9,96,1013,847,5037,3177,5609,4168.3,58.9,59,2776.1,2738.7,0,37.4
2020,"Kilreekill, Co.Galway, 27121",Kilreekill,Galway,27121,27121,27121,Kilreekill,GALWAY,28.9,53,0,473,1647,1174,5002,1605,54.9,57,1529.7,1515.4,0,14.3
2020,"Kilteskill, Co.Galway, 27122",Kilteskill,Galway,27122,27122,27122,Kilteskill,GALWAY,24.3,24,0,243,690,447,628,530.7,55.2,56,584.3,581.1,0,3.2
2020,"Kiltullagh, Co.Galway, 27123",Kiltullagh,Galway,27123,27123,27123,Kiltullagh,GALWAY,28.4,53,661,544,3044,1839,1238,2294.3,58.9,60,1504.6,1488.8,0,15.8
2020,"Lackalea, Co.Galway, 27124",Lackalea,Galway,27124,27124,27124,Lackalea,GALWAY,27.3,40,0,372,1616,1244,2807,1370.1,55.7,52.5,1091.3,1084,0,7.3
2020,"Leitrim, Co.Galway, 27125",Leitrim,Galway,27125,27125,27125,Leitrim,GALWAY,22.9,44,0,375,1483,1108,1380,1075,60.8,62.5,1006.5,999.5,0,7
2020,"Loughrea Rural, Co.Galway, 27127",Loughrea Rural,Galway,27127,27127,27127,Loughrea Rural,GALWAY,26.6,74,0,584,2464,1880,3534,2051.1,59.7,61,1968.5,1954.9,0,13.6
2020,"Marblehill / Loughatorick, Co.Galway, 27129/27126",Marblehill / Loughatorick,Galway,27129/27126,27129/27126,27129/27126,Marblehill / Loughatorick,GALWAY,25.3,68,0,498,1597,1099,393,1114.2,60.7,58,1719.3,1719.3,0,0
2020,"Mountain, Co.Galway, 27130",Mountain,Galway,27130,27130,27130,Mountain,GALWAY,24.8,31,0,339,1087,748,477,771.9,62.3,62,767.6,766.5,0,1.1
2020,"Movode, Co.Galway, 27131",Movode,Galway,27131,27131,27131,Movode,GALWAY,31.3,32,0,222,1401,1179,1282,1134.5,58.8,52,1002.9,924.8,0,78.1
2020,"Raford, Co.Galway, 27132",Raford,Galway,27132,27132,27132,Raford,GALWAY,24.7,45,0,396,1583,1187,2566,1254.2,59.2,59,1113.6,1083.8,0,29.8
2020,"Tiaquin, Co.Galway, 27133",Tiaquin,Galway,27133,27133,27133,Tiaquin,GALWAY,24.5,49,0,406,1742,1336,1935,1370.1,57.7,55,1200.6,1191.8,0,8.8
2020,"Woodford, Co.Galway, 27134",Woodford,Galway,27134,27134,27134,Woodford,GALWAY,21.1,33,0,229,890,661,0,615.9,61.2,62,696.6,696.5,0,0.1
2020,"Annagh, Co.Galway, 27135",Annagh,Galway,27135,27135,27135,Annagh,GALWAY,29.6,71,257,456,2775,2062,3922,2302,57.7,55,2100.8,1900.5,0,200.3
2020,"Ballynakill, Co.Galway, 27136",Ballynakill,Galway,27136,27136,27136,Ballynakill,GALWAY,21.6,89,0,552,2968,2416,3459,2297.9,60.4,61,1921,1866.8,0,54.2
2020,"Caltra, Co.Galway, 27137",Caltra,Galway,27137,27137,27137,Caltra,GALWAY,23.7,51,0,391,1706,1315,3403,1517.1,58.6,62,1207.1,1182.9,0,24.2
2020,"Castleblakeney, Co.Galway, 27138",Castleblakeney,Galway,27138,27138,27138,Castleblakeney,GALWAY,21.8,43,0,245,1202,957,3247,1132.5,58.3,60,938.9,841.4,0,97.5
2020,"Castleffrench, Co.Galway, 27139",Castleffrench,Galway,27139,27139,27139,Castleffrench,GALWAY,24.4,85,0,818,3226,2408,3206,2333.7,55.6,55,2070.4,2017.8,0,52.6
2020,"Clonbrock, Co.Galway, 27140",Clonbrock,Galway,27140,27140,27140,Clonbrock,GALWAY,22.8,94,0,847,2976,2129,6162,2605.3,58.7,59,2141.5,2115.9,0,25.6
2020,"Cloonkeen, Co.Galway, 27141",Cloonkeen,Galway,27141,27141,27141,Cloonkeen,GALWAY,20,60,0,471,1603,1132,1177,1205.1,62,65.5,1198.1,1167,0,31.1
2020,"Cooloo, Co.Galway, 27142",Cooloo,Galway,27142,27142,27142,Cooloo,GALWAY,33.2,84,1347,859,6160,3954,5042,4937.5,57.1,58,2790,2698.2,44.3,47.5
2020,"Derryglassaun, Co.Galway, 27143",Derryglassaun,Galway,27143,27143,27143,Derryglassaun,GALWAY,23.7,71,0,532,2384,1852,4664,2129.5,58.6,61,1686.1,1657,0,29.1
2020,"Killeroran, Co.Galway, 27144",Killeroran,Galway,27144,27144,27144,Killeroran,GALWAY,24.7,97,0,737,3212,2475,5074,2737.9,59.1,63,2400.3,2373.7,0,26.6
2020,"Killian, Co.Galway, 27145",Killian,Galway,27145,27145,27145,Killian,GALWAY,21.3,62,0,556,2137,1581,3035,1724,59.5,58.5,1322.8,1270.3,0,52.5
2020,"Mount Bellew, Co.Galway, 27146",Mount Bellew,Galway,27146,27146,27146,Mount Bellew,GALWAY,24.7,99,457,634,3461,2370,6021,2967.3,59.9,61,2442.5,2340.4,33.2,68.9
2020,"Mounthazel, Co.Galway, 27147",Mounthazel,Galway,27147,27147,27147,Mounthazel,GALWAY,31,78,0,639,4000,3361,7489,3440.8,56.6,55.5,2417.4,2378.3,0,39.1
2020,"Taghboy, Co.Galway, 27148",Taghboy,Galway,27148,27148,27148,Taghboy,GALWAY,21.6,36,0,322,1009,687,1816,848,61.1,61.5,778,767.5,0,10.5
2020,"Camas, Co.Galway, 27149",Camas,Galway,27149,27149,27149,Camas,GALWAY,15.2,53,0,182,419,237,1240,407,65.2,65,805.5,805.4,0,0.1
2020,"An Fhairche, Co.Galway, 27150",An Fhairche,Galway,27150,27150,27150,An Fhairche,GALWAY,19.4,97,0,333,1124,791,10452,1782.1,60.1,61,1879.1,1877.5,0,1.6
2020,"Conga, Co.Galway, 27151",Conga,Galway,27151,27151,27151,Conga,GALWAY,35.3,93,0,293,750,457,11959,1686.3,64.2,64,3279.7,3279.6,0,0.1
2020,"An Crompán, Co.Galway, 27152",An Crompán,Galway,27152,27152,27152,An Crompán,GALWAY,7.3,94,0,218,449,231,181,308.9,62.9,62,688.7,688.7,0,0
2020,"An Chorr, Co.Galway, 27153",An Chorr,Galway,27153,27153,27153,An Chorr,GALWAY,66.3,41,0,37,90,53,6052,664.6,59.8,60,2719.9,2719.9,0,0
2020,"Garmna, Co.Galway, 27154",Garmna,Galway,27154,27154,27154,Garmna,GALWAY,9.1,126,0,293,582,289,148,400.1,64.3,64.5,1141.5,1141.5,0,0
2020,"Cill Chuimín, Co.Galway, 27155",Cill Chuimín,Galway,27155,27155,27155,Cill Chuimín,GALWAY,73.8,44,0,208,557,349,6198,989.5,57.7,58.5,3245.5,3245.5,0,0
2020,"Leitir Breacáin, Co.Galway, 27156",Leitir Breacáin,Galway,27156,27156,27156,Leitir Breacáin,GALWAY,126.9,39,0,0,0,0,12399,1302.8,55.4,54,4950.4,4950.4,0,0
2020,"Letterfore, Co.Galway, 27157",Letterfore,Galway,27157,27157,27157,Letterfore,GALWAY,50.5,57,0,183,474,291,5686,883.3,55.6,54,2878.5,2878.5,0,0
2020,"Leitir Móir, Co.Galway, 27158",Leitir Móir,Galway,27158,27158,27158,Leitir Móir,GALWAY,9.1,80,0,196,419,223,0,285.2,66,67,725.2,725.2,0,0
2020,"Oughterard, Co.Galway, 27159",Oughterard,Galway,27159,27159,27159,Oughterard,GALWAY,22.5,132,0,703,1803,1100,7108,1920.8,60.9,62.5,2972.3,2968.4,0,3.9
2020,"An Ros, Co.Galway, 27160",An Ros,Galway,27160,27160,27160,An Ros,GALWAY,87.2,40,0,0,49,49,12202,1254.5,57.1,59,3486.2,3484.9,0,1.3
2020,"An Turlach, Co.Galway, 27161",An Turlach,Galway,27161,27161,27161,An Turlach,GALWAY,15.5,90,0,316,721,405,2240,693.9,62,65,1399.1,1399.1,0,0
2020,"Wormhole, Co.Galway, 27162",Wormhole,Galway,27162,27162,27162,Wormhole,GALWAY,12.8,141,0,837,2324,1487,1074,1609.6,62.1,63,1810.3,1806.9,0,3.4
2020,"Abbeyville, Co.Galway, 27163",Abbeyville,Galway,27163,27163,27163,Abbeyville,GALWAY,26.7,35,380,392,1898,1126,317,1358.5,61.7,66,933,930.9,0,2.1
2020,"Ballyglass, Co.Galway, 27164",Ballyglass,Galway,27164,27164,27164,Ballyglass,GALWAY,24.2,39,0,299,1609,1310,1066,1219.1,57.3,58,945.2,914.9,0,30.3
2020,"Coos, Co.Galway, 27165",Coos,Galway,27165,27165,27165,Coos,GALWAY,20,25,0,257,879,622,1005,667.7,61.4,64,524.5,454.3,0,70.2
2020,"Derrew, Co.Galway, 27166",Derrew,Galway,27166,27166,27166,Derrew,GALWAY,32.3,36,0,336,2249,1913,1848,1761.8,54.7,52,1169.7,1150,0,19.7
2020,"Drummin, Co.Galway, 27167",Drummin,Galway,27167,27167,27167,Drummin,GALWAY,35,52,646,639,3244,1959,1495,2415.8,60.3,63,1819.8,1755.5,0,64.3
2020,"Eyrecourt, Co.Galway, 27168",Eyrecourt,Galway,27168,27168,27168,Eyrecourt,GALWAY,49.6,36,1328,336,4400,2736,3752,3712.8,55.9,57,1786.1,1766.1,0,20
2020,"Killimor, Co.Galway, 27169",Killimor,Galway,27169,27169,27169,Killimor,GALWAY,32.9,62,1154,616,4869,3099,2398,3749.2,55.1,55,2037.7,2020.5,0,17.2
2020,"Kilmalinoge, Co.Galway, 27170",Kilmalinoge,Galway,27170,27170,27170,Kilmalinoge,GALWAY,39.2,35,496,209,3340,2635,1865,2490.6,57.4,57,1370.4,1309.7,0,60.7
2020,"Kilquain, Co.Galway, 27171",Kilquain,Galway,27171,27171,27171,Kilquain,GALWAY,46.6,45,1009,630,5007,3368,1777,3742,58.9,60,2096.8,2076.9,0,19.9
2020,"Meelick, Co.Galway, 27172",Meelick,Galway,27172,27172,27172,Meelick,GALWAY,40.5,44,749,292,3448,2407,3251,2693.2,57.4,59.5,1781.3,1706.4,0,74.9
2020,"Moat, Co.Galway, 27173",Moat,Galway,27173,27173,27173,Moat,GALWAY,27.6,25,0,199,1801,1602,802,1364.6,63.5,62,688.8,683.6,0,5.2
2020,"Pallas, Co.Galway, 27174",Pallas,Galway,27174,27174,27174,Pallas,GALWAY,25.9,60,430,451,3304,2423,1319,2373.3,59,58.5,1565.1,1479,0,86.1
2020,"Portumna, Co.Galway, 27175",Portumna,Galway,27175,27175,27175,Portumna,GALWAY,25.9,83,658,814,4936,3464,2257,3613,58.2,59,2149.5,2138.6,0,10.9
2020,"Tiranascragh, Co.Galway, 27176",Tiranascragh,Galway,27176,27176,27176,Tiranascragh,GALWAY,35.2,29,0,324,1889,1565,2941,1573.5,60.3,62,1019.7,1002.2,0,17.5
2020,"Tynagh, Co.Galway, 27177",Tynagh,Galway,27177,27177,27177,Tynagh,GALWAY,29.1,40,527,340,2642,1775,1411,1946.6,58,56.5,1162.3,1158.7,0,3.6
2020,"Abbey East, Co.Galway, 27178",Abbey East,Galway,27178,27178,27178,Abbey East,GALWAY,21.9,75,0,526,2438,1912,2933,1972.2,61.1,64,1639.5,1568.9,51.5,19.1
2020,"Abbey West, Co.Galway, 27179",Abbey West,Galway,27179,27179,27179,Abbey West,GALWAY,22.4,55,0,519,2153,1634,987,1608.5,59.8,63,1232.5,1210.9,0,21.6
2020,"Addergoole, Co.Galway, 27180",Addergoole,Galway,27180,27180,27180,Addergoole,GALWAY,23.3,79,0,686,2920,2234,2499,2209.7,62.4,65,1843.3,1824.3,0,19
2020,"Annaghdown, Co.Galway, 27181",Annaghdown,Galway,27181,27181,27181,Annaghdown,GALWAY,22.1,87,0,808,2944,2136,6729,2684.6,60.9,61,1931.1,1891.2,0,39.9
2020,"Ballinderry, Co.Galway, 27182",Ballinderry,Galway,27182,27182,27182,Ballinderry,GALWAY,29.6,35,0,376,1611,1235,3445,1412.6,58,56,1036.7,1027.9,0,8.8
2020,"Ballinduff, Co.Galway, 27183",Ballinduff,Galway,27183,27183,27183,Ballinduff,GALWAY,20.2,39,0,274,1154,880,1398,956.1,59.4,59,789,781.5,0,7.5
2020,"Ballynapark, Co.Galway, 27184",Ballynapark,Galway,27184,27184,27184,Ballynapark,GALWAY,23.9,63,0,460,2580,2120,3490,2211.4,63.6,67,1505.2,1441.8,0,63.4
2020,"Beaghmore, Co.Galway, 27185",Beaghmore,Galway,27185,27185,27185,Beaghmore,GALWAY,32.4,49,0,518,2065,1547,4367,1992.2,57.5,56,1586,1541,0,45
2020,"Belclare, Co.Galway, 27186",Belclare,Galway,27186,27186,27186,Belclare,GALWAY,20,66,0,344,1667,1323,4342,1587.9,59.4,58.5,1319,1294.1,0,24.9
2020,"Carrownagur, Co.Galway, 27187",Carrownagur,Galway,27187,27187,27187,Carrownagur,GALWAY,31.2,69,407,623,3278,2248,4047,2683.1,58.2,60,2151.6,2019.8,83.4,48.4
2020,"Carrowrevagh, Co.Galway, 27188",Carrowrevagh,Galway,27188,27188,27188,Carrowrevagh,GALWAY,30,50,429,481,2520,1610,2195,2052.5,57,57.5,1502.4,1429,0,73.4
2020,"Claretuam, Co.Galway, 27189",Claretuam,Galway,27189,27189,27189,Claretuam,GALWAY,29.2,95,0,840,3944,3104,6970,3420.6,59.3,61,2775.6,2711.5,0,64.1
2020,"Clonbern, Co.Galway, 27190",Clonbern,Galway,27190,27190,27190,Clonbern,GALWAY,31.5,65,0,515,3163,2648,5335,2711.6,55.5,55,2046,1959.5,0,86.5
2020,"Cloonkeen, Co.Galway, 27191",Cloonkeen,Galway,27191,27191,27191,Cloonkeen,GALWAY,26.6,53,322,404,2779,2053,1411,2026.6,53.6,51,1410.3,1391.6,0,18.7
2020,"Cummer, Co.Galway, 27192",Cummer,Galway,27192,27192,27192,Cummer,GALWAY,29,48,0,492,2072,1580,4071,1826.6,58.2,60,1393.9,1351.1,0,42.8
2020,"Donaghpatrick, Co.Galway, 27193",Donaghpatrick,Galway,27193,27193,27193,Donaghpatrick,GALWAY,20.3,67,0,298,2058,1760,5588,1990.4,57.5,60,1360.6,1348.6,0,12
2020,"Doonbally, Co.Galway, 27194",Doonbally,Galway,27194,27194,27194,Doonbally,GALWAY,24,88,295,609,3540,2636,3750,2875,59.1,59.5,2113.9,2087.1,0,26.8
2020,"Dunmore North, Co.Galway, 27195",Dunmore North,Galway,27195,27195,27195,Dunmore North,GALWAY,20,76,0,645,2285,1640,1054,1617.4,60.9,63,1520.6,1499.8,0,20.8
2020,"Dunmore South, Co.Galway, 27196",Dunmore South,Galway,27196,27196,27196,Dunmore South,GALWAY,21.7,47,0,459,1864,1405,979,1427.5,58.1,59,1021.6,981.1,0,40.5
2020,"Foxhall, Co.Galway, 27197",Foxhall,Galway,27197,27197,27197,Foxhall,GALWAY,25.6,89,0,593,3173,2580,6519,2961.6,56.7,58,2282.4,2230.3,0,52.1
2020,"Headford, Co.Galway, 27198",Headford,Galway,27198,27198,27198,Headford,GALWAY,22.5,62,0,427,2046,1619,5684,1995.1,59.3,59,1394.8,1368.3,0,26.5
2020,"Hillsbrook, Co.Galway, 27199",Hillsbrook,Galway,27199,27199,27199,Hillsbrook,GALWAY,22.8,75,0,735,2759,2024,3692,2583.3,59.2,63,1712.8,1658.1,0,54.7
2020,"Kilbennan, Co.Galway, 27200",Kilbennan,Galway,27200,27200,27200,Kilbennan,GALWAY,24.1,45,0,316,1538,1222,2670,1341.6,58.9,62,1084.3,1078.3,0,6
2020,"Kilcoona, Co.Galway, 27201",Kilcoona,Galway,27201,27201,27201,Kilcoona,GALWAY,27.5,63,0,461,2378,1917,6736,2297.9,58.2,57,1734.9,1711.2,0,23.7
2020,"Killeany, Co.Galway, 27202",Killeany,Galway,27202,27202,27202,Killeany,GALWAY,29.8,45,0,343,1903,1560,2500,1590,61.4,64,1342.5,1331.6,0,10.9
2020,"Killeen, Co.Galway, 27203",Killeen,Galway,27203,27203,27203,Killeen,GALWAY,32.3,58,0,424,3078,2654,4700,2732.5,61.5,62,1874.5,1851.4,0,23.1
2020,"Killererin, Co.Galway, 27204",Killererin,Galway,27204,27204,27204,Killererin,GALWAY,28.7,67,0,769,2965,2196,4951,2534.3,59.8,59,1923.5,1879.3,0,44.2
2020,"Killower, Co.Galway, 27205",Killower,Galway,27205,27205,27205,Killower,GALWAY,32.4,105,0,1182,5041,3859,10554,4438.4,56.4,57,3404.9,3350.4,0,54.5
2020,"Killursa, Co.Galway, 27206",Killursa,Galway,27206,27206,27206,Killursa,GALWAY,22.6,96,485,725,3473,2263,4933,3068,59.3,62.5,2174.3,2166.3,0,8
2020,"Kilmoylan, Co.Galway, 27207",Kilmoylan,Galway,27207,27207,27207,Kilmoylan,GALWAY,24.1,81,0,561,2887,2326,5388,2598.8,60.6,61,1949.4,1925,0,24.4
2020,"Kilshanvy, Co.Galway, 27208",Kilshanvy,Galway,27208,27208,27208,Kilshanvy,GALWAY,26,56,0,444,2370,1926,3745,2034,62.9,62.5,1457.5,1431.1,0,26.4
2020,"Levally, Co.Galway, 27209",Levally,Galway,27209,27209,27209,Levally,GALWAY,28.7,58,0,724,3012,2288,2874,2425,58.4,55.5,1664.8,1634.7,0,30.1
2020,"Milltown, Co.Galway, 27210",Milltown,Galway,27210,27210,27210,Milltown,GALWAY,23.1,81,0,450,2667,2217,3720,2246.6,60.9,60,1868.3,1843.1,0,25.2
2020,"Monivea, Co.Galway, 27211",Monivea,Galway,27211,27211,27211,Monivea,GALWAY,31.7,46,0,430,2118,1688,3068,1766.9,55.2,56.5,1458.4,1430.3,0,28.1
2020,"Moyne, Co.Galway, 27212",Moyne,Galway,27212,27212,27212,Moyne,GALWAY,18.6,69,0,510,2217,1707,2790,1769.7,61.4,63,1283.6,1149.1,0,134.5
2020,"Ryehill, Co.Galway, 27213",Ryehill,Galway,27213,27213,27213,Ryehill,GALWAY,25.1,61,0,622,2651,2029,2855,2019.3,55.1,56,1531.7,1471.8,39.2,20.7
2020,"Toberadosh, Co.Galway, 27214",Toberadosh,Galway,27214,27214,27214,Toberadosh,GALWAY,24.7,77,0,749,2912,2163,2460,2274.3,61.3,62,1899.9,1857.8,0,42.1
2020,"Tuam Rural, Co.Galway, 27215",Tuam Rural,Galway,27215,27215,27215,Tuam Rural,GALWAY,29.6,62,649,440,2868,1779,3334,2479.9,61.6,61,1838,1813.4,0,24.6
2020,"Ballinamore, Co.Leitrim, 28001",Ballinamore,Leitrim,28001,28001,28001,Ballinamore,LEITRIM,24.1,55,0,495,1588,1093,825,1117.6,57.2,58,1324.1,1309.4,0,14.7
2020,"Cloverhill, Co.Leitrim, 28002",Cloverhill,Leitrim,28002,28002,28002,Cloverhill,LEITRIM,19.3,53,0,267,960,693,1723,758.7,57.3,57,1024.3,1017.8,0,6.5
2020,"Corrala, Co.Leitrim, 28003",Corrala,Leitrim,28003,28003,28003,Corrala,LEITRIM,27.1,36,0,266,991,725,1041,784.9,55.9,56.5,976.4,971.6,0,4.8
2020,"Drumreilly North, Co.Leitrim, 28004",Drumreilly North,Leitrim,28004,28004,28004,Drumreilly North,LEITRIM,23.3,35,0,368,880,512,424,646,60.6,64,816.6,810.5,0,6.1
2020,"Drumreilly South, Co.Leitrim, 28005",Drumreilly South,Leitrim,28005,28005,28005,Drumreilly South,LEITRIM,21.6,24,0,95,237,142,0,198.4,60.4,61,517.6,516.4,0,1.2
2020,"Garadice, Co.Leitrim, 28006",Garadice,Leitrim,28006,28006,28006,Garadice,LEITRIM,23.7,67,0,512,1626,1114,1415,1209.4,54.6,55,1590.9,1579.7,0,11.2
2020,"Greaghglass / Stralongford, Co.Leitrim, 28007/28011",Greaghglass / Stralongford,Leitrim,28007/28011,28007/28011,28007/28011,Greaghglass / Stralongford,LEITRIM,24.2,70,0,385,880,495,3391,913.7,60,63,1695.5,1690.7,0,4.8
2020,"Killygar, Co.Leitrim, 28008",Killygar,Leitrim,28008,28008,28008,Killygar,LEITRIM,28.9,32,0,286,1171,885,1017,900.3,57.3,60.5,923.8,920.2,0,3.6
2020,"Newtowngore, Co.Leitrim, 28009",Newtowngore,Leitrim,28009,28009,28009,Newtowngore,LEITRIM,30.8,34,0,353,1716,1363,884,1303.2,52.6,53,1039.8,1012,0,27.8
2020,"Oughteragh, Co.Leitrim, 28010",Oughteragh,Leitrim,28010,28010,28010,Oughteragh,LEITRIM,19.9,21,0,121,295,174,0,210.4,64.5,64,418.2,411.2,0,7
2020,"Aghacashel, Co.Leitrim, 28012",Aghacashel,Leitrim,28012,28012,28012,Aghacashel,LEITRIM,30.7,16,0,44,96,52,2069,273.3,61.4,64,490.8,490.8,0,0
2020,"Annaduff, Co.Leitrim, 28013",Annaduff,Leitrim,28013,28013,28013,Annaduff,LEITRIM,24.8,27,0,340,816,476,0,592.1,60.3,61,669.3,669.3,0,0
2020,"Barnameenagh, Co.Leitrim, 28014",Barnameenagh,Leitrim,28014,28014,28014,Barnameenagh,LEITRIM,26.1,46,0,258,613,355,3819,798.2,57,58.5,1202.7,1187.3,0,15.4
2020,"Carrick-on-Shannon, Co.Leitrim, 28015",Carrick-on-Shannon,Leitrim,28015,28015,28015,Carrick-on-Shannon,LEITRIM,21.7,62,0,358,922,564,752,677.3,57.9,58,1344.3,1340.6,0,3.7
2020,"Drumreilly West / Drumreilly East, Co.Leitrim, 28017/28016",Drumreilly West / Drumreilly East,Leitrim,28017/28016,28017/28016,28017/28016,Drumreilly West / Drumreilly East,LEITRIM,30.4,63,0,332,766,434,5527,1057.6,53.9,55,1912.1,1905.9,0,6.2
2020,"Drumshanbo, Co.Leitrim, 28018",Drumshanbo,Leitrim,28018,28018,28018,Drumshanbo,LEITRIM,21.7,37,0,329,693,364,0,474.1,56.1,54,802.9,795.8,0,7.1
2020,"Drumsna, Co.Leitrim, 28019",Drumsna,Leitrim,28019,28019,28019,Drumsna,LEITRIM,21.7,69,0,629,1438,809,495,994.7,57.2,57,1499.6,1496.9,0,2.7
2020,"Gortnagullion, Co.Leitrim, 28020",Gortnagullion,Leitrim,28020,28020,28020,Gortnagullion,LEITRIM,22.5,50,0,439,1027,588,0,662.9,56.6,56,1123.3,1117.9,0,5.4
2020,"Gowel, Co.Leitrim, 28021",Gowel,Leitrim,28021,28021,28021,Gowel,LEITRIM,24.7,51,0,526,1227,701,318,836.9,56.1,56,1259,1251.6,0,7.4
2020,"Keshcarrigan, Co.Leitrim, 28022",Keshcarrigan,Leitrim,28022,28022,28022,Keshcarrigan,LEITRIM,20.5,26,0,217,491,274,0,323.9,59.8,59,532,529.7,0,2.3
2020,"Kiltubbrid, Co.Leitrim, 28023",Kiltubbrid,Leitrim,28023,28023,28023,Kiltubbrid,LEITRIM,27,23,0,209,509,300,0,335,61.2,62,620.7,620.7,0,0
2020,"Leitrim, Co.Leitrim, 28024",Leitrim,Leitrim,28024,28024,28024,Leitrim,LEITRIM,23.8,65,0,568,1409,841,493,970.5,59.6,60,1547.3,1541.6,0,5.7
2020,"Moher, Co.Leitrim, 28025",Moher,Leitrim,28025,28025,28025,Moher,LEITRIM,24.5,46,0,365,837,472,890,628.9,57.3,58.5,1128.3,1127.2,0,1.1
2020,"Yugan, Co.Leitrim, 28026",Yugan,Leitrim,28026,28026,28026,Yugan,LEITRIM,21.6,33,0,179,472,293,370,349.4,58.7,62,712.8,712.8,0,0
2020,"Aghalateeve / Aghanlish, Co.Leitrim, 28027/28028",Aghalateeve / Aghanlish,Leitrim,28027/28028,28027/28028,28027/28028,Aghalateeve / Aghanlish,LEITRIM,36,54,0,116,274,158,10020,1181.4,57.4,56,1945.6,1944,0,1.6
2020,"Aghavoghill / Melvin, Co.Leitrim, 28029/28032",Aghavoghill / Melvin,Leitrim,28029/28032,28029/28032,28029/28032,Aghavoghill / Melvin,LEITRIM,27.1,65,0,220,480,260,7953,1104.4,54,55,1761,1761,0,0
2020,"Gubacreeny, Co.Leitrim, 28030",Gubacreeny,Leitrim,28030,28030,28030,Gubacreeny,LEITRIM,22,43,0,301,660,359,689,510.2,59.6,60,946.5,943.8,0,2.7
2020,"Kinlough, Co.Leitrim, 28031",Kinlough,Leitrim,28031,28031,28031,Kinlough,LEITRIM,35.8,46,0,318,703,385,5422,1007,59.7,59,1648.6,1648.6,0,0
2020,"Tullaghan, Co.Leitrim, 28033",Tullaghan,Leitrim,28033,28033,28033,Tullaghan,LEITRIM,22.7,65,0,362,941,579,1473,747.2,60.4,61,1474,1470.6,0,3.4
2020,"Ballaghameehan, Co.Leitrim, 28035",Ballaghameehan,Leitrim,28035,28035,28035,Ballaghameehan,LEITRIM,29.4,58,0,298,681,383,3272,775.5,57.4,61,1704.6,1702.1,0,2.5
2020,"Belhavel, Co.Leitrim, 28036",Belhavel,Leitrim,28036,28036,28036,Belhavel,LEITRIM,23.7,48,0,284,647,363,0,459.2,60,62.5,1135.2,1135.2,0,0
2020,"Cloonclare, Co.Leitrim, 28037",Cloonclare,Leitrim,28037,28037,28037,Cloonclare,LEITRIM,28.9,30,0,132,366,234,4505,701.5,55.9,57.5,865.8,865.8,0,0
2020,"Cloonlogher, Co.Leitrim, 28038",Cloonlogher,Leitrim,28038,28038,28038,Cloonlogher,LEITRIM,27.6,67,0,418,1007,589,5071,1161.6,57.1,57,1849.1,1843.7,0,5.4
2020,"Drumahaire, Co.Leitrim, 28039",Drumahaire,Leitrim,28039,28039,28039,Drumahaire,LEITRIM,23.3,75,0,506,1252,746,2752,1084.3,60.9,60,1748,1746.9,0,1.1
2020,"Drumkeeran, Co.Leitrim, 28040",Drumkeeran,Leitrim,28040,28040,28040,Drumkeeran,LEITRIM,23.6,51,0,375,792,417,1177,632.8,57.5,60,1204.2,1197.3,0,6.9
2020,"Garvagh / Arigna, Co.Leitrim, 28041/28034",Garvagh / Arigna,Leitrim,28041/28034,28041/28034,28041/28034,Garvagh / Arigna,LEITRIM,29.5,34,0,168,408,240,1882,456.3,60.6,60,1002.6,950.9,0,51.7
2020,"Glenade, Co.Leitrim, 28042",Glenade,Leitrim,28042,28042,28042,Glenade,LEITRIM,34.9,51,0,116,275,159,8968,1083,52.3,54,1780.9,1778.9,0,2
2020,"Glenaniff, Co.Leitrim, 28043",Glenaniff,Leitrim,28043,28043,28043,Glenaniff,LEITRIM,42.2,49,0,114,367,253,9043,1146.8,53.3,51,2070,2070,0,0
2020,"Glenboy, Co.Leitrim, 28044",Glenboy,Leitrim,28044,28044,28044,Glenboy,LEITRIM,34.7,35,0,163,357,194,4783,705.1,54.9,54,1214.1,1204,0,10.1
2020,"Glencar, Co.Leitrim, 28045",Glencar,Leitrim,28045,28045,28045,Glencar,LEITRIM,28.8,58,0,78,186,108,10751,1199.3,56.6,56,1667.6,1667.4,0,0.2
2020,"Glenfarn, Co.Leitrim, 28046",Glenfarn,Leitrim,28046,28046,28046,Glenfarn,LEITRIM,26,33,0,79,181,102,3090,450,54.8,54,856.8,855.5,0,1.3
2020,"Killanummery, Co.Leitrim, 28047",Killanummery,Leitrim,28047,28047,28047,Killanummery,LEITRIM,22.2,57,0,382,970,588,663,692.6,61.7,60,1266,1265,0,1
2020,"Killarga, Co.Leitrim, 28048",Killarga,Leitrim,28048,28048,28048,Killarga,LEITRIM,44,31,0,217,617,400,3365,737,58.2,56,1365.4,1365.4,0,0
2020,"Kiltyclogher, Co.Leitrim, 28049",Kiltyclogher,Leitrim,28049,28049,28049,Kiltyclogher,LEITRIM,37.1,49,0,382,855,473,3280,899.9,56.4,57,1815.6,1812.1,0,3.5
2020,"Lurganboy, Co.Leitrim, 28050",Lurganboy,Leitrim,28050,28050,28050,Lurganboy,LEITRIM,31.4,62,0,468,1088,620,7861,1480.4,57.3,57.5,1955.6,1950.9,0,4.7
2020,"Mahanagh, Co.Leitrim, 28051",Mahanagh,Leitrim,28051,28051,28051,Mahanagh,LEITRIM,25.3,64,0,403,933,530,2822,895.3,56,56.5,1618.2,1617.1,0,1.1
2020,"Manorhamilton, Co.Leitrim, 28052",Manorhamilton,Leitrim,28052,28052,28052,Manorhamilton,LEITRIM,28.1,68,0,357,825,468,6459,1185.7,57.9,60,1913,1903.7,0,9.3
2020,"Munakill, Co.Leitrim, 28053",Munakill,Leitrim,28053,28053,28053,Munakill,LEITRIM,26.4,39,0,165,337,172,4015,625.3,55.1,55,1029.3,1029.3,0,0
2020,"Sramore, Co.Leitrim, 28054",Sramore,Leitrim,28054,28054,28054,Sramore,LEITRIM,32.4,62,0,304,688,384,8253,1272.5,59.2,63.5,2010.5,2010.5,0,0
2020,"St. Patrick's, Co.Leitrim, 28055",St. Patrick's,Leitrim,28055,28055,28055,St. Patrick's,LEITRIM,21.9,43,0,210,501,291,1168,441.7,56,57,943.7,942.5,0,1.2
2020,"Aghavas, Co.Leitrim, 28056",Aghavas,Leitrim,28056,28056,28056,Aghavas,LEITRIM,19.4,55,0,437,1287,850,368,843.1,59.7,63,1066.6,1059.1,0,7.5
2020,"Beihy, Co.Leitrim, 28057",Beihy,Leitrim,28057,28057,28057,Beihy,LEITRIM,20.7,66,0,606,1791,1185,425,1207.6,60.7,63,1363.1,1356.8,0,6.3
2020,"Breandrum, Co.Leitrim, 28058",Breandrum,Leitrim,28058,28058,28058,Breandrum,LEITRIM,19.9,50,0,400,920,520,247,624.1,57.2,59,996.1,989.8,0,6.3
2020,"Bunnybeg, Co.Leitrim, 28059",Bunnybeg,Leitrim,28059,28059,28059,Bunnybeg,LEITRIM,22.8,31,0,223,602,379,0,444.4,57.7,55,707.5,706.4,0,1.1
2020,"Carrigallen East, Co.Leitrim, 28060",Carrigallen East,Leitrim,28060,28060,28060,Carrigallen East,LEITRIM,31.8,41,201,327,2222,1694,2431,2072.3,56,56,1304.9,1303.5,0,1.4
2020,"Carrigallen West, Co.Leitrim, 28061",Carrigallen West,Leitrim,28061,28061,28061,Carrigallen West,LEITRIM,23.7,39,0,389,1071,682,473,791.6,59.3,59,924.4,915.6,0,8.8
2020,"Cashel, Co.Leitrim, 28062",Cashel,Leitrim,28062,28062,28062,Cashel,LEITRIM,24.3,24,0,184,799,615,0,554.6,57.5,58.5,582.8,582.8,0,0
2020,"Castlefore, Co.Leitrim, 28063",Castlefore,Leitrim,28063,28063,28063,Castlefore,LEITRIM,18,45,0,275,630,355,0,410.3,59.6,59,809.8,805.9,0,3.9
2020,"Cattan, Co.Leitrim, 28064",Cattan,Leitrim,28064,28064,28064,Cattan,LEITRIM,18.5,56,0,422,1081,659,335,729.3,62.5,61.5,1035.7,1027.7,0,8
2020,"Cloone, Co.Leitrim, 28065",Cloone,Leitrim,28065,28065,28065,Cloone,LEITRIM,21.1,58,0,501,1466,965,180,1008.1,59.6,62,1220.9,1207.1,0,13.8
2020,"Corriga, Co.Leitrim, 28066",Corriga,Leitrim,28066,28066,28066,Corriga,LEITRIM,21.1,38,0,322,987,665,0,661.3,58,57.5,802.8,802.8,0,0
2020,"Drumard, Co.Leitrim, 28067",Drumard,Leitrim,28067,28067,28067,Drumard,LEITRIM,23.4,38,0,381,1114,733,0,768.5,56.2,59,887.6,886.3,0,1.3
2020,"Drumdoo, Co.Leitrim, 28068",Drumdoo,Leitrim,28068,28068,28068,Drumdoo,LEITRIM,20.8,55,0,405,1260,855,0,824.8,58.2,61,1142.8,1141.6,0,1.2
2020,"Drumod, Co.Leitrim, 28069",Drumod,Leitrim,28069,28069,28069,Drumod,LEITRIM,21.5,44,0,369,1155,786,406,808.1,60.4,60.5,945.4,942.8,0,2.6
2020,"Fenagh, Co.Leitrim, 28070",Fenagh,Leitrim,28070,28070,28070,Fenagh,LEITRIM,23.3,35,0,254,728,474,351,539.8,64.8,66,814.6,804.1,0,10.5
2020,"Gortermone, Co.Leitrim, 28071",Gortermone,Leitrim,28071,28071,28071,Gortermone,LEITRIM,25.3,47,0,427,1762,1335,365,1185.5,56.4,58,1188.4,1182,0,6.4
2020,"Keeldra, Co.Leitrim, 28072",Keeldra,Leitrim,28072,28072,28072,Keeldra,LEITRIM,22.4,56,0,487,1470,983,0,986.5,57.3,59,1256.1,1245.5,0,10.6
2020,"Lisgillock, Co.Leitrim, 28073",Lisgillock,Leitrim,28073,28073,28073,Lisgillock,LEITRIM,23.3,45,0,454,1068,614,0,695.3,58.5,59,1047.8,1035.5,0,12.3
2020,"Mohill, Co.Leitrim, 28074",Mohill,Leitrim,28074,28074,28074,Mohill,LEITRIM,20.6,65,0,573,1574,1001,194,1010.3,59.2,58,1341.9,1333.2,0,8.7
2020,"Rinn, Co.Leitrim, 28075",Rinn,Leitrim,28075,28075,28075,Rinn,LEITRIM,32.6,44,0,402,1228,826,0,885.1,60,61.5,1434.9,1429,0,5.9
2020,"Riverstown, Co.Leitrim, 28076",Riverstown,Leitrim,28076,28076,28076,Riverstown,LEITRIM,23.6,48,0,434,1316,882,0,860.9,55.8,52.5,1131.3,1114.1,0,17.2
2020,"Roosky, Co.Leitrim, 28077",Roosky,Leitrim,28077,28077,28077,Roosky,LEITRIM,20.9,43,0,319,957,638,534,686.8,57.5,57,900.4,894.9,0,5.5
2020,"Rowan, Co.Leitrim, 28078",Rowan,Leitrim,28078,28078,28078,Rowan,LEITRIM,20.6,44,0,317,772,455,0,490.5,58.4,59,907,905.9,0,1.1
2020,"Westport Urban, Co.Mayo, 29004",Westport Urban,Mayo,29004,29004,29004,Westport Urban,MAYO,9.8,15,0,22,102,80,704,139.2,61.7,71,147.4,147.4,0,0
2020,"Ardagh, Co.Mayo, 29005",Ardagh,Mayo,29005,29005,29005,Ardagh,MAYO,24.3,56,0,461,1845,1384,2594,1492.4,57.7,57.5,1360.8,1356.2,0,4.6
2020,"Ardnaree North, Co.Mayo, 29006",Ardnaree North,Mayo,29006,29006,29006,Ardnaree North,MAYO,20.7,59,0,460,2119,1659,1216,1606.5,59.8,59,1224.1,1221.2,0,2.9
2020,"Ardnaree South Rural, Co.Mayo, 29007",Ardnaree South Rural,Mayo,29007,29007,29007,Ardnaree South Rural,MAYO,16.6,70,0,540,1771,1231,702,1233.1,62.4,63,1158.8,1155.1,0,3.7
2020,"Attymass East, Co.Mayo, 29008",Attymass East,Mayo,29008,29008,29008,Attymass East,MAYO,15.3,50,0,350,892,542,836,668,59.8,58.5,766,766,0,0
2020,"Attymass West, Co.Mayo, 29009",Attymass West,Mayo,29009,29009,29009,Attymass West,MAYO,17.3,44,0,209,908,699,0,631.4,61.8,63,760.8,753.1,0,7.7
2020,"Ballina Rural, Co.Mayo, 29010",Ballina Rural,Mayo,29010,29010,29010,Ballina Rural,MAYO,22.8,117,490,1000,4254,2764,1703,3097.4,57.5,58,2668,2645.9,0,22.1
2020,"Ballycastle, Co.Mayo, 29011",Ballycastle,Mayo,29011,29011,29011,Ballycastle,MAYO,31.2,94,0,791,2070,1279,3630,1732.7,58.4,60,2930.5,2921.5,0,9
2020,"Ballysakeery, Co.Mayo, 29012",Ballysakeery,Mayo,29012,29012,29012,Ballysakeery,MAYO,25.3,76,478,566,3024,1980,1191,2249.2,54.1,54,1925.4,1900.7,0,24.7
2020,"Béal Deirg Mór, Co.Mayo, 29013",Béal Deirg Mór,Mayo,29013,29013,29013,Béal Deirg Mór,MAYO,34.7,64,0,147,987,840,7692,1442.2,53.8,53,2223.9,2223.9,0,0
2020,"Bunaveela, Co.Mayo, 29014",Bunaveela,Mayo,29014,29014,29014,Bunaveela,MAYO,55.9,32,0,58,117,59,5643,642.8,52.3,58,1788.2,1784.6,0,3.6
2020,"Carrowmore, Co.Mayo, 29015",Carrowmore,Mayo,29015,29015,29015,Carrowmore,MAYO,20.4,84,0,627,2598,1971,1722,1912.3,61.8,60,1716.4,1700.7,0,15.7
2020,"Crossmolina North, Co.Mayo, 29016",Crossmolina North,Mayo,29016,29016,29016,Crossmolina North,MAYO,23,70,0,632,2229,1597,1609,1664.6,57.4,58,1610.1,1595.4,0,14.7
2020,"Crossmolina South, Co.Mayo, 29017",Crossmolina South,Mayo,29017,29017,29017,Crossmolina South,MAYO,23.3,88,0,664,2406,1742,3853,2044.5,58.1,57.5,2049.9,2020.6,0,29.3
2020,"Deel, Co.Mayo, 29018",Deel,Mayo,29018,29018,29018,Deel,MAYO,26.7,103,0,896,2824,1928,4088,2260.9,58.9,59,2746.8,2723.3,0,23.5
2020,"Derry, Co.Mayo, 29019",Derry,Mayo,29019,29019,29019,Derry,MAYO,48.9,63,0,328,857,529,7364,1316.1,56,56,3080.8,3080.7,0,0.1
2020,"Fortland, Co.Mayo, 29020",Fortland,Mayo,29020,29020,29020,Fortland,MAYO,27.9,77,0,956,3681,2725,2669,2765.5,57.3,56,2144.6,2137.8,0,6.8
2020,"Kilfian East, Co.Mayo, 29021",Kilfian East,Mayo,29021,29021,29021,Kilfian East,MAYO,33.1,61,0,774,3451,2677,811,2500.4,56.1,55,2016.3,1994.3,0,22
2020,"Kilfian South, Co.Mayo, 29022",Kilfian South,Mayo,29022,29022,29022,Kilfian South,MAYO,37.8,61,0,682,1995,1313,1198,1450.5,55.6,57,2306.3,2292.5,0,13.8
2020,"Kilfian West, Co.Mayo, 29023",Kilfian West,Mayo,29023,29023,29023,Kilfian West,MAYO,47.5,45,0,524,1240,716,1253,940.5,55.8,55,2138.8,2138.7,0,0.1
2020,"Kilgarvan, Co.Mayo, 29024",Kilgarvan,Mayo,29024,29024,29024,Kilgarvan,MAYO,19.4,131,0,824,2844,2020,3719,2266.3,59.7,61,2538.2,2534.6,0,3.6
2020,"Killala, Co.Mayo, 29025",Killala,Mayo,29025,29025,29025,Killala,MAYO,25.4,129,537,1374,4989,3078,1812,3631.1,58.3,61,3276.7,3253.2,0,23.5
2020,"Lackan North, Co.Mayo, 29026",Lackan North,Mayo,29026,29026,29026,Lackan North,MAYO,30,92,0,948,3131,2183,2444,2350.1,57.2,54,2763.7,2743.2,0,20.5
2020,"Lackan South, Co.Mayo, 29027",Lackan South,Mayo,29027,29027,29027,Lackan South,MAYO,29,76,899,692,3825,2234,909,2804.1,59.2,59.5,2203.6,2185.5,0,18.1
2020,"Letterbrick, Co.Mayo, 29028",Letterbrick,Mayo,29028,29028,29028,Letterbrick,MAYO,39.7,43,0,208,479,271,5338,858.5,51.4,50,1705.2,1703.9,0,1.3
2020,"Mount Falcon, Co.Mayo, 29029",Mount Falcon,Mayo,29029,29029,29029,Mount Falcon,MAYO,13.8,120,409,611,2900,1880,954,2117.3,61.9,61.5,1654.4,1642.5,0,11.9
2020,"Rathoma, Co.Mayo, 29030",Rathoma,Mayo,29030,29030,29030,Rathoma,MAYO,24.7,53,371,455,2123,1297,1674,1627.5,59.4,58,1308.3,1291.7,0,16.6
2020,"Sallymount, Co.Mayo, 29031",Sallymount,Mayo,29031,29031,29031,Sallymount,MAYO,19,80,0,608,2135,1527,2444,1679.2,59.1,59.5,1522.1,1522.1,0,0
2020,"Sraheen, Co.Mayo, 29032",Sraheen,Mayo,29032,29032,29032,Sraheen,MAYO,10.9,50,0,208,534,326,0,369.2,61.7,65,546.9,546.8,0,0.1
2020,"Baile an Chalaidh, Co.Mayo, 29033",Baile an Chalaidh,Mayo,29033,29033,29033,Baile an Chalaidh,MAYO,27.7,57,0,152,394,242,7549,1007.2,57.3,58,1577.7,1574.7,0,3
2020,"Ballinrobe, Co.Mayo, 29034",Ballinrobe,Mayo,29034,29034,29034,Ballinrobe,MAYO,21.9,127,0,765,4107,3342,8297,3626.6,60.4,60,2776.1,2743.9,0,32.2
2020,"Baile Óbha, Co.Mayo, 29035",Baile Óbha,Mayo,29035,29035,29035,Baile Óbha,MAYO,26.7,59,0,75,229,154,9688,1113.5,56.8,60,1574.8,1570.5,0,4.3
2020,"Burriscarra, Co.Mayo, 29036",Burriscarra,Mayo,29036,29036,29036,Burriscarra,MAYO,20.8,69,0,524,2684,2160,2420,2014.6,61.7,61,1438.2,1430.5,0,7.7
2020,"An Cheapaigh Dhuibh, Co.Mayo, 29037",An Cheapaigh Dhuibh,Mayo,29037,29037,29037,An Cheapaigh Dhuibh,MAYO,27.3,45,0,141,354,213,6813,910.4,56.8,53,1228.5,1228.3,0,0.2
2020,"Cong, Co.Mayo, 29038",Cong,Mayo,29038,29038,29038,Cong,MAYO,21.4,64,0,447,1930,1483,4098,1783.7,62.6,61.5,1372.7,1366.6,0,6.1
2020,"Coonard, Co.Mayo, 29039",Coonard,Mayo,29039,29039,29039,Coonard,MAYO,26.5,60,396,476,3405,2533,1754,2492.9,61.4,62,1592.7,1566.6,0,26.1
2020,"Dalgan, Co.Mayo, 29040",Dalgan,Mayo,29040,29040,29040,Dalgan,MAYO,21.7,127,452,837,5296,4007,9218,4647.6,60.3,62,2759.8,2729.9,0,29.9
2020,"Hollymount, Co.Mayo, 29041",Hollymount,Mayo,29041,29041,29041,Hollymount,MAYO,25.3,108,0,744,4714,3970,8550,5524,57.8,56,2729.8,2717.1,0,12.7
2020,"Houndswood, Co.Mayo, 29042",Houndswood,Mayo,29042,29042,29042,Houndswood,MAYO,23.3,92,0,567,2920,2353,7199,2784.9,57.5,57,2139.9,2127,0,12.9
2020,"Kilcommon, Co.Mayo, 29043",Kilcommon,Mayo,29043,29043,29043,Kilcommon,MAYO,30.9,128,1668,1072,6913,4173,11480,6324.5,59.3,59.5,3959.5,3914.9,0,44.6
2020,"Kilmaine, Co.Mayo, 29044",Kilmaine,Mayo,29044,29044,29044,Kilmaine,MAYO,20.9,178,403,875,5365,4087,14284,5225.9,58.7,58,3711.7,3687.1,0,24.6
2020,"Neale, Co.Mayo, 29045",Neale,Mayo,29045,29045,29045,Neale,MAYO,27,107,182,762,3852,2908,11421,4296.5,58.2,56,2884.6,2874.5,0,10.1
2020,"Newbrook, Co.Mayo, 29046",Newbrook,Mayo,29046,29046,29046,Newbrook,MAYO,28.7,88,425,951,4700,3324,6704,3907.3,57,59,2526.6,2486.7,0,39.9
2020,"Abhainn Bhrain, Co.Mayo, 29047",Abhainn Bhrain,Mayo,29047,29047,29047,Abhainn Bhrain,MAYO,36.6,65,0,221,537,316,13643,1715,57.6,58,2380.8,2380.8,0,0
2020,"Partraí, Co.Mayo, 29048",Partraí,Mayo,29048,29048,29048,Partraí,MAYO,21.9,68,0,280,1336,1056,5142,1392.6,57,55.5,1487.5,1484.4,0,3.1
2020,"Roslee, Co.Mayo, 29049",Roslee,Mayo,29049,29049,29049,Roslee,MAYO,30.6,53,0,523,2762,2239,3607,2342.2,61,57,1624.2,1613.8,0,10.4
2020,"Shrule, Co.Mayo, 29050",Shrule,Mayo,29050,29050,29050,Shrule,MAYO,27.4,125,525,1281,5825,4019,8268,4966.8,58.1,58,3425.7,3401.7,0,24
2020,"An Geata Mór Theas, Co.Mayo, 29051",An Geata Mór Theas,Mayo,29051,29051,29051,An Geata Mór Theas,MAYO,20,154,70,992,2559,1497,7440,2446.1,58.9,60,3076.2,3073.9,0,2.3
2020,"An Geata Mór Theas, Co.Mayo, 29052",An Geata Mór Theas,Mayo,29052,29052,29052,An Geata Mór Theas,MAYO,16.3,160,0,1284,2880,1596,1313,2008.8,61.8,63,2607.8,2602.1,0,5.7
2020,"Bangor, Co.Mayo, 29053",Bangor,Mayo,29053,29053,29053,Bangor,MAYO,41.4,35,0,91,287,196,3002,522.6,56.4,58,1448,1436.4,0,11.6
2020,"Barr Rúscaí, Co.Mayo, 29054",Barr Rúscaí,Mayo,29054,29054,29054,Barr Rúscaí,MAYO,39.7,48,0,158,313,155,5408,758.6,54.4,54,1906.5,1903.6,0,2.9
2020,"Béal an Mhuirthead, Co.Mayo, 29055",Béal an Mhuirthead,Mayo,29055,29055,29055,Béal an Mhuirthead,MAYO,16.8,128,0,662,1375,713,8826,1792.2,59.6,61,2147,2126.6,0,20.4
2020,"Gleann na Muaidhe, Co.Mayo, 29056",Gleann na Muaidhe,Mayo,29056,29056,29056,Gleann na Muaidhe,MAYO,24.2,63,0,94,193,99,4901,626.5,55.6,56,1524.4,1524.4,0,0
2020,"Gleann Chaisil, Co.Mayo, 29057",Gleann Chaisil,Mayo,29057,29057,29057,Gleann Chaisil,MAYO,18.7,76,0,390,980,590,2552,898.5,57.4,59.5,1423.3,1414.2,0,9.1
2020,"Glenco / Sheskin, Co.Mayo, 29058/29065",Glenco / Sheskin,Mayo,29058/29065,29058/29065,29058/29065,Glenco / Sheskin,MAYO,68.6,54,0,157,646,489,8044,1274.1,53.6,53,3704,3702.6,0,1.4
2020,"Guala Mhór, Co.Mayo, 29059",Guala Mhór,Mayo,29059,29059,29059,Guala Mhór,MAYO,23.7,41,0,206,423,217,1598,439,63.4,64,969.7,968.6,0,1.1
2020,"Cnoc an Daimh, Co.Mayo, 29060",Cnoc an Daimh,Mayo,29060,29060,29060,Cnoc an Daimh,MAYO,11.5,87,0,59,104,45,7166,799,61.2,62,997.5,997.5,0,0
2020,"Cnoc na Lobhar, Co.Mayo, 29061",Cnoc na Lobhar,Mayo,29061,29061,29061,Cnoc na Lobhar,MAYO,14.1,163,0,378,797,419,10414,1551,61.3,62,2291.3,2285.9,0,5.4
2020,"Moing na Bó, Co.Mayo, 29062",Moing na Bó,Mayo,29062,29062,29062,Moing na Bó,MAYO,19.8,81,0,165,374,209,5967,857,55.9,57,1601.2,1601.2,0,0
2020,"Na Monga, Co.Mayo, 29063",Na Monga,Mayo,29063,29063,29063,Na Monga,MAYO,22.7,63,0,201,352,151,4595,695.4,55.7,55,1430.3,1430.3,0,0
2020,"Cnoc na Ráithe, Co.Mayo, 29064",Cnoc na Ráithe,Mayo,29064,29064,29064,Cnoc na Ráithe,MAYO,16.8,115,0,592,1249,657,1440,963,61.9,65,1927.5,1908.1,0,19.4
2020,"Addergoole, Co.Mayo, 29066",Addergoole,Mayo,29066,29066,29066,Addergoole,MAYO,20.3,107,0,570,1728,1158,7190,1867.5,58.9,60,2166.8,2155.1,0,11.7
2020,"Balla, Co.Mayo, 29067",Balla,Mayo,29067,29067,29067,Balla,MAYO,23.5,130,0,801,3807,3006,4845,3624.8,58.4,59.5,3057.5,2974.5,0,83
2020,"Ballinafad, Co.Mayo, 29068",Ballinafad,Mayo,29068,29068,29068,Ballinafad,MAYO,21.5,84,0,609,2592,1983,2300,2020.2,62.4,61,1805.9,1769.4,0,36.5
2020,"Ballyhean, Co.Mayo, 29069",Ballyhean,Mayo,29069,29069,29069,Ballyhean,MAYO,18.8,66,0,417,1596,1179,2204,1324,60.7,63.5,1238,1234.2,0,3.8
2020,"Ballynagoraher, Co.Mayo, 29070",Ballynagoraher,Mayo,29070,29070,29070,Ballynagoraher,MAYO,32.3,82,0,568,1400,832,8355,1751.2,59.6,60,2647.1,2635.5,0,11.6
2020,"Bellavary, Co.Mayo, 29071",Bellavary,Mayo,29071,29071,29071,Bellavary,MAYO,16.9,126,0,827,2590,1763,1845,1901.2,60.4,61.5,2133.3,2121,0,12.3
2020,"Breaghwy, Co.Mayo, 29072",Breaghwy,Mayo,29072,29072,29072,Breaghwy,MAYO,19.4,94,521,562,2812,1729,1723,2141,62.1,61.5,1819,1815.7,0,3.3
2020,"Burren, Co.Mayo, 29073",Burren,Mayo,29073,29073,29073,Burren,MAYO,23.7,62,0,369,915,546,3140,901.9,57.6,59,1467.2,1467.2,0,0
2020,"Castlebar Rural, Co.Mayo, 29074",Castlebar Rural,Mayo,29074,29074,29074,Castlebar Rural,MAYO,15.9,112,0,604,1723,1119,1322,1267.1,63.8,63,1786,1782.5,0,3.5
2020,"Clogher, Co.Mayo, 29075",Clogher,Mayo,29075,29075,29075,Clogher,MAYO,21.2,68,0,553,2017,1464,2224,1585.7,58,60.5,1442.1,1436.6,0,5.5
2020,"Cloonkeen, Co.Mayo, 29076",Cloonkeen,Mayo,29076,29076,29076,Cloonkeen,MAYO,19.8,83,0,497,1701,1204,3757,1492.1,62.9,64,1646.2,1645,0,1.2
2020,"Croaghmoyle, Co.Mayo, 29077",Croaghmoyle,Mayo,29077,29077,29077,Croaghmoyle,MAYO,30.2,41,0,157,428,271,2821,557.1,59.7,63,1238,1238,0,0
2020,"Killavally, Co.Mayo, 29078",Killavally,Mayo,29078,29078,29078,Killavally,MAYO,30.3,59,0,560,2318,1758,5124,2149.5,57.6,60,1787.8,1786.1,0,1.7
2020,"Manulla, Co.Mayo, 29079",Manulla,Mayo,29079,29079,29079,Manulla,MAYO,20.4,103,0,820,3035,2215,1325,2186.8,58.9,60,2105.5,2093,0,12.5
2020,"Pontoon, Co.Mayo, 29080",Pontoon,Mayo,29080,29080,29080,Pontoon,MAYO,21,71,0,343,1033,690,3121,993,59.6,63,1491.8,1491.8,0,0
2020,"Strade, Co.Mayo, 29081",Strade,Mayo,29081,29081,29081,Strade,MAYO,22.7,95,0,939,2915,1976,2415,2200.5,60,62,2156.1,2143.7,0,12.4
2020,"Tamhnaigh na Graí, Co.Mayo, 29082",Tamhnaigh na Graí,Mayo,29082,29082,29082,Tamhnaigh na Graí,MAYO,24.5,77,0,320,1106,786,9740,1720.2,57,60,1883.7,1883.2,0,0.5
2020,"Turlough, Co.Mayo, 29083",Turlough,Mayo,29083,29083,29083,Turlough,MAYO,18.8,114,0,642,2108,1466,2487,1671.3,61.2,63,2142.8,2135.7,0,7.1
2020,"Ballindine, Co.Mayo, 29084",Ballindine,Mayo,29084,29084,29084,Ballindine,MAYO,23.2,67,321,337,2289,1631,1869,1801.3,59.2,58,1551.8,1534.4,0,17.4
2020,"Ballyhaunis, Co.Mayo, 29085",Ballyhaunis,Mayo,29085,29085,29085,Ballyhaunis,MAYO,19,90,0,642,3011,2369,1419,2084.2,58.6,59,1706.1,1695.3,0,10.8
2020,"Ballyhowly, Co.Mayo, 29086",Ballyhowly,Mayo,29086,29086,29086,Ballyhowly,MAYO,24.5,68,0,571,2758,2187,852,2472.6,59.8,60,1668,1652.1,0,15.9
2020,"Bekan, Co.Mayo, 29087",Bekan,Mayo,29087,29087,29087,Bekan,MAYO,20.5,105,0,884,3290,2406,963,2296.2,58.3,58,2154,2113.8,0,40.2
2020,"Caraun, Co.Mayo, 29088",Caraun,Mayo,29088,29088,29088,Caraun,MAYO,24.6,71,401,568,3159,2190,775,2305.2,59.4,61,1747.6,1728.3,0,19.3
2020,"Claremorris, Co.Mayo, 29089",Claremorris,Mayo,29089,29089,29089,Claremorris,MAYO,20.7,50,0,232,1566,1334,1090,1199.6,58.3,60,1032.5,1000.5,0,32
2020,"Cloghermore, Co.Mayo, 29090",Cloghermore,Mayo,29090,29090,29090,Cloghermore,MAYO,27.6,39,0,426,1991,1565,2008,1563.6,53,50,1076.5,1069.9,0,6.6
2020,"Course, Co.Mayo, 29091",Course,Mayo,29091,29091,29091,Course,MAYO,22.4,72,0,520,2241,1721,1339,1613.7,55.6,56,1615,1544.3,0,70.7
2020,"Crossboyne, Co.Mayo, 29092",Crossboyne,Mayo,29092,29092,29092,Crossboyne,MAYO,22.8,54,0,383,2172,1789,644,1604.3,58.2,60,1233.4,1216,0,17.4
2020,"Culnacleha, Co.Mayo, 29093",Culnacleha,Mayo,29093,29093,29093,Culnacleha,MAYO,24.5,80,269,711,3658,2678,528,2517.5,55.7,53,1959.8,1939.9,0,19.9
2020,"Garrymore, Co.Mayo, 29094",Garrymore,Mayo,29094,29094,29094,Garrymore,MAYO,26.6,82,0,864,3906,3042,3808,3006.4,58.7,61,2182.3,2138.8,0,43.5
2020,"Kilcolman, Co.Mayo, 29095",Kilcolman,Mayo,29095,29095,29095,Kilcolman,MAYO,23.5,66,419,446,2692,1827,1408,2056.7,58.8,59,1553.2,1540.5,0,12.7
2020,"Kilvine, Co.Mayo, 29096",Kilvine,Mayo,29096,29096,29096,Kilvine,MAYO,24.7,86,0,917,4028,3111,1778,2930.8,55.4,56,2155.9,2125.5,0,30.4
2020,"Knock North, Co.Mayo, 29097",Knock North,Mayo,29097,29097,29097,Knock North,MAYO,22,78,0,661,2302,1641,1073,2007.9,61.1,63.5,1716.9,1704.6,0,12.3
2020,"Knock South, Co.Mayo, 29098",Knock South,Mayo,29098,29098,29098,Knock South,MAYO,21.7,79,0,465,2099,1634,811,1517.2,63.4,64,1712.7,1707.3,0,5.4
2020,"Loughanboy, Co.Mayo, 29099",Loughanboy,Mayo,29099,29099,29099,Loughanboy,MAYO,21.1,78,0,603,2668,2065,1061,1905.3,64.1,66.5,1648,1639,0,9
2020,"Mayo, Co.Mayo, 29100",Mayo,Mayo,29100,29100,29100,Mayo,MAYO,26.6,70,234,612,3124,2278,1574,2333.9,58.9,59,1858.6,1828.9,0,29.7
2020,"Murneen, Co.Mayo, 29101",Murneen,Mayo,29101,29101,29101,Murneen,MAYO,22.6,74,0,632,2301,1669,1623,1711.1,61.6,60.5,1676,1655.5,0,20.5
2020,"Tagheen, Co.Mayo, 29102",Tagheen,Mayo,29102,29102,29102,Tagheen,MAYO,26,34,0,338,1735,1397,1722,1370.4,55.6,57.5,882.5,866.2,0,16.3
2020,"Aghamore, Co.Mayo, 29103",Aghamore,Mayo,29103,29103,29103,Aghamore,MAYO,23,97,304,978,3911,2629,0,2716.7,59.1,60,2231.9,2191.3,0,40.6
2020,"Ballinamore, Co.Mayo, 29104",Ballinamore,Mayo,29104,29104,29104,Ballinamore,MAYO,20,55,0,398,1398,1000,567,972.2,60.9,64,1099,1089.8,0,9.2
2020,"Bohola, Co.Mayo, 29105",Bohola,Mayo,29105,29105,29105,Bohola,MAYO,19.1,50,0,388,1184,796,351,826.8,61.9,64.5,952.8,951.5,0,1.3
2020,"Brackloon, Co.Mayo, 29106",Brackloon,Mayo,29106,29106,29106,Brackloon,MAYO,21,95,0,946,2465,1519,1002,1709.4,59.7,61,1997.7,1991,0,6.7
2020,"Callow, Co.Mayo, 29107",Callow,Mayo,29107,29107,29107,Callow,MAYO,23.5,71,0,529,1429,900,1010,1069.9,58.3,60,1670.4,1670.4,0,0
2020,"Cloonmore, Co.Mayo, 29108",Cloonmore,Mayo,29108,29108,29108,Cloonmore,MAYO,19.3,63,0,426,1238,812,0,807.9,63.5,67,1218.4,1215,0,3.4
2020,"Coolnaha, Co.Mayo, 29109",Coolnaha,Mayo,29109,29109,29109,Coolnaha,MAYO,20.3,76,0,553,2221,1668,1630,1687.5,62.8,63.5,1535.4,1524.4,0,11
2020,"Cuildoo, Co.Mayo, 29110",Cuildoo,Mayo,29110,29110,29110,Cuildoo,MAYO,21.3,64,0,554,1350,796,430,924.9,58.8,59,1365.4,1359.2,0,6.2
2020,"Doocastle, Co.Mayo, 29111",Doocastle,Mayo,29111,29111,29111,Doocastle,MAYO,20.4,72,0,490,1567,1077,145,1039.8,61.7,65,1467,1459.5,0,7.5
2020,"Kilbeagh, Co.Mayo, 29112",Kilbeagh,Mayo,29112,29112,29112,Kilbeagh,MAYO,20.6,106,0,755,2230,1475,311,1485.1,61.8,61.5,2185.6,2183.2,0,2.4
2020,"Kilkelly, Co.Mayo, 29113",Kilkelly,Mayo,29113,29113,29113,Kilkelly,MAYO,20.2,135,0,1176,3387,2211,762,2321.7,58.2,59,2726.1,2712.6,0,13.5
2020,"Killedan, Co.Mayo, 29114",Killedan,Mayo,29114,29114,29114,Killedan,MAYO,19.8,82,0,747,2158,1411,495,1428.8,58.6,58,1620.9,1619.9,0,1
2020,"Kilmovee, Co.Mayo, 29115",Kilmovee,Mayo,29115,29115,29115,Kilmovee,MAYO,22.3,92,0,601,2003,1402,389,1365.5,61.2,60.5,2055.6,2043.9,0,11.7
2020,"Kiltamagh, Co.Mayo, 29116",Kiltamagh,Mayo,29116,29116,29116,Kiltamagh,MAYO,14.4,38,0,143,883,740,0,980.8,64.1,66,545.6,525.3,0,20.3
2020,"Meelick, Co.Mayo, 29117",Meelick,Mayo,29117,29117,29117,Meelick,MAYO,20,95,0,753,2596,1843,1201,1895.2,61,62,1903.2,1903.2,0,0
2020,"Sonnagh, Co.Mayo, 29118",Sonnagh,Mayo,29118,29118,29118,Sonnagh,MAYO,19.1,117,0,696,2395,1699,242,1635.8,57,58,2235.4,2227.8,0,7.6
2020,"Swineford, Co.Mayo, 29119",Swineford,Mayo,29119,29119,29119,Swineford,MAYO,15.7,144,0,927,2838,1911,617,1940.7,60.3,63,2254.6,2247.3,0,7.3
2020,"Toocananagh, Co.Mayo, 29120",Toocananagh,Mayo,29120,29120,29120,Toocananagh,MAYO,21.3,41,0,264,915,651,0,798.4,59.9,63,874.6,874.6,0,0
2020,"Toomore, Co.Mayo, 29121",Toomore,Mayo,29121,29121,29121,Toomore,MAYO,19.6,101,0,703,2549,1846,856,1896.6,62.7,66,1982.8,1955,0,27.8
2020,"Tumgesh, Co.Mayo, 29122",Tumgesh,Mayo,29122,29122,29122,Tumgesh,MAYO,20.6,76,0,480,1514,1034,295,1044.5,59,59.5,1569.3,1565.6,0,3.7
2020,"Urlaur, Co.Mayo, 29123",Urlaur,Mayo,29123,29123,29123,Urlaur,MAYO,19.6,91,0,571,1865,1294,684,1284.9,61.3,63,1786.7,1775.1,0,11.6
2020,"Acaill, Co.Mayo, 29124",Acaill,Mayo,29124,29124,29124,Acaill,MAYO,8,98,0,91,197,106,4319,564.7,61,62,781.1,780,0,1.1
2020,"Aghagower North, Co.Mayo, 29125",Aghagower North,Mayo,29125,29125,29125,Aghagower North,MAYO,16.9,80,0,386,1370,984,4117,1338.5,59.4,62,1354,1348.6,0,5.4
2020,"Aghagower South, Co.Mayo, 29126",Aghagower South,Mayo,29126,29126,29126,Aghagower South,MAYO,45.2,41,0,102,238,136,7564,916.1,54.5,56,1854.9,1852.4,0,2.5
2020,"Aillemore, Co.Mayo, 29127",Aillemore,Mayo,29127,29127,29127,Aillemore,MAYO,26.7,67,0,255,717,462,10805,1553.6,57.5,60,1786.5,1784.3,0,2.2
2020,"Ballycroy North, Co.Mayo, 29128",Ballycroy North,Mayo,29128,29128,29128,Ballycroy North,MAYO,36.2,84,0,384,780,396,8465,1358.2,57.3,58,3043.5,3041.3,0,2.2
2020,"Ballycroy South, Co.Mayo, 29129",Ballycroy South,Mayo,29129,29129,29129,Ballycroy South,MAYO,34.8,94,0,406,911,505,10640,1659.5,55.8,58.5,3270.5,3256.9,0,13.6
2020,"Clare Island, Co.Mayo, 29131",Clare Island,Mayo,29131,29131,29131,Clare Island,MAYO,15.7,58,0,29,59,30,6942,733.6,60.6,60,908.7,908.6,0,0.1
2020,"Clogher, Co.Mayo, 29132",Clogher,Mayo,29132,29132,29132,Clogher,MAYO,20.3,80,270,534,2076,1272,2659,1692,58.3,60.5,1622.9,1616.4,0,6.5
2020,"An Corrán, Co.Mayo, 29133",An Corrán,Mayo,29133,29133,29133,An Corrán,MAYO,9.8,121,0,62,160,98,10134,1124.1,59.1,64,1184.7,1184.7,0,0
2020,"Croaghpatrick, Co.Mayo, 29134",Croaghpatrick,Mayo,29134,29134,29134,Croaghpatrick,MAYO,26.8,61,0,125,378,253,10198,1271.4,56.2,55,1632.5,1632.5,0,0
2020,"Derryloughan, Co.Mayo, 29135",Derryloughan,Mayo,29135,29135,29135,Derryloughan,MAYO,20.9,87,0,434,1367,933,5197,1431,60.9,61,1821.6,1808.3,0,13.3
2020,"Dumha Éige, Co.Mayo, 29136",Dumha Éige,Mayo,29136,29136,29136,Dumha Éige,MAYO,6.8,62,0,0,0,0,4204,426.7,55.5,53,422.5,422.5,0,0
2020,"Drummin, Co.Mayo, 29137",Drummin,Mayo,29137,29137,29137,Drummin,MAYO,58.6,55,0,103,309,206,13866,1584.1,54.1,53,3221,3220,0,1
2020,"Emlagh, Co.Mayo, 29138",Emlagh,Mayo,29138,29138,29138,Emlagh,MAYO,30.8,63,0,339,759,420,6887,1196.8,56.8,60,1938.4,1929.3,0,9.1
2020,"Erriff, Co.Mayo, 29139",Erriff,Mayo,29139,29139,29139,Erriff,MAYO,86.8,45,0,0,433,433,16665,1972.7,54.1,52,3906,3867.1,0,38.9
2020,"Glenhest, Co.Mayo, 29140",Glenhest,Mayo,29140,29140,29140,Glenhest,MAYO,33.4,60,0,274,584,310,8117,1195.5,59,59.5,2007,2003.8,0,3.2
2020,"Islandeady, Co.Mayo, 29141",Islandeady,Mayo,29141,29141,29141,Islandeady,MAYO,24.1,119,0,818,2292,1474,5585,2093.6,59.6,60,2872.3,2862.8,0,9.5
2020,"Kilgeever, Co.Mayo, 29142",Kilgeever,Mayo,29142,29142,29142,Kilgeever,MAYO,43.6,42,0,82,747,665,8284,1489,52.6,53,1829.2,1829,0,0.2
2020,"Kilmaclasser, Co.Mayo, 29143",Kilmaclasser,Mayo,29143,29143,29143,Kilmaclasser,MAYO,22.2,74,0,414,1288,874,5004,1352.4,59.3,61,1641.1,1632.7,0,8.4
2020,"Kilmeena, Co.Mayo, 29144",Kilmeena,Mayo,29144,29144,29144,Kilmeena,MAYO,21.3,96,189,541,1847,1117,6212,1863.7,57.7,60,2049.1,2033.7,0,15.4
2020,"Kilsallagh, Co.Mayo, 29145",Kilsallagh,Mayo,29145,29145,29145,Kilsallagh,MAYO,20.2,77,0,152,353,201,8332,1443.9,61.9,63,1554.1,1554.1,0,0
2020,"Knappagh, Co.Mayo, 29146",Knappagh,Mayo,29146,29146,29146,Knappagh,MAYO,24.6,77,0,343,912,569,8628,1453,55.6,53,1895.2,1889.4,0,5.8
2020,"Louisburgh, Co.Mayo, 29147",Louisburgh,Mayo,29147,29147,29147,Louisburgh,MAYO,20.1,68,0,316,929,613,4626,1064.6,62.5,64.5,1369.8,1368.3,0,1.5
2020,"Newport East, Co.Mayo, 29148",Newport East,Mayo,29148,29148,29148,Newport East,MAYO,22.5,77,0,313,693,380,7112,1156.5,60.3,60,1732.4,1720.2,0,12.2
2020,"Newport West, Co.Mayo, 29149",Newport West,Mayo,29149,29149,29149,Newport West,MAYO,19.7,97,0,233,503,270,10273,1358.9,60.1,58,1912.9,1912.9,0,0
2020,"Owennadornaun / Bundorragha, Co.Mayo, 29150/29130",Owennadornaun / Bundorragha,Mayo,29150/29130,29150/29130,29150/29130,Owennadornaun / Bundorragha,MAYO,29.9,44,0,38,181,143,10308,1152.6,55,54,1317.1,1234.6,0,82.5
2020,"Slievemahanagh, Co.Mayo, 29151",Slievemahanagh,Mayo,29151,29151,29151,Slievemahanagh,MAYO,40.9,82,0,171,454,283,15168,1814.3,53.7,54,3350.2,3346.2,0,4
2020,"Slievemore, Co.Mayo, 29152",Slievemore,Mayo,29152,29152,29152,Slievemore,MAYO,6.2,141,0,67,144,77,11442,1249,59.8,61,878.7,867.2,0,11.5
2020,"Srahmore, Co.Mayo, 29153",Srahmore,Mayo,29153,29153,29153,Srahmore,MAYO,43.6,54,0,192,409,217,11240,1390.7,57.9,59.5,2356.3,2355,0,1.3
2020,"Westport Rural, Co.Mayo, 29154",Westport Rural,Mayo,29154,29154,29154,Westport Rural,MAYO,16.5,40,0,137,717,580,2344,725.5,62.2,63,659.4,659.4,0,0
2020,"Athlone West Rural, Co.Roscommon, 30001",Athlone West Rural,Roscommon,30001,30001,30001,Athlone West Rural,ROSCOMMON,27,45,0,229,1156,927,1115,930.7,62.9,61,1217.2,1204.9,0,12.3
2020,"Ballydangan, Co.Roscommon, 30002",Ballydangan,Roscommon,30002,30002,30002,Ballydangan,ROSCOMMON,28.7,78,216,775,4306,3315,3745,3407,56.3,55,2240.5,2199.3,0,41.2
2020,"Ballynamona, Co.Roscommon, 30003",Ballynamona,Roscommon,30003,30003,30003,Ballynamona,ROSCOMMON,25.6,51,0,450,1551,1101,5209,1571.4,55.8,56,1305.8,1292.6,0,13.2
2020,"Caltragh, Co.Roscommon, 30004",Caltragh,Roscommon,30004,30004,30004,Caltragh,ROSCOMMON,32.6,34,0,285,1081,796,5509,1274.5,60.8,63,1109.4,1066.9,0,42.5
2020,"Carnagh, Co.Roscommon, 30005",Carnagh,Roscommon,30005,30005,30005,Carnagh,ROSCOMMON,31.8,73,0,636,2797,2161,9649,2850.1,58.8,59,2321.7,2170,109.8,41.9
2020,"Carrowreagh, Co.Roscommon, 30006",Carrowreagh,Roscommon,30006,30006,30006,Carrowreagh,ROSCOMMON,28.1,58,0,382,2118,1736,3912,1820.1,56.9,58.5,1629.7,1609,0,20.7
2020,"Castlesampson, Co.Roscommon, 30007",Castlesampson,Roscommon,30007,30007,30007,Castlesampson,ROSCOMMON,33.2,65,0,547,2504,1957,5728,2335,58.6,59,2160.9,2145.6,0,15.3
2020,"Cloonburren, Co.Roscommon, 30008",Cloonburren,Roscommon,30008,30008,30008,Cloonburren,ROSCOMMON,25.6,32,0,313,1190,877,889,906,59.9,59.5,820.6,820.6,0,0
2020,"Cloonown, Co.Roscommon, 30009",Cloonown,Roscommon,30009,30009,30009,Cloonown,ROSCOMMON,20,29,0,247,797,550,0,517.8,62.7,61,580.9,580.9,0,0
2020,"Crannagh, Co.Roscommon, 30010",Crannagh,Roscommon,30010,30010,30010,Crannagh,ROSCOMMON,20.6,54,0,485,1832,1347,512,1336.6,63.7,64,1109.9,1103.7,0,6.2
2020,"Creagh, Co.Roscommon, 30011",Creagh,Roscommon,30011,30011,30011,Creagh,ROSCOMMON,29.9,79,0,892,3472,2580,2220,2593.1,61.1,60,2363.6,2299.5,0,64.1
2020,"Culliagh, Co.Roscommon, 30012",Culliagh,Roscommon,30012,30012,30012,Culliagh,ROSCOMMON,32.1,27,0,307,1696,1389,1545,1286.3,55.7,56,867.7,838.1,0,29.6
2020,"Drumlosh, Co.Roscommon, 30013",Drumlosh,Roscommon,30013,30013,30013,Drumlosh,ROSCOMMON,18.7,40,0,270,982,712,614,726.6,60.2,61,755.8,743.1,0,12.7
2020,"Dysart, Co.Roscommon, 30014",Dysart,Roscommon,30014,30014,30014,Dysart,ROSCOMMON,35.2,46,0,534,2481,1947,6313,2267.4,58.1,60,1618.4,1615.5,0,2.9
2020,"Kilcar, Co.Roscommon, 30015",Kilcar,Roscommon,30015,30015,30015,Kilcar,ROSCOMMON,24.7,39,0,233,1105,872,4769,1251.9,60.7,60,963.1,958.5,0,4.6
2020,"Kiltoom, Co.Roscommon, 30016",Kiltoom,Roscommon,30016,30016,30016,Kiltoom,ROSCOMMON,18,54,0,311,1134,823,2939,1031,62.5,61,973.8,945.1,0,28.7
2020,"Lecarrow, Co.Roscommon, 30017",Lecarrow,Roscommon,30017,30017,30017,Lecarrow,ROSCOMMON,25.8,43,0,364,1217,853,5201,1321,60.9,64,1108.9,1103.4,0,5.5
2020,"Moore, Co.Roscommon, 30018",Moore,Roscommon,30018,30018,30018,Moore,ROSCOMMON,27.3,47,0,534,2320,1786,338,1625.7,59.7,57,1282.9,1273.1,0,9.8
2020,"Rockhill, Co.Roscommon, 30019",Rockhill,Roscommon,30019,30019,30019,Rockhill,ROSCOMMON,41.6,57,587,757,4215,2871,7883,4891,56.4,55,2370,2339.3,0,30.7
2020,"Taghboy, Co.Roscommon, 30020",Taghboy,Roscommon,30020,30020,30020,Taghboy,ROSCOMMON,27.7,54,0,496,2025,1529,4139,1792.3,57.1,57,1493.5,1479.3,0,14.2
2020,"Taghmaconnell, Co.Roscommon, 30021",Taghmaconnell,Roscommon,30021,30021,30021,Taghmaconnell,ROSCOMMON,35.9,48,0,523,2289,1766,5115,2128.9,56.4,55,1721.8,1701.1,0,20.7
2020,"Thomastown, Co.Roscommon, 30022",Thomastown,Roscommon,30022,30022,30022,Thomastown,ROSCOMMON,21.4,73,0,564,2204,1640,2606,1772,58.4,60,1561.8,1529.2,0,32.6
2020,"Turrock, Co.Roscommon, 30023",Turrock,Roscommon,30023,30023,30023,Turrock,ROSCOMMON,30.4,51,0,459,1773,1314,9163,2106.2,58.3,56,1548.8,1540.5,0,8.3
2020,"Aghafin, Co.Roscommon, 30024",Aghafin,Roscommon,30024,30024,30024,Aghafin,ROSCOMMON,20.7,39,0,272,656,384,349,458.8,59.7,61,806,804.8,0,1.2
2020,"Aughrim East, Co.Roscommon, 30026",Aughrim East,Roscommon,30026,30026,30026,Aughrim East,ROSCOMMON,27.8,53,0,630,1800,1170,1198,1321.6,55.4,57,1475.8,1464.5,0,11.3
2020,"Aughrim West, Co.Roscommon, 30027",Aughrim West,Roscommon,30027,30027,30027,Aughrim West,ROSCOMMON,34.2,47,0,527,2114,1587,2054,1649.2,55.7,57,1608.1,1600.3,0,7.8
2020,"Ballyfarnan, Co.Roscommon, 30028",Ballyfarnan,Roscommon,30028,30028,30028,Ballyfarnan,ROSCOMMON,26.3,13,0,106,272,166,0,204.4,60.3,63,341.8,339.4,0,2.4
2020,"Ballyfermoyle, Co.Roscommon, 30029",Ballyfermoyle,Roscommon,30029,30029,30029,Ballyfermoyle,ROSCOMMON,17.4,27,0,92,209,117,0,158,62.8,65,470.9,468.9,0,2
2020,"Boyle Rural, Co.Roscommon, 30030",Boyle Rural,Roscommon,30030,30030,30030,Boyle Rural,ROSCOMMON,25.1,68,0,508,1752,1244,769,1247.4,59.4,61.5,1707.8,1694.6,0,13.2
2020,"Boyle Urban, Co.Roscommon, 30031",Boyle Urban,Roscommon,30031,30031,30031,Boyle Urban,ROSCOMMON,33.2,5,0,81,186,105,0,136.5,66.2,64,166.1,163.9,0,2.2
2020,"Breedoge, Co.Roscommon, 30032",Breedoge,Roscommon,30032,30032,30032,Breedoge,ROSCOMMON,26.9,46,0,351,1359,1008,0,971.8,58.2,58.5,1236.5,1206.3,0,30.2
2020,"Cloonteen, Co.Roscommon, 30033",Cloonteen,Roscommon,30033,30033,30033,Cloonteen,ROSCOMMON,30.7,51,0,492,1777,1285,773,1320,57.3,60,1566.9,1564,0,2.9
2020,"Creeve, Co.Roscommon, 30034",Creeve,Roscommon,30034,30034,30034,Creeve,ROSCOMMON,32.2,41,0,508,1721,1213,1798,1786.3,58.3,60,1320,1310.8,0,9.2
2020,"Croghan, Co.Roscommon, 30035",Croghan,Roscommon,30035,30035,30035,Croghan,ROSCOMMON,35.3,56,0,710,2662,1952,707,1886.1,57.5,55.5,1974.5,1964.3,0,10.2
2020,"Crossna, Co.Roscommon, 30036",Crossna,Roscommon,30036,30036,30036,Crossna,ROSCOMMON,23.1,44,0,298,807,509,351,590,58.5,57.5,1014.8,1006.2,0,8.6
2020,"Danesfort, Co.Roscommon, 30037",Danesfort,Roscommon,30037,30037,30037,Danesfort,ROSCOMMON,29,38,0,324,1091,767,529,991.5,57.1,59.5,1101.2,1098,0,3.2
2020,"Estersnow, Co.Roscommon, 30038",Estersnow,Roscommon,30038,30038,30038,Estersnow,ROSCOMMON,25,21,0,151,504,353,0,364.1,56.9,61,524.1,522.6,0,1.5
2020,"Keadew, Co.Roscommon, 30039",Keadew,Roscommon,30039,30039,30039,Keadew,ROSCOMMON,24.6,42,0,292,714,422,1749,641.5,59.6,63.5,1032.5,1030.9,0,1.6
2020,"Kilbryan, Co.Roscommon, 30040",Kilbryan,Roscommon,30040,30040,30040,Kilbryan,ROSCOMMON,26.8,41,0,283,793,510,662,584.6,62.4,63,1098.3,1094.9,0,3.4
2020,"Kilcolagh, Co.Roscommon, 30041",Kilcolagh,Roscommon,30041,30041,30041,Kilcolagh,ROSCOMMON,24.1,17,0,137,408,271,0,265.6,54.9,54,409.3,378.3,0,31
2020,"Killukin, Co.Roscommon, 30042",Killukin,Roscommon,30042,30042,30042,Killukin,ROSCOMMON,28.3,31,0,270,852,582,541,654.6,58.3,56,878.8,873.4,0,5.4
2020,"Killummod, Co.Roscommon, 30043",Killummod,Roscommon,30043,30043,30043,Killummod,ROSCOMMON,30.8,29,0,442,1252,810,0,867.5,56.6,55,893.8,869.9,0,23.9
2020,"Kilmacumsy, Co.Roscommon, 30044",Kilmacumsy,Roscommon,30044,30044,30044,Kilmacumsy,ROSCOMMON,23.1,39,0,285,957,672,601,696.7,57.3,59,902.5,888.9,0,13.6
2020,"Kilmore, Co.Roscommon, 30045",Kilmore,Roscommon,30045,30045,30045,Kilmore,ROSCOMMON,33.5,44,0,594,2006,1412,1186,1418.3,56.6,57,1472.5,1464.9,0,7.6
2020,"Lisgarve / Mantua, Co.Roscommon, 30046/30048",Lisgarve / Mantua,Roscommon,30046/30048,30046/30048,30046/30048,Lisgarve / Mantua,ROSCOMMON,29.9,64,0,703,2714,2011,1296,1967.8,59.4,59,1916.1,1859.9,0,56.2
2020,"Lough Allen / Altagowlan, Co.Roscommon, 30047/30025",Lough Allen / Altagowlan,Roscommon,30047/30025,30047/30025,30047/30025,Lough Allen / Altagowlan,ROSCOMMON,17.2,52,0,173,424,251,1537,425.7,58.1,56.5,892.9,892.9,0,0
2020,"Oakport, Co.Roscommon, 30049",Oakport,Roscommon,30049,30049,30049,Oakport,ROSCOMMON,27.4,35,0,310,869,559,1024,679.9,54.8,55,958.1,949.9,0,8.2
2020,"Rockingham, Co.Roscommon, 30050",Rockingham,Roscommon,30050,30050,30050,Rockingham,ROSCOMMON,32.8,71,0,732,2713,1981,2804,2123.2,57.5,57,2328.1,2314.6,0,13.5
2020,"Rushfield, Co.Roscommon, 30051",Rushfield,Roscommon,30051,30051,30051,Rushfield,ROSCOMMON,28.2,57,0,469,2107,1638,2313,1616.9,59.7,60,1610,1603.1,0,6.9
2020,"Tivannagh, Co.Roscommon, 30052",Tivannagh,Roscommon,30052,30052,30052,Tivannagh,ROSCOMMON,28.3,46,0,429,1228,799,819,878.9,59.9,59.5,1301.1,1292.5,0,8.6
2020,"Tumna North, Co.Roscommon, 30053",Tumna North,Roscommon,30053,30053,30053,Tumna North,ROSCOMMON,24.2,28,0,206,498,292,0,335.6,62.4,66.5,678.4,678.4,0,0
2020,"Tumna South, Co.Roscommon, 30054",Tumna South,Roscommon,30054,30054,30054,Tumna South,ROSCOMMON,21.6,36,0,261,811,550,0,524.1,55.4,55.5,776.3,767.2,0,9.1
2020,"Artagh North, Co.Roscommon, 30055",Artagh North,Roscommon,30055,30055,30055,Artagh North,ROSCOMMON,18.2,104,0,853,2553,1700,638,1756.4,59.1,59,1892.9,1878.8,0,14.1
2020,"Artagh South, Co.Roscommon, 30056",Artagh South,Roscommon,30056,30056,30056,Artagh South,ROSCOMMON,18.8,65,0,509,1590,1081,0,1089.8,59.4,59,1225.1,1199.9,0,25.2
2020,"Ballaghaderreen, Co.Roscommon, 30057",Ballaghaderreen,Roscommon,30057,30057,30057,Ballaghaderreen,ROSCOMMON,20.5,128,0,1089,3030,1941,498,2057.4,59.9,62,2618.5,2603.8,0,14.7
2020,"Ballinlough, Co.Roscommon, 30058",Ballinlough,Roscommon,30058,30058,30058,Ballinlough,ROSCOMMON,25.2,134,0,1251,4638,3387,1264,3278.8,59.2,59,3381.8,3358,0,23.8
2020,"Ballintober, Co.Roscommon, 30059",Ballintober,Roscommon,30059,30059,30059,Ballintober,ROSCOMMON,27,102,614,683,4102,2805,4680,3322.2,57.7,58,2754.8,2711.5,0,43.3
2020,"Baslick, Co.Roscommon, 30060",Baslick,Roscommon,30060,30060,30060,Baslick,ROSCOMMON,25.6,31,0,168,796,628,0,542.2,60.3,62,794,781.5,0,12.5
2020,"Bellanagare, Co.Roscommon, 30061",Bellanagare,Roscommon,30061,30061,30061,Bellanagare,ROSCOMMON,24.1,119,0,880,4031,3151,2237,2921.3,59.2,60,2869.3,2847.3,0,22
2020,"Buckill, Co.Roscommon, 30062",Buckill,Roscommon,30062,30062,30062,Buckill,ROSCOMMON,22.9,57,0,611,1642,1031,347,1137,58.3,59,1302.6,1296.4,0,6.2
2020,"Carrowduff, Co.Roscommon, 30063",Carrowduff,Roscommon,30063,30063,30063,Carrowduff,ROSCOMMON,35.8,54,0,665,3133,2468,3642,3216.1,57.7,57,1933.3,1903.1,0,30.2
2020,"Castleplunket, Co.Roscommon, 30064",Castleplunket,Roscommon,30064,30064,30064,Castleplunket,ROSCOMMON,30.2,125,0,1291,5298,4007,3848,3947.4,55.5,57,3778.3,3749,0,29.3
2020,"Castlereagh, Co.Roscommon, 30065",Castlereagh,Roscommon,30065,30065,30065,Castlereagh,ROSCOMMON,24.3,123,0,939,3682,2743,2368,2820.3,61.2,61,2991.1,2960.1,0,31
2020,"Castleteheen, Co.Roscommon, 30066",Castleteheen,Roscommon,30066,30066,30066,Castleteheen,ROSCOMMON,30.3,69,0,661,3598,2937,4305,2827.1,55.1,54,2088.6,2059,0,29.6
2020,"Cloonfower, Co.Roscommon, 30067",Cloonfower,Roscommon,30067,30067,30067,Cloonfower,ROSCOMMON,18.4,68,0,327,1191,864,125,810,62.1,63,1248.1,1194.7,0,53.4
2020,"Coolougher, Co.Roscommon, 30068",Coolougher,Roscommon,30068,30068,30068,Coolougher,ROSCOMMON,21,78,0,591,1960,1369,1498,1483.4,61.8,61,1640.8,1635.2,0,5.6
2020,"Edmondstown, Co.Roscommon, 30069",Edmondstown,Roscommon,30069,30069,30069,Edmondstown,ROSCOMMON,27,61,0,590,1751,1161,748,1229,58.4,59,1645.8,1618.1,0,27.7
2020,"Fairymount, Co.Roscommon, 30070",Fairymount,Roscommon,30070,30070,30070,Fairymount,ROSCOMMON,20.5,62,0,412,1618,1206,249,1068,58.9,60,1268.6,1257.1,0,11.5
2020,"Frenchpark, Co.Roscommon, 30071",Frenchpark,Roscommon,30071,30071,30071,Frenchpark,ROSCOMMON,23.5,83,0,542,2266,1724,914,1684.9,59.6,62,1950.7,1939.8,0,10.9
2020,"Kiltullagh, Co.Roscommon, 30072",Kiltullagh,Roscommon,30072,30072,30072,Kiltullagh,ROSCOMMON,25.1,133,0,1206,5531,4325,2252,3930,57.7,59,3343.7,3313.4,0,30.3
2020,"Loughglinn, Co.Roscommon, 30073",Loughglinn,Roscommon,30073,30073,30073,Loughglinn,ROSCOMMON,20.8,91,0,625,2649,2024,218,1748,57.2,59,1895.1,1846.6,0,48.5
2020,"Annaghmore, Co.Roscommon, 30074",Annaghmore,Roscommon,30074,30074,30074,Annaghmore,ROSCOMMON,31.1,42,0,591,1829,1238,2073,1492.4,57.5,56.5,1305.2,1304.1,0,1.1
2020,"Athleague East, Co.Roscommon, 30075",Athleague East,Roscommon,30075,30075,30075,Athleague East,ROSCOMMON,35.8,70,0,710,3447,2737,8499,3202.6,57.6,57,2504,2413.6,0,90.4
2020,"Athleague West, Co.Roscommon, 30076",Athleague West,Roscommon,30076,30076,30076,Athleague West,ROSCOMMON,30.6,55,0,338,2028,1690,5637,1997,57.5,55,1680.9,1670.9,0,10
2020,"Ballygarden, Co.Roscommon, 30077",Ballygarden,Roscommon,30077,30077,30077,Ballygarden,ROSCOMMON,39.8,37,0,542,1636,1094,625,1145.5,56.8,55,1473.7,1471.4,0,2.3
2020,"Bumlin, Co.Roscommon, 30078",Bumlin,Roscommon,30078,30078,30078,Bumlin,ROSCOMMON,27.5,52,0,448,1730,1282,1090,1283.1,59.6,60.5,1427.6,1421.6,0,6
2020,"Cams, Co.Roscommon, 30079",Cams,Roscommon,30079,30079,30079,Cams,ROSCOMMON,33.2,46,0,248,1901,1653,4455,1776.4,54.7,56.5,1525.9,1513.6,0,12.3
2020,"Cloonfinlough, Co.Roscommon, 30080",Cloonfinlough,Roscommon,30080,30080,30080,Cloonfinlough,ROSCOMMON,29.3,48,0,565,1901,1336,1870,1454.2,56.5,57.5,1408,1401.1,0,6.9
2020,"Cloontuskert, Co.Roscommon, 30081",Cloontuskert,Roscommon,30081,30081,30081,Cloontuskert,ROSCOMMON,24.7,51,0,394,1572,1178,1354,1214.9,58.1,58,1260.5,1253.5,0,7
2020,"Cloonygormican, Co.Roscommon, 30082",Cloonygormican,Roscommon,30082,30082,30082,Cloonygormican,ROSCOMMON,30.7,87,0,982,3619,2637,8093,3297.9,56,58,2666.6,2635.9,0,30.7
2020,"Cloonyquin, Co.Roscommon, 30083",Cloonyquin,Roscommon,30083,30083,30083,Cloonyquin,ROSCOMMON,32.1,65,0,553,3260,2707,2198,2391.4,55.2,56,2089.3,2076.3,0,13
2020,"Creeve, Co.Roscommon, 30084",Creeve,Roscommon,30084,30084,30084,Creeve,ROSCOMMON,29.6,43,0,389,1685,1296,3214,1432.9,56.3,54,1270.9,1264.8,0,6.1
2020,"Cregga, Co.Roscommon, 30085",Cregga,Roscommon,30085,30085,30085,Cregga,ROSCOMMON,31.2,37,0,301,1423,1122,703,1092.4,62.8,62,1155.9,1150.2,0,5.7
2020,"Drumdaff, Co.Roscommon, 30086",Drumdaff,Roscommon,30086,30086,30086,Drumdaff,ROSCOMMON,28.1,57,0,479,1788,1309,2974,1501.8,59.6,60,1606.5,1590,0,16.5
2020,"Dunamon, Co.Roscommon, 30087",Dunamon,Roscommon,30087,30087,30087,Dunamon,ROSCOMMON,36.8,54,0,582,2635,2053,3570,2205.3,54.7,54,1985.3,1966.1,0,19.2
2020,"Elia, Co.Roscommon, 30088",Elia,Roscommon,30088,30088,30088,Elia,ROSCOMMON,29,26,0,252,881,629,673,650.1,58.7,56.5,754.8,752.1,0,2.7
2020,"Elphin, Co.Roscommon, 30089",Elphin,Roscommon,30089,30089,30089,Elphin,ROSCOMMON,29.9,36,0,376,1387,1011,1188,1046.1,53.9,53,1076.7,1073.8,0,2.9
2020,"Fuerty, Co.Roscommon, 30090",Fuerty,Roscommon,30090,30090,30090,Fuerty,ROSCOMMON,30.7,91,294,691,4075,3090,6702,3494.8,57.5,56,2797.5,2647.7,0,149.8
2020,"Kilbride North, Co.Roscommon, 30091",Kilbride North,Roscommon,30091,30091,30091,Kilbride North,ROSCOMMON,29.6,60,0,503,2592,2089,3389,2086.4,58.9,62.5,1766.6,1752.2,0,14.4
2020,"Kilbride South, Co.Roscommon, 30092",Kilbride South,Roscommon,30092,30092,30092,Kilbride South,ROSCOMMON,34.1,65,0,493,2908,2415,6935,2676.5,58.5,58,2213.4,2162.7,0,50.7
2020,"Kilgefin, Co.Roscommon, 30093",Kilgefin,Roscommon,30093,30093,30093,Kilgefin,ROSCOMMON,20,52,0,399,1258,859,862,916.2,58.1,58.5,1041.9,1033.2,0,8.7
2020,"Kilglass North, Co.Roscommon, 30094",Kilglass North,Roscommon,30094,30094,30094,Kilglass North,ROSCOMMON,24.6,64,0,519,1573,1054,546,1075.8,60,60,1573.1,1568.1,0,5
2020,"Kilglass South, Co.Roscommon, 30095",Kilglass South,Roscommon,30095,30095,30095,Kilglass South,ROSCOMMON,26.7,58,0,568,1829,1261,671,1284.2,60.5,60,1546.3,1536.9,0,9.4
2020,"Killavackan, Co.Roscommon, 30096",Killavackan,Roscommon,30096,30096,30096,Killavackan,ROSCOMMON,25.4,35,0,298,973,675,1319,781.7,60.7,60,890,880.1,0,9.9
2020,"Killukin, Co.Roscommon, 30097",Killukin,Roscommon,30097,30097,30097,Killukin,ROSCOMMON,30.5,52,0,535,1967,1432,2874,1678.8,56.4,55.5,1588.3,1579.2,0,9.1
2020,"Kilteevan, Co.Roscommon, 30098",Kilteevan,Roscommon,30098,30098,30098,Kilteevan,ROSCOMMON,29.3,58,0,611,2032,1421,4889,1812,57.3,57.5,1700.1,1687.8,0,12.3
2020,"Lackan, Co.Roscommon, 30099",Lackan,Roscommon,30099,30099,30099,Lackan,ROSCOMMON,35.3,65,0,724,2958,2234,11296,3140.9,56,54,2291.6,2258.3,0,33.3
2020,"Lismaha, Co.Roscommon, 30100",Lismaha,Roscommon,30100,30100,30100,Lismaha,ROSCOMMON,33.5,59,0,622,2017,1395,8641,2226.8,55.8,58,1977.8,1916.3,0,61.5
2020,"Lissonuffy, Co.Roscommon, 30101",Lissonuffy,Roscommon,30101,30101,30101,Lissonuffy,ROSCOMMON,27.7,32,0,248,1025,777,0,703.3,60.6,61,885.4,882.8,0,2.6
2020,"Mote, Co.Roscommon, 30102",Mote,Roscommon,30102,30102,30102,Mote,ROSCOMMON,31.6,87,0,675,3332,2657,7673,3059.7,59.6,61,2750.5,2726.4,0,24.1
2020,"Ogulla, Co.Roscommon, 30103",Ogulla,Roscommon,30103,30103,30103,Ogulla,ROSCOMMON,38.4,50,0,607,2918,2311,4613,2630,58.5,58.5,1922.4,1917,0,5.4
2020,"Roosky, Co.Roscommon, 30104",Roosky,Roscommon,30104,30104,30104,Roosky,ROSCOMMON,18.8,33,0,222,718,496,0,486.4,63.1,63,621.7,618.1,0,3.6
2020,"Roscommon Rural, Co.Roscommon, 30105",Roscommon Rural,Roscommon,30105,30105,30105,Roscommon Rural,ROSCOMMON,31,100,0,543,3685,3142,9189,3592.3,58.5,59,3096.6,3059.5,0,37.1
2020,"Rosmoylan, Co.Roscommon, 30107",Rosmoylan,Roscommon,30107,30107,30107,Rosmoylan,ROSCOMMON,26.6,36,0,330,1099,769,783,793.5,51.9,54.5,958.3,887.4,0,70.9
2020,"Rossmore, Co.Roscommon, 30108",Rossmore,Roscommon,30108,30108,30108,Rossmore,ROSCOMMON,33.6,45,0,404,2111,1707,2181,1664.1,55.4,53,1514,1510,0,4
2020,"Scregg, Co.Roscommon, 30109",Scregg,Roscommon,30109,30109,30109,Scregg,ROSCOMMON,30,56,0,445,2477,2032,7865,2469.4,57.1,60,1681.8,1626.9,0,54.9
2020,"Strokestown, Co.Roscommon, 30110",Strokestown,Roscommon,30110,30110,30110,Strokestown,ROSCOMMON,32,44,0,402,1876,1474,1014,3076.9,55.1,55,1408.1,1408.1,0,0
2020,"Termonbarry, Co.Roscommon, 30111",Termonbarry,Roscommon,30111,30111,30111,Termonbarry,ROSCOMMON,23.1,41,0,265,1295,1030,674,955.5,61,61,946.7,944.2,0,2.5
2020,"Tulsk, Co.Roscommon, 30112",Tulsk,Roscommon,30112,30112,30112,Tulsk,ROSCOMMON,36.3,54,0,576,2822,2246,1396,2146,62.7,64,1958.4,1951.7,0,6.7
2020,"Aghanagh, Co.Sligo, 31004",Aghanagh,Sligo,31004,31004,31004,Aghanagh,SLIGO,39.9,43,0,334,962,628,2495,882.8,58.7,58,1716.2,1711.7,0,4.5
2020,"Ballynashee, Co.Sligo, 31005",Ballynashee,Sligo,31005,31005,31005,Ballynashee,SLIGO,30.1,41,0,313,705,392,2058,667.9,56.1,58,1234.3,1228.1,0,6.2
2020,"Coolavin, Co.Sligo, 31006",Coolavin,Sligo,31006,31006,31006,Coolavin,SLIGO,22.9,65,0,372,1365,993,659,961,58.6,58,1490.6,1469.3,0,21.3
2020,"Cuilmore, Co.Sligo, 31007",Cuilmore,Sligo,31007,31007,31007,Cuilmore,SLIGO,23.3,71,0,673,2340,1667,470,1569.7,57.8,59,1657,1651.5,0,5.5
2020,"Drumrat, Co.Sligo, 31008",Drumrat,Sligo,31008,31008,31008,Drumrat,SLIGO,23.7,59,0,473,1556,1083,1316,1152.4,59.4,57,1400.9,1399.1,0,1.8
2020,"Kilfree, Co.Sligo, 31009",Kilfree,Sligo,31009,31009,31009,Kilfree,SLIGO,24.9,46,0,283,969,686,0,625.2,58.4,60.5,1145.2,1139.8,0,5.4
2020,"Killadoon, Co.Sligo, 31010",Killadoon,Sligo,31010,31010,31010,Killadoon,SLIGO,26.7,53,0,480,1237,757,888,897,62.7,63,1414.1,1404.5,0,9.6
2020,"Killaraght, Co.Sligo, 31011",Killaraght,Sligo,31011,31011,31011,Killaraght,SLIGO,26.4,84,0,753,2369,1616,621,1643.4,60.6,61,2220.8,2211.6,0,9.2
2020,"Kilmactranny, Co.Sligo, 31012",Kilmactranny,Sligo,31012,31012,31012,Kilmactranny,SLIGO,22.6,74,0,606,1688,1082,1829,1312.6,58.4,60,1671.4,1658.2,0,13.2
2020,"Kilshalvy, Co.Sligo, 31013",Kilshalvy,Sligo,31013,31013,31013,Kilshalvy,SLIGO,29.2,65,0,641,2164,1523,954,1517.9,57.8,59,1898.5,1891.2,0,7.3
2020,"Shancough, Co.Sligo, 31014",Shancough,Sligo,31014,31014,31014,Shancough,SLIGO,30.7,35,0,294,706,412,1131,567.7,56.5,56,1075.2,1072.7,0,2.5
2020,"Templevanny, Co.Sligo, 31015",Templevanny,Sligo,31015,31015,31015,Templevanny,SLIGO,33.3,61,0,443,1441,998,2058,1150.8,60.6,64,2028.4,2024.6,0,3.8
2020,"Toomour, Co.Sligo, 31016",Toomour,Sligo,31016,31016,31016,Toomour,SLIGO,27.2,53,0,491,1419,928,1268,1068,57.8,59,1442.3,1439.8,0,2.5
2020,"Aughris, Co.Sligo, 31017",Aughris,Sligo,31017,31017,31017,Aughris,SLIGO,22.7,27,0,196,1052,856,1576,922.9,57.1,57,612.6,608.7,0,3.9
2020,"Buncrowey, Co.Sligo, 31018",Buncrowey,Sligo,31018,31018,31018,Buncrowey,SLIGO,27.7,47,0,335,1191,856,2759,1097.6,59.6,63,1301,1292.1,0,8.9
2020,"Castleconor East, Co.Sligo, 31019",Castleconor East,Sligo,31019,31019,31019,Castleconor East,SLIGO,26.2,61,0,529,1788,1259,1046,1288.7,57.6,58,1598.7,1585.1,0,13.6
2020,"Castleconor West, Co.Sligo, 31020",Castleconor West,Sligo,31020,31020,31020,Castleconor West,SLIGO,27.6,103,573,998,4737,3166,3410,3646.7,58.5,58,2845.2,2809.6,0,35.6
2020,"Dromard East, Co.Sligo, 31021",Dromard East,Sligo,31021,31021,31021,Dromard East,SLIGO,36.6,30,0,145,631,486,3351,779.2,62,61,1098.3,1097,0,1.3
2020,"Dromard West, Co.Sligo, 31022",Dromard West,Sligo,31022,31022,31022,Dromard West,SLIGO,25.6,34,0,180,627,447,4615,896.5,58.6,60,869.2,858.9,0,10.3
2020,"Dromore, Co.Sligo, 31023",Dromore,Sligo,31023,31023,31023,Dromore,SLIGO,25.7,48,0,186,1339,1153,3151,1261.8,58.6,62.5,1231.2,1226.8,0,4.4
2020,"Easky East, Co.Sligo, 31024",Easky East,Sligo,31024,31024,31024,Easky East,SLIGO,24.9,63,729,395,2755,1631,1950,2222.4,58.1,59,1566.9,1560.3,0,6.6
2020,"Easky West, Co.Sligo, 31025",Easky West,Sligo,31025,31025,31025,Easky West,SLIGO,19.8,125,302,924,4193,2967,4812,3304.9,60.5,59,2478,2447.3,0,30.7
2020,"Kilglass, Co.Sligo, 31026",Kilglass,Sligo,31026,31026,31026,Kilglass,SLIGO,27.3,73,0,471,3568,3097,2728,2779.5,58.2,59,1992.7,1921,0,71.7
2020,"Rathmacurkey, Co.Sligo, 31028",Rathmacurkey,Sligo,31028,31028,31028,Rathmacurkey,SLIGO,17.7,109,0,646,2457,1811,1403,1784.4,58.4,59,1933.1,1924.5,0,8.6
2020,"Skreen, Co.Sligo, 31029",Skreen,Sligo,31029,31029,31029,Skreen,SLIGO,62.9,29,0,233,1023,790,5003,1256.7,57.1,56,1823.2,1820.7,0,2.5
2020,"Templeboy North, Co.Sligo, 31030",Templeboy North,Sligo,31030,31030,31030,Templeboy North,SLIGO,34.8,40,0,339,1591,1252,4699,1564.3,59.1,59,1392.3,1388.7,0,3.6
2020,"Templeboy South / Mullagheruse, Co.Sligo, 31031/31027",Templeboy South / Mullagheruse,Sligo,31031/31027,31031/31027,31031/31027,Templeboy South / Mullagheruse,SLIGO,70.6,54,0,280,1211,931,8563,1683.4,54.4,56,3812.4,3810.5,0,1.9
2020,"Toberpatrick East, Co.Sligo, 31032",Toberpatrick East,Sligo,31032,31032,31032,Toberpatrick East,SLIGO,31.5,44,0,462,2147,1685,5360,1973.9,57.3,61,1385.1,1379.2,0,5.9
2020,"Toberpatrick West, Co.Sligo, 31033",Toberpatrick West,Sligo,31033,31033,31033,Toberpatrick West,SLIGO,36.5,43,768,347,3186,2071,4353,2756.1,53.1,55,1568.9,1565.1,0,3.8
2020,"Ballintogher East, Co.Sligo, 31034",Ballintogher East,Sligo,31034,31034,31034,Ballintogher East,SLIGO,19.6,48,0,257,671,414,1597,598.2,57.6,55.5,942.7,940.3,0,2.4
2020,"Ballintogher West, Co.Sligo, 31035",Ballintogher West,Sligo,31035,31035,31035,Ballintogher West,SLIGO,19.8,39,0,218,790,572,952,603.2,65.3,63,772.4,752.6,0,19.8
2020,"Ballymote, Co.Sligo, 31036",Ballymote,Sligo,31036,31036,31036,Ballymote,SLIGO,24.7,82,0,525,2478,1953,1205,1860.9,56.8,56,2022.1,2016.9,0,5.2
2020,"Ballynakill, Co.Sligo, 31037",Ballynakill,Sligo,31037,31037,31037,Ballynakill,SLIGO,24.2,64,0,481,1381,900,1197,1046.3,57,55,1551.8,1547.4,0,4.4
2020,"Ballysadare East, Co.Sligo, 31038",Ballysadare East,Sligo,31038,31038,31038,Ballysadare East,SLIGO,20.2,30,0,167,558,391,1844,565.8,58.9,62.5,606.8,606.8,0,0
2020,"Ballysadare West, Co.Sligo, 31039",Ballysadare West,Sligo,31039,31039,31039,Ballysadare West,SLIGO,23.3,36,0,130,679,549,988,576.4,60.1,60.5,837.2,836.1,0,1.1
2020,"Bricklieve, Co.Sligo, 31040",Bricklieve,Sligo,31040,31040,31040,Bricklieve,SLIGO,31.8,44,0,538,1638,1100,680,1165,57.7,58.5,1398.8,1396.1,0,2.7
2020,"Calry, Co.Sligo, 31041",Calry,Sligo,31041,31041,31041,Calry,SLIGO,23.1,86,0,389,1338,949,7517,1619.9,59,63,1989.6,1977,0,12.6
2020,"Carney, Co.Sligo, 31042",Carney,Sligo,31042,31042,31042,Carney,SLIGO,24.5,41,0,136,497,361,5915,1126.1,59.6,61,1005.3,1000.6,0,4.7
2020,"Carrickbanagher, Co.Sligo, 31043",Carrickbanagher,Sligo,31043,31043,31043,Carrickbanagher,SLIGO,20,67,0,484,1958,1474,653,1376.8,57.2,59,1340.9,1335.4,0,5.5
2020,"Cliffony North, Co.Sligo, 31044",Cliffony North,Sligo,31044,31044,31044,Cliffony North,SLIGO,22.3,46,0,334,755,421,2302,719.1,56,55.5,1024.4,1018.5,0,5.9
2020,"Cliffony South, Co.Sligo, 31045",Cliffony South,Sligo,31045,31045,31045,Cliffony South,SLIGO,20,53,0,315,819,504,2939,835.6,58,59,1061.1,1059.8,0,1.3
2020,"Collooney, Co.Sligo, 31046",Collooney,Sligo,31046,31046,31046,Collooney,SLIGO,32,51,0,396,1466,1070,3912,1365.9,59,56,1632.4,1628.9,0,3.5
2020,"Drumcliff East, Co.Sligo, 31047",Drumcliff East,Sligo,31047,31047,31047,Drumcliff East,SLIGO,28.7,35,0,303,1465,1162,1945,1230.8,60,60,1003.4,1002.2,0,1.2
2020,"Drumcliff West, Co.Sligo, 31048",Drumcliff West,Sligo,31048,31048,31048,Drumcliff West,SLIGO,19.8,29,0,198,563,365,1613,538.8,64.4,64,574.7,573,0,1.7
2020,"Drumcolumb, Co.Sligo, 31049",Drumcolumb,Sligo,31049,31049,31049,Drumcolumb,SLIGO,19.1,62,0,387,984,597,1423,776.1,59.1,55,1184.3,1184.2,0,0.1
2020,"Drumfin, Co.Sligo, 31050",Drumfin,Sligo,31050,31050,31050,Drumfin,SLIGO,21.4,49,0,378,1328,950,1187,988,56.9,58,1050.2,1049.1,0,1.1
2020,"Glencar, Co.Sligo, 31051",Glencar,Sligo,31051,31051,31051,Glencar,SLIGO,37.2,31,0,70,331,261,8176,1018.3,55,56,1154.5,1154.5,0,0
2020,"Kilmacowen, Co.Sligo, 31052",Kilmacowen,Sligo,31052,31052,31052,Kilmacowen,SLIGO,19.2,73,342,327,2146,1477,1528,1666.3,63.2,65,1404.4,1399.9,0,4.5
2020,"Knockaree, Co.Sligo, 31053",Knockaree,Sligo,31053,31053,31053,Knockaree,SLIGO,30.2,53,0,434,1503,1069,6195,1658,61.8,63,1598.7,1596.8,0,1.9
2020,"Lakeview, Co.Sligo, 31054",Lakeview,Sligo,31054,31054,31054,Lakeview,SLIGO,23.3,55,0,473,1354,881,1240,1017.1,61.2,66,1279.4,1276.8,0,2.6
2020,"Lisconny, Co.Sligo, 31055",Lisconny,Sligo,31055,31055,31055,Lisconny,SLIGO,22.6,49,0,446,1414,968,1102,1038.9,58.7,59,1107.6,1105.6,0,2
2020,"Lissadill East, Co.Sligo, 31056",Lissadill East,Sligo,31056,31056,31056,Lissadill East,SLIGO,27.8,45,0,434,2005,1571,1492,1582.5,62.8,65,1252.5,1245.4,0,7.1
2020,"Lissadill North, Co.Sligo, 31057",Lissadill North,Sligo,31057,31057,31057,Lissadill North,SLIGO,17.3,68,0,302,1171,869,2418,1028.5,59.3,57.5,1175.9,1166.1,0,9.8
2020,"Lissadill West, Co.Sligo, 31058",Lissadill West,Sligo,31058,31058,31058,Lissadill West,SLIGO,23.7,39,0,451,1600,1149,699,1184.2,58,59,922.9,908.3,0,14.6
2020,"Riverstown, Co.Sligo, 31059",Riverstown,Sligo,31059,31059,31059,Riverstown,SLIGO,26.6,53,0,483,1765,1282,1461,1349.9,60.4,56,1411.2,1378.8,0,32.4
2020,"Rossinver East, Co.Sligo, 31060",Rossinver East,Sligo,31060,31060,31060,Rossinver East,SLIGO,39.6,62,0,158,470,312,11173,1410.2,56.5,58,2458,2455.3,0,2.7
2020,"Rossinver West, Co.Sligo, 31061",Rossinver West,Sligo,31061,31061,31061,Rossinver West,SLIGO,29.9,40,0,212,740,528,5652,1054.6,58.9,57,1197.1,1166.3,0,30.8
2020,"Achonry East, Co.Sligo, 31062",Achonry East,Sligo,31062,31062,31062,Achonry East,SLIGO,20.7,69,0,563,1676,1113,374,1130.7,59.4,58,1425.5,1417.2,0,8.3
2020,"Achonry West, Co.Sligo, 31063",Achonry West,Sligo,31063,31063,31063,Achonry West,SLIGO,18.9,92,0,664,1877,1213,1285,1353.6,60.4,62.5,1740.4,1736.3,0,4.1
2020,"Aclare, Co.Sligo, 31064",Aclare,Sligo,31064,31064,31064,Aclare,SLIGO,24.3,39,0,250,729,479,788,565.5,61.3,60,946.1,946.1,0,0
2020,"Annagh, Co.Sligo, 31065",Annagh,Sligo,31065,31065,31065,Annagh,SLIGO,30.8,33,0,276,1149,873,1836,982.5,59.2,60,1016.4,1011,0,5.4
2020,"Banada, Co.Sligo, 31066",Banada,Sligo,31066,31066,31066,Banada,SLIGO,21.3,97,0,717,2109,1392,2567,1630.6,57.8,60,2068.6,2063.9,0,4.7
2020,"Branchfield / Carrownaskeagh, Co.Sligo, 31067/31069",Branchfield / Carrownaskeagh,Sligo,31067/31069,31067/31069,31067/31069,Branchfield / Carrownaskeagh,SLIGO,33.4,47,0,311,806,495,4551,971.3,61.6,64,1568.1,1568.1,0,0
2020,"Breencorragh, Co.Sligo, 31068",Breencorragh,Sligo,31068,31068,31068,Breencorragh,SLIGO,37.8,45,0,160,650,490,3498,802.5,53.5,54,1699.2,1690.2,0,9
2020,"Cartron, Co.Sligo, 31070",Cartron,Sligo,31070,31070,31070,Cartron,SLIGO,36.1,49,0,465,1633,1168,5031,1612.3,54.6,59,1767,1759.5,0,7.5
2020,"Cloonoghill, Co.Sligo, 31072",Cloonoghill,Sligo,31072,31072,31072,Cloonoghill,SLIGO,31.5,48,0,599,1999,1400,726,1421.9,60,60.5,1512.1,1509.7,0,2.4
2020,"Coolaney, Co.Sligo, 31073",Coolaney,Sligo,31073,31073,31073,Coolaney,SLIGO,21.9,51,0,255,689,434,2988,773.1,59.6,59,1114.7,1114.7,0,0
2020,"Glendarragh, Co.Sligo, 31074",Glendarragh,Sligo,31074,31074,31074,Glendarragh,SLIGO,37.3,40,0,210,637,427,3200,752.8,61.2,62,1490.7,1490.7,0,0
2020,"Kilmacteige, Co.Sligo, 31075",Kilmacteige,Sligo,31075,31075,31075,Kilmacteige,SLIGO,23.1,53,0,362,930,568,3295,926.5,55.4,56,1223.7,1223.7,0,0
2020,"Kilturra, Co.Sligo, 31076",Kilturra,Sligo,31076,31076,31076,Kilturra,SLIGO,27.2,44,0,387,1643,1256,992,1200.1,62.7,63,1197.8,1195.7,0,2.1
2020,"Leitrim, Co.Sligo, 31077",Leitrim,Sligo,31077,31077,31077,Leitrim,SLIGO,25.6,80,0,666,2351,1685,2540,1810.3,56.4,57.5,2048.5,2036.1,0,12.4
2020,"Loughill / Cloonacool, Co.Sligo, 31078/31071",Loughill / Cloonacool,Sligo,31078/31071,31078/31071,31078/31071,Loughill / Cloonacool,SLIGO,53.7,62,0,209,737,528,10066,1530.2,58.4,62.5,3327.9,3307.2,0,20.7
2020,"Owenmore, Co.Sligo, 31079",Owenmore,Sligo,31079,31079,31079,Owenmore,SLIGO,28.8,36,0,322,1293,971,282,920,59.1,56,1035.2,1033.9,0,1.3
2020,"Streamstown, Co.Sligo, 31080",Streamstown,Sligo,31080,31080,31080,Streamstown,SLIGO,32.1,52,0,654,2083,1429,2111,1608.9,58.4,58,1667,1663.5,0,3.5
2020,"Temple, Co.Sligo, 31081",Temple,Sligo,31081,31081,31081,Temple,SLIGO,38.1,29,0,236,909,673,3756,975,53.1,53,1105.8,1103.1,0,2.7
2020,"Tobercurry, Co.Sligo, 31082",Tobercurry,Sligo,31082,31082,31082,Tobercurry,SLIGO,23.6,101,328,802,3140,2010,3891,2587.8,58,60,2383.6,2372.2,0,11.4
2020,"Bailieborough, Co.Cavan, 32002",Bailieborough,Cavan,32002,32002,32002,Bailieborough,CAVAN,26.7,121,960,988,5811,3863,2595,10860.8,56.7,54,3234.3,3225.5,0,8.8
2020,"Carnagarve, Co.Cavan, 32003",Carnagarve,Cavan,32003,32003,32003,Carnagarve,CAVAN,30.6,60,895,516,4198,2787,730,7482.9,56.9,58.5,1837.7,1832.6,0,5.1
2020,"Crossbane, Co.Cavan, 32004",Crossbane,Cavan,32004,32004,32004,Crossbane,CAVAN,25.6,68,649,701,3847,2497,620,2971.3,57.6,58,1738.3,1724.9,0,13.4
2020,"Drumanespick, Co.Cavan, 32005",Drumanespick,Cavan,32005,32005,32005,Drumanespick,CAVAN,21.2,51,203,408,1946,1335,0,1351.7,61.7,61,1083.5,1079.7,0,3.8
2020,"Enniskeen, Co.Cavan, 32006",Enniskeen,Cavan,32006,32006,32006,Enniskeen,CAVAN,28.1,53,498,503,2677,1676,840,1992,56.4,57,1490.6,1482,0,8.6
2020,"Killinkere, Co.Cavan, 32007",Killinkere,Cavan,32007,32007,32007,Killinkere,CAVAN,29.2,54,655,524,3008,1829,1112,2432.9,54.9,53,1577.1,1511.3,0,65.8
2020,"Kingscourt, Co.Cavan, 32008",Kingscourt,Cavan,32008,32008,32008,Kingscourt,CAVAN,22.6,60,0,505,2817,2312,1110,2128.3,53.9,54.5,1354.1,1341.7,0,12.4
2020,"Lisagoan, Co.Cavan, 32009",Lisagoan,Cavan,32009,32009,32009,Lisagoan,CAVAN,22.6,51,0,454,2286,1832,0,1633.3,54.7,53,1151.7,1136.5,0,15.2
2020,"Mullagh, Co.Cavan, 32010",Mullagh,Cavan,32010,32010,32010,Mullagh,CAVAN,30.8,60,1069,601,4676,3006,162,4190.7,56.5,54,1850.1,1840.2,0,9.9
2020,"Shercock, Co.Cavan, 32011",Shercock,Cavan,32011,32011,32011,Shercock,CAVAN,25.5,71,905,357,3808,2546,0,4005.3,56.6,55,1801.9,1776.6,0,25.3
2020,"Skeagh, Co.Cavan, 32012",Skeagh,Cavan,32012,32012,32012,Skeagh,CAVAN,26.1,66,774,604,3609,2231,580,3378.1,58.3,58.5,1719.8,1713.7,0,6.1
2020,"Taghart, Co.Cavan, 32013",Taghart,Cavan,32013,32013,32013,Taghart,CAVAN,25.2,77,546,551,3258,2161,364,2374.8,56.2,58,1939.6,1919,0,20.6
2020,"Termon, Co.Cavan, 32014",Termon,Cavan,32014,32014,32014,Termon,CAVAN,29.1,53,546,492,3113,2075,0,2887.6,57.4,58,1544.1,1534.1,0,10
2020,"Ballyconnell, Co.Cavan, 32015",Ballyconnell,Cavan,32015,32015,32015,Ballyconnell,CAVAN,24.4,59,301,603,2644,1740,1309,7795.2,57.5,57,1440.7,1437.3,0,3.4
2020,"Ballymagauran, Co.Cavan, 32016",Ballymagauran,Cavan,32016,32016,32016,Ballymagauran,CAVAN,28.7,39,529,263,1953,1161,1255,1536.2,55.8,55,1120.2,1117.2,0,3
2020,"Bawnboy, Co.Cavan, 32017",Bawnboy,Cavan,32017,32017,32017,Bawnboy,CAVAN,25.3,59,283,377,1629,969,2262,1644.6,49.4,48,1491.1,1486.4,0,4.7
2020,"Bilberry, Co.Cavan, 32019",Bilberry,Cavan,32019,32019,32019,Bilberry,CAVAN,25.8,23,0,268,694,426,0,625.5,53.3,50,594.2,592.5,0,1.7
2020,"Carn, Co.Cavan, 32020",Carn,Cavan,32020,32020,32020,Carn,CAVAN,28.5,29,0,345,1171,826,731,864.5,56,56,827.3,822.5,0,4.8
2020,"Diamond, Co.Cavan, 32021",Diamond,Cavan,32021,32021,32021,Diamond,CAVAN,24.3,20,0,197,1053,856,365,687.8,54.4,51,486.4,478.6,0,7.8
2020,"Doogary, Co.Cavan, 32022",Doogary,Cavan,32022,32022,32022,Doogary,CAVAN,25.5,23,178,112,731,441,531,582.6,58.7,58,586.3,584.2,0,2.1
2020,"Kinawley, Co.Cavan, 32023",Kinawley,Cavan,32023,32023,32023,Kinawley,CAVAN,37.3,31,0,200,509,309,2333,556.9,52.5,48,1156.2,1155.1,0,1.1
2020,"Lissanover, Co.Cavan, 32024",Lissanover,Cavan,32024,32024,32024,Lissanover,CAVAN,27.7,46,779,411,2684,1494,880,2540.3,53,54,1272.1,1262.3,0,9.8
2020,"Pedara Vohers / Tircahan, Co.Cavan, 32025/32028",Pedara Vohers / Tircahan,Cavan,32025/32028,32025/32028,32025/32028,Pedara Vohers / Tircahan,CAVAN,26.9,57,0,379,940,561,2752,892.7,59.7,61,1531.3,1531.2,0,0.1
2020,"Swanlinbar, Co.Cavan, 32026",Swanlinbar,Cavan,32026,32026,32026,Swanlinbar,CAVAN,43,33,0,258,980,722,1720,1144.1,58.7,61,1418.1,1418.1,0,0
2020,"Templeport / Benbrack, Co.Cavan, 32027/32018",Templeport / Benbrack,Cavan,32027/32018,32027/32018,32027/32018,Templeport / Benbrack,CAVAN,22,84,0,481,1146,665,3741,1118.2,56.4,59,1848.7,1843.6,0,5.1
2020,"Ballyjamesduff, Co.Cavan, 32029",Ballyjamesduff,Cavan,32029,32029,32029,Ballyjamesduff,CAVAN,26.4,65,689,435,3349,2225,2098,4463.9,59.6,56,1717.9,1709.6,0,8.3
2020,"Castlerahan, Co.Cavan, 32030",Castlerahan,Cavan,32030,32030,32030,Castlerahan,CAVAN,29.9,92,886,886,5837,4065,3530,4853.4,56.7,56,2741.3,2721.8,0,19.5
2020,"Kilbride, Co.Cavan, 32031",Kilbride,Cavan,32031,32031,32031,Kilbride,CAVAN,24.1,88,865,772,4962,3325,2086,5520,58.2,57,2118.7,2099.3,0,19.4
2020,"Lurgan, Co.Cavan, 32032",Lurgan,Cavan,32032,32032,32032,Lurgan,CAVAN,23.3,43,0,195,1753,1558,714,3981.7,58,55,999.8,992.9,0,6.9
2020,"Munterconnaught, Co.Cavan, 32033",Munterconnaught,Cavan,32033,32033,32033,Munterconnaught,CAVAN,33.5,80,1369,955,6295,3971,2659,4785.6,59,60.5,2681.4,2666.7,0,14.7
2020,"Virginia, Co.Cavan, 32034",Virginia,Cavan,32034,32034,32034,Virginia,CAVAN,25,131,948,957,6833,4928,2207,13046,59.9,62,3279.2,3248.7,0,30.5
2020,"Ardue, Co.Cavan, 32035",Ardue,Cavan,32035,32035,32035,Ardue,CAVAN,23.9,68,0,500,1890,1390,2646,10656.5,61.8,61,1624.3,1590.6,0,33.7
2020,"Arvagh, Co.Cavan, 32036",Arvagh,Cavan,32036,32036,32036,Arvagh,CAVAN,26.5,90,781,586,3615,2248,3229,4968.3,56.5,54.5,2386.4,2382.6,0,3.8
2020,"Ashfield, Co.Cavan, 32037",Ashfield,Cavan,32037,32037,32037,Ashfield,CAVAN,32.8,41,622,437,2828,1769,1052,2470,55.5,56,1343.4,1336.2,0,7.2
2020,"Ballintemple, Co.Cavan, 32038",Ballintemple,Cavan,32038,32038,32038,Ballintemple,CAVAN,25.9,56,658,555,2751,1538,1290,2106.1,55.1,57,1450.2,1446.9,0,3.3
2020,"Ballyhaise, Co.Cavan, 32039",Ballyhaise,Cavan,32039,32039,32039,Ballyhaise,CAVAN,24.6,49,310,392,2202,1500,733,1679.7,54.1,54,1205.3,1195,0,10.3
2020,"Ballymachugh, Co.Cavan, 32040",Ballymachugh,Cavan,32040,32040,32040,Ballymachugh,CAVAN,25.5,78,334,671,3678,2673,2280,2735.5,57.6,57,1985.8,1976.5,0,9.3
2020,"Bellananagh, Co.Cavan, 32041",Bellananagh,Cavan,32041,32041,32041,Bellananagh,CAVAN,23.7,48,599,276,2008,1133,255,1501.3,55.9,54,1136.5,1133.8,0,2.7
2020,"Belturbet Urban, Co.Cavan, 32042",Belturbet Urban,Cavan,32042,32042,32042,Belturbet Urban,CAVAN,24.7,5,0,39,242,203,0,179.4,44.4,39,123.3,121.2,0,2.1
2020,"Bruce Hall, Co.Cavan, 32043",Bruce Hall,Cavan,32043,32043,32043,Bruce Hall,CAVAN,21.5,31,0,232,1309,1077,0,917.8,51.2,50,665.7,661.6,0,4.1
2020,"Butler's Bridge, Co.Cavan, 32044",Butler's Bridge,Cavan,32044,32044,32044,Butler's Bridge,CAVAN,24.7,21,0,88,716,628,0,1056.4,54,57,518.3,517.1,0,1.2
2020,"Canningstown, Co.Cavan, 32045",Canningstown,Cavan,32045,32045,32045,Canningstown,CAVAN,22.9,81,436,498,3393,2459,785,2389.2,56.3,58,1853.1,1849,0,4.1
2020,"Carrafin, Co.Cavan, 32046",Carrafin,Cavan,32046,32046,32046,Carrafin,CAVAN,28.7,52,0,591,2434,1843,1359,2121.9,55.3,54,1492.1,1485.1,0,7
2020,"Castlesaunderson, Co.Cavan, 32047",Castlesaunderson,Cavan,32047,32047,32047,Castlesaunderson,CAVAN,26.8,34,0,378,1183,805,1157,1392.5,60,59.5,912.1,908.2,0,3.9
2020,"Cavan Rural, Co.Cavan, 32048",Cavan Rural,Cavan,32048,32048,32048,Cavan Rural,CAVAN,27.6,60,330,599,2930,2001,1044,2199.2,56.7,58,1649.4,1647.9,0,1.5
2020,"Clonervy, Co.Cavan, 32049",Clonervy,Cavan,32049,32049,32049,Clonervy,CAVAN,25.3,64,352,472,2794,1970,688,2028.1,55.3,55.5,1619.4,1613.3,0,6.1
2020,"Cootehill Rural, Co.Cavan, 32050",Cootehill Rural,Cavan,32050,32050,32050,Cootehill Rural,CAVAN,28.8,93,1510,712,5508,3286,783,9465.7,56.8,60,2681.3,2643.7,0,37.6
2020,"Corr, Co.Cavan, 32052",Corr,Cavan,32052,32052,32052,Corr,CAVAN,26.4,32,396,230,1468,842,593,1136.9,51.6,52,843.9,841.2,0,2.7
2020,"Corraneary, Co.Cavan, 32053",Corraneary,Cavan,32053,32053,32053,Corraneary,CAVAN,29.2,65,664,544,3287,2079,0,3907.4,57.2,60,1866.3,1853.7,0,12.6
2020,"Crossdoney, Co.Cavan, 32054",Crossdoney,Cavan,32054,32054,32054,Crossdoney,CAVAN,29.6,62,736,591,3382,2055,523,6501.9,54.6,52.5,1837.1,1832.4,0,4.7
2020,"Crosskeys, Co.Cavan, 32055",Crosskeys,Cavan,32055,32055,32055,Crosskeys,CAVAN,20.7,70,368,651,2998,1979,573,2297.4,52.8,54,1450.8,1445.6,0,5.2
2020,"Cuttragh, Co.Cavan, 32056",Cuttragh,Cavan,32056,32056,32056,Cuttragh,CAVAN,21,47,331,453,2077,1293,0,1471.4,56,56,984.8,979.3,0,5.5
2020,"Denn, Co.Cavan, 32057",Denn,Cavan,32057,32057,32057,Denn,CAVAN,21.3,77,753,507,3155,1895,0,3292.6,56.2,56,1641.2,1619.3,0,21.9
2020,"Derrin, Co.Cavan, 32058",Derrin,Cavan,32058,32058,32058,Derrin,CAVAN,23.1,50,484,470,2224,1270,0,2045,58.2,59,1157.3,1151.4,0,5.9
2020,"Drumcarban, Co.Cavan, 32059",Drumcarban,Cavan,32059,32059,32059,Drumcarban,CAVAN,19.6,68,448,573,2325,1304,348,1683.8,59.3,61,1335.7,1329.8,0,5.9
2020,"Drumcarn, Co.Cavan, 32060",Drumcarn,Cavan,32060,32060,32060,Drumcarn,CAVAN,28,81,439,1040,4153,2674,1147,2984.4,54.8,54,2268.8,2260.1,0,8.7
2020,"Drung, Co.Cavan, 32061",Drung,Cavan,32061,32061,32061,Drung,CAVAN,27.5,78,900,686,4435,2849,971,3578.4,55.9,56.5,2142.7,2135.4,0,7.3
2020,"Graddum, Co.Cavan, 32062",Graddum,Cavan,32062,32062,32062,Graddum,CAVAN,24.3,69,528,490,3283,2265,991,2481.7,56.1,54,1675.5,1667.1,0,8.4
2020,"Grilly, Co.Cavan, 32063",Grilly,Cavan,32063,32063,32063,Grilly,CAVAN,22.6,54,0,414,1458,1044,2134,1228.5,60.2,60.5,1219.1,1218.7,0,0.4
2020,"Kilconny, Co.Cavan, 32064",Kilconny,Cavan,32064,32064,32064,Kilconny,CAVAN,24.1,50,0,442,1427,985,301,1014.7,58.3,60,1204.9,1203.7,0,1.2
2020,"Kill, Co.Cavan, 32065",Kill,Cavan,32065,32065,32065,Kill,CAVAN,22.5,41,311,429,1720,980,0,1232.5,56.7,57,924.4,919.6,0,4.8
2020,"Killashandra, Co.Cavan, 32066",Killashandra,Cavan,32066,32066,32066,Killashandra,CAVAN,23.6,77,456,687,3005,1862,1616,6072.5,56.5,56,1806.7,1804.5,0,2.2
2020,"Killykeen, Co.Cavan, 32067",Killykeen,Cavan,32067,32067,32067,Killykeen,CAVAN,32.2,59,1245,469,4257,2543,1158,5848.1,53.8,53,1899,1897.1,0,1.9
2020,"Kilnaleck, Co.Cavan, 32068",Kilnaleck,Cavan,32068,32068,32068,Kilnaleck,CAVAN,22.4,61,545,475,2725,1705,1456,7353.4,56.3,55,1367.5,1364.5,0,3
2020,"Knappagh, Co.Cavan, 32069",Knappagh,Cavan,32069,32069,32069,Knappagh,CAVAN,27,73,922,677,4469,2870,186,3459.5,55,54,1968.5,1942.5,0,26
2020,"Larah North, Co.Cavan, 32070",Larah North,Cavan,32070,32070,32070,Larah North,CAVAN,29,58,839,469,3615,2307,549,3390.8,52.6,54,1683.9,1677.8,0,6.1
2020,"Larah South, Co.Cavan, 32071",Larah South,Cavan,32071,32071,32071,Larah South,CAVAN,23.4,71,375,783,3498,2340,0,2414.4,53.5,55,1660,1649,0,11
2020,"Milltown, Co.Cavan, 32072",Milltown,Cavan,32072,32072,32072,Milltown,CAVAN,27.8,54,306,564,2337,1467,2666,1878.7,52.4,52.5,1503.5,1503.5,0,0
2020,"Moynehall, Co.Cavan, 32073",Moynehall,Cavan,32073,32073,32073,Moynehall,CAVAN,21.9,83,316,560,3190,2314,1923,5556,58.7,60,1819.9,1819.7,0,0.2
2020,"Rakenny, Co.Cavan, 32074",Rakenny,Cavan,32074,32074,32074,Rakenny,CAVAN,30.2,65,937,630,4523,2956,1220,3708.1,55,53,1962.7,1952.1,0,10.6
2020,"Redhill, Co.Cavan, 32075",Redhill,Cavan,32075,32075,32075,Redhill,CAVAN,24.5,55,0,361,1700,1339,1389,2111.5,57.6,59,1347.6,1344.1,0,3.5
2020,"Springfield, Co.Cavan, 32076",Springfield,Cavan,32076,32076,32076,Springfield,CAVAN,36.1,44,418,547,2473,1508,1984,1897.1,56.4,57,1589,1584.1,0,4.9
2020,"Stradone, Co.Cavan, 32077",Stradone,Cavan,32077,32077,32077,Stradone,CAVAN,24.3,83,647,481,3539,2411,884,3286.9,57.5,57,2019.2,2000.9,0,18.3
2020,"Tullyvin East, Co.Cavan, 32078",Tullyvin East,Cavan,32078,32078,32078,Tullyvin East,CAVAN,34.6,59,963,577,4281,2741,1454,3286,55,55,2035.6,2028.7,0,6.9
2020,"Tullyvin West, Co.Cavan, 32079",Tullyvin West,Cavan,32079,32079,32079,Tullyvin West,CAVAN,29.3,40,418,339,2073,1316,1084,2128.1,57.3,58,1171.8,1171.8,0,0
2020,"Waterloo, Co.Cavan, 32080",Waterloo,Cavan,32080,32080,32080,Waterloo,CAVAN,22.5,93,761,689,3891,2441,0,5496.8,60.1,60,2091,2060.3,0,30.7
2020,"Derrylahan, Co.Cavan, 32081",Derrylahan,Cavan,32081,32081,32081,Derrylahan,CAVAN,27.3,41,0,195,436,241,3351,628,55.9,57,1119.7,1117.8,0,1.9
2020,"Dowra, Co.Cavan, 32083",Dowra,Cavan,32083,32083,32083,Dowra,CAVAN,28.7,41,0,293,715,422,767,556.2,55.4,56,1175.9,1175.9,0,0
2020,"Dunmakeever / Derrynananta, Co.Cavan, 32084/32082",Dunmakeever / Derrynananta,Cavan,32084/32082,32084/32082,32084/32082,Dunmakeever / Derrynananta,CAVAN,37.2,74,0,408,833,425,11142,1677.5,53.6,52.5,2750.4,2750.4,0,0
2020,"Eskey, Co.Cavan, 32085",Eskey,Cavan,32085,32085,32085,Eskey,CAVAN,30.7,41,0,333,1104,771,2109,946,57.2,57,1259.1,1255.8,0,3.3
2020,"Killinagh / Teebane, Co.Cavan, 32086/32087",Killinagh / Teebane,Cavan,32086/32087,32086/32087,32086/32087,Killinagh / Teebane,CAVAN,29.1,49,0,196,422,226,3844,658,52.6,53,1424.1,1424.1,0,0
2020,"Tuam, Co.Cavan, 32088",Tuam,Cavan,32088,32088,32088,Tuam,CAVAN,42.7,39,0,342,770,428,3183,826.3,59.6,62,1665.6,1664.5,0,1.1
2020,"Drumlumman, Co.Cavan, 32089",Drumlumman,Cavan,32089,32089,32089,Drumlumman,CAVAN,20,63,459,513,2673,1701,231,2320.7,54.7,53,1258.1,1249.1,0,9
2020,"Kilcogy, Co.Cavan, 32090",Kilcogy,Cavan,32090,32090,32090,Kilcogy,CAVAN,22.1,73,261,753,2876,1862,1674,2121.9,56.5,55,1615.8,1592.7,0,23.1
2020,"Kilgolagh, Co.Cavan, 32091",Kilgolagh,Cavan,32091,32091,32091,Kilgolagh,CAVAN,19.1,58,0,564,1987,1423,1479,2763.8,54.3,52,1108,1100.4,0,7.6
2020,"Loughdawan, Co.Cavan, 32092",Loughdawan,Cavan,32092,32092,32092,Loughdawan,CAVAN,18.2,49,0,549,1470,921,0,965.9,55.4,53,891.9,886.5,0,5.4
2020,"Scrabby, Co.Cavan, 32093",Scrabby,Cavan,32093,32093,32093,Scrabby,CAVAN,23.1,44,0,424,1812,1388,0,1277.2,56.5,55.5,1014.4,1005.9,0,8.5
2020,"Buncrana Urban, Co.Donegal, 33001",Buncrana Urban,Donegal,33001,33001,33001,Buncrana Urban,DONEGAL,13,5,0,0,0,0,0,0,74,72,65.1,61.5,0,3.6
2020,"Bundoran Urban, Co.Donegal, 33002",Bundoran Urban,Donegal,33002,33002,33002,Bundoran Urban,DONEGAL,10.4,7,0,25,73,48,0,45,66.1,67,72.9,72.9,0,0
2020,"Ballintra, Co.Donegal, 33004",Ballintra,Donegal,33004,33004,33004,Ballintra,DONEGAL,24.1,62,0,471,1516,1045,3819,1384.1,57.6,57,1494,1494,0,0
2020,"Ballyshannon Rural, Co.Donegal, 33005",Ballyshannon Rural,Donegal,33005,33005,33005,Ballyshannon Rural,DONEGAL,24.5,95,0,821,2411,1590,3614,1947.5,58,59,2326.5,2326.5,0,0
2020,"Ballyshannon Urban, Co.Donegal, 33006",Ballyshannon Urban,Donegal,33006,33006,33006,Ballyshannon Urban,DONEGAL,23,9,0,63,314,251,0,230.9,55.7,57,206.7,206.7,0,0
2020,"Bundoran Rural, Co.Donegal, 33007",Bundoran Rural,Donegal,33007,33007,33007,Bundoran Rural,DONEGAL,17.7,66,0,445,1280,835,949,943.8,57.1,58,1168.6,1166.9,0,1.7
2020,"Carrickboy, Co.Donegal, 33008",Carrickboy,Donegal,33008,33008,33008,Carrickboy,DONEGAL,24.7,46,0,490,1255,765,1170,963.7,53.4,54,1138.3,1132.3,0,6
2020,"Cavangarden, Co.Donegal, 33009",Cavangarden,Donegal,33009,33009,33009,Cavangarden,DONEGAL,34.2,76,0,782,2181,1399,5985,2087,55.8,54.5,2597.1,2587.1,0,10
2020,"Cliff, Co.Donegal, 33010",Cliff,Donegal,33010,33010,33010,Cliff,DONEGAL,25.7,27,0,148,393,245,0,261.9,59.4,61,695,694.9,0,0.1
2020,"Ballintra, Co.Donegal, 33011",Ballintra,Donegal,33011,33011,33011,Ballintra,DONEGAL,26.4,87,0,466,1551,1085,6157,1669.3,57.7,57,2300.8,2297.1,0,3.7
2020,"An Bhinn Bhán, Co.Donegal, 33012",An Bhinn Bhán,Donegal,33012,33012,33012,An Bhinn Bhán,DONEGAL,41.3,72,0,91,205,114,7394,872.9,60,62,2976.5,2976.4,0,0.1
2020,"Bonnyglen, Co.Donegal, 33013",Bonnyglen,Donegal,33013,33013,33013,Bonnyglen,DONEGAL,29.5,48,0,88,194,106,2728,403.1,57.2,60,1415,1404.8,0,10.2
2020,"Clogher, Co.Donegal, 33014",Clogher,Donegal,33014,33014,33014,Clogher,DONEGAL,22,50,0,146,666,520,3113,716.4,55.1,52.5,1099.9,1099.8,0,0.1
2020,"Corkermore, Co.Donegal, 33015",Corkermore,Donegal,33015,33015,33015,Corkermore,DONEGAL,30.9,46,0,191,407,216,3642,628.7,59.7,62,1419.3,1418.9,0,0.4
2020,"Donegal, Co.Donegal, 33016",Donegal,Donegal,33016,33016,33016,Donegal,DONEGAL,22.1,76,0,413,1010,597,2765,1087.8,61.5,65,1678.5,1675.4,0,3.1
2020,"Dunkineely, Co.Donegal, 33017",Dunkineely,Donegal,33017,33017,33017,Dunkineely,DONEGAL,24.3,49,0,206,579,373,1669,545.4,58.2,60,1193.1,1190.7,0,2.4
2020,"Eanymore, Co.Donegal, 33018",Eanymore,Donegal,33018,33018,33018,Eanymore,DONEGAL,20.6,74,0,168,379,211,3378,585.2,61.4,60.5,1521,1520.9,0,0.1
2020,"Grousehall, Co.Donegal, 33019",Grousehall,Donegal,33019,33019,33019,Grousehall,DONEGAL,40.4,35,0,132,375,243,6588,896.7,56.5,56,1413.4,1413.4,0,0
2020,"Haugh, Co.Donegal, 33020",Haugh,Donegal,33020,33020,33020,Haugh,DONEGAL,24.3,41,0,113,325,212,3069,525.9,56.8,57,998.2,995.5,0,2.7
2020,"Inver, Co.Donegal, 33021",Inver,Donegal,33021,33021,33021,Inver,DONEGAL,18.9,66,0,237,584,347,2556,631.6,59.5,61.5,1249.7,1246.4,0,3.3
2020,"Laghy, Co.Donegal, 33022",Laghy,Donegal,33022,33022,33022,Laghy,DONEGAL,37.7,73,0,314,878,564,7265,1315.1,59,58,2748.5,2748.5,0,0
2020,"Loch Iascaigh, Co.Donegal, 33023",Loch Iascaigh,Donegal,33023,33023,33023,Loch Iascaigh,DONEGAL,57.1,44,0,78,243,165,5955,761.1,52.2,57,2512.4,2512.4,0,0
2020,"Pettigoe, Co.Donegal, 33024",Pettigoe,Donegal,33024,33024,33024,Pettigoe,DONEGAL,36.9,72,0,481,1082,601,10723,1763.4,53,50,2657.3,2645.9,0,11.4
2020,"Tantallon, Co.Donegal, 33025",Tantallon,Donegal,33025,33025,33025,Tantallon,DONEGAL,18,100,0,551,1376,825,2578,1147.7,59,60,1795.8,1766,0,29.8
2020,"Tawnawully, Co.Donegal, 33026",Tawnawully,Donegal,33026,33026,33026,Tawnawully,DONEGAL,14.6,29,0,120,259,139,2002,371.4,64,66,422.7,422.7,0,0
2020,"Templecarn, Co.Donegal, 33027",Templecarn,Donegal,33027,33027,33027,Templecarn,DONEGAL,43.8,72,0,227,598,371,7794,1171.9,57.6,58,3155.9,3154.6,0,1.3
2020,"Tullynaught, Co.Donegal, 33028",Tullynaught,Donegal,33028,33028,33028,Tullynaught,DONEGAL,30.4,79,0,424,1360,936,5776,1442.5,58.5,58,2399,2396.7,0,2.3
2020,"Ards, Co.Donegal, 33029",Ards,Donegal,33029,33029,33029,Ards,DONEGAL,19.7,52,0,259,731,472,2820,767.4,55.9,58,1025,1025,0,0
2020,"Críoch na Sméar, Co.Donegal, 33030",Críoch na Sméar,Donegal,33030,33030,33030,Críoch na Sméar,DONEGAL,25,57,0,259,610,351,4076,808.6,55.8,54,1424.7,1424.7,0,0
2020,"An Craoslach, Co.Donegal, 33031",An Craoslach,Donegal,33031,33031,33031,An Craoslach,DONEGAL,19.4,56,0,298,717,419,2429,709.6,56.9,57,1087.4,1087.4,0,0
2020,"Na Croisbhealaí, Co.Donegal, 33032",Na Croisbhealaí,Donegal,33032,33032,33032,Na Croisbhealaí,DONEGAL,15.9,143,0,358,853,495,7869,1332.2,57.7,57,2268.4,2268.4,0,0
2020,"Caisleán na dTuath, Co.Donegal, 33033",Caisleán na dTuath,Donegal,33033,33033,33033,Caisleán na dTuath,DONEGAL,21.9,34,0,163,392,229,1439,390.6,53.5,54.5,744.3,740.3,0,4
2020,"Dún Fionnachaidh, Co.Donegal, 33034",Dún Fionnachaidh,Donegal,33034,33034,33034,Dún Fionnachaidh,DONEGAL,27.9,103,0,396,1271,875,11990,2060.2,57.4,56,2876.9,2875.9,0,1
2020,"Dún Lúiche, Co.Donegal, 33035",Dún Lúiche,Donegal,33035,33035,33035,Dún Lúiche,DONEGAL,32.6,91,0,171,422,251,6591,932.9,52.5,51,2969.9,2969.9,0,0
2020,"Gort an Choirce, Co.Donegal, 33036",Gort an Choirce,Donegal,33036,33036,33036,Gort an Choirce,DONEGAL,14.1,102,0,105,308,203,4748,692.1,55.9,55.5,1436.3,1436.3,0,0
2020,"Machaire Chlochair, Co.Donegal, 33037",Machaire Chlochair,Donegal,33037,33037,33037,Machaire Chlochair,DONEGAL,23.5,84,0,106,292,186,5593,755.6,56.8,58.5,1974.3,1974.3,0,0
2020,"Mín an Chladaigh, Co.Donegal, 33038",Mín an Chladaigh,Donegal,33038,33038,33038,Mín an Chladaigh,DONEGAL,9.9,56,0,22,85,63,2662,319.7,54.5,50.5,555.5,555.1,0,0.4
2020,"Anagaire, Co.Donegal, 33039",Anagaire,Donegal,33039,33039,33039,Anagaire,DONEGAL,17.6,54,0,137,328,191,978,308.7,56,56.5,950.9,950.8,0,0.1
2020,"Ard an Rátha, Co.Donegal, 33040",Ard an Rátha,Donegal,33040,33040,33040,Ard an Rátha,DONEGAL,5.7,45,0,0,0,0,1679,170.8,59.1,58,256.1,256.1,0,0
2020,"Ard an Rátha, Co.Donegal, 33041",Ard an Rátha,Donegal,33041,33041,33041,Ard an Rátha,DONEGAL,26.1,89,0,174,436,262,4583,745.1,59.6,58,2320.1,2320.1,0,0
2020,"Cró Bheithe, Co.Donegal, 33042",Cró Bheithe,Donegal,33042,33042,33042,Cró Bheithe,DONEGAL,35.8,55,0,106,401,295,6852,989.5,57.2,55,1968.5,1968.5,0,0
2020,"Cró Chaorach, Co.Donegal, 33043",Cró Chaorach,Donegal,33043,33043,33043,Cró Chaorach,DONEGAL,26.4,71,0,65,139,74,6445,738.2,57.5,57,1873.9,1873.9,0,0
2020,"Crownarad, Co.Donegal, 33044",Crownarad,Donegal,33044,33044,33044,Crownarad,DONEGAL,28.6,22,0,73,167,94,2336,342.5,55,57,630,630,0,0
2020,"Dawros, Co.Donegal, 33045",Dawros,Donegal,33045,33045,33045,Dawros,DONEGAL,36.1,61,0,355,824,469,2701,811.1,58.8,58,2199.9,2199.2,0,0.7
2020,"An Dúchoraidh, Co.Donegal, 33046",An Dúchoraidh,Donegal,33046,33046,33046,An Dúchoraidh,DONEGAL,32.6,24,0,0,0,0,2224,253.9,57.3,55.5,781.5,781.5,0,0
2020,"An Clochán Liath, Co.Donegal, 33047",An Clochán Liath,Donegal,33047,33047,33047,An Clochán Liath,DONEGAL,20.1,36,0,49,101,52,694,134.3,58.8,62.5,725,725,0,0
2020,"Baile na Finne, Co.Donegal, 33048",Baile na Finne,Donegal,33048,33048,33048,Baile na Finne,DONEGAL,34.2,54,0,77,188,111,4615,595,53.8,51.5,1848.8,1847.8,0,1
2020,"Gleann Cholm Cille, Co.Donegal, 33049",Gleann Cholm Cille,Donegal,33049,33049,33049,Gleann Cholm Cille,DONEGAL,17,79,0,34,79,45,6646,717.2,57.8,61,1343.5,1343.4,0,0.1
2020,"Gleann Gheis, Co.Donegal, 33050",Gleann Gheis,Donegal,33050,33050,33050,Gleann Gheis,DONEGAL,34.9,99,0,305,766,461,9574,1493.5,59.7,62,3490.5,3465.6,0,24.9
2020,"Gleann Léithín, Co.Donegal, 33051",Gleann Léithín,Donegal,33051,33051,33051,Gleann Léithín,DONEGAL,48.9,71,0,171,462,291,11953,1494.1,55.4,56,3469.6,3469.5,0,0.1
2020,"Na Gleannta, Co.Donegal, 33052",Na Gleannta,Donegal,33052,33052,33052,Na Gleannta,DONEGAL,35.4,138,0,295,754,459,10439,1546.8,57.9,59,4883.6,4872,0,11.6
2020,"An Ghrafaidh, Co.Donegal, 33053",An Ghrafaidh,Donegal,33053,33053,33053,An Ghrafaidh,DONEGAL,63.6,102,0,85,215,130,13378,1484.3,57.9,55,6488.7,6485.5,0,3.2
2020,"Inis Caoil, Co.Donegal, 33054",Inis Caoil,Donegal,33054,33054,33054,Inis Caoil,DONEGAL,48.1,60,0,0,0,0,7675,773.9,55.6,58,2885.9,2885.9,0,0
2020,"Cill Charthaigh, Co.Donegal, 33055",Cill Charthaigh,Donegal,33055,33055,33055,Cill Charthaigh,DONEGAL,20.4,38,0,168,433,265,2941,574.9,56.7,60,773.8,773.8,0,0
2020,"Cill Ghabhlaigh, Co.Donegal, 33056",Cill Ghabhlaigh,Donegal,33056,33056,33056,Cill Ghabhlaigh,DONEGAL,17,89,0,45,92,47,9971,1056.3,58.1,60,1512,1512,0,0
2020,"Killybegs, Co.Donegal, 33057",Killybegs,Donegal,33057,33057,33057,Killybegs,DONEGAL,19.8,66,0,172,470,298,3943,705.6,59.7,60,1305.4,1305.3,0,0.1
2020,"An Leargaidh Mhór, Co.Donegal, 33058",An Leargaidh Mhór,Donegal,33058,33058,33058,An Leargaidh Mhór,DONEGAL,19.2,61,0,46,120,74,4725,552.7,58.3,58,1169.6,1169.6,0,0
2020,"Leitir Mhic an Bhaird, Co.Donegal, 33059",Leitir Mhic an Bhaird,Donegal,33059,33059,33059,Leitir Mhic an Bhaird,DONEGAL,15.1,72,0,226,500,274,2705,600.4,59.7,59.5,1094.4,1094,0,0.4
2020,"Maas, Co.Donegal, 33060",Maas,Donegal,33060,33060,33060,Maas,DONEGAL,35,56,0,183,469,286,2803,583.3,58.2,55,1961,1961,0,0
2020,"An Machaire, Co.Donegal, 33061",An Machaire,Donegal,33061,33061,33061,An Machaire,DONEGAL,22.2,56,0,176,417,241,1502,426.1,60.5,60.5,1250.1,1245,0,5.1
2020,"Málainn Bhig, Co.Donegal, 33062",Málainn Bhig,Donegal,33062,33062,33062,Málainn Bhig,DONEGAL,14.6,56,0,0,0,0,6115,640.2,55.8,56,817.6,817.6,0,0
2020,"Maol Mosóg, Co.Donegal, 33063",Maol Mosóg,Donegal,33063,33063,33063,Maol Mosóg,DONEGAL,31.8,52,0,40,106,66,4191,488.5,58.9,59,1655.4,1655.4,0,0
2020,"Inis Mhic an Doirn, Co.Donegal, 33064",Inis Mhic an Doirn,Donegal,33064,33064,33064,Inis Mhic an Doirn,DONEGAL,15.4,31,0,96,211,115,505,187.2,55.4,54,477.9,477.9,0,0
2020,"Tieveskeelta, Co.Donegal, 33065",Tieveskeelta,Donegal,33065,33065,33065,Tieveskeelta,DONEGAL,46.5,20,0,65,156,91,2916,392.4,51.1,52,929,926.9,0,2.1
2020,"Ardmalin, Co.Donegal, 33066",Ardmalin,Donegal,33066,33066,33066,Ardmalin,DONEGAL,23,90,0,578,1768,1190,7516,2465.9,58,58.5,2068.9,2041,0,27.9
2020,"Ballyliffin, Co.Donegal, 33067",Ballyliffin,Donegal,33067,33067,33067,Ballyliffin,DONEGAL,15.5,110,0,431,1246,815,9825,1950,53.7,52.5,1706.4,1700.1,0,6.3
2020,"Birdstown, Co.Donegal, 33068",Birdstown,Donegal,33068,33068,33068,Birdstown,DONEGAL,22.9,57,0,274,1544,1270,8062,1923.7,57.3,57,1305.4,1257.9,0,47.5
2020,"Buncrana Rural, Co.Donegal, 33069",Buncrana Rural,Donegal,33069,33069,33069,Buncrana Rural,DONEGAL,26.8,62,0,296,1328,1032,5630,1465.4,59.3,58.5,1664.2,1655.2,0,9
2020,"Burt, Co.Donegal, 33070",Burt,Donegal,33070,33070,33070,Burt,DONEGAL,63.7,64,0,472,3473,3001,12345,3734.8,52.4,53,4078.1,2798.1,708.7,571.3
2020,"Carndonagh, Co.Donegal, 33071",Carndonagh,Donegal,33071,33071,33071,Carndonagh,DONEGAL,17.4,91,0,290,1158,868,9766,2394.6,57.2,57,1582.2,1573.9,0,8.3
2020,"Carthage, Co.Donegal, 33072",Carthage,Donegal,33072,33072,33072,Carthage,DONEGAL,15.1,93,0,356,1294,938,5134,1399.2,56.6,58,1400.2,1388.5,0,11.7
2020,"Castlecary, Co.Donegal, 33073",Castlecary,Donegal,33073,33073,33073,Castlecary,DONEGAL,22.3,52,0,239,1729,1490,3356,1498.9,60,57,1159.3,1106.5,0,52.8
2020,"Castleforward, Co.Donegal, 33074",Castleforward,Donegal,33074,33074,33074,Castleforward,DONEGAL,43.3,33,0,111,1633,1522,3240,1599,60.7,61,1428,971.6,397.9,58.5
2020,"Culdaff, Co.Donegal, 33075",Culdaff,Donegal,33075,33075,33075,Culdaff,DONEGAL,23.2,78,0,533,2206,1673,5450,2039.4,56.1,54.5,1806.8,1775.2,19.8,11.8
2020,"Desertegny, Co.Donegal, 33076",Desertegny,Donegal,33076,33076,33076,Desertegny,DONEGAL,15.4,76,0,293,864,571,5032,1062.9,55.5,56.5,1172.8,1166.6,0,6.2
2020,"Dunaff, Co.Donegal, 33077",Dunaff,Donegal,33077,33077,33077,Dunaff,DONEGAL,15.1,77,0,337,951,614,6803,1777,55.3,52,1160.2,1157.1,0,3.1
2020,"Fahan, Co.Donegal, 33078",Fahan,Donegal,33078,33078,33078,Fahan,DONEGAL,29.9,64,660,311,2106,1135,6841,2573,55.1,55,1910.4,1855,0,55.4
2020,"Glennagannon, Co.Donegal, 33079",Glennagannon,Donegal,33079,33079,33079,Glennagannon,DONEGAL,20.3,52,0,218,1166,948,4672,1950.8,55.4,56.5,1053.2,1028.8,0,24.4
2020,"Gleneely, Co.Donegal, 33080",Gleneely,Donegal,33080,33080,33080,Gleneely,DONEGAL,24.9,95,0,702,2709,2007,11755,3196.3,54.7,52,2369.6,2351.5,0,18.1
2020,"Glentogher, Co.Donegal, 33081",Glentogher,Donegal,33081,33081,33081,Glentogher,DONEGAL,38.5,58,0,130,346,216,8758,1092,58.4,61,2230.9,2229.1,0,1.8
2020,"Greencastle, Co.Donegal, 33082",Greencastle,Donegal,33082,33082,33082,Greencastle,DONEGAL,23.3,77,0,122,1187,1065,8616,1708.6,53.4,54,1796.2,1757.4,0,38.8
2020,"Illies, Co.Donegal, 33083",Illies,Donegal,33083,33083,33083,Illies,DONEGAL,31.8,113,0,300,987,687,11284,1777,58.2,58,3589,3585.3,0,3.7
2020,"Inch Island, Co.Donegal, 33084",Inch Island,Donegal,33084,33084,33084,Inch Island,DONEGAL,48.3,21,0,118,715,597,3241,843.8,53.3,56,1015.1,850.2,126.7,38.2
2020,"Kilderry, Co.Donegal, 33085",Kilderry,Donegal,33085,33085,33085,Kilderry,DONEGAL,35.5,57,328,344,1945,1273,4784,1827.3,58.4,58,2022.8,1986.4,0,36.4
2020,"Killea, Co.Donegal, 33086",Killea,Donegal,33086,33086,33086,Killea,DONEGAL,43.8,61,854,395,4720,3471,3193,3564.4,55.5,56,2661.5,2069.4,445.6,146.5
2020,"Malin, Co.Donegal, 33087",Malin,Donegal,33087,33087,33087,Malin,DONEGAL,26.1,72,0,466,1412,946,6846,2900.6,57.6,56,1877.2,1859.5,0,17.7
2020,"Mintiaghs, Co.Donegal, 33088",Mintiaghs,Donegal,33088,33088,33088,Mintiaghs,DONEGAL,19.4,82,0,210,764,554,5852,1091.9,58.4,59,1589.5,1575.5,0,14
2020,"Moville, Co.Donegal, 33089",Moville,Donegal,33089,33089,33089,Moville,DONEGAL,17,44,0,211,975,764,2670,930.4,56.2,57.5,746.7,716.9,0,29.8
2020,"Newtown Cunningham, Co.Donegal, 33090",Newtown Cunningham,Donegal,33090,33090,33090,Newtown Cunningham,DONEGAL,37.4,42,0,376,3600,3224,3227,2848.7,57.4,60,1571,1127.1,348.8,95.1
2020,"Redcastle, Co.Donegal, 33091",Redcastle,Donegal,33091,33091,33091,Redcastle,DONEGAL,20.3,53,0,153,722,569,6614,1161.9,58.5,57,1077.3,1029.4,0,47.9
2020,"Straid, Co.Donegal, 33092",Straid,Donegal,33092,33092,33092,Straid,DONEGAL,16.7,90,0,226,603,377,7644,1143.5,58.2,57,1505.7,1499.9,0,5.8
2020,"Three Trees, Co.Donegal, 33093",Three Trees,Donegal,33093,33093,33093,Three Trees,DONEGAL,43.1,37,0,167,1240,1073,6741,1544.9,52.8,53,1593.2,1561.4,0,31.8
2020,"Turmone, Co.Donegal, 33094",Turmone,Donegal,33094,33094,33094,Turmone,DONEGAL,28.7,59,0,506,1559,1053,6581,1664.5,52.5,52,1694.2,1671.9,0,22.3
2020,"Whitecastle, Co.Donegal, 33095",Whitecastle,Donegal,33095,33095,33095,Whitecastle,DONEGAL,25.2,73,0,183,1374,1191,10040,1951.2,54.5,54,1838.6,1813.9,0,24.7
2020,"Ballymacool, Co.Donegal, 33096",Ballymacool,Donegal,33096,33096,33096,Ballymacool,DONEGAL,24.6,43,0,266,1137,871,3213,1094.5,58.8,58,1057,1024.3,0,32.7
2020,"Castlewray, Co.Donegal, 33097",Castlewray,Donegal,33097,33097,33097,Castlewray,DONEGAL,30.4,37,0,235,1399,1164,3135,1214,58.1,58,1124.7,1067.9,0,56.8
2020,"Mín an Lábáin, Co.Donegal, 33098",Mín an Lábáin,Donegal,33098,33098,33098,Mín an Lábáin,DONEGAL,35.8,52,0,165,403,238,5364,792.7,53.4,50,1861.1,1859.7,0,1.4
2020,"Corravaddy, Co.Donegal, 33099",Corravaddy,Donegal,33099,33099,33099,Corravaddy,DONEGAL,25.2,51,0,182,700,518,3539,815.4,57.2,58,1284.7,1232.2,0,52.5
2020,"Edenacarnan, Co.Donegal, 33100",Edenacarnan,Donegal,33100,33100,33100,Edenacarnan,DONEGAL,30.3,75,0,722,2633,1911,8178,2958.1,54.4,53,2273.7,2254.3,0,19.4
2020,"Gartán, Co.Donegal, 33101",Gartán,Donegal,33101,33101,33101,Gartán,DONEGAL,20,39,0,112,294,182,3618,560.6,54.4,51,781,781,0,0
2020,"Gortnavern, Co.Donegal, 33102",Gortnavern,Donegal,33102,33102,33102,Gortnavern,DONEGAL,22.6,35,0,213,1006,793,3195,981.9,49.8,48,779.7,764.3,0,15.4
2020,"Killymasny, Co.Donegal, 33103",Killymasny,Donegal,33103,33103,33103,Killymasny,DONEGAL,39.9,45,0,225,1111,886,5860,1345.9,58.6,62,1796.3,1787.8,0,8.5
2020,"Kincraigy, Co.Donegal, 33104",Kincraigy,Donegal,33104,33104,33104,Kincraigy,DONEGAL,22,100,413,376,3666,2877,6524,3027.6,50.9,49,2199.1,2036.7,0,162.4
2020,"Letterkenny Rural, Co.Donegal, 33105",Letterkenny Rural,Donegal,33105,33105,33105,Letterkenny Rural,DONEGAL,39,15,0,142,861,719,961,631.8,47.5,45,584.8,455,0,129.8
2020,"Magheraboy, Co.Donegal, 33106",Magheraboy,Donegal,33106,33106,33106,Magheraboy,DONEGAL,22.8,73,0,517,2227,1710,5343,1937.4,57.5,58,1666.9,1607.9,0,59
2020,"Manorcunningham, Co.Donegal, 33107",Manorcunningham,Donegal,33107,33107,33107,Manorcunningham,DONEGAL,31.3,44,0,179,2294,2115,2759,1898.1,55.1,55,1376.8,1199.5,111.3,66
2020,"Suí Corr, Co.Donegal, 33108",Suí Corr,Donegal,33108,33108,33108,Suí Corr,DONEGAL,45.8,26,0,73,242,169,4012,557.1,58.5,59.5,1190.8,1187.8,0,3
2020,"Templedouglas, Co.Donegal, 33109",Templedouglas,Donegal,33109,33109,33109,Templedouglas,DONEGAL,21.4,86,0,341,1271,930,5901,1432.4,52.9,50.5,1838.4,1825.1,0,13.3
2020,"Ballyarr, Co.Donegal, 33110",Ballyarr,Donegal,33110,33110,33110,Ballyarr,DONEGAL,29.2,34,0,271,1450,1179,4033,1353,56.6,53.5,991.4,988,0,3.4
2020,"Carraig Airt, Co.Donegal, 33111",Carraig Airt,Donegal,33111,33111,33111,Carraig Airt,DONEGAL,17.6,66,0,423,1040,617,1587,818.2,57.6,58.5,1164.3,1160.5,0,3.8
2020,"An Cheathrú Chaol, Co.Donegal, 33112",An Cheathrú Chaol,Donegal,33112,33112,33112,An Cheathrú Chaol,DONEGAL,27.2,54,0,456,1085,629,5123,1205.9,61.5,58.5,1468,1464.8,0,3.2
2020,"Creamhghort, Co.Donegal, 33113",Creamhghort,Donegal,33113,33113,33113,Creamhghort,DONEGAL,16.7,79,0,367,1031,664,4312,1087.5,57.4,60,1322.8,1318.1,0,4.7
2020,"Fánaid Thuaidh, Co.Donegal, 33114",Fánaid Thuaidh,Donegal,33114,33114,33114,Fánaid Thuaidh,DONEGAL,20.9,102,0,769,2043,1274,4197,1717.4,59,59,2130.6,2130.1,0,0.5
2020,"Fánaid Thiar, Co.Donegal, 33115",Fánaid Thiar,Donegal,33115,33115,33115,Fánaid Thiar,DONEGAL,19.2,85,0,652,1907,1255,2563,1502.3,56.8,56,1633.1,1632,0,1.1
2020,"Glen, Co.Donegal, 33116",Glen,Donegal,33116,33116,33116,Glen,DONEGAL,19.7,41,0,217,511,294,2722,608.9,53.5,53,807.5,807.5,0,0
2020,"Glenalla, Co.Donegal, 33117",Glenalla,Donegal,33117,33117,33117,Glenalla,DONEGAL,26.7,47,0,291,868,577,4613,1036.8,58.2,61,1256.7,1246.8,0,9.9
2020,"Grianfort, Co.Donegal, 33118",Grianfort,Donegal,33118,33118,33118,Grianfort,DONEGAL,22.2,40,0,394,1201,807,3561,1138.8,56.1,57,887.8,887.6,0,0.2
2020,"Killygarvan, Co.Donegal, 33119",Killygarvan,Donegal,33119,33119,33119,Killygarvan,DONEGAL,26.2,24,0,190,509,319,1840,512.3,56.4,59,629.9,629.9,0,0
2020,"Kilmacrenan, Co.Donegal, 33120",Kilmacrenan,Donegal,33120,33120,33120,Kilmacrenan,DONEGAL,20.7,60,0,294,1033,739,3656,1048,56,55,1241,1234.2,0,6.8
2020,"Cnoc Colbha, Co.Donegal, 33121",Cnoc Colbha,Donegal,33121,33121,33121,Cnoc Colbha,DONEGAL,22.9,51,0,297,810,513,1777,713.5,57.9,59,1168.8,1166.4,0,2.4
2020,"Loch Caol, Co.Donegal, 33122",Loch Caol,Donegal,33122,33122,33122,Loch Caol,DONEGAL,26.5,58,0,333,1143,810,4817,1251.5,54.5,52.5,1536.3,1522.2,0,14.1
2020,"Millford, Co.Donegal, 33123",Millford,Donegal,33123,33123,33123,Millford,DONEGAL,25.7,72,185,421,1601,995,5450,1656.3,57.1,56,1854,1839,0,15
2020,"Rathmelton, Co.Donegal, 33124",Rathmelton,Donegal,33124,33124,33124,Rathmelton,DONEGAL,37.7,91,1525,770,6294,3999,9306,5514.2,59.5,60,3431.7,3289.1,76.6,66
2020,"Rathmullan, Co.Donegal, 33125",Rathmullan,Donegal,33125,33125,33125,Rathmullan,DONEGAL,29.7,38,0,191,949,758,3214,989.6,63.4,66,1130.3,1128.1,0,2.2
2020,"Ros Goill, Co.Donegal, 33126",Ros Goill,Donegal,33126,33126,33126,Ros Goill,DONEGAL,20,56,0,228,558,330,3204,668.4,51.8,50,1120.3,1120.3,0,0
2020,"Rosnakill, Co.Donegal, 33127",Rosnakill,Donegal,33127,33127,33127,Rosnakill,DONEGAL,26.1,38,0,432,1716,1284,3628,1531,55.4,52.5,990.3,986.8,0,3.5
2020,"An Tearmann, Co.Donegal, 33128",An Tearmann,Donegal,33128,33128,33128,An Tearmann,DONEGAL,24.2,85,0,417,1103,686,7254,1436.7,55.4,56,2058.5,2055.3,0,3.2
2020,"Allt na Péiste, Co.Donegal, 33129",Allt na Péiste,Donegal,33129,33129,33129,Allt na Péiste,DONEGAL,48.2,100,0,224,967,743,13745,1981.6,56.7,57,4820.1,4817,0,3.1
2020,"Castlefinn, Co.Donegal, 33130",Castlefinn,Donegal,33130,33130,33130,Castlefinn,DONEGAL,40.2,54,1197,326,5094,3571,2717,3917.8,55,54.5,2172.4,1903.9,220.3,48.2
2020,"An Clochán, Co.Donegal, 33131",An Clochán,Donegal,33131,33131,33131,An Clochán,DONEGAL,39.2,162,0,392,1482,1090,19946,2950.1,56.8,58,6347,6334.9,0,12.1
2020,"Cloghard, Co.Donegal, 33132",Cloghard,Donegal,33132,33132,33132,Cloghard,DONEGAL,27.8,71,1198,252,3867,2417,3297,3163.9,57.5,55,1973.6,1876,0,97.6
2020,"Clonleigh North, Co.Donegal, 33133",Clonleigh North,Donegal,33133,33133,33133,Clonleigh North,DONEGAL,35.2,63,988,360,4496,3148,2830,3594.9,53.1,52,2219.8,1822.3,333.1,64.4
2020,"Clonleigh South, Co.Donegal, 33134",Clonleigh South,Donegal,33134,33134,33134,Clonleigh South,DONEGAL,36.9,53,1378,432,4784,2974,1985,4954.6,55.6,53,1954.2,1763.4,166.6,24.2
2020,"Convoy, Co.Donegal, 33135",Convoy,Donegal,33135,33135,33135,Convoy,DONEGAL,24.4,121,933,472,4034,2629,7556,3530.8,53.3,53,2950.1,2892.2,0,57.9
2020,"Dooish, Co.Donegal, 33136",Dooish,Donegal,33136,33136,33136,Dooish,DONEGAL,23.8,58,0,197,541,344,3729,732.6,57.2,57.5,1381.1,1368.8,0,12.3
2020,"Feddyglass, Co.Donegal, 33137",Feddyglass,Donegal,33137,33137,33137,Feddyglass,DONEGAL,43,38,935,142,3323,2246,1440,7487.6,55.3,54,1634.7,1285.3,224.6,124.8
2020,"Figart, Co.Donegal, 33138",Figart,Donegal,33138,33138,33138,Figart,DONEGAL,23.3,69,224,225,2110,1661,5471,2552.4,55.2,53,1604,1567.1,0,36.9
2020,"Gleneely, Co.Donegal, 33139",Gleneely,Donegal,33139,33139,33139,Gleneely,DONEGAL,21.5,158,470,621,3718,2627,12263,3734.9,54.4,54,3404.9,3379,0,25.9
2020,"Goland, Co.Donegal, 33140",Goland,Donegal,33140,33140,33140,Goland,DONEGAL,31.1,37,0,107,330,223,3246,535.2,57.3,60,1150.1,1132.8,0,17.3
2020,"Killygordon, Co.Donegal, 33141",Killygordon,Donegal,33141,33141,33141,Killygordon,DONEGAL,34.5,57,1300,421,4513,2792,3899,3694.9,53.3,55,1968.4,1911,0,57.4
2020,"Knock, Co.Donegal, 33142",Knock,Donegal,33142,33142,33142,Knock,DONEGAL,21,57,0,219,618,399,4219,819.1,53.2,56,1196.5,1181.1,0,15.4
2020,"Lettermore, Co.Donegal, 33143",Lettermore,Donegal,33143,33143,33143,Lettermore,DONEGAL,42.6,64,0,230,1033,803,8269,1499.4,53.3,52,2733.9,2714.3,0,19.6
2020,"Mín Charraigeach, Co.Donegal, 33144",Mín Charraigeach,Donegal,33144,33144,33144,Mín Charraigeach,DONEGAL,54.5,38,0,50,148,98,4591,594,54.1,54,2071.8,2066,0,5.8
2020,"Raphoe, Co.Donegal, 33145",Raphoe,Donegal,33145,33145,33145,Raphoe,DONEGAL,28,44,0,104,3439,3335,10220,3353.1,55.4,56,1232.7,1099.1,0,133.6
2020,"St. Johnstown, Co.Donegal, 33146",St. Johnstown,Donegal,33146,33146,33146,St. Johnstown,DONEGAL,48.1,53,1270,248,5763,4245,1533,4130.8,50.8,51,2548.2,2113.2,335.8,99.2
2020,"Stranorlar, Co.Donegal, 33147",Stranorlar,Donegal,33147,33147,33147,Stranorlar,DONEGAL,19.5,112,0,411,2092,1681,6173,1962.8,55.1,55,2183.1,2151.6,0,31.5
2020,"Treantaghmucklagh, Co.Donegal, 33148",Treantaghmucklagh,Donegal,33148,33148,33148,Treantaghmucklagh,DONEGAL,26.2,72,332,376,3237,2529,4792,2544,55,53,1890,1674.5,129.1,86.4
2020,"Urney West, Co.Donegal, 33149",Urney West,Donegal,33149,33149,33149,Urney West,DONEGAL,32,49,921,399,2926,1606,3379,2535,55,53,1567.1,1536.9,0,30.2
2020,"Ballymackney, Co.Monaghan, 34005",Ballymackney,Monaghan,34005,34005,34005,Ballymackney,MONAGHAN,23.4,51,558,276,2972,2138,1283,2225.3,59,59,1192,1173,0,19
2020,"Bocks, Co.Monaghan, 34006",Bocks,Monaghan,34006,34006,34006,Bocks,MONAGHAN,20.8,84,641,646,3784,2497,411,3609.3,57.9,58.5,1745.7,1738.6,0,7.1
2020,"Carrickmacross Rural, Co.Monaghan, 34007",Carrickmacross Rural,Monaghan,34007,34007,34007,Carrickmacross Rural,MONAGHAN,19.5,71,755,508,3185,1922,899,2350.7,57.2,60,1381.3,1365.2,0,16.1
2020,"Corracharra, Co.Monaghan, 34008",Corracharra,Monaghan,34008,34008,34008,Corracharra,MONAGHAN,16,49,0,340,1570,1230,0,1946.4,56.1,54,782.7,774.7,0,8
2020,"Crossalare, Co.Monaghan, 34009",Crossalare,Monaghan,34009,34009,34009,Crossalare,MONAGHAN,19.5,79,0,670,3062,2392,2446,2811.7,55.2,54,1541.2,1511.6,0,29.6
2020,"Donaghmoyne, Co.Monaghan, 34010",Donaghmoyne,Monaghan,34010,34010,34010,Donaghmoyne,MONAGHAN,22.6,61,787,406,3338,2145,0,2410.4,59.1,58,1376.8,1340,0,36.8
2020,"Drumboory, Co.Monaghan, 34011",Drumboory,Monaghan,34011,34011,34011,Drumboory,MONAGHAN,31.2,50,279,587,2708,1842,1949,2017.2,53.4,55.5,1561.3,1559.8,0,1.5
2020,"Drumcarrow, Co.Monaghan, 34012",Drumcarrow,Monaghan,34012,34012,34012,Drumcarrow,MONAGHAN,25.1,61,0,599,3473,2874,522,2501.8,55.6,55,1530.1,1518.2,0,11.9
2020,"Drumgurra, Co.Monaghan, 34013",Drumgurra,Monaghan,34013,34013,34013,Drumgurra,MONAGHAN,23.8,71,616,581,3566,2369,425,3532.3,53.1,52,1688,1656.8,0,31.2
2020,"Enagh, Co.Monaghan, 34014",Enagh,Monaghan,34014,34014,34014,Enagh,MONAGHAN,19.5,53,0,315,1926,1611,1402,1849.3,57.7,55,1026.5,1002.8,0,23.7
2020,"Inishkeen, Co.Monaghan, 34015",Inishkeen,Monaghan,34015,34015,34015,Inishkeen,MONAGHAN,26.1,69,1222,420,4074,2432,0,4739.5,58,57,1798.2,1741.7,0,56.5
2020,"Kilmurry, Co.Monaghan, 34016",Kilmurry,Monaghan,34016,34016,34016,Kilmurry,MONAGHAN,20.1,84,467,768,3990,2755,0,2866.7,58.6,57.5,1688.7,1683.3,0,5.4
2020,"Kiltybegs, Co.Monaghan, 34017",Kiltybegs,Monaghan,34017,34017,34017,Kiltybegs,MONAGHAN,19.9,66,699,526,3885,2660,0,2721.1,57.3,58.5,1315.4,1270.6,0,44.8
2020,"Loughfea, Co.Monaghan, 34018",Loughfea,Monaghan,34018,34018,34018,Loughfea,MONAGHAN,24.1,40,0,371,1981,1610,1085,1471,61.5,64,963.8,934.5,0,29.3
2020,"Raferagh, Co.Monaghan, 34019",Raferagh,Monaghan,34019,34019,34019,Raferagh,MONAGHAN,23.8,77,416,724,4237,3097,696,3011.6,58.6,59,1830.4,1816.7,0,13.7
2020,"Annayalla, Co.Monaghan, 34020",Annayalla,Monaghan,34020,34020,34020,Annayalla,MONAGHAN,18.1,93,126,797,3305,2382,1036,3116.9,58.2,59,1680.8,1676.9,0,3.9
2020,"Ballybay Rural, Co.Monaghan, 34021",Ballybay Rural,Monaghan,34021,34021,34021,Ballybay Rural,MONAGHAN,25.8,63,920,351,3300,2029,1614,3267.1,52.7,52,1626.1,1620.9,0,5.2
2020,"Bellatrain, Co.Monaghan, 34023",Bellatrain,Monaghan,34023,34023,34023,Bellatrain,MONAGHAN,22,44,239,432,1859,1188,593,1354.9,51,49.5,968.8,961.1,0,7.7
2020,"Broomfield, Co.Monaghan, 34024",Broomfield,Monaghan,34024,34024,34024,Broomfield,MONAGHAN,18.3,87,565,892,4404,2947,0,3137.7,58.3,59,1595.5,1587,0,8.5
2020,"Carrickaslane, Co.Monaghan, 34025",Carrickaslane,Monaghan,34025,34025,34025,Carrickaslane,MONAGHAN,22.9,70,522,527,3928,2879,701,3018.6,55.4,55,1601.1,1598.4,0,2.7
2020,"Carrickatee, Co.Monaghan, 34026",Carrickatee,Monaghan,34026,34026,34026,Carrickatee,MONAGHAN,22.9,46,362,287,1901,1252,1324,1461,55.5,55,1051.9,1049.1,0,2.8
2020,"Castleblayney Rural, Co.Monaghan, 34027",Castleblayney Rural,Monaghan,34027,34027,34027,Castleblayney Rural,MONAGHAN,17.3,98,379,837,3551,2335,712,7492,56.7,56,1695.1,1637.5,0,57.6
2020,"Church Hill, Co.Monaghan, 34028",Church Hill,Monaghan,34028,34028,34028,Church Hill,MONAGHAN,18.8,109,271,932,4452,3249,3359,4151.5,53.7,54,2044.2,2033.1,0,11.1
2020,"Creeve, Co.Monaghan, 34029",Creeve,Monaghan,34029,34029,34029,Creeve,MONAGHAN,22.3,95,558,929,4535,3048,0,4554.9,57.1,56,2120.8,2119.7,0,1.1
2020,"Cremartin, Co.Monaghan, 34030",Cremartin,Monaghan,34030,34030,34030,Cremartin,MONAGHAN,20.7,110,1121,766,5309,3422,419,5372.8,56,56.5,2272.2,2257,0,15.2
2020,"Greagh, Co.Monaghan, 34031",Greagh,Monaghan,34031,34031,34031,Greagh,MONAGHAN,21.2,65,1080,464,3652,2108,628,3042.9,54.2,56,1374.8,1353.1,0,21.7
2020,"Laragh, Co.Monaghan, 34032",Laragh,Monaghan,34032,34032,34032,Laragh,MONAGHAN,17,65,324,597,2796,1875,349,2053.5,55.4,54,1102.1,1102.1,0,0
2020,"Mullyash, Co.Monaghan, 34033",Mullyash,Monaghan,34033,34033,34033,Mullyash,MONAGHAN,24.4,93,912,881,5056,3263,1813,3746.9,57.1,58,2269.6,2227.6,0,42
2020,"Aghabog, Co.Monaghan, 34034",Aghabog,Monaghan,34034,34034,34034,Aghabog,MONAGHAN,32.2,57,791,338,3329,2200,2420,4161.5,53.4,54,1837.2,1831.8,0,5.4
2020,"Anny, Co.Monaghan, 34035",Anny,Monaghan,34035,34035,34035,Anny,MONAGHAN,26.4,56,469,511,2955,1975,1458,3372,53.4,57,1481.1,1469.1,0,12
2020,"Clones Rural, Co.Monaghan, 34036",Clones Rural,Monaghan,34036,34036,34036,Clones Rural,MONAGHAN,29.1,72,771,446,4365,3148,2420,8954.6,52.7,52.5,2097.9,1996.8,0,101.1
2020,"Cormeen, Co.Monaghan, 34037",Cormeen,Monaghan,34037,34037,34037,Cormeen,MONAGHAN,27,80,1050,653,4702,2999,1007,4815.4,54.2,51,2162.8,2155.4,0,7.4
2020,"Currin, Co.Monaghan, 34038",Currin,Monaghan,34038,34038,34038,Currin,MONAGHAN,25.8,62,453,771,3312,2088,915,2335.2,55.3,53.5,1601.8,1591.6,0,10.2
2020,"Dawsongrove, Co.Monaghan, 34039",Dawsongrove,Monaghan,34039,34039,34039,Dawsongrove,MONAGHAN,36.4,50,1165,416,4128,2547,1318,4067.9,52.7,55.5,1822.1,1797.9,0,24.2
2020,"Drum, Co.Monaghan, 34040",Drum,Monaghan,34040,34040,34040,Drum,MONAGHAN,32.3,48,587,387,3098,2124,1311,6283.2,56.2,55.5,1551.8,1541.6,0,10.2
2020,"Drummully, Co.Monaghan, 34041",Drummully,Monaghan,34041,34041,34041,Drummully,MONAGHAN,23.9,29,0,300,1146,846,809,1792.9,57,56,693.8,690.9,0,2.9
2020,"Killeevan, Co.Monaghan, 34042",Killeevan,Monaghan,34042,34042,34042,Killeevan,MONAGHAN,35.4,43,475,320,3097,2302,1080,5729.8,55.4,56,1524,1506.3,0,17.7
2020,"Killynenagh, Co.Monaghan, 34043",Killynenagh,Monaghan,34043,34043,34043,Killynenagh,MONAGHAN,33.7,50,695,453,3204,2056,1073,4629.5,51,49.5,1684.7,1677.2,0,7.5
2020,"Lisnaveane, Co.Monaghan, 34044",Lisnaveane,Monaghan,34044,34044,34044,Lisnaveane,MONAGHAN,29.4,68,638,508,3638,2492,3976,4559.9,53.4,51.5,1995.9,1978.1,0,17.8
2020,"Newbliss, Co.Monaghan, 34045",Newbliss,Monaghan,34045,34045,34045,Newbliss,MONAGHAN,20.9,71,0,447,2550,2103,0,5484.9,56.1,54,1482.4,1464.8,0,17.6
2020,"St. Tierney, Co.Monaghan, 34046",St. Tierney,Monaghan,34046,34046,34046,St. Tierney,MONAGHAN,28,54,770,511,3420,2139,0,6109.2,56.3,55,1513.3,1508.4,0,4.9
2020,"Anketell Grove, Co.Monaghan, 34047",Anketell Grove,Monaghan,34047,34047,34047,Anketell Grove,MONAGHAN,19.2,102,826,363,3622,2433,0,7204,56.5,57,1954.6,1900.6,0,54
2020,"Bellanode, Co.Monaghan, 34048",Bellanode,Monaghan,34048,34048,34048,Bellanode,MONAGHAN,30.6,65,977,217,4399,3205,888,7646.5,56.1,56,1992,1971.2,0,20.8
2020,"Bragan, Co.Monaghan, 34049",Bragan,Monaghan,34049,34049,34049,Bragan,MONAGHAN,19.3,62,0,220,1416,1196,646,2350.9,53.5,51,1199.4,1197.7,0,1.7
2020,"Caddagh, Co.Monaghan, 34050",Caddagh,Monaghan,34050,34050,34050,Caddagh,MONAGHAN,26.3,81,661,502,3818,2655,2828,4973.1,55.9,56,2132.6,2101.8,0,30.8
2020,"Castleshane, Co.Monaghan, 34051",Castleshane,Monaghan,34051,34051,34051,Castleshane,MONAGHAN,22.7,94,668,653,5434,4113,2607,5722.9,58.9,59,2132.5,2123.9,0,8.6
2020,"Clones, Co.Monaghan, 34052",Clones,Monaghan,34052,34052,34052,Clones,MONAGHAN,19.9,83,644,301,2975,2030,952,4948.9,56.8,59,1648.9,1610.4,0,38.5
2020,"Clontibret, Co.Monaghan, 34053",Clontibret,Monaghan,34053,34053,34053,Clontibret,MONAGHAN,18.8,99,346,820,3705,2539,1657,5634.5,57.9,59,1854.4,1843.4,0,11
2020,"Derrygorry, Co.Monaghan, 34054",Derrygorry,Monaghan,34054,34054,34054,Derrygorry,MONAGHAN,22.7,49,225,287,1856,1344,324,1533.7,59.6,59,1114,1088.8,0,25.2
2020,"Drumhillagh, Co.Monaghan, 34055",Drumhillagh,Monaghan,34055,34055,34055,Drumhillagh,MONAGHAN,24,83,1100,376,4543,3067,1300,4273.4,57.2,55,1991.9,1990.5,0,1.4
2020,"Drumsnat, Co.Monaghan, 34056",Drumsnat,Monaghan,34056,34056,34056,Drumsnat,MONAGHAN,23.2,57,870,228,2987,1889,250,7320.6,56.8,57,1320.2,1305.3,0,14.9
2020,"Emyvale, Co.Monaghan, 34057",Emyvale,Monaghan,34057,34057,34057,Emyvale,MONAGHAN,26.2,50,831,168,2688,1689,1388,6999.3,55.5,54,1312.4,1280.5,0,31.9
2020,"Enagh, Co.Monaghan, 34058",Enagh,Monaghan,34058,34058,34058,Enagh,MONAGHAN,29,47,799,231,3523,2493,1207,3115.5,55.3,54,1372.1,1336.4,0,35.7
2020,"Figullar, Co.Monaghan, 34059",Figullar,Monaghan,34059,34059,34059,Figullar,MONAGHAN,24.6,65,404,365,2854,2085,2213,2216.5,59.3,59,1599.1,1595.2,0,3.9
2020,"Glaslough, Co.Monaghan, 34060",Glaslough,Monaghan,34060,34060,34060,Glaslough,MONAGHAN,32.5,64,591,311,4354,3452,3376,5862.9,52.7,53,2077.4,2053.8,0,23.6
2020,"Killylough, Co.Monaghan, 34061",Killylough,Monaghan,34061,34061,34061,Killylough,MONAGHAN,14.4,73,0,406,2042,1636,0,4465,57.1,57,1048.3,1047.2,0,1.1
2020,"Kilmore, Co.Monaghan, 34062",Kilmore,Monaghan,34062,34062,34062,Kilmore,MONAGHAN,23.2,34,437,204,1627,986,0,1845.9,55.4,56,788.9,788.9,0,0
2020,"Monaghan Rural, Co.Monaghan, 34063",Monaghan Rural,Monaghan,34063,34063,34063,Monaghan Rural,MONAGHAN,21.7,71,734,281,3437,2422,451,4909.9,58.4,59,1542.7,1541.2,0,1.5
2020,"Rackwallace, Co.Monaghan, 34064",Rackwallace,Monaghan,34064,34064,34064,Rackwallace,MONAGHAN,24.8,74,1002,342,3961,2617,1007,4132.8,55.6,57,1835.8,1797.1,0,38.7
2020,"Scotstown, Co.Monaghan, 34065",Scotstown,Monaghan,34065,34065,34065,Scotstown,MONAGHAN,23.2,101,983,444,4032,2605,1590,8382.7,54.4,55,2343.4,2304.8,0,38.6
2020,"Shanmullagh, Co.Monaghan, 34066",Shanmullagh,Monaghan,34066,34066,34066,Shanmullagh,MONAGHAN,24.3,47,0,327,1591,1264,742,1971.4,54.2,55,1144.2,1144.2,0,0
2020,"Sheskin, Co.Monaghan, 34067",Sheskin,Monaghan,34067,34067,34067,Sheskin,MONAGHAN,19.4,86,0,539,1830,1291,654,2618.5,57.2,60,1662.4,1660,0,2.4
2020,"Tedavnet, Co.Monaghan, 34068",Tedavnet,Monaghan,34068,34068,34068,Tedavnet,MONAGHAN,21.2,81,838,344,3465,2283,1452,8144,57.1,58,1719.4,1717.2,0,2.2
2020,"Tehallan, Co.Monaghan, 34069",Tehallan,Monaghan,34069,34069,34069,Tehallan,MONAGHAN,30.5,51,534,230,3702,2938,1104,5381.2,51.7,51,1556.5,1555.3,0,1.2
2020,"Tullycorbet, Co.Monaghan, 34070",Tullycorbet,Monaghan,34070,34070,34070,Tullycorbet,MONAGHAN,21.3,110,1200,622,5341,3519,1773,6038.8,54.3,55,2338.4,2325.4,0,13
