ELECTORAL_DIVISIONS,ED,County,EDID,CSOED,AVERAGE_SIZE_OF_HOLDINGS,AGRICULTURAL_HOLDINGS,DAIRY_COW,OTHER_COW,OTHER_CATTLE,TOTAL_CATTLE,TOTAL_SHEEP,LSU,AVERAGE_AGE_OF_HOLDER,MEDIAN_AGE_OF_HOLDER,ALL_GRASSLAND,AREA_FARMED,TOTAL_CEREALS,EDNAME,COUNTYNAME
"Carlow Urban, Co.Carlow, 01001",Carlow Urban,Carlow,01001,01001,,,0,0,0,0,0,,,,,,,Carlow Urban,Carlow
"Graigue Urban, Co.Carlow, 01002",Graigue Urban,Carlow,01002,01002,,,0,0,0,0,0,,,,,,,Graigue Urban,Carlow
"Clonmore, Co.Carlow, 01003",Clonmore,Carlow,01003,01003,,,120,785,1993,2898,3100,2346.7,,,,,,Clonmore,Carlow
"Hacketstown, Co.Carlow, 01004",Hacketstown,Carlow,01004,01004,,,294,710,2835,3839,2767,3028.1,,,,,,Hacketstown,Carlow
"Haroldstown, Co.Carlow, 01005",Haroldstown,Carlow,01005,01005,,,135,270,986,1391,2133,1176.3,,,,,,Haroldstown,Carlow
"Kineagh, Co.Carlow, 01006",Kineagh,Carlow,01006,01006,,,144,408,1189,1741,3057,1522.3,,,,,,Kineagh,Carlow
"Rahill, Co.Carlow, 01007",Rahill,Carlow,01007,01007,,,653,266,1865,2784,637,2444,,,,,,Rahill,Carlow
"Rathvilly, Co.Carlow, 01008",Rathvilly,Carlow,01008,01008,,,122,241,524,887,1970,823.3,,,,,,Rathvilly,Carlow
"Tiknock, Co.Carlow, 01009",Tiknock,Carlow,01009,01009,,,138,354,1008,1500,2275,1257.9,,,,,,Tiknock,Carlow
"Williamstown, Co.Carlow, 01010",Williamstown,Carlow,01010,01010,,,0,667,1395,2062,2741,1676.6,,,,,,Williamstown,Carlow
"Agha, Co.Carlow, 01011",Agha,Carlow,01011,01011,,,126,86,821,1033,1539,801.1,,,,,,Agha,Carlow
"Ballinacarrig, Co.Carlow, 01012",Ballinacarrig,Carlow,01012,01012,,,137,260,1098,1495,3220,1356.2,,,,,,Ballinacarrig,Carlow
"Ballintemple, Co.Carlow, 01013",Ballintemple,Carlow,01013,01013,,,357,431,1892,2680,5630,2482.2,,,,,,Ballintemple,Carlow
"Ballon, Co.Carlow, 01014",Ballon,Carlow,01014,01014,,,136,113,1187,1436,1560,1111.8,,,,,,Ballon,Carlow
"Ballyellin, Co.Carlow, 01015",Ballyellin,Carlow,01015,01015,,,142,357,1173,1672,2200,1453.2,,,,,,Ballyellin,Carlow
"Ballymoon, Co.Carlow, 01016",Ballymoon,Carlow,01016,01016,,,339,385,1460,2184,3202,1880.5,,,,,,Ballymoon,Carlow
"Borris, Co.Carlow, 01017",Borris,Carlow,01017,01017,,,204,528,1489,2221,3664,2631,,,,,,Borris,Carlow
"Burton Hall, Co.Carlow, 01018",Burton Hall,Carlow,01018,01018,,,99,74,282,455,195,348,,,,,,Burton Hall,Carlow
"Carlow Rural, Co.Carlow, 01019",Carlow Rural,Carlow,01019,01019,,,117,88,706,911,1184,787.4,,,,,,Carlow Rural,Carlow
"Clogrenan, Co.Carlow, 01020",Clogrenan,Carlow,01020,01020,,,137,219,1351,1707,1561,1393.6,,,,,,Clogrenan,Carlow
"Clonegall, Co.Carlow, 01021",Clonegall,Carlow,01021,01021,,,168,413,2116,2697,4638,2172.9,,,,,,Clonegall,Carlow
"Corries, Co.Carlow, 01022",Corries,Carlow,01022,01022,,,390,325,1413,2128,2066,1709,,,,,,Corries,Carlow
"Cranemore, Co.Carlow, 01023",Cranemore,Carlow,01023,01023,,,119,710,1723,2552,11867,2901.5,,,,,,Cranemore,Carlow
"Fennagh, Co.Carlow, 01024",Fennagh,Carlow,01024,01024,,,141,264,1221,1626,5348,1778.8,,,,,,Fennagh,Carlow
"Garryhill, Co.Carlow, 01025",Garryhill,Carlow,01025,01025,,,160,658,1559,2377,10092,2661.2,,,,,,Garryhill,Carlow
"Grangeford, Co.Carlow, 01026",Grangeford,Carlow,01026,01026,,,129,168,854,1151,1761,1018.2,,,,,,Grangeford,Carlow
"Johnstown, Co.Carlow, 01027",Johnstown,Carlow,01027,01027,,,128,148,852,1128,439,910.9,,,,,,Johnstown,Carlow
"Kellistown, Co.Carlow, 01028",Kellistown,Carlow,01028,01028,,,351,65,1037,1453,1521,1252.1,,,,,,Kellistown,Carlow
"Kilbride, Co.Carlow, 01029",Kilbride,Carlow,01029,01029,,,127,172,1063,1362,4580,1439.8,,,,,,Kilbride,Carlow
"Killedmond, Co.Carlow, 01030",Killedmond,Carlow,01030,01030,,,157,557,1525,2239,5349,2050.4,,,,,,Killedmond,Carlow
"Killerrig, Co.Carlow, 01031",Killerrig,Carlow,01031,01031,,,124,150,709,983,342,738.6,,,,,,Killerrig,Carlow
"Leighlinbridge, Co.Carlow, 01032",Leighlinbridge,Carlow,01032,01032,,,560,381,2529,3470,4902,10106.5,,,,,,Leighlinbridge,Carlow
"Muinebeag (Bagenalstown) Rural, Co.Carlow, 01033",Muinebeag (Bagenalstown) Rural,Carlow,01033,01033,,,458,245,1269,1972,2616,1730.6,,,,,,Muinebeag (Bagenalstown) Rural,Carlow
"Muinebeag (Bagenalstown) Urban, Co.Carlow, 01034",Muinebeag (Bagenalstown) Urban,Carlow,01034,01034,,,0,8,7,15,0,,,,,,,Muinebeag (Bagenalstown) Urban,Carlow
"Myshall, Co.Carlow, 01035",Myshall,Carlow,01035,01035,,,138,368,1026,1532,4573,1524.7,,,,,,Myshall,Carlow
"Nurney, Co.Carlow, 01036",Nurney,Carlow,01036,01036,,,336,244,1668,2248,2050,1851.5,,,,,,Nurney,Carlow
"Oldleighlin, Co.Carlow, 01037",Oldleighlin,Carlow,01037,01037,,,129,599,1346,2074,2032,1742.6,,,,,,Oldleighlin,Carlow
"Rathanna, Co.Carlow, 01038",Rathanna,Carlow,01038,01038,,,99,309,789,1197,6518,1527.4,,,,,,Rathanna,Carlow
"Rathornan, Co.Carlow, 01039",Rathornan,Carlow,01039,01039,,,415,444,1799,2658,446,1991.4,,,,,,Rathornan,Carlow
"Rathrush, Co.Carlow, 01040",Rathrush,Carlow,01040,01040,,,169,604,2838,3611,3301,2890.4,,,,,,Rathrush,Carlow
"Ridge, Co.Carlow, 01041",Ridge,Carlow,01041,01041,,,112,433,777,1322,244,945.7,,,,,,Ridge,Carlow
"Shangarry, Co.Carlow, 01042",Shangarry,Carlow,01042,01042,,,136,387,1433,1956,5597,1952.4,,,,,,Shangarry,Carlow
"Sliguff, Co.Carlow, 01043",Sliguff,Carlow,01043,01043,,,136,307,1001,1444,2386,1339.6,,,,,,Sliguff,Carlow
"Tankardstown, Co.Carlow, 01044",Tankardstown,Carlow,01044,01044,,,119,190,1015,1324,2576,1293,,,,,,Tankardstown,Carlow
"Templepeter, Co.Carlow, 01045",Templepeter,Carlow,01045,01045,,,118,187,507,812,2624,813.2,,,,,,Templepeter,Carlow
"Tullowbeg, Co.Carlow, 01046",Tullowbeg,Carlow,01046,01046,,,136,184,1105,1425,2750,1217.6,,,,,,Tullowbeg,Carlow
"Tullow Rural, Co.Carlow, 01047",Tullow Rural,Carlow,01047,01047,,,391,216,858,1465,1546,2022,,,,,,Tullow Rural,Carlow
"Tullow Urban, Co.Carlow, 01048",Tullow Urban,Carlow,01048,01048,,,0,0,14,14,0,,,,,,,Tullow Urban,Carlow
"Ballymurphy, Co.Carlow, 01049",Ballymurphy,Carlow,01049,01049,,,417,526,1702,2645,4341,2311.4,,,,,,Ballymurphy,Carlow
"Coonogue, Co.Carlow, 01050",Coonogue,Carlow,01050,01050,,,0,396,778,1174,5188,1322.3,,,,,,Coonogue,Carlow
"Glynn, Co.Carlow, 01051",Glynn,Carlow,01051,01051,,,372,422,1639,2433,1568,1911.5,,,,,,Glynn,Carlow
"Kyle, Co.Carlow, 01052",Kyle,Carlow,01052,01052,,,331,561,1661,2553,4224,2257.9,,,,,,Kyle,Carlow
"Marley, Co.Carlow, 01053",Marley,Carlow,01053,01053,,,513,302,1562,2377,1595,1878.3,,,,,,Marley,Carlow
"Tinnahinch, Co.Carlow, 01054",Tinnahinch,Carlow,01054,01054,,,137,273,1072,1482,3173,1710.7,,,,,,Tinnahinch,Carlow
"Cavan Urban, Co.Cavan, 32001",Cavan Urban,Cavan,32001,32001,,,0,0,0,0,0,0,,,,,,Cavan Urban,Cavan
"Bailieborough, Co.Cavan, 32002",Bailieborough,Cavan,32002,32002,,,874,1335,3817,6026,1623,12974.9,,,,,,Bailieborough,Cavan
"Carnagarve, Co.Cavan, 32003",Carnagarve,Cavan,32003,32003,,,640,610,2256,3506,1112,4911.2,,,,,,Carnagarve,Cavan
"Crossbane, Co.Cavan, 32004",Crossbane,Cavan,32004,32004,,,396,748,2151,3295,459,3636.1,,,,,,Crossbane,Cavan
"Drumanespick, Co.Cavan, 32005",Drumanespick,Cavan,32005,32005,,,127,471,1281,1879,193,2494.6,,,,,,Drumanespick,Cavan
"Enniskeen, Co.Cavan, 32006",Enniskeen,Cavan,32006,32006,,,545,506,1725,2776,375,2239.5,,,,,,Enniskeen,Cavan
"Killinkere, Co.Cavan, 32007",Killinkere,Cavan,32007,32007,,,677,653,1959,3289,494,2431.4,,,,,,Killinkere,Cavan
"Kingscourt, Co.Cavan, 32008",Kingscourt,Cavan,32008,32008,,,0,461,1581,2042,549,1848.4,,,,,,Kingscourt,Cavan
"Lisagoan, Co.Cavan, 32009",Lisagoan,Cavan,32009,32009,,,124,531,1615,2270,222,1659.9,,,,,,Lisagoan,Cavan
"Mullagh, Co.Cavan, 32010",Mullagh,Cavan,32010,32010,,,635,960,2594,4189,241,3527.7,,,,,,Mullagh,Cavan
"Shercock, Co.Cavan, 32011",Shercock,Cavan,32011,32011,,,333,617,2074,3024,527,3296.2,,,,,,Shercock,Cavan
"Skeagh, Co.Cavan, 32012",Skeagh,Cavan,32012,32012,,,542,509,2198,3249,202,2532.1,,,,,,Skeagh,Cavan
"Taghart, Co.Cavan, 32013",Taghart,Cavan,32013,32013,,,319,712,1996,3027,262,2138.6,,,,,,Taghart,Cavan
"Termon, Co.Cavan, 32014",Termon,Cavan,32014,32014,,,319,536,1444,2299,195,2805.4,,,,,,Termon,Cavan
"Ballyconnell, Co.Cavan, 32015",Ballyconnell,Cavan,32015,32015,,,343,548,1470,2361,402,6783.5,,,,,,Ballyconnell,Cavan
"Ballymagauran, Co.Cavan, 32016",Ballymagauran,Cavan,32016,32016,,,421,413,1277,2111,1091,1644.6,,,,,,Ballymagauran,Cavan
"Bawnboy, Co.Cavan, 32017",Bawnboy,Cavan,32017,32017,,,173,616,1191,1980,533,1419.4,,,,,,Bawnboy,Cavan
"Bilberry, Co.Cavan, 32019",Bilberry,Cavan,32019,32019,,,80,337,423,840,213,1314.9,,,,,,Bilberry,Cavan
"Carn, Co.Cavan, 32020",Carn,Cavan,32020,32020,,,108,376,490,974,195,687.9,,,,,,Carn,Cavan
"Diamond, Co.Cavan, 32021",Diamond,Cavan,32021,32021,,,112,290,503,905,472,636.3,,,,,,Diamond,Cavan
"Doogary, Co.Cavan, 32022",Doogary,Cavan,32022,32022,,,111,148,428,687,195,503.4,,,,,,Doogary,Cavan
"Kinawley, Co.Cavan, 32023",Kinawley,Cavan,32023,32023,,,0,207,255,462,1362,473.4,,,,,,Kinawley,Cavan
"Lissanover, Co.Cavan, 32024",Lissanover,Cavan,32024,32024,,,507,442,1128,2077,271,2290.9,,,,,,Lissanover,Cavan
"Pedara Vohers / Tircahan, Co.Cavan, 32025/32028",Pedara Vohers / Tircahan,Cavan,32025/32028,32025/32028,,,0,514,663,1177,1977,1005.3,,,,,,Pedara Vohers / Tircahan,Cavan
"Swanlinbar, Co.Cavan, 32026",Swanlinbar,Cavan,32026,32026,,,86,265,416,767,586,597.7,,,,,,Swanlinbar,Cavan
"Templeport / Benbrack, Co.Cavan, 32027/32018",Templeport / Benbrack,Cavan,32027/32018,32027/32018,,,0,586,582,1168,2907,1105.3,,,,,,Templeport / Benbrack,Cavan
"Ballyjamesduff, Co.Cavan, 32029",Ballyjamesduff,Cavan,32029,32029,,,426,477,1834,2737,837,5200.4,,,,,,Ballyjamesduff,Cavan
"Castlerahan, Co.Cavan, 32030",Castlerahan,Cavan,32030,32030,,,574,691,2440,3705,1677,6188.2,,,,,,Castlerahan,Cavan
"Kilbride, Co.Cavan, 32031",Kilbride,Cavan,32031,32031,,,613,944,3510,5067,2181,5764.5,,,,,,Kilbride,Cavan
"Lurgan, Co.Cavan, 32032",Lurgan,Cavan,32032,32032,,,361,323,1359,2043,1261,3002.6,,,,,,Lurgan,Cavan
"Munterconnaught, Co.Cavan, 32033",Munterconnaught,Cavan,32033,32033,,,1067,955,3223,5245,1739,3964.6,,,,,,Munterconnaught,Cavan
"Virginia, Co.Cavan, 32034",Virginia,Cavan,32034,32034,,,704,1608,4738,7050,2163,15961.2,,,,,,Virginia,Cavan
"Ardue, Co.Cavan, 32035",Ardue,Cavan,32035,32035,,,215,625,1502,2342,886,2221.5,,,,,,Ardue,Cavan
"Arvagh, Co.Cavan, 32036",Arvagh,Cavan,32036,32036,,,435,686,2179,3300,465,4517.4,,,,,,Arvagh,Cavan
"Ashfield, Co.Cavan, 32037",Ashfield,Cavan,32037,32037,,,279,515,1449,2243,200,1659.6,,,,,,Ashfield,Cavan
"Ballintemple, Co.Cavan, 32038",Ballintemple,Cavan,32038,32038,,,546,398,1520,2464,322,1817.3,,,,,,Ballintemple,Cavan
"Ballyhaise, Co.Cavan, 32039",Ballyhaise,Cavan,32039,32039,,,260,424,1305,1989,253,2148.9,,,,,,Ballyhaise,Cavan
"Ballymachugh, Co.Cavan, 32040",Ballymachugh,Cavan,32040,32040,,,266,971,2905,4142,1414,3733,,,,,,Ballymachugh,Cavan
"Bellananagh, Co.Cavan, 32041",Bellananagh,Cavan,32041,32041,,,482,462,1217,2161,175,1586.5,,,,,,Bellananagh,Cavan
"Belturbet Urban, Co.Cavan, 32042",Belturbet Urban,Cavan,32042,32042,,,109,218,463,790,0,617.8,,,,,,Belturbet Urban,Cavan
"Bruce Hall, Co.Cavan, 32043",Bruce Hall,Cavan,32043,32043,,,126,352,1063,1541,0,1156.4,,,,,,Bruce Hall,Cavan
"Butler's Bridge, Co.Cavan, 32044",Butler's Bridge,Cavan,32044,32044,,,116,193,529,838,164,5527.4,,,,,,Butler's Bridge,Cavan
"Canningstown, Co.Cavan, 32045",Canningstown,Cavan,32045,32045,,,631,640,2761,4032,236,2843.1,,,,,,Canningstown,Cavan
"Carrafin, Co.Cavan, 32046",Carrafin,Cavan,32046,32046,,,136,886,1596,2618,433,2039.9,,,,,,Carrafin,Cavan
"Castlesaunderson, Co.Cavan, 32047",Castlesaunderson,Cavan,32047,32047,,,275,464,1051,1790,356,1485.1,,,,,,Castlesaunderson,Cavan
"Cavan Rural, Co.Cavan, 32048",Cavan Rural,Cavan,32048,32048,,,602,664,2712,3978,497,4269,,,,,,Cavan Rural,Cavan
"Clonervy, Co.Cavan, 32049",Clonervy,Cavan,32049,32049,,,390,470,1651,2511,205,17798.1,,,,,,Clonervy,Cavan
"Cootehill Rural, Co.Cavan, 32050",Cootehill Rural,Cavan,32050,32050,,,1327,749,3362,5438,255,5544,,,,,,Cootehill Rural,Cavan
"Cootehill Urban, Co.Cavan, 32051",Cootehill Urban,Cavan,32051,32051,,,0,49,36,85,0,,,,,,,Cootehill Urban,Cavan
"Corr, Co.Cavan, 32052",Corr,Cavan,32052,32052,,,129,163,903,1195,213,911.4,,,,,,Corr,Cavan
"Corraneary, Co.Cavan, 32053",Corraneary,Cavan,32053,32053,,,560,556,2163,3279,235,3843.4,,,,,,Corraneary,Cavan
"Crossdoney, Co.Cavan, 32054",Crossdoney,Cavan,32054,32054,,,488,409,1362,2259,0,1719,,,,,,Crossdoney,Cavan
"Crosskeys, Co.Cavan, 32055",Crosskeys,Cavan,32055,32055,,,266,641,1706,2613,495,1875.8,,,,,,Crosskeys,Cavan
"Cuttragh, Co.Cavan, 32056",Cuttragh,Cavan,32056,32056,,,178,499,964,1641,164,2535.8,,,,,,Cuttragh,Cavan
"Denn, Co.Cavan, 32057",Denn,Cavan,32057,32057,,,742,590,1772,3104,220,2537.6,,,,,,Denn,Cavan
"Derrin, Co.Cavan, 32058",Derrin,Cavan,32058,32058,,,288,534,1385,2207,188,2335.5,,,,,,Derrin,Cavan
"Drumcarban, Co.Cavan, 32059",Drumcarban,Cavan,32059,32059,,,375,526,1317,2218,197,1605.5,,,,,,Drumcarban,Cavan
"Drumcarn, Co.Cavan, 32060",Drumcarn,Cavan,32060,32060,,,300,1054,2429,3783,304,3547.5,,,,,,Drumcarn,Cavan
"Drung, Co.Cavan, 32061",Drung,Cavan,32061,32061,,,659,835,2627,4121,231,2951.6,,,,,,Drung,Cavan
"Graddum, Co.Cavan, 32062",Graddum,Cavan,32062,32062,,,234,614,1599,2447,421,1898.2,,,,,,Graddum,Cavan
"Grilly, Co.Cavan, 32063",Grilly,Cavan,32063,32063,,,109,414,795,1318,229,948.7,,,,,,Grilly,Cavan
"Kilconny, Co.Cavan, 32064",Kilconny,Cavan,32064,32064,,,97,447,1029,1573,201,1106.3,,,,,,Kilconny,Cavan
"Kill, Co.Cavan, 32065",Kill,Cavan,32065,32065,,,313,419,1161,1893,164,1534.9,,,,,,Kill,Cavan
"Killashandra, Co.Cavan, 32066",Killashandra,Cavan,32066,32066,,,324,774,1939,3037,1589,2613.5,,,,,,Killashandra,Cavan
"Killykeen, Co.Cavan, 32067",Killykeen,Cavan,32067,32067,,,931,633,2222,3786,176,6199.6,,,,,,Killykeen,Cavan
"Kilnaleck, Co.Cavan, 32068",Kilnaleck,Cavan,32068,32068,,,488,359,1519,2366,967,1812.4,,,,,,Kilnaleck,Cavan
"Knappagh, Co.Cavan, 32069",Knappagh,Cavan,32069,32069,,,986,721,2617,4324,165,3567.9,,,,,,Knappagh,Cavan
"Larah North, Co.Cavan, 32070",Larah North,Cavan,32070,32070,,,772,645,2399,3816,264,5290.7,,,,,,Larah North,Cavan
"Larah South, Co.Cavan, 32071",Larah South,Cavan,32071,32071,,,365,690,2117,3172,0,2253.7,,,,,,Larah South,Cavan
"Milltown, Co.Cavan, 32072",Milltown,Cavan,32072,32072,,,314,580,1226,2120,1693,1641.4,,,,,,Milltown,Cavan
"Moynehall, Co.Cavan, 32073",Moynehall,Cavan,32073,32073,,,517,512,2434,3463,246,5058.6,,,,,,Moynehall,Cavan
"Rakenny, Co.Cavan, 32074",Rakenny,Cavan,32074,32074,,,530,570,1906,3006,354,2574,,,,,,Rakenny,Cavan
"Redhill, Co.Cavan, 32075",Redhill,Cavan,32075,32075,,,100,449,1312,1861,334,3903.4,,,,,,Redhill,Cavan
"Springfield, Co.Cavan, 32076",Springfield,Cavan,32076,32076,,,294,661,1350,2305,1906,1801,,,,,,Springfield,Cavan
"Stradone, Co.Cavan, 32077",Stradone,Cavan,32077,32077,,,581,640,2205,3426,398,2926.6,,,,,,Stradone,Cavan
"Tullyvin East, Co.Cavan, 32078",Tullyvin East,Cavan,32078,32078,,,487,503,1742,2732,191,2186,,,,,,Tullyvin East,Cavan
"Tullyvin West, Co.Cavan, 32079",Tullyvin West,Cavan,32079,32079,,,145,433,1563,2141,273,1557.8,,,,,,Tullyvin West,Cavan
"Waterloo, Co.Cavan, 32080",Waterloo,Cavan,32080,32080,,,787,820,2562,4169,235,5668.2,,,,,,Waterloo,Cavan
"Derrylahan, Co.Cavan, 32081",Derrylahan,Cavan,32081,32081,,,0,287,351,638,1932,614.8,,,,,,Derrylahan,Cavan
"Dowra, Co.Cavan, 32083",Dowra,Cavan,32083,32083,,,0,373,486,859,982,681.8,,,,,,Dowra,Cavan
"Dunmakeever / Derrynananta, Co.Cavan, 32084/32082",Dunmakeever / Derrynananta,Cavan,32084/32082,32084/32082,,,0,269,341,610,9258,1344.8,,,,,,Dunmakeever / Derrynananta,Cavan
"Eskey, Co.Cavan, 32085",Eskey,Cavan,32085,32085,,,107,330,444,881,1049,737.4,,,,,,Eskey,Cavan
"Killinagh / Teebane, Co.Cavan, 32086/32087",Killinagh / Teebane,Cavan,32086/32087,32086/32087,,,0,365,454,819,3501,884.2,,,,,,Killinagh / Teebane,Cavan
"Tuam, Co.Cavan, 32088",Tuam,Cavan,32088,32088,,,0,536,580,1116,3056,1036.6,,,,,,Tuam,Cavan
"Drumlumman, Co.Cavan, 32089",Drumlumman,Cavan,32089,32089,,,288,609,1585,2482,223,2023.6,,,,,,Drumlumman,Cavan
"Kilcogy, Co.Cavan, 32090",Kilcogy,Cavan,32090,32090,,,131,748,1973,2852,1090,2105.9,,,,,,Kilcogy,Cavan
"Kilgolagh, Co.Cavan, 32091",Kilgolagh,Cavan,32091,32091,,,103,575,1233,1911,1391,2488.4,,,,,,Kilgolagh,Cavan
"Loughdawan, Co.Cavan, 32092",Loughdawan,Cavan,32092,32092,,,121,606,788,1515,164,1039.8,,,,,,Loughdawan,Cavan
"Scrabby, Co.Cavan, 32093",Scrabby,Cavan,32093,32093,,,117,604,1195,1916,161,1336.6,,,,,,Scrabby,Cavan
"Ennis No. 1 Urban, Co.Clare, 16001",Ennis No. 1 Urban,Clare,16001,16001,,,0,0,0,0,0,,,,,,,Ennis No. 1 Urban,Clare
"Ennis No. 2 Urban, Co.Clare, 16002",Ennis No. 2 Urban,Clare,16002,16002,,,0,0,0,0,0,,,,,,,Ennis No. 2 Urban,Clare
"Ennis No. 3 Urban, Co.Clare, 16003",Ennis No. 3 Urban,Clare,16003,16003,,,0,0,0,0,0,,,,,,,Ennis No. 3 Urban,Clare
"Ennis No. 4 Urban, Co.Clare, 16004",Ennis No. 4 Urban,Clare,16004,16004,,,0,0,0,0,0,,,,,,,Ennis No. 4 Urban,Clare
"Kilrush Urban, Co.Clare, 16005",Kilrush Urban,Clare,16005,16005,,,27,16,13,56,0,50.6,,,,,,Kilrush Urban,Clare
"Abbey, Co.Clare, 16006",Abbey,Clare,16006,16006,,,411,825,1721,2957,193,2074.3,,,,,,Abbey,Clare
"Carran, Co.Clare, 16007",Carran,Clare,16007,16007,,,0,696,896,1592,112,1195,,,,,,Carran,Clare
"Derreen, Co.Clare, 16009",Derreen,Clare,16009,16009,,,0,312,445,757,166,537.2,,,,,,Derreen,Clare
"Drumcreehy, Co.Clare, 16010",Drumcreehy,Clare,16010,16010,,,98,502,1021,1621,594,1205.4,,,,,,Drumcreehy,Clare
"Gleninagh, Co.Clare, 16011",Gleninagh,Clare,16011,16011,,,0,579,806,1385,293,948.8,,,,,,Gleninagh,Clare
"Lisdoonvarna, Co.Clare, 16012",Lisdoonvarna,Clare,16012,16012,,,0,277,416,693,106,463.6,,,,,,Lisdoonvarna,Clare
"Mountelva, Co.Clare, 16013",Mountelva,Clare,16013,16013,,,0,586,1001,1587,318,1122,,,,,,Mountelva,Clare
"Noughaval / Castletown, Co.Clare, 16014/16008",Noughaval / Castletown,Clare,16014/16008,16014/16008,,,105,1534,2209,3848,370,2643.6,,,,,,Noughaval / Castletown,Clare
"Oughtmama, Co.Clare, 16015",Oughtmama,Clare,16015,16015,,,154,1146,1656,2956,925,2117.4,,,,,,Oughtmama,Clare
"Rathborney, Co.Clare, 16016",Rathborney,Clare,16016,16016,,,105,297,780,1182,124,875,,,,,,Rathborney,Clare
"Boston, Co.Clare, 16018",Boston,Clare,16018,16018,,,112,1329,2255,3696,2082,2766.2,,,,,,Boston,Clare
"Corrofin, Co.Clare, 16019",Corrofin,Clare,16019,16019,,,266,921,2044,3231,380,2289.3,,,,,,Corrofin,Clare
"Glenroe / Ballyeighter, Co.Clare, 16020/16017",Glenroe / Ballyeighter,Clare,16020/16017,16020/16017,,,137,801,1335,2273,420,1613.5,,,,,,Glenroe / Ballyeighter,Clare
"Killinaboy, Co.Clare, 16021",Killinaboy,Clare,16021,16021,,,94,844,1500,2438,556,1694.1,,,,,,Killinaboy,Clare
"Kiltoraght, Co.Clare, 16022",Kiltoraght,Clare,16022,16022,,,94,410,673,1177,111,832.5,,,,,,Kiltoraght,Clare
"Muckanagh, Co.Clare, 16023",Muckanagh,Clare,16023,16023,,,527,811,2266,3604,1637,2775,,,,,,Muckanagh,Clare
"Rath, Co.Clare, 16024",Rath,Clare,16024,16024,,,93,341,677,1111,122,780.6,,,,,,Rath,Clare
"Ruan, Co.Clare, 16025",Ruan,Clare,16025,16025,,,93,792,1608,2493,435,1853.1,,,,,,Ruan,Clare
"Clareabbey, Co.Clare, 16026",Clareabbey,Clare,16026,16026,,,98,382,1426,1906,403,1492,,,,,,Clareabbey,Clare
"Clenagh, Co.Clare, 16027",Clenagh,Clare,16027,16027,,,130,497,1437,2064,587,1590.7,,,,,,Clenagh,Clare
"Crusheen, Co.Clare, 16028",Crusheen,Clare,16028,16028,,,93,859,1786,2738,841,2013,,,,,,Crusheen,Clare
"Doora, Co.Clare, 16029",Doora,Clare,16029,16029,,,398,785,2260,3443,1096,2639.7,,,,,,Doora,Clare
"Drumline, Co.Clare, 16030",Drumline,Clare,16030,16030,,,95,366,922,1383,149,995.8,,,,,,Drumline,Clare
"Dysert, Co.Clare, 16031",Dysert,Clare,16031,16031,,,115,501,891,1507,158,1035.9,,,,,,Dysert,Clare
"Ennis Rural, Co.Clare, 16032",Ennis Rural,Clare,16032,16032,,,89,363,1009,1461,259,1136.5,,,,,,Ennis Rural,Clare
"Furroor, Co.Clare, 16033",Furroor,Clare,16033,16033,,,101,394,516,1011,0,693.3,,,,,,Furroor,Clare
"Kilcloher, Co.Clare, 16034",Kilcloher,Clare,16034,16034,,,97,555,1331,1983,378,1423.6,,,,,,Kilcloher,Clare
"Killanniv, Co.Clare, 16035",Killanniv,Clare,16035,16035,,,101,561,1133,1795,150,1279.5,,,,,,Killanniv,Clare
"Killone, Co.Clare, 16036",Killone,Clare,16036,16036,,,335,563,1398,2296,608,1663,,,,,,Killone,Clare
"Kilnamona, Co.Clare, 16037",Kilnamona,Clare,16037,16037,,,115,1012,2339,3466,401,2455.2,,,,,,Kilnamona,Clare
"Kilraghtis, Co.Clare, 16038",Kilraghtis,Clare,16038,16038,,,102,334,1080,1516,124,1108.8,,,,,,Kilraghtis,Clare
"Kinturk, Co.Clare, 16039",Kinturk,Clare,16039,16039,,,0,220,272,492,0,335.4,,,,,,Kinturk,Clare
"Newmarket, Co.Clare, 16040",Newmarket,Clare,16040,16040,,,0,318,755,1073,176,775.6,,,,,,Newmarket,Clare
"Sixmilebridge, Co.Clare, 16041",Sixmilebridge,Clare,16041,16041,,,460,325,1501,2286,161,1680.4,,,,,,Sixmilebridge,Clare
"Spancelhill, Co.Clare, 16042",Spancelhill,Clare,16042,16042,,,211,767,1758,2736,0,1950.8,,,,,,Spancelhill,Clare
"Templemaley, Co.Clare, 16043",Templemaley,Clare,16043,16043,,,146,502,1389,2037,429,1587.8,,,,,,Templemaley,Clare
"Tomfinlough, Co.Clare, 16044",Tomfinlough,Clare,16044,16044,,,201,579,1780,2560,423,1854.9,,,,,,Tomfinlough,Clare
"Urlan, Co.Clare, 16045",Urlan,Clare,16045,16045,,,159,688,2285,3132,777,2371.5,,,,,,Urlan,Clare
"Annagh, Co.Clare, 16046",Annagh,Clare,16046,16046,,,154,1217,1797,3168,82,2154.4,,,,,,Annagh,Clare
"Ballagh, Co.Clare, 16047",Ballagh,Clare,16047,16047,,,109,464,713,1286,82,862.7,,,,,,Ballagh,Clare
"Ballyea, Co.Clare, 16048",Ballyea,Clare,16048,16048,,,91,698,1012,1801,158,1319,,,,,,Ballyea,Clare
"Ballysteen, Co.Clare, 16049",Ballysteen,Clare,16049,16049,,,152,606,1583,2341,172,1634.4,,,,,,Ballysteen,Clare
"Ballyvaskin, Co.Clare, 16050",Ballyvaskin,Clare,16050,16050,,,95,763,1336,2194,93,1538.3,,,,,,Ballyvaskin,Clare
"Cloghaun, Co.Clare, 16051",Cloghaun,Clare,16051,16051,,,0,276,532,808,103,583,,,,,,Cloghaun,Clare
"Cloonanaha, Co.Clare, 16052",Cloonanaha,Clare,16052,16052,,,0,651,899,1550,82,1019,,,,,,Cloonanaha,Clare
"Clooney, Co.Clare, 16053",Clooney,Clare,16053,16053,,,92,520,818,1430,82,967.5,,,,,,Clooney,Clare
"Ennistimon, Co.Clare, 16054",Ennistimon,Clare,16054,16054,,,273,821,1469,2563,347,1889.3,,,,,,Ennistimon,Clare
"Formoyle, Co.Clare, 16055",Formoyle,Clare,16055,16055,,,0,416,535,951,0,613.7,,,,,,Formoyle,Clare
"Kilfenora, Co.Clare, 16056",Kilfenora,Clare,16056,16056,,,120,539,1023,1682,286,1187.9,,,,,,Kilfenora,Clare
"Killaspuglonane, Co.Clare, 16057",Killaspuglonane,Clare,16057,16057,,,102,534,1044,1680,98,1169.9,,,,,,Killaspuglonane,Clare
"Killilagh, Co.Clare, 16058",Killilagh,Clare,16058,16058,,,0,647,1036,1683,89,1199.4,,,,,,Killilagh,Clare
"Kilshanny, Co.Clare, 16059",Kilshanny,Clare,16059,16059,,,85,263,375,723,129,521.7,,,,,,Kilshanny,Clare
"Liscannor, Co.Clare, 16060",Liscannor,Clare,16060,16060,,,132,302,855,1289,100,933.4,,,,,,Liscannor,Clare
"Lurraga, Co.Clare, 16061",Lurraga,Clare,16061,16061,,,0,343,524,867,82,592.5,,,,,,Lurraga,Clare
"Magherareagh, Co.Clare, 16062",Magherareagh,Clare,16062,16062,,,99,763,1012,1874,129,1267.6,,,,,,Magherareagh,Clare
"Milltown Malbay, Co.Clare, 16063",Milltown Malbay,Clare,16063,16063,,,91,754,958,1803,82,1238.3,,,,,,Milltown Malbay,Clare
"Moy, Co.Clare, 16064",Moy,Clare,16064,16064,,,122,953,1693,2768,121,1897.1,,,,,,Moy,Clare
"Smithstown, Co.Clare, 16065",Smithstown,Clare,16065,16065,,,90,274,447,811,82,543.3,,,,,,Smithstown,Clare
"Ballynacally, Co.Clare, 16066",Ballynacally,Clare,16066,16066,,,96,340,1084,1520,342,1134.6,,,,,,Ballynacally,Clare
"Clondagad, Co.Clare, 16067",Clondagad,Clare,16067,16067,,,0,638,1211,1849,285,1302.3,,,,,,Clondagad,Clare
"Coolmeen, Co.Clare, 16068",Coolmeen,Clare,16068,16068,,,332,695,1580,2607,133,1815,,,,,,Coolmeen,Clare
"Kilchreest, Co.Clare, 16069",Kilchreest,Clare,16069,16069,,,102,753,1396,2251,83,1582.8,,,,,,Kilchreest,Clare
"Kilfiddane, Co.Clare, 16070",Kilfiddane,Clare,16070,16070,,,192,800,1572,2564,99,1831.6,,,,,,Kilfiddane,Clare
"Killadysert, Co.Clare, 16071",Killadysert,Clare,16071,16071,,,340,1352,2380,4072,228,2836.5,,,,,,Killadysert,Clare
"Killofin, Co.Clare, 16072",Killofin,Clare,16072,16072,,,240,928,1858,3026,102,2155.9,,,,,,Killofin,Clare
"Kilmurry, Co.Clare, 16073",Kilmurry,Clare,16073,16073,,,239,319,1226,1784,82,1342.6,,,,,,Kilmurry,Clare
"Liscasey, Co.Clare, 16074",Liscasey,Clare,16074,16074,,,79,502,732,1313,106,870.6,,,,,,Liscasey,Clare
"Lisheen, Co.Clare, 16075",Lisheen,Clare,16075,16075,,,94,478,1089,1661,113,1191,,,,,,Lisheen,Clare
"Rinealon, Co.Clare, 16076",Rinealon,Clare,16076,16076,,,198,489,1040,1727,113,1184.9,,,,,,Rinealon,Clare
"Cahermurphy, Co.Clare, 16077",Cahermurphy,Clare,16077,16077,,,103,351,965,1419,82,1007.5,,,,,,Cahermurphy,Clare
"Cloonadrum, Co.Clare, 16078",Cloonadrum,Clare,16078,16078,,,282,846,1564,2692,82,1843.6,,,,,,Cloonadrum,Clare
"Clooncoorha, Co.Clare, 16079",Clooncoorha,Clare,16079,16079,,,290,491,1444,2225,82,1579.3,,,,,,Clooncoorha,Clare
"Cooraclare, Co.Clare, 16080",Cooraclare,Clare,16080,16080,,,861,603,1846,3310,82,2435.9,,,,,,Cooraclare,Clare
"Creegh, Co.Clare, 16081",Creegh,Clare,16081,16081,,,380,723,1634,2737,82,1917,,,,,,Creegh,Clare
"Doonbeg, Co.Clare, 16082",Doonbeg,Clare,16082,16082,,,349,478,1442,2269,0,1608.6,,,,,,Doonbeg,Clare
"Drumellihy, Co.Clare, 16083",Drumellihy,Clare,16083,16083,,,321,646,1529,2496,0,1757.6,,,,,,Drumellihy,Clare
"Einagh, Co.Clare, 16084",Einagh,Clare,16084,16084,,,244,283,800,1327,0,982.4,,,,,,Einagh,Clare
"Glenmore, Co.Clare, 16085",Glenmore,Clare,16085,16085,,,238,706,1496,2440,101,1696.9,,,,,,Glenmore,Clare
"Kilballyowen, Co.Clare, 16086",Kilballyowen,Clare,16086,16086,,,969,762,2287,4018,82,2868.4,,,,,,Kilballyowen,Clare
"Kilfearagh, Co.Clare, 16087",Kilfearagh,Clare,16087,16087,,,286,540,1496,2322,82,1681.6,,,,,,Kilfearagh,Clare
"Kilkee, Co.Clare, 16088",Kilkee,Clare,16088,16088,,,74,52,71,197,82,149.9,,,,,,Kilkee,Clare
"Killard, Co.Clare, 16089",Killard,Clare,16089,16089,,,397,701,1736,2834,82,2056.7,,,,,,Killard,Clare
"Killimer, Co.Clare, 16090",Killimer,Clare,16090,16090,,,787,655,2213,3655,0,2640.3,,,,,,Killimer,Clare
"Kilmihil, Co.Clare, 16091",Kilmihil,Clare,16091,16091,,,98,597,1117,1812,82,1266,,,,,,Kilmihil,Clare
"Kilmurry, Co.Clare, 16092",Kilmurry,Clare,16092,16092,,,192,811,1378,2381,82,1648.1,,,,,,Kilmurry,Clare
"Kilrush Rural, Co.Clare, 16093",Kilrush Rural,Clare,16093,16093,,,377,843,2100,3320,0,2370.5,,,,,,Kilrush Rural,Clare
"Knock, Co.Clare, 16094",Knock,Clare,16094,16094,,,100,600,1511,2211,0,1547.4,,,,,,Knock,Clare
"Knocknaboley, Co.Clare, 16095",Knocknaboley,Clare,16095,16095,,,87,550,935,1572,0,1099.5,,,,,,Knocknaboley,Clare
"Knocknagore, Co.Clare, 16096",Knocknagore,Clare,16096,16096,,,902,249,1811,2962,0,2201.2,,,,,,Knocknagore,Clare
"Moveen, Co.Clare, 16097",Moveen,Clare,16097,16097,,,370,259,809,1438,82,1062.2,,,,,,Moveen,Clare
"Moyarta, Co.Clare, 16098",Moyarta,Clare,16098,16098,,,333,441,1386,2160,82,1524.5,,,,,,Moyarta,Clare
"Mullagh, Co.Clare, 16099",Mullagh,Clare,16099,16099,,,79,604,989,1672,82,1135.5,,,,,,Mullagh,Clare
"Querrin, Co.Clare, 16100",Querrin,Clare,16100,16100,,,342,174,680,1196,0,894.9,,,,,,Querrin,Clare
"Rahona, Co.Clare, 16101",Rahona,Clare,16101,16101,,,466,599,1688,2753,82,1981.3,,,,,,Rahona,Clare
"St. Martin's, Co.Clare, 16102",St. Martin's,Clare,16102,16102,,,112,320,871,1303,0,924.3,,,,,,St. Martin's,Clare
"Tullig, Co.Clare, 16103",Tullig,Clare,16103,16103,,,563,532,1316,2411,0,1715.9,,,,,,Tullig,Clare
"Tullycreen, Co.Clare, 16104",Tullycreen,Clare,16104,16104,,,143,278,1008,1429,82,1048.5,,,,,,Tullycreen,Clare
"Ballycannan, Co.Clare, 16105",Ballycannan,Clare,16105,16105,,,87,68,391,546,0,453.7,,,,,,Ballycannan,Clare
"Ballyglass, Co.Clare, 16106",Ballyglass,Clare,16106,16106,,,99,290,672,1061,0,751.9,,,,,,Ballyglass,Clare
"Cappavilla, Co.Clare, 16107",Cappavilla,Clare,16107,16107,,,104,201,832,1137,82,845.8,,,,,,Cappavilla,Clare
"Castlecrine, Co.Clare, 16108",Castlecrine,Clare,16108,16108,,,94,628,1553,2275,81,1606.2,,,,,,Castlecrine,Clare
"Cloghera, Co.Clare, 16109",Cloghera,Clare,16109,16109,,,261,639,1737,2637,81,1887.9,,,,,,Cloghera,Clare
"Cloontra, Co.Clare, 16110",Cloontra,Clare,16110,16110,,,95,351,892,1338,81,987,,,,,,Cloontra,Clare
"Cratloe, Co.Clare, 16111",Cratloe,Clare,16111,16111,,,104,346,1122,1572,316,1296.7,,,,,,Cratloe,Clare
"Fahymore, Co.Clare, 16112",Fahymore,Clare,16112,16112,,,125,525,1394,2044,81,1449.7,,,,,,Fahymore,Clare
"Killeely, Co.Clare, 16113",Killeely,Clare,16113,16113,,,99,253,617,969,0,692,,,,,,Killeely,Clare
"Killokennedy, Co.Clare, 16114",Killokennedy,Clare,16114,16114,,,102,511,1103,1716,81,1222.2,,,,,,Killokennedy,Clare
"Kilseily, Co.Clare, 16115",Kilseily,Clare,16115,16115,,,83,572,1121,1776,262,1286,,,,,,Kilseily,Clare
"Kiltenanlea, Co.Clare, 16116",Kiltenanlea,Clare,16116,16116,,,410,377,1442,2229,81,1685.3,,,,,,Kiltenanlea,Clare
"Lackareagh, Co.Clare, 16117",Lackareagh,Clare,16117,16117,,,74,325,1320,1719,172,1205.2,,,,,,Lackareagh,Clare
"Mountievers, Co.Clare, 16118",Mountievers,Clare,16118,16118,,,93,420,924,1437,107,1062.1,,,,,,Mountievers,Clare
"O'Briensbridge, Co.Clare, 16119",O'Briensbridge,Clare,16119,16119,,,82,258,741,1081,132,836.1,,,,,,O'Briensbridge,Clare
"Ayle, Co.Clare, 16120",Ayle,Clare,16120,16120,,,74,381,722,1177,160,796.5,,,,,,Ayle,Clare
"Boherglass, Co.Clare, 16121",Boherglass,Clare,16121,16121,,,103,377,613,1093,95,777.2,,,,,,Boherglass,Clare
"Caherhurley, Co.Clare, 16122",Caherhurley,Clare,16122,16122,,,102,250,722,1074,81,789.2,,,,,,Caherhurley,Clare
"Cappaghabaun, Co.Clare, 16124",Cappaghabaun,Clare,16124,16124,,,74,292,624,990,81,703.2,,,,,,Cappaghabaun,Clare
"Carrowbaun, Co.Clare, 16125",Carrowbaun,Clare,16125,16125,,,74,206,412,692,81,506.1,,,,,,Carrowbaun,Clare
"Cloonusker, Co.Clare, 16126",Cloonusker,Clare,16126,16126,,,94,589,1229,1912,111,1355.2,,,,,,Cloonusker,Clare
"Coolreagh, Co.Clare, 16127",Coolreagh,Clare,16127,16127,,,89,307,1000,1396,116,1013.2,,,,,,Coolreagh,Clare
"Corlea / Cahermurphy, Co.Clare, 16128/16123",Corlea / Cahermurphy,Clare,16128/16123,16128/16123,,,0,178,341,519,81,378.1,,,,,,Corlea / Cahermurphy,Clare
"Derrynagittagh, Co.Clare, 16129",Derrynagittagh,Clare,16129,16129,,,100,293,597,990,81,746.8,,,,,,Derrynagittagh,Clare
"Drummaan, Co.Clare, 16130",Drummaan,Clare,16130,16130,,,261,493,1400,2154,96,2022.7,,,,,,Drummaan,Clare
"Feakle, Co.Clare, 16131",Feakle,Clare,16131,16131,,,81,392,712,1185,125,2589.9,,,,,,Feakle,Clare
"Inishcaltra North / Inishcaltra South, Co.Clare, 16132/16133",Inishcaltra North / Inishcaltra South,Clare,16132/16133,16132/16133,,,108,395,1024,1527,123,1165.6,,,,,,Inishcaltra North / Inishcaltra South,Clare
"Killaloe, Co.Clare, 16134",Killaloe,Clare,16134,16134,,,203,345,981,1529,304,1162.6,,,,,,Killaloe,Clare
"Mountshannon, Co.Clare, 16135",Mountshannon,Clare,16135,16135,,,37,116,156,309,81,336.5,,,,,,Mountshannon,Clare
"Ogonnelloe, Co.Clare, 16136",Ogonnelloe,Clare,16136,16136,,,436,579,1876,2891,107,2486.8,,,,,,Ogonnelloe,Clare
"Scarriff, Co.Clare, 16137",Scarriff,Clare,16137,16137,,,288,638,1591,2517,231,1877.3,,,,,,Scarriff,Clare
"Ballyblood, Co.Clare, 16138",Ballyblood,Clare,16138,16138,,,90,364,599,1053,0,738,,,,,,Ballyblood,Clare
"Ballynahinch, Co.Clare, 16139",Ballynahinch,Clare,16139,16139,,,109,695,1494,2298,173,1597.5,,,,,,Ballynahinch,Clare
"Caher, Co.Clare, 16140",Caher,Clare,16140,16140,,,90,585,1015,1690,524,1219.2,,,,,,Caher,Clare
"Clooney, Co.Clare, 16141",Clooney,Clare,16141,16141,,,0,453,1310,1763,204,1309.6,,,,,,Clooney,Clare
"Dangan, Co.Clare, 16142",Dangan,Clare,16142,16142,,,136,402,1744,2282,115,1764.8,,,,,,Dangan,Clare
"Glendree, Co.Clare, 16143",Glendree,Clare,16143,16143,,,85,119,391,595,81,450.5,,,,,,Glendree,Clare
"Kilkishen, Co.Clare, 16144",Kilkishen,Clare,16144,16144,,,350,566,2165,3081,365,2307.1,,,,,,Kilkishen,Clare
"Killanena, Co.Clare, 16145",Killanena,Clare,16145,16145,,,90,492,935,1517,99,1113.5,,,,,,Killanena,Clare
"Killuran, Co.Clare, 16146",Killuran,Clare,16146,16146,,,489,566,1716,2771,161,2017.6,,,,,,Killuran,Clare
"Kiltannon, Co.Clare, 16147",Kiltannon,Clare,16147,16147,,,0,370,616,986,81,716.4,,,,,,Kiltannon,Clare
"Kyle, Co.Clare, 16148",Kyle,Clare,16148,16148,,,126,450,1339,1915,213,1367.4,,,,,,Kyle,Clare
"Loughea, Co.Clare, 16149",Loughea,Clare,16149,16149,,,89,184,323,596,0,419.8,,,,,,Loughea,Clare
"Newgrove, Co.Clare, 16150",Newgrove,Clare,16150,16150,,,82,538,1067,1687,164,1197.7,,,,,,Newgrove,Clare
"Quin, Co.Clare, 16151",Quin,Clare,16151,16151,,,319,461,1825,2605,238,2025.7,,,,,,Quin,Clare
"Rathclooney, Co.Clare, 16152",Rathclooney,Clare,16152,16152,,,73,343,572,988,115,677.3,,,,,,Rathclooney,Clare
"Rossroe, Co.Clare, 16153",Rossroe,Clare,16153,16153,,,107,549,1675,2331,259,1694.9,,,,,,Rossroe,Clare
"Toberbreeda, Co.Clare, 16154",Toberbreeda,Clare,16154,16154,,,103,216,767,1086,81,768.3,,,,,,Toberbreeda,Clare
"Tulla, Co.Clare, 16155",Tulla,Clare,16155,16155,,,209,605,1648,2462,459,1823.1,,,,,,Tulla,Clare
"Ballinlough A, Co.Cork, 17001",Ballinlough A,Cork,17001,17001,,,0,0,0,0,0,,,,,,,Ballinlough A,Cork
"Ballinlough B, Co.Cork, 17002",Ballinlough B,Cork,17002,17002,,,0,0,0,0,0,,,,,,,Ballinlough B,Cork
"Ballinlough C, Co.Cork, 17003",Ballinlough C,Cork,17003,17003,,,0,0,0,0,0,,,,,,,Ballinlough C,Cork
"Ballyphehane A, Co.Cork, 17004",Ballyphehane A,Cork,17004,17004,,,0,0,0,0,0,,,,,,,Ballyphehane A,Cork
"Ballyphehane B, Co.Cork, 17005",Ballyphehane B,Cork,17005,17005,,,0,0,0,0,0,,,,,,,Ballyphehane B,Cork
"Bishopstown A, Co.Cork, 17006",Bishopstown A,Cork,17006,17006,,,0,0,0,0,0,,,,,,,Bishopstown A,Cork
"Bishopstown B, Co.Cork, 17007",Bishopstown B,Cork,17007,17007,,,0,0,0,0,0,,,,,,,Bishopstown B,Cork
"Bishopstown C, Co.Cork, 17008",Bishopstown C,Cork,17008,17008,,,0,0,0,0,0,,,,,,,Bishopstown C,Cork
"Bishopstown D, Co.Cork, 17009",Bishopstown D,Cork,17009,17009,,,0,0,0,0,0,,,,,,,Bishopstown D,Cork
"Bishopstown E, Co.Cork, 17010",Bishopstown E,Cork,17010,17010,,,0,0,0,0,0,,,,,,,Bishopstown E,Cork
"Blackpool A, Co.Cork, 17011",Blackpool A,Cork,17011,17011,,,0,0,0,0,0,,,,,,,Blackpool A,Cork
"Blackpool B, Co.Cork, 17012",Blackpool B,Cork,17012,17012,,,0,0,0,0,0,,,,,,,Blackpool B,Cork
"Browningstown, Co.Cork, 17013",Browningstown,Cork,17013,17013,,,0,0,0,0,0,,,,,,,Browningstown,Cork
"Centre A, Co.Cork, 17014",Centre A,Cork,17014,17014,,,0,0,0,0,0,,,,,,,Centre A,Cork
"Centre B, Co.Cork, 17015",Centre B,Cork,17015,17015,,,0,0,0,0,0,,,,,,,Centre B,Cork
"Churchfield, Co.Cork, 17016",Churchfield,Cork,17016,17016,,,0,0,0,0,0,,,,,,,Churchfield,Cork
"City Hall A, Co.Cork, 17017",City Hall A,Cork,17017,17017,,,0,0,0,0,0,,,,,,,City Hall A,Cork
"City Hall B, Co.Cork, 17018",City Hall B,Cork,17018,17018,,,0,0,0,0,0,,,,,,,City Hall B,Cork
"Commons, Co.Cork, 17019",Commons,Cork,17019,17019,,,0,0,0,0,0,,,,,,,Commons,Cork
"Evergreen, Co.Cork, 17020",Evergreen,Cork,17020,17020,,,0,0,0,0,0,,,,,,,Evergreen,Cork
"Fair Hill A, Co.Cork, 17021",Fair Hill A,Cork,17021,17021,,,0,0,0,0,0,,,,,,,Fair Hill A,Cork
"Fair Hill B, Co.Cork, 17022",Fair Hill B,Cork,17022,17022,,,0,0,0,0,0,,,,,,,Fair Hill B,Cork
"Fair Hill C, Co.Cork, 17023",Fair Hill C,Cork,17023,17023,,,0,0,0,0,0,,,,,,,Fair Hill C,Cork
"Farranferris A, Co.Cork, 17024",Farranferris A,Cork,17024,17024,,,0,0,0,0,0,,,,,,,Farranferris A,Cork
"Farranferris B, Co.Cork, 17025",Farranferris B,Cork,17025,17025,,,0,0,0,0,0,,,,,,,Farranferris B,Cork
"Farranferris C, Co.Cork, 17026",Farranferris C,Cork,17026,17026,,,0,0,0,0,0,,,,,,,Farranferris C,Cork
"Gillabbey A, Co.Cork, 17027",Gillabbey A,Cork,17027,17027,,,0,0,0,0,0,,,,,,,Gillabbey A,Cork
"Gillabbey B, Co.Cork, 17028",Gillabbey B,Cork,17028,17028,,,0,0,0,0,0,,,,,,,Gillabbey B,Cork
"Gillabbey C, Co.Cork, 17029",Gillabbey C,Cork,17029,17029,,,0,0,0,0,0,,,,,,,Gillabbey C,Cork
"Glasheen A, Co.Cork, 17030",Glasheen A,Cork,17030,17030,,,0,0,0,0,0,,,,,,,Glasheen A,Cork
"Glasheen B, Co.Cork, 17031",Glasheen B,Cork,17031,17031,,,0,0,0,0,0,,,,,,,Glasheen B,Cork
"Glasheen C, Co.Cork, 17032",Glasheen C,Cork,17032,17032,,,0,0,0,0,0,,,,,,,Glasheen C,Cork
"Greenmount, Co.Cork, 17033",Greenmount,Cork,17033,17033,,,0,0,0,0,0,,,,,,,Greenmount,Cork
"Gurranebraher A, Co.Cork, 17034",Gurranebraher A,Cork,17034,17034,,,0,0,0,0,0,,,,,,,Gurranebraher A,Cork
"Gurranebraher B, Co.Cork, 17035",Gurranebraher B,Cork,17035,17035,,,0,0,0,0,0,,,,,,,Gurranebraher B,Cork
"Gurranebraher C, Co.Cork, 17036",Gurranebraher C,Cork,17036,17036,,,0,0,0,0,0,,,,,,,Gurranebraher C,Cork
"Gurranebraher D, Co.Cork, 17037",Gurranebraher D,Cork,17037,17037,,,0,0,0,0,0,,,,,,,Gurranebraher D,Cork
"Gurranebraher E, Co.Cork, 17038",Gurranebraher E,Cork,17038,17038,,,0,0,0,0,0,,,,,,,Gurranebraher E,Cork
"Knocknaheeny, Co.Cork, 17039",Knocknaheeny,Cork,17039,17039,,,0,0,0,0,0,,,,,,,Knocknaheeny,Cork
"Knockrea A, Co.Cork, 17040",Knockrea A,Cork,17040,17040,,,0,0,0,0,0,,,,,,,Knockrea A,Cork
"Knockrea B, Co.Cork, 17041",Knockrea B,Cork,17041,17041,,,0,8,41,49,0,,,,,,,Knockrea B,Cork
"Mahon A, Co.Cork, 17042",Mahon A,Cork,17042,17042,,,0,0,0,0,0,,,,,,,Mahon A,Cork
"Mahon B, Co.Cork, 17043",Mahon B,Cork,17043,17043,,,0,0,0,0,0,0,,,,,,Mahon B,Cork
"Mahon C, Co.Cork, 17044",Mahon C,Cork,17044,17044,,,0,0,0,0,0,,,,,,,Mahon C,Cork
"Mardyke, Co.Cork, 17045",Mardyke,Cork,17045,17045,,,0,0,0,0,0,,,,,,,Mardyke,Cork
"Mayfield, Co.Cork, 17046",Mayfield,Cork,17046,17046,,,0,0,0,0,0,,,,,,,Mayfield,Cork
"Montenotte A, Co.Cork, 17047",Montenotte A,Cork,17047,17047,,,0,0,0,0,0,,,,,,,Montenotte A,Cork
"Montenotte B, Co.Cork, 17048",Montenotte B,Cork,17048,17048,,,0,0,0,0,0,,,,,,,Montenotte B,Cork
"Pouladuff A, Co.Cork, 17049",Pouladuff A,Cork,17049,17049,,,0,0,0,0,0,,,,,,,Pouladuff A,Cork
"Pouladuff B, Co.Cork, 17050",Pouladuff B,Cork,17050,17050,,,0,0,0,0,0,,,,,,,Pouladuff B,Cork
"St. Patrick's A, Co.Cork, 17051",St. Patrick's A,Cork,17051,17051,,,0,0,0,0,0,,,,,,,St. Patrick's A,Cork
"St. Patrick's B, Co.Cork, 17052",St. Patrick's B,Cork,17052,17052,,,0,0,0,0,0,,,,,,,St. Patrick's B,Cork
"St. Patrick's C, Co.Cork, 17053",St. Patrick's C,Cork,17053,17053,,,0,0,0,0,0,,,,,,,St. Patrick's C,Cork
"Shanakiel, Co.Cork, 17054",Shanakiel,Cork,17054,17054,,,0,0,0,0,0,,,,,,,Shanakiel,Cork
"Shandon A, Co.Cork, 17055",Shandon A,Cork,17055,17055,,,0,0,0,0,0,0,,,,,,Shandon A,Cork
"Shandon B, Co.Cork, 17056",Shandon B,Cork,17056,17056,,,0,0,0,0,0,,,,,,,Shandon B,Cork
"South Gate A, Co.Cork, 17057",South Gate A,Cork,17057,17057,,,0,0,0,0,0,,,,,,,South Gate A,Cork
"South Gate B, Co.Cork, 17058",South Gate B,Cork,17058,17058,,,0,0,0,0,0,,,,,,,South Gate B,Cork
"Sundays Well A, Co.Cork, 17059",Sundays Well A,Cork,17059,17059,,,0,0,0,0,0,,,,,,,Sundays Well A,Cork
"Sundays Well B, Co.Cork, 17060",Sundays Well B,Cork,17060,17060,,,0,0,0,0,0,,,,,,,Sundays Well B,Cork
"The Glen A, Co.Cork, 17061",The Glen A,Cork,17061,17061,,,0,0,0,0,0,,,,,,,The Glen A,Cork
"The Glen B, Co.Cork, 17062",The Glen B,Cork,17062,17062,,,0,0,0,0,0,,,,,,,The Glen B,Cork
"The Lough, Co.Cork, 17063",The Lough,Cork,17063,17063,,,0,0,0,0,0,,,,,,,The Lough,Cork
"Tivoli A, Co.Cork, 17064",Tivoli A,Cork,17064,17064,,,0,0,0,0,0,,,,,,,Tivoli A,Cork
"Tivoli B, Co.Cork, 17065",Tivoli B,Cork,17065,17065,,,0,0,0,0,0,,,,,,,Tivoli B,Cork
"Togher A, Co.Cork, 17066",Togher A,Cork,17066,17066,,,0,0,0,0,0,,,,,,,Togher A,Cork
"Togher B, Co.Cork, 17067",Togher B,Cork,17067,17067,,,0,0,0,0,0,,,,,,,Togher B,Cork
"Tramore A, Co.Cork, 17068",Tramore A,Cork,17068,17068,,,0,0,0,0,0,,,,,,,Tramore A,Cork
"Tramore B, Co.Cork, 17069",Tramore B,Cork,17069,17069,,,0,0,0,0,0,,,,,,,Tramore B,Cork
"Tramore C, Co.Cork, 17070",Tramore C,Cork,17070,17070,,,0,0,0,0,0,,,,,,,Tramore C,Cork
"Turners Cross A, Co.Cork, 17071",Turners Cross A,Cork,17071,17071,,,0,0,0,0,0,,,,,,,Turners Cross A,Cork
"Turners Cross B, Co.Cork, 17072",Turners Cross B,Cork,17072,17072,,,0,0,0,0,0,,,,,,,Turners Cross B,Cork
"Turners Cross C, Co.Cork, 17073",Turners Cross C,Cork,17073,17073,,,0,0,0,0,0,,,,,,,Turners Cross C,Cork
"Turners Cross D, Co.Cork, 17074",Turners Cross D,Cork,17074,17074,,,0,0,0,0,0,,,,,,,Turners Cross D,Cork
"Clonakilty Urban, Co.Cork, 18001",Clonakilty Urban,Cork,18001,18001,,,0,8,40,48,0,,,,,,,Clonakilty Urban,Cork
"Cobh Urban, Co.Cork, 18002",Cobh Urban,Cork,18002,18002,,,0,0,0,0,0,,,,,,,Cobh Urban,Cork
"Fermoy Urban, Co.Cork, 18003",Fermoy Urban,Cork,18003,18003,,,0,0,0,0,0,,,,,,,Fermoy Urban,Cork
"Kinsale Urban, Co.Cork, 18004",Kinsale Urban,Cork,18004,18004,,,0,0,0,0,0,,,,,,,Kinsale Urban,Cork
"Macroom Urban, Co.Cork, 18005",Macroom Urban,Cork,18005,18005,,,154,75,1113,1342,0,981.3,,,,,,Macroom Urban,Cork
"Mallow North Urban, Co.Cork, 18006",Mallow North Urban,Cork,18006,18006,,,23,0,25,48,0,,,,,,,Mallow North Urban,Cork
"Mallow South Urban, Co.Cork, 18007",Mallow South Urban,Cork,18007,18007,,,0,8,40,48,0,,,,,,,Mallow South Urban,Cork
"Midleton Urban, Co.Cork, 18008",Midleton Urban,Cork,18008,18008,,,0,8,40,48,0,,,,,,,Midleton Urban,Cork
"Skibbereen Urban, Co.Cork, 18009",Skibbereen Urban,Cork,18009,18009,,,117,53,197,367,0,275.1,,,,,,Skibbereen Urban,Cork
"Youghal Urban, Co.Cork, 18010",Youghal Urban,Cork,18010,18010,,,118,20,248,386,0,,,,,,,Youghal Urban,Cork
"Ballinadee, Co.Cork, 18011",Ballinadee,Cork,18011,18011,,,786,193,2343,3322,349,2725,,,,,,Ballinadee,Cork
"Ballygroman, Co.Cork, 18012",Ballygroman,Cork,18012,18012,,,1344,62,1407,2813,174,2280.4,,,,,,Ballygroman,Cork
"Ballymodan, Co.Cork, 18013",Ballymodan,Cork,18013,18013,,,2224,319,3136,5679,174,4404.4,,,,,,Ballymodan,Cork
"Ballymurphy, Co.Cork, 18014",Ballymurphy,Cork,18014,18014,,,1686,265,2810,4761,237,3678.8,,,,,,Ballymurphy,Cork
"Bandon, Co.Cork, 18015",Bandon,Cork,18015,18015,,,50,0,51,101,174,91.5,,,,,,Bandon,Cork
"Baurleigh, Co.Cork, 18016",Baurleigh,Cork,18016,18016,,,1117,175,1932,3224,174,2500.6,,,,,,Baurleigh,Cork
"Bengour, Co.Cork, 18017",Bengour,Cork,18017,18017,,,806,250,2300,3356,0,2522.9,,,,,,Bengour,Cork
"Boulteen, Co.Cork, 18018",Boulteen,Cork,18018,18018,,,1870,386,3093,5349,174,4134.9,,,,,,Boulteen,Cork
"Brinny, Co.Cork, 18019",Brinny,Cork,18019,18019,,,969,181,2387,3537,247,2839,,,,,,Brinny,Cork
"Cashel, Co.Cork, 18020",Cashel,Cork,18020,18020,,,815,206,2147,3168,174,2339,,,,,,Cashel,Cork
"Inishannon, Co.Cork, 18021",Inishannon,Cork,18021,18021,,,783,289,1701,2773,557,2720.8,,,,,,Inishannon,Cork
"Kilbonane, Co.Cork, 18022",Kilbonane,Cork,18022,18022,,,1395,208,2229,3832,174,3028.1,,,,,,Kilbonane,Cork
"Kilbrittain, Co.Cork, 18023",Kilbrittain,Cork,18023,18023,,,522,235,1914,2671,174,2155.2,,,,,,Kilbrittain,Cork
"Kilbrogan, Co.Cork, 18024",Kilbrogan,Cork,18024,18024,,,2445,245,4675,7365,0,5774.7,,,,,,Kilbrogan,Cork
"Knockavilly, Co.Cork, 18025",Knockavilly,Cork,18025,18025,,,821,159,1338,2318,0,1814,,,,,,Knockavilly,Cork
"Knockroe, Co.Cork, 18026",Knockroe,Cork,18026,18026,,,889,125,2043,3057,174,3606.4,,,,,,Knockroe,Cork
"Moviddy, Co.Cork, 18027",Moviddy,Cork,18027,18027,,,1921,277,3317,5515,174,4382.8,,,,,,Moviddy,Cork
"Murragh, Co.Cork, 18028",Murragh,Cork,18028,18028,,,975,94,2142,3211,219,2493.9,,,,,,Murragh,Cork
"Rathclarin, Co.Cork, 18029",Rathclarin,Cork,18029,18029,,,2068,146,3203,5417,174,5299.9,,,,,,Rathclarin,Cork
"Teadies, Co.Cork, 18030",Teadies,Cork,18030,18030,,,1367,263,2179,3809,1340,3228.8,,,,,,Teadies,Cork
"Templemartin, Co.Cork, 18031",Templemartin,Cork,18031,18031,,,2207,492,3957,6656,422,7225.5,,,,,,Templemartin,Cork
"Ahil, Co.Cork, 18032",Ahil,Cork,18032,18032,,,108,379,830,1317,7914,1720.3,,,,,,Ahil,Cork
"Bantry Rural / Whiddy, Co.Cork, 18033/18046",Bantry Rural / Whiddy,Cork,18033/18046,18033/18046,,,528,790,2042,3360,3038,2752.2,,,,,,Bantry Rural / Whiddy,Cork
"Bantry Urban, Co.Cork, 18034",Bantry Urban,Cork,18034,18034,,,106,172,283,561,627,462.9,,,,,,Bantry Urban,Cork
"Douce, Co.Cork, 18035",Douce,Cork,18035,18035,,,117,795,1077,1989,4783,1828.4,,,,,,Douce,Cork
"Durrus East, Co.Cork, 18036",Durrus East,Cork,18036,18036,,,130,361,665,1156,2131,1038.8,,,,,,Durrus East,Cork
"Durrus West, Co.Cork, 18037",Durrus West,Cork,18037,18037,,,232,368,1105,1705,1253,1383.8,,,,,,Durrus West,Cork
"Glanlough, Co.Cork, 18038",Glanlough,Cork,18038,18038,,,113,221,344,678,379,503.8,,,,,,Glanlough,Cork
"Glengarriff, Co.Cork, 18039",Glengarriff,Cork,18039,18039,,,146,396,551,1093,5296,1256.1,,,,,,Glengarriff,Cork
"Kealkill, Co.Cork, 18040",Kealkill,Cork,18040,18040,,,277,452,927,1656,3540,1542.1,,,,,,Kealkill,Cork
"Kilcaskan, Co.Cork, 18041",Kilcaskan,Cork,18041,18041,,,113,312,917,1342,5917,1531.6,,,,,,Kilcaskan,Cork
"Mealagh, Co.Cork, 18042",Mealagh,Cork,18042,18042,,,177,626,1222,2025,4387,1859.1,,,,,,Mealagh,Cork
"Scart, Co.Cork, 18043",Scart,Cork,18043,18043,,,298,287,1057,1642,2318,2305.9,,,,,,Scart,Cork
"Seefin, Co.Cork, 18044",Seefin,Cork,18044,18044,,,145,186,523,854,677,704.7,,,,,,Seefin,Cork
"Sheepshead, Co.Cork, 18045",Sheepshead,Cork,18045,18045,,,204,228,608,1040,1403,915.5,,,,,,Sheepshead,Cork
"Adrigole, Co.Cork, 18047",Adrigole,Cork,18047,18047,,,0,619,739,1358,6109,1527.5,,,,,,Adrigole,Cork
"Bear, Co.Cork, 18048",Bear,Cork,18048,18048,,,0,274,307,581,1663,545.3,,,,,,Bear,Cork
"Coulagh, Co.Cork, 18049",Coulagh,Cork,18049,18049,,,114,672,901,1687,7077,1870.6,,,,,,Coulagh,Cork
"Curryglass, Co.Cork, 18050",Curryglass,Cork,18050,18050,,,19,341,366,726,6452,1126.2,,,,,,Curryglass,Cork
"Kilcatherine, Co.Cork, 18051",Kilcatherine,Cork,18051,18051,,,80,591,681,1352,8171,1733,,,,,,Kilcatherine,Cork
"Killaconenagh, Co.Cork, 18052",Killaconenagh,Cork,18052,18052,,,103,652,765,1520,5332,1606.7,,,,,,Killaconenagh,Cork
"Kilnamanagh, Co.Cork, 18053",Kilnamanagh,Cork,18053,18053,,,0,983,1357,2340,4624,1992.3,,,,,,Kilnamanagh,Cork
"Abbeymahon, Co.Cork, 18054",Abbeymahon,Cork,18054,18054,,,1788,237,2602,4627,174,5053.4,,,,,,Abbeymahon,Cork
"Ardfield, Co.Cork, 18055",Ardfield,Cork,18055,18055,,,1531,368,2615,4514,174,3642.1,,,,,,Ardfield,Cork
"Argideen, Co.Cork, 18056",Argideen,Cork,18056,18056,,,1329,132,1932,3393,211,2577.6,,,,,,Argideen,Cork
"Butlerstown, Co.Cork, 18057",Butlerstown,Cork,18057,18057,,,1583,84,2330,3997,174,3149.5,,,,,,Butlerstown,Cork
"Cahermore, Co.Cork, 18058",Cahermore,Cork,18058,18058,,,832,374,2119,3325,174,2480.3,,,,,,Cahermore,Cork
"Castleventry, Co.Cork, 18059",Castleventry,Cork,18059,18059,,,1105,202,2190,3497,174,3091.5,,,,,,Castleventry,Cork
"Clonakilty Rural, Co.Cork, 18060",Clonakilty Rural,Cork,18060,18060,,,2037,202,3891,6130,233,4651.8,,,,,,Clonakilty Rural,Cork
"Coolcraheen, Co.Cork, 18061",Coolcraheen,Cork,18061,18061,,,966,205,2318,3489,329,3220.2,,,,,,Coolcraheen,Cork
"Courtmacsherry, Co.Cork, 18062",Courtmacsherry,Cork,18062,18062,,,1078,118,1222,2418,174,1936,,,,,,Courtmacsherry,Cork
"Derry, Co.Cork, 18063",Derry,Cork,18063,18063,,,1100,336,1982,3418,237,3360.6,,,,,,Derry,Cork
"Kilkerranmore, Co.Cork, 18064",Kilkerranmore,Cork,18064,18064,,,1193,329,1979,3501,164,2920,,,,,,Kilkerranmore,Cork
"Kilmaloda East, Co.Cork, 18065",Kilmaloda East,Cork,18065,18065,,,1188,103,2027,3318,207,2527.5,,,,,,Kilmaloda East,Cork
"Kilmaloda West, Co.Cork, 18066",Kilmaloda West,Cork,18066,18066,,,698,153,1526,2377,174,2222.1,,,,,,Kilmaloda West,Cork
"Kilmoylerane, Co.Cork, 18067",Kilmoylerane,Cork,18067,18067,,,941,180,1646,2767,0,2107.9,,,,,,Kilmoylerane,Cork
"Kilnagross, Co.Cork, 18068",Kilnagross,Cork,18068,18068,,,1051,250,2325,3626,0,3092.5,,,,,,Kilnagross,Cork
"Knocks, Co.Cork, 18069",Knocks,Cork,18069,18069,,,1035,160,1671,2866,0,2182,,,,,,Knocks,Cork
"Rathbarry, Co.Cork, 18070",Rathbarry,Cork,18070,18070,,,679,169,1281,2129,174,1618.2,,,,,,Rathbarry,Cork
"Rosscarbery, Co.Cork, 18071",Rosscarbery,Cork,18071,18071,,,149,156,708,1013,174,775.5,,,,,,Rosscarbery,Cork
"Rossmore, Co.Cork, 18072",Rossmore,Cork,18072,18072,,,990,146,1761,2897,174,2190,,,,,,Rossmore,Cork
"Templeomalus, Co.Cork, 18073",Templeomalus,Cork,18073,18073,,,1482,143,2096,3721,174,3128.4,,,,,,Templeomalus,Cork
"Timoleague, Co.Cork, 18074",Timoleague,Cork,18074,18074,,,1014,159,2007,3180,174,2508.9,,,,,,Timoleague,Cork
"Ballincollig, Co.Cork, 18075",Ballincollig,Cork,18075,18075,,,2184,135,3518,5837,323,4454.8,,,,,,Ballincollig,Cork
"Ballygarvan, Co.Cork, 18076",Ballygarvan,Cork,18076,18076,,,1077,161,2014,3252,174,2558.7,,,,,,Ballygarvan,Cork
"Ballynaglogh, Co.Cork, 18077",Ballynaglogh,Cork,18077,18077,,,1589,316,2267,4172,0,3215.3,,,,,,Ballynaglogh,Cork
"Bishopstown (Part Rural), Co.Cork, 18078",Bishopstown (Part Rural),Cork,18078,18078,,,0,0,0,0,0,,,,,,,Bishopstown (Part Rural),Cork
"Blackpool, Co.Cork, 18079",Blackpool,Cork,18079,18079,,,1893,405,3699,5997,281,4889.3,,,,,,Blackpool,Cork
"Blarney, Co.Cork, 18080",Blarney,Cork,18080,18080,,,903,234,2173,3310,0,2596.2,,,,,,Blarney,Cork
"Caherlag, Co.Cork, 18081",Caherlag,Cork,18081,18081,,,487,84,1423,1994,174,1526.7,,,,,,Caherlag,Cork
"Carrigaline, Co.Cork, 18082",Carrigaline,Cork,18082,18082,,,688,337,1470,2495,0,6209,,,,,,Carrigaline,Cork
"Carrignavar, Co.Cork, 18083",Carrignavar,Cork,18083,18083,,,2175,286,3901,6362,621,4948.1,,,,,,Carrignavar,Cork
"Carrigrohane Beg, Co.Cork, 18084",Carrigrohane Beg,Cork,18084,18084,,,1033,230,2023,3286,174,2461.9,,,,,,Carrigrohane Beg,Cork
"Cobh Rural, Co.Cork, 18085",Cobh Rural,Cork,18085,18085,,,688,218,1383,2289,174,1724.6,,,,,,Cobh Rural,Cork
"Douglas, Co.Cork, 18086",Douglas,Cork,18086,18086,,,1713,261,2374,4348,174,3417.6,,,,,,Douglas,Cork
"Dripsey, Co.Cork, 18087",Dripsey,Cork,18087,18087,,,2484,326,4320,7130,194,5425.7,,,,,,Dripsey,Cork
"Dunderrow, Co.Cork, 18088",Dunderrow,Cork,18088,18088,,,853,197,1728,2778,174,2083.4,,,,,,Dunderrow,Cork
"Firmount, Co.Cork, 18089",Firmount,Cork,18089,18089,,,1819,78,2798,4695,0,3538.2,,,,,,Firmount,Cork
"Glenville, Co.Cork, 18090",Glenville,Cork,18090,18090,,,346,340,2046,2732,174,1901.2,,,,,,Glenville,Cork
"Greenfort, Co.Cork, 18091",Greenfort,Cork,18091,18091,,,1385,256,2549,4190,304,3198.6,,,,,,Greenfort,Cork
"Inishkenny, Co.Cork, 18092",Inishkenny,Cork,18092,18092,,,1512,107,1836,3455,0,2697.4,,,,,,Inishkenny,Cork
"Killeagh, Co.Cork, 18093",Killeagh,Cork,18093,18093,,,1619,284,2874,4777,174,3685.2,,,,,,Killeagh,Cork
"Knockantota, Co.Cork, 18094",Knockantota,Cork,18094,18094,,,812,163,1670,2645,216,1997.9,,,,,,Knockantota,Cork
"Knockraha, Co.Cork, 18095",Knockraha,Cork,18095,18095,,,1392,307,3005,4704,174,3608.8,,,,,,Knockraha,Cork
"Lehenagh, Co.Cork, 18096",Lehenagh,Cork,18096,18096,,,823,13,1130,1966,0,1490.9,,,,,,Lehenagh,Cork
"Matehy, Co.Cork, 18097",Matehy,Cork,18097,18097,,,2173,301,3283,5757,306,5078,,,,,,Matehy,Cork
"Monkstown Rural, Co.Cork, 18098",Monkstown Rural,Cork,18098,18098,,,128,43,464,635,174,531.6,,,,,,Monkstown Rural,Cork
"Monkstown Urban, Co.Cork, 18099",Monkstown Urban,Cork,18099,18099,,,23,0,25,48,0,,,,,,,Monkstown Urban,Cork
"Ovens, Co.Cork, 18100",Ovens,Cork,18100,18100,,,396,84,921,1401,0,1076.6,,,,,,Ovens,Cork
"Rathcooney (Part Rural), Co.Cork, 18101",Rathcooney (Part Rural),Cork,18101,18101,,,2580,104,3887,6571,505,5234.3,,,,,,Rathcooney (Part Rural),Cork
"Riverstown, Co.Cork, 18102",Riverstown,Cork,18102,18102,,,982,388,2418,3788,0,2875.7,,,,,,Riverstown,Cork
"St. Mary's (Part Rural), Co.Cork, 18103",St. Mary's (Part Rural),Cork,18103,18103,,,921,110,1615,2646,174,2028.2,,,,,,St. Mary's (Part Rural),Cork
"Whitechurch, Co.Cork, 18104",Whitechurch,Cork,18104,18104,,,2048,435,3342,5825,379,4543.7,,,,,,Whitechurch,Cork
"Aultagh, Co.Cork, 18105",Aultagh,Cork,18105,18105,,,1067,320,2227,3614,418,2669.4,,,,,,Aultagh,Cork
"Ballingurteen, Co.Cork, 18106",Ballingurteen,Cork,18106,18106,,,1634,393,2601,4628,174,3540.2,,,,,,Ballingurteen,Cork
"Ballymoney, Co.Cork, 18107",Ballymoney,Cork,18107,18107,,,1325,420,2906,4651,174,4475.6,,,,,,Ballymoney,Cork
"Béal Átha an Ghaorthaidh, Co.Cork, 18108",Béal Átha an Ghaorthaidh,Cork,18108,18108,,,115,307,428,850,10278,1610.8,,,,,,Béal Átha an Ghaorthaidh,Cork
"Bealock, Co.Cork, 18109",Bealock,Cork,18109,18109,,,163,437,961,1561,2621,1343,,,,,,Bealock,Cork
"Carrigboy, Co.Cork, 18110",Carrigboy,Cork,18110,18110,,,411,673,2127,3211,1018,2444.9,,,,,,Carrigboy,Cork
"Castletown, Co.Cork, 18111",Castletown,Cork,18111,18111,,,983,348,1536,2867,0,2194.1,,,,,,Castletown,Cork
"Coolmountain, Co.Cork, 18112",Coolmountain,Cork,18112,18112,,,474,739,1970,3183,1066,2346.7,,,,,,Coolmountain,Cork
"Drinagh, Co.Cork, 18113",Drinagh,Cork,18113,18113,,,779,273,1884,2936,174,4200.7,,,,,,Drinagh,Cork
"Dunmanway North, Co.Cork, 18114",Dunmanway North,Cork,18114,18114,,,404,300,1287,1991,746,2043.2,,,,,,Dunmanway North,Cork
"Dunmanway South, Co.Cork, 18115",Dunmanway South,Cork,18115,18115,,,881,594,2144,3619,0,2666.7,,,,,,Dunmanway South,Cork
"Garrown, Co.Cork, 18116",Garrown,Cork,18116,18116,,,287,260,1006,1553,5882,1693.8,,,,,,Garrown,Cork
"Kinneigh, Co.Cork, 18117",Kinneigh,Cork,18117,18117,,,1449,387,2467,4303,200,3258.6,,,,,,Kinneigh,Cork
"Manch, Co.Cork, 18118",Manch,Cork,18118,18118,,,1021,494,2180,3695,174,2771.5,,,,,,Manch,Cork
"Milane, Co.Cork, 18119",Milane,Cork,18119,18119,,,605,205,1136,1946,709,1530.2,,,,,,Milane,Cork
"Teerelton, Co.Cork, 18120",Teerelton,Cork,18120,18120,,,1503,640,3481,5624,380,4171.8,,,,,,Teerelton,Cork
"Aghern, Co.Cork, 18121",Aghern,Cork,18121,18121,,,613,295,1696,2604,0,1901.8,,,,,,Aghern,Cork
"Ballyhooly, Co.Cork, 18122",Ballyhooly,Cork,18122,18122,,,895,58,1729,2682,253,1989.9,,,,,,Ballyhooly,Cork
"Ballynoe, Co.Cork, 18123",Ballynoe,Cork,18123,18123,,,1833,476,4219,6528,693,5225.7,,,,,,Ballynoe,Cork
"Carrig, Co.Cork, 18124",Carrig,Cork,18124,18124,,,366,297,1699,2362,220,3931.3,,,,,,Carrig,Cork
"Castlecooke, Co.Cork, 18125",Castlecooke,Cork,18125,18125,,,482,169,1533,2184,0,1577,,,,,,Castlecooke,Cork
"Castle Hyde, Co.Cork, 18126",Castle Hyde,Cork,18126,18126,,,555,140,1665,2360,402,1819.3,,,,,,Castle Hyde,Cork
"Castlelyons, Co.Cork, 18127",Castlelyons,Cork,18127,18127,,,463,257,1676,2396,174,1972.2,,,,,,Castlelyons,Cork
"Castletownroche, Co.Cork, 18128",Castletownroche,Cork,18128,18128,,,426,191,1949,2566,456,5681.4,,,,,,Castletownroche,Cork
"Coole, Co.Cork, 18129",Coole,Cork,18129,18129,,,1901,225,3663,5789,612,4685.4,,,,,,Coole,Cork
"Curraglass, Co.Cork, 18130",Curraglass,Cork,18130,18130,,,1487,211,2314,4012,539,3186.5,,,,,,Curraglass,Cork
"Fermoy Rural, Co.Cork, 18131",Fermoy Rural,Cork,18131,18131,,,463,283,2123,2869,456,2302.8,,,,,,Fermoy Rural,Cork
"Glanworth East, Co.Cork, 18132",Glanworth East,Cork,18132,18132,,,941,356,3206,4503,646,3361.2,,,,,,Glanworth East,Cork
"Glanworth West, Co.Cork, 18133",Glanworth West,Cork,18133,18133,,,997,167,2468,3632,392,3716.9,,,,,,Glanworth West,Cork
"Gortnaskehy, Co.Cork, 18134",Gortnaskehy,Cork,18134,18134,,,622,455,2568,3645,207,2676.7,,,,,,Gortnaskehy,Cork
"Gortroe, Co.Cork, 18135",Gortroe,Cork,18135,18135,,,1268,485,3050,4803,406,3720,,,,,,Gortroe,Cork
"Kilcor, Co.Cork, 18136",Kilcor,Cork,18136,18136,,,1195,417,2652,4264,469,3287.3,,,,,,Kilcor,Cork
"Kilcummer, Co.Cork, 18137",Kilcummer,Cork,18137,18137,,,689,158,1132,1979,174,1500.8,,,,,,Kilcummer,Cork
"Kildinan, Co.Cork, 18138",Kildinan,Cork,18138,18138,,,1511,390,4109,6010,235,4333.7,,,,,,Kildinan,Cork
"Killathy, Co.Cork, 18139",Killathy,Cork,18139,18139,,,2032,152,2741,4925,395,3796.7,,,,,,Killathy,Cork
"Kilworth, Co.Cork, 18140",Kilworth,Cork,18140,18140,,,1440,178,2367,3985,444,3542.4,,,,,,Kilworth,Cork
"Knockmourne, Co.Cork, 18141",Knockmourne,Cork,18141,18141,,,1926,383,3360,5669,341,4799.5,,,,,,Knockmourne,Cork
"Leitrim, Co.Cork, 18142",Leitrim,Cork,18142,18142,,,741,148,1707,2596,174,1995.7,,,,,,Leitrim,Cork
"Rathcormack, Co.Cork, 18143",Rathcormack,Cork,18143,18143,,,1168,379,3064,4611,319,3775.1,,,,,,Rathcormack,Cork
"Watergrasshill, Co.Cork, 18144",Watergrasshill,Cork,18144,18144,,,1293,620,3816,5729,232,4685.5,,,,,,Watergrasshill,Cork
"Allow, Co.Cork, 18145",Allow,Cork,18145,18145,,,1217,310,2751,4278,174,3297.1,,,,,,Allow,Cork
"Ballyhoolahan, Co.Cork, 18146",Ballyhoolahan,Cork,18146,18146,,,1181,298,1740,3219,174,2525.8,,,,,,Ballyhoolahan,Cork
"Banteer, Co.Cork, 18147",Banteer,Cork,18147,18147,,,708,298,2425,3431,244,2485.8,,,,,,Banteer,Cork
"Barleyhill, Co.Cork, 18148",Barleyhill,Cork,18148,18148,,,1537,535,3071,5143,283,3996.5,,,,,,Barleyhill,Cork
"Barnacurra, Co.Cork, 18149",Barnacurra,Cork,18149,18149,,,261,336,809,1406,0,1044.9,,,,,,Barnacurra,Cork
"Bawncross, Co.Cork, 18150",Bawncross,Cork,18150,18150,,,1849,248,3003,5100,277,3849.6,,,,,,Bawncross,Cork
"Boherboy, Co.Cork, 18151",Boherboy,Cork,18151,18151,,,1153,292,2179,3624,174,2694,,,,,,Boherboy,Cork
"Castlecor, Co.Cork, 18152",Castlecor,Cork,18152,18152,,,793,147,988,1928,267,1502.8,,,,,,Castlecor,Cork
"Castlemagner, Co.Cork, 18153",Castlemagner,Cork,18153,18153,,,473,125,1256,1854,174,2018.6,,,,,,Castlemagner,Cork
"Clonfert East, Co.Cork, 18154",Clonfert East,Cork,18154,18154,,,401,318,1223,1942,0,1440.2,,,,,,Clonfert East,Cork
"Clonfert West, Co.Cork, 18155",Clonfert West,Cork,18155,18155,,,244,494,1131,1869,174,1298,,,,,,Clonfert West,Cork
"Clonmeen, Co.Cork, 18156",Clonmeen,Cork,18156,18156,,,406,158,1102,1666,174,1319.4,,,,,,Clonmeen,Cork
"Coolclogh, Co.Cork, 18157",Coolclogh,Cork,18157,18157,,,1418,179,2211,3808,174,3221.7,,,,,,Coolclogh,Cork
"Dromina, Co.Cork, 18158",Dromina,Cork,18158,18158,,,1096,366,1981,3443,0,2666.8,,,,,,Dromina,Cork
"Glenlara, Co.Cork, 18159",Glenlara,Cork,18159,18159,,,858,437,1785,3080,245,2342,,,,,,Glenlara,Cork
"Gortmore, Co.Cork, 18160",Gortmore,Cork,18160,18160,,,123,28,293,444,0,353.6,,,,,,Gortmore,Cork
"Greenane, Co.Cork, 18161",Greenane,Cork,18161,18161,,,516,270,1386,2172,764,1873.4,,,,,,Greenane,Cork
"Kanturk, Co.Cork, 18162",Kanturk,Cork,18162,18162,,,800,198,1373,2371,292,1864,,,,,,Kanturk,Cork
"Kilbrin, Co.Cork, 18163",Kilbrin,Cork,18163,18163,,,1027,298,1817,3142,173,2402.6,,,,,,Kilbrin,Cork
"Kilmeen, Co.Cork, 18164",Kilmeen,Cork,18164,18164,,,536,326,893,1755,173,1315.4,,,,,,Kilmeen,Cork
"Knockatooan, Co.Cork, 18165",Knockatooan,Cork,18165,18165,,,454,324,1271,2049,173,1564.4,,,,,,Knockatooan,Cork
"Knocktemple, Co.Cork, 18166",Knocktemple,Cork,18166,18166,,,1223,155,1489,2867,0,2322.3,,,,,,Knocktemple,Cork
"Meens, Co.Cork, 18167",Meens,Cork,18167,18167,,,1426,562,2151,4139,282,3160.6,,,,,,Meens,Cork
"Milford, Co.Cork, 18168",Milford,Cork,18168,18168,,,1402,323,2395,4120,304,3162.2,,,,,,Milford,Cork
"Nad, Co.Cork, 18169",Nad,Cork,18169,18169,,,124,70,373,567,233,474.4,,,,,,Nad,Cork
"Newmarket, Co.Cork, 18170",Newmarket,Cork,18170,18170,,,1349,553,2500,4402,270,3424.8,,,,,,Newmarket,Cork
"Newtown, Co.Cork, 18171",Newtown,Cork,18171,18171,,,1025,327,2379,3731,808,2862.6,,,,,,Newtown,Cork
"Roskeen, Co.Cork, 18172",Roskeen,Cork,18172,18172,,,946,80,1422,2448,173,1988.4,,,,,,Roskeen,Cork
"Rosnalee, Co.Cork, 18173",Rosnalee,Cork,18173,18173,,,401,253,1329,1983,553,1533.5,,,,,,Rosnalee,Cork
"Rowls, Co.Cork, 18174",Rowls,Cork,18174,18174,,,447,238,1022,1707,173,1231.1,,,,,,Rowls,Cork
"Tincoora, Co.Cork, 18175",Tincoora,Cork,18175,18175,,,547,438,1872,2857,335,2114.9,,,,,,Tincoora,Cork
"Tullylease, Co.Cork, 18176",Tullylease,Cork,18176,18176,,,1305,569,2801,4675,261,3493.4,,,,,,Tullylease,Cork
"Williamstown, Co.Cork, 18177",Williamstown,Cork,18177,18177,,,202,201,585,988,0,731.9,,,,,,Williamstown,Cork
"Ballinspittle, Co.Cork, 18178",Ballinspittle,Cork,18178,18178,,,418,159,1621,2198,0,1780.8,,,,,,Ballinspittle,Cork
"Ballyfeard, Co.Cork, 18179",Ballyfeard,Cork,18179,18179,,,797,149,1452,2398,173,1853.3,,,,,,Ballyfeard,Cork
"Ballyfoyle, Co.Cork, 18180",Ballyfoyle,Cork,18180,18180,,,486,201,1570,2257,173,1598.5,,,,,,Ballyfoyle,Cork
"Ballymackean, Co.Cork, 18181",Ballymackean,Cork,18181,18181,,,793,44,1417,2254,0,1733.9,,,,,,Ballymackean,Cork
"Ballymartle, Co.Cork, 18182",Ballymartle,Cork,18182,18182,,,1765,304,3049,5118,173,3859.6,,,,,,Ballymartle,Cork
"Carrigaline, Co.Cork, 18183",Carrigaline,Cork,18183,18183,,,654,144,1674,2472,0,1832.7,,,,,,Carrigaline,Cork
"Coolmain, Co.Cork, 18184",Coolmain,Cork,18184,18184,,,876,47,1441,2364,173,1883.3,,,,,,Coolmain,Cork
"Cullen, Co.Cork, 18185",Cullen,Cork,18185,18185,,,660,134,1320,2114,173,1603.1,,,,,,Cullen,Cork
"Farranbrien, Co.Cork, 18186",Farranbrien,Cork,18186,18186,,,592,292,1536,2420,173,1762.6,,,,,,Farranbrien,Cork
"Kilmonoge, Co.Cork, 18187",Kilmonoge,Cork,18187,18187,,,902,96,1291,2289,173,1768,,,,,,Kilmonoge,Cork
"Kilpatrick, Co.Cork, 18188",Kilpatrick,Cork,18188,18188,,,964,117,1285,2366,173,2009.3,,,,,,Kilpatrick,Cork
"Kinsale Rural, Co.Cork, 18189",Kinsale Rural,Cork,18189,18189,,,1981,398,3828,6207,466,4871,,,,,,Kinsale Rural,Cork
"Kinure, Co.Cork, 18190",Kinure,Cork,18190,18190,,,183,117,794,1094,0,807.2,,,,,,Kinure,Cork
"Laherne, Co.Cork, 18191",Laherne,Cork,18191,18191,,,695,55,1090,1840,173,2976.8,,,,,,Laherne,Cork
"Leighmoney, Co.Cork, 18192",Leighmoney,Cork,18192,18192,,,698,512,2298,3508,357,2594.2,,,,,,Leighmoney,Cork
"Liscleary, Co.Cork, 18193",Liscleary,Cork,18193,18193,,,995,190,2184,3369,808,2635.7,,,,,,Liscleary,Cork
"Nohaval, Co.Cork, 18194",Nohaval,Cork,18194,18194,,,310,23,752,1085,173,754.5,,,,,,Nohaval,Cork
"Templebreedy, Co.Cork, 18195",Templebreedy,Cork,18195,18195,,,414,124,988,1526,0,1161.1,,,,,,Templebreedy,Cork
"Templemichael, Co.Cork, 18196",Templemichael,Cork,18196,18196,,,1559,246,2702,4507,246,4099.6,,,,,,Templemichael,Cork
"Aghinagh, Co.Cork, 18197",Aghinagh,Cork,18197,18197,,,477,229,1450,2156,357,2841.2,,,,,,Aghinagh,Cork
"Aglish, Co.Cork, 18198",Aglish,Cork,18198,18198,,,1397,137,2816,4350,294,3371.8,,,,,,Aglish,Cork
"Béal Átha an Ghaorthaidh (Bealanageary), Co.Cork, 18199",Béal Átha an Ghaorthaidh (Bealanageary),Cork,18199,18199,,,162,368,709,1239,5073,1589.5,,,,,,Béal Átha an Ghaorthaidh (Bealanageary),Cork
"Ceann Droma, Co.Cork, 18200",Ceann Droma,Cork,18200,18200,,,309,209,682,1200,239,913,,,,,,Ceann Droma,Cork
"Cannaway, Co.Cork, 18201",Cannaway,Cork,18201,18201,,,1349,312,2796,4457,621,3445.2,,,,,,Cannaway,Cork
"Claonráth, Co.Cork, 18202",Claonráth,Cork,18202,18202,,,162,465,845,1472,1632,1176.3,,,,,,Claonráth,Cork
"Clondrohid, Co.Cork, 18203",Clondrohid,Cork,18203,18203,,,901,925,3557,5383,4830,4344.1,,,,,,Clondrohid,Cork
"Clonmoyle, Co.Cork, 18204",Clonmoyle,Cork,18204,18204,,,797,448,2334,3579,173,2609.3,,,,,,Clonmoyle,Cork
"Doire Fhínín, Co.Cork, 18205",Doire Fhínín,Cork,18205,18205,,,248,225,833,1306,1709,1113.1,,,,,,Doire Fhínín,Cork
"Gort na Tiobratan, Co.Cork, 18206",Gort na Tiobratan,Cork,18206,18206,,,187,539,1143,1869,6226,1926.9,,,,,,Gort na Tiobratan,Cork
"Gowlane, Co.Cork, 18207",Gowlane,Cork,18207,18207,,,2826,333,5381,8540,201,6259.6,,,,,,Gowlane,Cork
"Greenville, Co.Cork, 18208",Greenville,Cork,18208,18208,,,885,229,1768,2882,173,2175.4,,,,,,Greenville,Cork
"Inchigeelagh, Co.Cork, 18209",Inchigeelagh,Cork,18209,18209,,,600,256,1410,2266,2331,1886.4,,,,,,Inchigeelagh,Cork
"Kilberrihert, Co.Cork, 18210",Kilberrihert,Cork,18210,18210,,,1260,947,3946,6153,3701,4781.6,,,,,,Kilberrihert,Cork
"Kilcullen, Co.Cork, 18211",Kilcullen,Cork,18211,18211,,,1717,435,3161,5313,378,4003.7,,,,,,Kilcullen,Cork
"Cill na Martra, Co.Cork, 18212",Cill na Martra,Cork,18212,18212,,,1241,587,2764,4592,669,3429.5,,,,,,Cill na Martra,Cork
"Macloneigh, Co.Cork, 18213",Macloneigh,Cork,18213,18213,,,946,397,2485,3828,286,2946.3,,,,,,Macloneigh,Cork
"Magourney, Co.Cork, 18214",Magourney,Cork,18214,18214,,,1061,125,1875,3061,0,3482.7,,,,,,Magourney,Cork
"Mashanaglass, Co.Cork, 18215",Mashanaglass,Cork,18215,18215,,,717,210,1485,2412,535,1797,,,,,,Mashanaglass,Cork
"Mountrivers, Co.Cork, 18216",Mountrivers,Cork,18216,18216,,,897,623,3199,4719,578,3544.3,,,,,,Mountrivers,Cork
"Rahalisk, Co.Cork, 18217",Rahalisk,Cork,18217,18217,,,1244,543,3707,5494,4087,4461.5,,,,,,Rahalisk,Cork
"An Sliabh Riabhach, Co.Cork, 18218",An Sliabh Riabhach,Cork,18218,18218,,,378,521,1483,2382,5061,2215.7,,,,,,An Sliabh Riabhach,Cork
"Na hUláin, Co.Cork, 18219",Na hUláin,Cork,18219,18219,,,713,427,2300,3440,1586,2626.3,,,,,,Na hUláin,Cork
"Warrenscourt, Co.Cork, 18220",Warrenscourt,Cork,18220,18220,,,1711,180,4327,6218,413,6141.1,,,,,,Warrenscourt,Cork
"Ardskeagh, Co.Cork, 18221",Ardskeagh,Cork,18221,18221,,,598,255,1613,2466,173,1984.5,,,,,,Ardskeagh,Cork
"Ballyclogh, Co.Cork, 18222",Ballyclogh,Cork,18222,18222,,,1037,196,1701,2934,173,2314.4,,,,,,Ballyclogh,Cork
"Ballynamona, Co.Cork, 18223",Ballynamona,Cork,18223,18223,,,1868,346,4052,6266,1180,4843.9,,,,,,Ballynamona,Cork
"Buttevant, Co.Cork, 18224",Buttevant,Cork,18224,18224,,,1231,451,3810,5492,481,4165.5,,,,,,Buttevant,Cork
"Caherduggan, Co.Cork, 18225",Caherduggan,Cork,18225,18225,,,607,118,1027,1752,378,1369.7,,,,,,Caherduggan,Cork
"Carrig, Co.Cork, 18226",Carrig,Cork,18226,18226,,,430,115,836,1381,173,1055.5,,,,,,Carrig,Cork
"Churchtown, Co.Cork, 18227",Churchtown,Cork,18227,18227,,,1299,580,3710,5589,378,4283.5,,,,,,Churchtown,Cork
"Clenor, Co.Cork, 18228",Clenor,Cork,18228,18228,,,663,119,1067,1849,173,3972.3,,,,,,Clenor,Cork
"Doneraile, Co.Cork, 18229",Doneraile,Cork,18229,18229,,,517,248,1820,2585,229,1938.2,,,,,,Doneraile,Cork
"Dromore, Co.Cork, 18230",Dromore,Cork,18230,18230,,,2155,837,4803,7795,271,5798.2,,,,,,Dromore,Cork
"Imphrick, Co.Cork, 18231",Imphrick,Cork,18231,18231,,,1409,200,2201,3810,173,3034.1,,,,,,Imphrick,Cork
"Kilmaclenine, Co.Cork, 18232",Kilmaclenine,Cork,18232,18232,,,1289,324,2377,3990,285,3125.6,,,,,,Kilmaclenine,Cork
"Kilshannig, Co.Cork, 18233",Kilshannig,Cork,18233,18233,,,1652,499,4036,6187,822,5252.9,,,,,,Kilshannig,Cork
"Liscarroll, Co.Cork, 18234",Liscarroll,Cork,18234,18234,,,825,240,1750,2815,173,2145,,,,,,Liscarroll,Cork
"Mallow Rural, Co.Cork, 18235",Mallow Rural,Cork,18235,18235,,,1280,427,2219,3926,357,2993.7,,,,,,Mallow Rural,Cork
"Milltown, Co.Cork, 18236",Milltown,Cork,18236,18236,,,1252,193,2145,3590,293,2798.9,,,,,,Milltown,Cork
"Monanimy, Co.Cork, 18237",Monanimy,Cork,18237,18237,,,1199,329,1988,3516,167,2998.4,,,,,,Monanimy,Cork
"Rahan, Co.Cork, 18238",Rahan,Cork,18238,18238,,,1530,422,3019,4971,445,3741.9,,,,,,Rahan,Cork
"Rathluirc, Co.Cork, 18239",Rathluirc,Cork,18239,18239,,,1521,189,1713,3423,173,2732.2,,,,,,Rathluirc,Cork
"Shanballymore, Co.Cork, 18240",Shanballymore,Cork,18240,18240,,,652,256,1647,2555,509,1865.8,,,,,,Shanballymore,Cork
"Skahanagh, Co.Cork, 18241",Skahanagh,Cork,18241,18241,,,296,284,1388,1968,292,1448.9,,,,,,Skahanagh,Cork
"Springfort, Co.Cork, 18242",Springfort,Cork,18242,18242,,,1386,284,1962,3632,173,2897.5,,,,,,Springfort,Cork
"Streamhill, Co.Cork, 18243",Streamhill,Cork,18243,18243,,,147,113,476,736,0,530.4,,,,,,Streamhill,Cork
"Templemary, Co.Cork, 18244",Templemary,Cork,18244,18244,,,1073,226,1585,2884,173,2274.7,,,,,,Templemary,Cork
"Wallstown, Co.Cork, 18245",Wallstown,Cork,18245,18245,,,247,227,1232,1706,173,1295.7,,,,,,Wallstown,Cork
"Ballintemple, Co.Cork, 18246",Ballintemple,Cork,18246,18246,,,643,227,2537,3407,173,2460.3,,,,,,Ballintemple,Cork
"Ballycottin, Co.Cork, 18247",Ballycottin,Cork,18247,18247,,,415,88,939,1442,287,1126,,,,,,Ballycottin,Cork
"Ballyspillane, Co.Cork, 18248",Ballyspillane,Cork,18248,18248,,,182,201,2165,2548,173,1882.8,,,,,,Ballyspillane,Cork
"Carrigtohill, Co.Cork, 18249",Carrigtohill,Cork,18249,18249,,,1349,521,3709,5579,1419,4480.2,,,,,,Carrigtohill,Cork
"Castlemartyr, Co.Cork, 18250",Castlemartyr,Cork,18250,18250,,,955,206,2159,3320,1296,3560.6,,,,,,Castlemartyr,Cork
"Clonmult, Co.Cork, 18251",Clonmult,Cork,18251,18251,,,579,52,1271,1902,173,1482.2,,,,,,Clonmult,Cork
"Cloyne, Co.Cork, 18252",Cloyne,Cork,18252,18252,,,944,398,2262,3604,1515,3023.9,,,,,,Cloyne,Cork
"Corkbeg, Co.Cork, 18253",Corkbeg,Cork,18253,18253,,,152,30,1040,1222,483,981.8,,,,,,Corkbeg,Cork
"Dangan, Co.Cork, 18254",Dangan,Cork,18254,18254,,,274,149,1136,1559,173,1228.2,,,,,,Dangan,Cork
"Dungourney, Co.Cork, 18255",Dungourney,Cork,18255,18255,,,1221,293,2958,4472,358,3469.5,,,,,,Dungourney,Cork
"Garryvoe, Co.Cork, 18256",Garryvoe,Cork,18256,18256,,,960,129,1727,2816,301,2094.5,,,,,,Garryvoe,Cork
"Ightermurragh, Co.Cork, 18257",Ightermurragh,Cork,18257,18257,,,1067,223,1794,3084,1610,2471.3,,,,,,Ightermurragh,Cork
"Inch, Co.Cork, 18258",Inch,Cork,18258,18258,,,459,141,1176,1776,2853,1683.7,,,,,,Inch,Cork
"Lisgoold, Co.Cork, 18259",Lisgoold,Cork,18259,18259,,,914,225,3168,4307,2157,3324.4,,,,,,Lisgoold,Cork
"Midleton Rural, Co.Cork, 18260",Midleton Rural,Cork,18260,18260,,,294,400,2434,3128,2169,5458.9,,,,,,Midleton Rural,Cork
"Mogeely, Co.Cork, 18261",Mogeely,Cork,18261,18261,,,392,108,1271,1771,173,1384,,,,,,Mogeely,Cork
"Rostellan, Co.Cork, 18262",Rostellan,Cork,18262,18262,,,271,193,1059,1523,1115,1215.4,,,,,,Rostellan,Cork
"Templebodan, Co.Cork, 18263",Templebodan,Cork,18263,18263,,,1236,476,2956,4668,598,3620.7,,,,,,Templebodan,Cork
"Templenacarriga, Co.Cork, 18264",Templenacarriga,Cork,18264,18264,,,397,266,1958,2621,1203,2166.7,,,,,,Templenacarriga,Cork
"Caherbarnagh, Co.Cork, 18265",Caherbarnagh,Cork,18265,18265,,,1213,326,2321,3860,5593,3417.4,,,,,,Caherbarnagh,Cork
"Coomlogane, Co.Cork, 18266",Coomlogane,Cork,18266,18266,,,881,496,2311,3688,5286,3265.1,,,,,,Coomlogane,Cork
"Crinnaloo, Co.Cork, 18267",Crinnaloo,Cork,18267,18267,,,337,159,1283,1779,173,1326.6,,,,,,Crinnaloo,Cork
"Cullen, Co.Cork, 18268",Cullen,Cork,18268,18268,,,776,231,1136,2143,173,1674.5,,,,,,Cullen,Cork
"Derragh, Co.Cork, 18269",Derragh,Cork,18269,18269,,,883,275,977,2135,303,1696.7,,,,,,Derragh,Cork
"Doonasleen, Co.Cork, 18270",Doonasleen,Cork,18270,18270,,,862,276,1385,2523,0,1954.7,,,,,,Doonasleen,Cork
"Drishane, Co.Cork, 18271",Drishane,Cork,18271,18271,,,1059,418,2731,4208,2412,3432.5,,,,,,Drishane,Cork
"Keale, Co.Cork, 18272",Keale,Cork,18272,18272,,,1005,237,1841,3083,297,2300.1,,,,,,Keale,Cork
"Kilcorney, Co.Cork, 18273",Kilcorney,Cork,18273,18273,,,1220,287,2259,3766,256,2792.1,,,,,,Kilcorney,Cork
"Knocknagree, Co.Cork, 18274",Knocknagree,Cork,18274,18274,,,1202,395,2187,3784,173,2886.3,,,,,,Knocknagree,Cork
"Rathcool, Co.Cork, 18275",Rathcool,Cork,18275,18275,,,1171,167,1553,2891,431,2297.2,,,,,,Rathcool,Cork
"Skagh, Co.Cork, 18276",Skagh,Cork,18276,18276,,,738,328,1766,2832,173,2242.6,,,,,,Skagh,Cork
"Ballyarthur, Co.Cork, 18277",Ballyarthur,Cork,18277,18277,,,1005,217,2087,3309,0,2442.6,,,,,,Ballyarthur,Cork
"Derryvillane, Co.Cork, 18278",Derryvillane,Cork,18278,18278,,,1311,223,2754,4288,416,8189.6,,,,,,Derryvillane,Cork
"Farahy, Co.Cork, 18279",Farahy,Cork,18279,18279,,,749,236,1620,2605,0,2002.9,,,,,,Farahy,Cork
"Kildorrery, Co.Cork, 18280",Kildorrery,Cork,18280,18280,,,739,218,1897,2854,236,2215.9,,,,,,Kildorrery,Cork
"Kilgullane, Co.Cork, 18281",Kilgullane,Cork,18281,18281,,,498,212,1273,1983,0,9044.7,,,,,,Kilgullane,Cork
"Kilphelan, Co.Cork, 18282",Kilphelan,Cork,18282,18282,,,1123,431,2952,4506,496,3429.9,,,,,,Kilphelan,Cork
"Marshalstown, Co.Cork, 18283",Marshalstown,Cork,18283,18283,,,491,62,1127,1680,173,8052,,,,,,Marshalstown,Cork
"Mitchelstown, Co.Cork, 18284",Mitchelstown,Cork,18284,18284,,,2826,620,6362,9808,596,15944.1,,,,,,Mitchelstown,Cork
"Templemolaga, Co.Cork, 18285",Templemolaga,Cork,18285,18285,,,1057,197,2377,3631,0,2681.7,,,,,,Templemolaga,Cork
"Aghadown North, Co.Cork, 18286",Aghadown North,Cork,18286,18286,,,438,180,1031,1649,173,1266,,,,,,Aghadown North,Cork
"Aghadown South, Co.Cork, 18287",Aghadown South,Cork,18287,18287,,,800,729,2612,4141,173,3000.2,,,,,,Aghadown South,Cork
"Bredagh, Co.Cork, 18288",Bredagh,Cork,18288,18288,,,1432,237,2215,3884,0,2915.2,,,,,,Bredagh,Cork
"Caheragh, Co.Cork, 18289",Caheragh,Cork,18289,18289,,,557,515,1654,2726,309,2048.7,,,,,,Caheragh,Cork
"Cléire, Co.Cork, 18290",Cléire,Cork,18290,18290,,,124,310,614,1048,246,778.1,,,,,,Cléire,Cork
"Carrigbaun, Co.Cork, 18291",Carrigbaun,Cork,18291,18291,,,1050,408,1842,3300,173,2501.2,,,,,,Carrigbaun,Cork
"Castlehaven North, Co.Cork, 18292",Castlehaven North,Cork,18292,18292,,,2413,558,3048,6019,253,4695.7,,,,,,Castlehaven North,Cork
"Castlehaven South, Co.Cork, 18293",Castlehaven South,Cork,18293,18293,,,534,431,1305,2270,172,1728.8,,,,,,Castlehaven South,Cork
"Cloghdonnell, Co.Cork, 18294",Cloghdonnell,Cork,18294,18294,,,904,414,2267,3585,173,2651.2,,,,,,Cloghdonnell,Cork
"Cloonkeen, Co.Cork, 18295",Cloonkeen,Cork,18295,18295,,,768,391,1641,2800,233,2254.6,,,,,,Cloonkeen,Cork
"Drinagh, Co.Cork, 18296",Drinagh,Cork,18296,18296,,,613,307,1530,2450,1706,1996.1,,,,,,Drinagh,Cork
"Dromdaleague North, Co.Cork, 18297",Dromdaleague North,Cork,18297,18297,,,489,251,1088,1828,3250,1649.3,,,,,,Dromdaleague North,Cork
"Dromdaleague South, Co.Cork, 18298",Dromdaleague South,Cork,18298,18298,,,730,292,1660,2682,449,2017.2,,,,,,Dromdaleague South,Cork
"Garranes, Co.Cork, 18299",Garranes,Cork,18299,18299,,,564,434,1566,2564,173,1873.9,,,,,,Garranes,Cork
"Gortnascreeny, Co.Cork, 18300",Gortnascreeny,Cork,18300,18300,,,1429,444,2153,4026,760,3142.1,,,,,,Gortnascreeny,Cork
"Kilfaughnabeg, Co.Cork, 18301",Kilfaughnabeg,Cork,18301,18301,,,364,274,1020,1658,173,1224.1,,,,,,Kilfaughnabeg,Cork
"Killeenleagh, Co.Cork, 18302",Killeenleagh,Cork,18302,18302,,,1314,291,1892,3497,216,2732.2,,,,,,Killeenleagh,Cork
"Knockskagh, Co.Cork, 18303",Knockskagh,Cork,18303,18303,,,796,398,1891,3085,251,2901.3,,,,,,Knockskagh,Cork
"Myross, Co.Cork, 18304",Myross,Cork,18304,18304,,,484,287,1217,1988,173,1477.8,,,,,,Myross,Cork
"Shreelane, Co.Cork, 18305",Shreelane,Cork,18305,18305,,,1120,281,2080,3481,239,2657.7,,,,,,Shreelane,Cork
"Skibbereen Rural, Co.Cork, 18306",Skibbereen Rural,Cork,18306,18306,,,472,786,2329,3587,348,2618.3,,,,,,Skibbereen Rural,Cork
"Tullagh, Co.Cork, 18307",Tullagh,Cork,18307,18307,,,159,293,931,1383,173,1119,,,,,,Tullagh,Cork
"Woodfort, Co.Cork, 18308",Woodfort,Cork,18308,18308,,,1198,278,1721,3197,173,2467.6,,,,,,Woodfort,Cork
"Ballybane, Co.Cork, 18309",Ballybane,Cork,18309,18309,,,331,398,952,1681,811,1310,,,,,,Ballybane,Cork
"Ballydehob, Co.Cork, 18310",Ballydehob,Cork,18310,18310,,,384,753,1451,2588,215,1896,,,,,,Ballydehob,Cork
"Coolagh, Co.Cork, 18311",Coolagh,Cork,18311,18311,,,349,149,458,956,872,834.2,,,,,,Coolagh,Cork
"Crookhaven, Co.Cork, 18312",Crookhaven,Cork,18312,18312,,,272,484,1335,2091,1062,1680.5,,,,,,Crookhaven,Cork
"Dunbeacon, Co.Cork, 18313",Dunbeacon,Cork,18313,18313,,,389,364,968,1721,3320,1586.9,,,,,,Dunbeacon,Cork
"Dunmanus, Co.Cork, 18314",Dunmanus,Cork,18314,18314,,,490,380,1082,1952,1431,1603.7,,,,,,Dunmanus,Cork
"Goleen, Co.Cork, 18315",Goleen,Cork,18315,18315,,,131,417,592,1140,591,827.2,,,,,,Goleen,Cork
"Kilcoe, Co.Cork, 18316",Kilcoe,Cork,18316,18316,,,971,527,2343,3841,173,2943.7,,,,,,Kilcoe,Cork
"Lowertown, Co.Cork, 18317",Lowertown,Cork,18317,18317,,,509,244,1040,1793,173,1410.1,,,,,,Lowertown,Cork
"Skull, Co.Cork, 18318",Skull,Cork,18318,18318,,,438,260,840,1538,503,1253.5,,,,,,Skull,Cork
"Toormore, Co.Cork, 18319",Toormore,Cork,18319,18319,,,139,291,547,977,302,722,,,,,,Toormore,Cork
"Ardagh, Co.Cork, 18320",Ardagh,Cork,18320,18320,,,1789,372,3077,5238,322,4115.2,,,,,,Ardagh,Cork
"Clonpriest, Co.Cork, 18321",Clonpriest,Cork,18321,18321,,,1107,379,3024,4510,707,3534.9,,,,,,Clonpriest,Cork
"Kilcronat, Co.Cork, 18322",Kilcronat,Cork,18322,18322,,,553,245,1377,2175,497,1662,,,,,,Kilcronat,Cork
"Killeagh, Co.Cork, 18323",Killeagh,Cork,18323,18323,,,1441,352,2877,4670,1051,3521.3,,,,,,Killeagh,Cork
"Kilmacdonogh, Co.Cork, 18324",Kilmacdonogh,Cork,18324,18324,,,465,56,1509,2030,939,2201.9,,,,,,Kilmacdonogh,Cork
"Youghal Rural, Co.Cork, 18325",Youghal Rural,Cork,18325,18325,,,767,188,1596,2551,173,1908.2,,,,,,Youghal Rural,Cork
"Buncrana Urban, Co.Donegal, 33001",Buncrana Urban,Donegal,33001,33001,,,0,29,51,80,51,,,,,,,Buncrana Urban,Donegal
"Bundoran Urban, Co.Donegal, 33002",Bundoran Urban,Donegal,33002,33002,,,0,8,10,18,0,,,,,,,Bundoran Urban,Donegal
"Letterkenny Urban, Co.Donegal, 33003",Letterkenny Urban,Donegal,33003,33003,,,0,8,10,18,0,,,,,,,Letterkenny Urban,Donegal
"Ballintra, Co.Donegal, 33004",Ballintra,Donegal,33004,33004,,,0,769,1397,2166,2192,1716.5,,,,,,Ballintra,Donegal
"Ballyshannon Rural, Co.Donegal, 33005",Ballyshannon Rural,Donegal,33005,33005,,,82,1098,1707,2887,1308,2093.9,,,,,,Ballyshannon Rural,Donegal
"Ballyshannon Urban, Co.Donegal, 33006",Ballyshannon Urban,Donegal,33006,33006,,,0,45,112,157,0,104.1,,,,,,Ballyshannon Urban,Donegal
"Bundoran Rural, Co.Donegal, 33007",Bundoran Rural,Donegal,33007,33007,,,99,537,1005,1641,663,1260.5,,,,,,Bundoran Rural,Donegal
"Carrickboy, Co.Donegal, 33008",Carrickboy,Donegal,33008,33008,,,79,596,723,1398,31,966.7,,,,,,Carrickboy,Donegal
"Cavangarden, Co.Donegal, 33009",Cavangarden,Donegal,33009,33009,,,117,662,1011,1790,2426,1483.5,,,,,,Cavangarden,Donegal
"Cliff, Co.Donegal, 33010",Cliff,Donegal,33010,33010,,,0,242,393,635,28,436.7,,,,,,Cliff,Donegal
"Ballintra, Co.Donegal, 33011",Ballintra,Donegal,33011,33011,,,103,721,1361,2185,3730,1869.5,,,,,,Ballintra,Donegal
"An Bhinn Bhán, Co.Donegal, 33012",An Bhinn Bhán,Donegal,33012,33012,,,0,142,168,310,5302,753.7,,,,,,An Bhinn Bhán,Donegal
"Bonnyglen, Co.Donegal, 33013",Bonnyglen,Donegal,33013,33013,,,0,88,120,208,1946,333.1,,,,,,Bonnyglen,Donegal
"Clogher, Co.Donegal, 33014",Clogher,Donegal,33014,33014,,,0,345,819,1164,4011,1281.3,,,,,,Clogher,Donegal
"Corkermore, Co.Donegal, 33015",Corkermore,Donegal,33015,33015,,,0,212,289,501,2772,615.1,,,,,,Corkermore,Donegal
"Donegal, Co.Donegal, 33016",Donegal,Donegal,33016,33016,,,0,456,685,1141,2503,1046.1,,,,,,Donegal,Donegal
"Dunkineely, Co.Donegal, 33017",Dunkineely,Donegal,33017,33017,,,0,289,515,804,1748,768,,,,,,Dunkineely,Donegal
"Eanymore, Co.Donegal, 33018",Eanymore,Donegal,33018,33018,,,0,177,252,429,3500,646.7,,,,,,Eanymore,Donegal
"Grousehall, Co.Donegal, 33019",Grousehall,Donegal,33019,33019,,,0,182,188,370,6243,879.2,,,,,,Grousehall,Donegal
"Haugh, Co.Donegal, 33020",Haugh,Donegal,33020,33020,,,0,91,207,298,2271,422.8,,,,,,Haugh,Donegal
"Inver, Co.Donegal, 33021",Inver,Donegal,33021,33021,,,0,294,323,617,2377,669.9,,,,,,Inver,Donegal
"Laghy, Co.Donegal, 33022",Laghy,Donegal,33022,33022,,,96,331,446,873,4968,1084.9,,,,,,Laghy,Donegal
"Loch Iascaigh, Co.Donegal, 33023",Loch Iascaigh,Donegal,33023,33023,,,0,68,198,266,4042,589.4,,,,,,Loch Iascaigh,Donegal
"Pettigoe, Co.Donegal, 33024",Pettigoe,Donegal,33024,33024,,,0,456,600,1056,8665,1580.8,,,,,,Pettigoe,Donegal
"Tantallon, Co.Donegal, 33025",Tantallon,Donegal,33025,33025,,,0,574,1009,1583,1517,1219.8,,,,,,Tantallon,Donegal
"Tawnawully, Co.Donegal, 33026",Tawnawully,Donegal,33026,33026,,,0,162,171,333,3412,558.8,,,,,,Tawnawully,Donegal
"Templecarn, Co.Donegal, 33027",Templecarn,Donegal,33027,33027,,,20,269,293,582,4162,801.4,,,,,,Templecarn,Donegal
"Tullynaught, Co.Donegal, 33028",Tullynaught,Donegal,33028,33028,,,0,437,709,1146,5172,1278.7,,,,,,Tullynaught,Donegal
"Ards, Co.Donegal, 33029",Ards,Donegal,33029,33029,,,95,283,441,819,2333,771.8,,,,,,Ards,Donegal
"Críoch na Sméar, Co.Donegal, 33030",Críoch na Sméar,Donegal,33030,33030,,,0,196,305,501,3539,700.8,,,,,,Críoch na Sméar,Donegal
"An Craoslach, Co.Donegal, 33031",An Craoslach,Donegal,33031,33031,,,0,260,358,618,1786,575.6,,,,,,An Craoslach,Donegal
"Na Croisbhealaí, Co.Donegal, 33032",Na Croisbhealaí,Donegal,33032,33032,,,0,444,595,1039,8408,1533.5,,,,,,Na Croisbhealaí,Donegal
"Caisleán na dTuath, Co.Donegal, 33033",Caisleán na dTuath,Donegal,33033,33033,,,0,167,222,389,610,320.5,,,,,,Caisleán na dTuath,Donegal
"Dún Fionnachaidh, Co.Donegal, 33034",Dún Fionnachaidh,Donegal,33034,33034,,,89,438,716,1243,10821,1945.9,,,,,,Dún Fionnachaidh,Donegal
"Dún Lúiche, Co.Donegal, 33035",Dún Lúiche,Donegal,33035,33035,,,0,134,168,302,5543,767.5,,,,,,Dún Lúiche,Donegal
"Gort an Choirce, Co.Donegal, 33036",Gort an Choirce,Donegal,33036,33036,,,0,133,174,307,3513,587.8,,,,,,Gort an Choirce,Donegal
"Machaire Chlochair, Co.Donegal, 33037",Machaire Chlochair,Donegal,33037,33037,,,0,88,106,194,5361,700.3,,,,,,Machaire Chlochair,Donegal
"Mín an Chladaigh, Co.Donegal, 33038",Mín an Chladaigh,Donegal,33038,33038,,,0,24,43,67,1680,216.6,,,,,,Mín an Chladaigh,Donegal
"Anagaire, Co.Donegal, 33039",Anagaire,Donegal,33039,33039,,,0,149,169,318,685,292.5,,,,,,Anagaire,Donegal
"Ard an Rátha, Co.Donegal, 33040",Ard an Rátha,Donegal,33040,33040,,,0,8,10,18,1119,118.3,,,,,,Ard an Rátha,Donegal
"Ard an Rátha, Co.Donegal, 33041",Ard an Rátha,Donegal,33041,33041,,,0,220,287,507,3876,739.1,,,,,,Ard an Rátha,Donegal
"Cró Bheithe, Co.Donegal, 33042",Cró Bheithe,Donegal,33042,33042,,,0,42,240,282,2981,466.3,,,,,,Cró Bheithe,Donegal
"Cró Chaorach, Co.Donegal, 33043",Cró Chaorach,Donegal,33043,33043,,,0,22,29,51,5923,634,,,,,,Cró Chaorach,Donegal
"Crownarad, Co.Donegal, 33044",Crownarad,Donegal,33044,33044,,,0,45,71,116,3227,399.4,,,,,,Crownarad,Donegal
"Dawros, Co.Donegal, 33045",Dawros,Donegal,33045,33045,,,0,419,474,893,950,701.1,,,,,,Dawros,Donegal
"An Dúchoraidh, Co.Donegal, 33046",An Dúchoraidh,Donegal,33046,33046,,,0,13,14,27,1114,113.7,,,,,,An Dúchoraidh,Donegal
"An Clochán Liath, Co.Donegal, 33047",An Clochán Liath,Donegal,33047,33047,,,0,63,73,136,439,132.4,,,,,,An Clochán Liath,Donegal
"Baile na Finne, Co.Donegal, 33048",Baile na Finne,Donegal,33048,33048,,,0,61,75,136,3154,408.7,,,,,,Baile na Finne,Donegal
"Gleann Cholm Cille, Co.Donegal, 33049",Gleann Cholm Cille,Donegal,33049,33049,,,0,36,40,76,5979,653.7,,,,,,Gleann Cholm Cille,Donegal
"Gleann Gheis, Co.Donegal, 33050",Gleann Gheis,Donegal,33050,33050,,,0,371,453,824,9448,1664.8,,,,,,Gleann Gheis,Donegal
"Gleann Léithín, Co.Donegal, 33051",Gleann Léithín,Donegal,33051,33051,,,0,109,369,478,5716,944.1,,,,,,Gleann Léithín,Donegal
"Na Gleannta, Co.Donegal, 33052",Na Gleannta,Donegal,33052,33052,,,0,327,609,936,6635,1277.4,,,,,,Na Gleannta,Donegal
"An Ghrafaidh, Co.Donegal, 33053",An Ghrafaidh,Donegal,33053,33053,,,0,117,144,261,10165,1187.7,,,,,,An Ghrafaidh,Donegal
"Inis Caoil, Co.Donegal, 33054",Inis Caoil,Donegal,33054,33054,,,0,15,16,31,8100,819.1,,,,,,Inis Caoil,Donegal
"Cill Charthaigh, Co.Donegal, 33055",Cill Charthaigh,Donegal,33055,33055,,,0,74,84,158,3280,432.3,,,,,,Cill Charthaigh,Donegal
"Cill Ghabhlaigh, Co.Donegal, 33056",Cill Ghabhlaigh,Donegal,33056,33056,,,0,46,53,99,7104,778.8,,,,,,Cill Ghabhlaigh,Donegal
"Killybegs, Co.Donegal, 33057",Killybegs,Donegal,33057,33057,,,0,200,284,484,3227,665.1,,,,,,Killybegs,Donegal
"An Leargaidh Mhór, Co.Donegal, 33058",An Leargaidh Mhór,Donegal,33058,33058,,,0,58,74,132,4812,574.2,,,,,,An Leargaidh Mhór,Donegal
"Leitir Mhic an Bhaird, Co.Donegal, 33059",Leitir Mhic an Bhaird,Donegal,33059,33059,,,0,290,381,671,2495,692.5,,,,,,Leitir Mhic an Bhaird,Donegal
"Maas, Co.Donegal, 33060",Maas,Donegal,33060,33060,,,0,216,288,504,1420,473.4,,,,,,Maas,Donegal
"An Machaire, Co.Donegal, 33061",An Machaire,Donegal,33061,33061,,,0,241,282,523,1044,458.3,,,,,,An Machaire,Donegal
"Málainn Bhig, Co.Donegal, 33062",Málainn Bhig,Donegal,33062,33062,,,0,33,44,77,4877,540.7,,,,,,Málainn Bhig,Donegal
"Maol Mosóg, Co.Donegal, 33063",Maol Mosóg,Donegal,33063,33063,,,0,55,89,144,3367,437.5,,,,,,Maol Mosóg,Donegal
"Inis Mhic an Doirn, Co.Donegal, 33064",Inis Mhic an Doirn,Donegal,33064,33064,,,0,66,83,149,307,151.3,,,,,,Inis Mhic an Doirn,Donegal
"Tieveskeelta, Co.Donegal, 33065",Tieveskeelta,Donegal,33065,33065,,,0,39,84,123,1494,238.2,,,,,,Tieveskeelta,Donegal
"Ardmalin, Co.Donegal, 33066",Ardmalin,Donegal,33066,33066,,,117,669,1030,1816,5264,2114.4,,,,,,Ardmalin,Donegal
"Ballyliffin, Co.Donegal, 33067",Ballyliffin,Donegal,33067,33067,,,0,389,824,1213,7884,1592,,,,,,Ballyliffin,Donegal
"Birdstown, Co.Donegal, 33068",Birdstown,Donegal,33068,33068,,,98,345,942,1385,7320,1846.7,,,,,,Birdstown,Donegal
"Buncrana Rural, Co.Donegal, 33069",Buncrana Rural,Donegal,33069,33069,,,102,361,669,1132,4220,1168.4,,,,,,Buncrana Rural,Donegal
"Burt, Co.Donegal, 33070",Burt,Donegal,33070,33070,,,158,506,2934,3598,4921,3343.7,,,,,,Burt,Donegal
"Carndonagh, Co.Donegal, 33071",Carndonagh,Donegal,33071,33071,,,0,368,685,1053,8579,2478.2,,,,,,Carndonagh,Donegal
"Carthage, Co.Donegal, 33072",Carthage,Donegal,33072,33072,,,113,512,990,1615,2320,1326,,,,,,Carthage,Donegal
"Castlecary, Co.Donegal, 33073",Castlecary,Donegal,33073,33073,,,120,361,1468,1949,1705,1502,,,,,,Castlecary,Donegal
"Castleforward, Co.Donegal, 33074",Castleforward,Donegal,33074,33074,,,0,142,1367,1509,4548,1763.2,,,,,,Castleforward,Donegal
"Culdaff, Co.Donegal, 33075",Culdaff,Donegal,33075,33075,,,226,508,1407,2141,4459,1907.7,,,,,,Culdaff,Donegal
"Desertegny, Co.Donegal, 33076",Desertegny,Donegal,33076,33076,,,0,353,685,1038,5497,1244.3,,,,,,Desertegny,Donegal
"Dunaff, Co.Donegal, 33077",Dunaff,Donegal,33077,33077,,,0,215,450,665,3275,767.7,,,,,,Dunaff,Donegal
"Fahan, Co.Donegal, 33078",Fahan,Donegal,33078,33078,,,468,347,1368,2183,6320,2437.9,,,,,,Fahan,Donegal
"Glennagannon, Co.Donegal, 33079",Glennagannon,Donegal,33079,33079,,,98,351,1114,1563,4262,1444.5,,,,,,Glennagannon,Donegal
"Gleneely, Co.Donegal, 33080",Gleneely,Donegal,33080,33080,,,85,640,1562,2287,9100,2674.7,,,,,,Gleneely,Donegal
"Glentogher, Co.Donegal, 33081",Glentogher,Donegal,33081,33081,,,0,124,247,371,8419,1193,,,,,,Glentogher,Donegal
"Greencastle, Co.Donegal, 33082",Greencastle,Donegal,33082,33082,,,103,210,876,1189,6576,1539.8,,,,,,Greencastle,Donegal
"Illies, Co.Donegal, 33083",Illies,Donegal,33083,33083,,,0,262,775,1037,11237,1859.4,,,,,,Illies,Donegal
"Inch Island, Co.Donegal, 33084",Inch Island,Donegal,33084,33084,,,0,148,642,790,3021,878.4,,,,,,Inch Island,Donegal
"Kilderry, Co.Donegal, 33085",Kilderry,Donegal,33085,33085,,,391,575,1835,2801,6021,2530.8,,,,,,Kilderry,Donegal
"Killea, Co.Donegal, 33086",Killea,Donegal,33086,33086,,,633,596,3427,4656,2676,3596.4,,,,,,Killea,Donegal
"Malin, Co.Donegal, 33087",Malin,Donegal,33087,33087,,,91,540,1018,1649,5658,2232.1,,,,,,Malin,Donegal
"Mintiaghs, Co.Donegal, 33088",Mintiaghs,Donegal,33088,33088,,,0,227,405,632,6645,1088.4,,,,,,Mintiaghs,Donegal
"Moville, Co.Donegal, 33089",Moville,Donegal,33089,33089,,,76,293,647,1016,1775,887.7,,,,,,Moville,Donegal
"Newtown Cunningham, Co.Donegal, 33090",Newtown Cunningham,Donegal,33090,33090,,,143,567,2214,2924,2262,2324.6,,,,,,Newtown Cunningham,Donegal
"Redcastle, Co.Donegal, 33091",Redcastle,Donegal,33091,33091,,,0,292,664,956,5755,1249.6,,,,,,Redcastle,Donegal
"Straid, Co.Donegal, 33092",Straid,Donegal,33092,33092,,,0,259,370,629,5899,1025.4,,,,,,Straid,Donegal
"Three Trees, Co.Donegal, 33093",Three Trees,Donegal,33093,33093,,,96,192,594,882,5340,1119.2,,,,,,Three Trees,Donegal
"Turmone, Co.Donegal, 33094",Turmone,Donegal,33094,33094,,,85,580,1045,1710,4304,1551,,,,,,Turmone,Donegal
"Whitecastle, Co.Donegal, 33095",Whitecastle,Donegal,33095,33095,,,98,285,1173,1556,11370,2234.2,,,,,,Whitecastle,Donegal
"Ballymacool, Co.Donegal, 33096",Ballymacool,Donegal,33096,33096,,,0,203,523,726,2722,767.7,,,,,,Ballymacool,Donegal
"Castlewray, Co.Donegal, 33097",Castlewray,Donegal,33097,33097,,,97,245,1249,1591,2348,1359,,,,,,Castlewray,Donegal
"Mín an Lábáin, Co.Donegal, 33098",Mín an Lábáin,Donegal,33098,33098,,,0,224,336,560,5048,892.3,,,,,,Mín an Lábáin,Donegal
"Corravaddy, Co.Donegal, 33099",Corravaddy,Donegal,33099,33099,,,80,262,465,807,4369,979.2,,,,,,Corravaddy,Donegal
"Edenacarnan, Co.Donegal, 33100",Edenacarnan,Donegal,33100,33100,,,85,747,1395,2227,7129,2759.3,,,,,,Edenacarnan,Donegal
"Gartán, Co.Donegal, 33101",Gartán,Donegal,33101,33101,,,0,126,180,306,1327,327.9,,,,,,Gartán,Donegal
"Gortnavern, Co.Donegal, 33102",Gortnavern,Donegal,33102,33102,,,102,298,755,1155,2204,1002.7,,,,,,Gortnavern,Donegal
"Killymasny, Co.Donegal, 33103",Killymasny,Donegal,33103,33103,,,102,272,758,1132,4209,1327.7,,,,,,Killymasny,Donegal
"Kincraigy, Co.Donegal, 33104",Kincraigy,Donegal,33104,33104,,,402,422,3025,3849,3610,2951.7,,,,,,Kincraigy,Donegal
"Letterkenny Rural, Co.Donegal, 33105",Letterkenny Rural,Donegal,33105,33105,,,0,155,422,577,1163,523.8,,,,,,Letterkenny Rural,Donegal
"Magheraboy, Co.Donegal, 33106",Magheraboy,Donegal,33106,33106,,,0,609,2442,3051,4648,2494.3,,,,,,Magheraboy,Donegal
"Manorcunningham, Co.Donegal, 33107",Manorcunningham,Donegal,33107,33107,,,101,323,1715,2139,2592,1851.3,,,,,,Manorcunningham,Donegal
"Suí Corr, Co.Donegal, 33108",Suí Corr,Donegal,33108,33108,,,0,30,31,61,3372,455.1,,,,,,Suí Corr,Donegal
"Templedouglas, Co.Donegal, 33109",Templedouglas,Donegal,33109,33109,,,91,651,1041,1783,6375,1920.5,,,,,,Templedouglas,Donegal
"Ballyarr, Co.Donegal, 33110",Ballyarr,Donegal,33110,33110,,,76,313,1121,1510,3220,1345.8,,,,,,Ballyarr,Donegal
"Carraig Airt, Co.Donegal, 33111",Carraig Airt,Donegal,33111,33111,,,0,380,604,984,819,737.8,,,,,,Carraig Airt,Donegal
"An Cheathrú Chaol, Co.Donegal, 33112",An Cheathrú Chaol,Donegal,33112,33112,,,0,554,833,1387,3901,1293.7,,,,,,An Cheathrú Chaol,Donegal
"Creamhghort, Co.Donegal, 33113",Creamhghort,Donegal,33113,33113,,,0,407,705,1112,2333,978.3,,,,,,Creamhghort,Donegal
"Fánaid Thuaidh, Co.Donegal, 33114",Fánaid Thuaidh,Donegal,33114,33114,,,0,647,1008,1655,4619,1599.4,,,,,,Fánaid Thuaidh,Donegal
"Fánaid Thiar, Co.Donegal, 33115",Fánaid Thiar,Donegal,33115,33115,,,127,702,1383,2212,2320,1713.6,,,,,,Fánaid Thiar,Donegal
"Glen, Co.Donegal, 33116",Glen,Donegal,33116,33116,,,23,87,113,223,1328,299,,,,,,Glen,Donegal
"Glenalla, Co.Donegal, 33117",Glenalla,Donegal,33117,33117,,,103,370,794,1267,4566,1379.3,,,,,,Glenalla,Donegal
"Grianfort, Co.Donegal, 33118",Grianfort,Donegal,33118,33118,,,0,480,701,1181,2014,967.4,,,,,,Grianfort,Donegal
"Killygarvan, Co.Donegal, 33119",Killygarvan,Donegal,33119,33119,,,0,154,273,427,978,380.1,,,,,,Killygarvan,Donegal
"Kilmacrenan, Co.Donegal, 33120",Kilmacrenan,Donegal,33120,33120,,,86,349,664,1099,1943,950.8,,,,,,Kilmacrenan,Donegal
"Cnoc Colbha, Co.Donegal, 33121",Cnoc Colbha,Donegal,33121,33121,,,96,326,462,884,1463,760.1,,,,,,Cnoc Colbha,Donegal
"Loch Caol, Co.Donegal, 33122",Loch Caol,Donegal,33122,33122,,,109,443,828,1380,3261,1271.5,,,,,,Loch Caol,Donegal
"Millford, Co.Donegal, 33123",Millford,Donegal,33123,33123,,,93,313,846,1252,3004,1172.4,,,,,,Millford,Donegal
"Rathmelton, Co.Donegal, 33124",Rathmelton,Donegal,33124,33124,,,918,1079,3882,5879,4717,4608.6,,,,,,Rathmelton,Donegal
"Rathmullan, Co.Donegal, 33125",Rathmullan,Donegal,33125,33125,,,101,289,660,1050,2715,985.6,,,,,,Rathmullan,Donegal
"Ros Goill, Co.Donegal, 33126",Ros Goill,Donegal,33126,33126,,,64,200,268,532,1447,498.6,,,,,,Ros Goill,Donegal
"Rosnakill, Co.Donegal, 33127",Rosnakill,Donegal,33127,33127,,,118,515,1228,1861,1952,1457.8,,,,,,Rosnakill,Donegal
"An Tearmann, Co.Donegal, 33128",An Tearmann,Donegal,33128,33128,,,102,419,599,1120,5835,1329.4,,,,,,An Tearmann,Donegal
"Allt na Péiste, Co.Donegal, 33129",Allt na Péiste,Donegal,33129,33129,,,0,257,577,834,9378,1492.3,,,,,,Allt na Péiste,Donegal
"Castlefinn, Co.Donegal, 33130",Castlefinn,Donegal,33130,33130,,,673,660,4285,5618,2645,4197.2,,,,,,Castlefinn,Donegal
"An Clochán, Co.Donegal, 33131",An Clochán,Donegal,33131,33131,,,84,622,864,1570,16345,2671.6,,,,,,An Clochán,Donegal
"Cloghard, Co.Donegal, 33132",Cloghard,Donegal,33132,33132,,,1111,314,2237,3662,1742,2900.3,,,,,,Cloghard,Donegal
"Clonleigh North, Co.Donegal, 33133",Clonleigh North,Donegal,33133,33133,,,1005,536,2774,4315,971,3446.9,,,,,,Clonleigh North,Donegal
"Clonleigh South, Co.Donegal, 33134",Clonleigh South,Donegal,33134,33134,,,940,408,2636,3984,2004,4281.8,,,,,,Clonleigh South,Donegal
"Convoy, Co.Donegal, 33135",Convoy,Donegal,33135,33135,,,725,823,2909,4457,4623,3589,,,,,,Convoy,Donegal
"Dooish, Co.Donegal, 33136",Dooish,Donegal,33136,33136,,,0,240,537,777,2586,771.2,,,,,,Dooish,Donegal
"Feddyglass, Co.Donegal, 33137",Feddyglass,Donegal,33137,33137,,,631,345,2801,3777,574,7077.3,,,,,,Feddyglass,Donegal
"Figart, Co.Donegal, 33138",Figart,Donegal,33138,33138,,,131,179,2473,2783,3489,2671.8,,,,,,Figart,Donegal
"Gleneely, Co.Donegal, 33139",Gleneely,Donegal,33139,33139,,,454,797,2713,3964,9014,3641.5,,,,,,Gleneely,Donegal
"Goland, Co.Donegal, 33140",Goland,Donegal,33140,33140,,,0,111,154,265,2091,383.2,,,,,,Goland,Donegal
"Killygordon, Co.Donegal, 33141",Killygordon,Donegal,33141,33141,,,747,527,2854,4128,3430,3268.3,,,,,,Killygordon,Donegal
"Knock, Co.Donegal, 33142",Knock,Donegal,33142,33142,,,0,337,621,958,1451,789.4,,,,,,Knock,Donegal
"Lettermore, Co.Donegal, 33143",Lettermore,Donegal,33143,33143,,,107,272,981,1360,6747,1632.2,,,,,,Lettermore,Donegal
"Mín Charraigeach, Co.Donegal, 33144",Mín Charraigeach,Donegal,33144,33144,,,0,55,372,427,4282,746.7,,,,,,Mín Charraigeach,Donegal
"Raphoe, Co.Donegal, 33145",Raphoe,Donegal,33145,33145,,,160,253,3258,3671,3354,2782.1,,,,,,Raphoe,Donegal
"St. Johnstown, Co.Donegal, 33146",St. Johnstown,Donegal,33146,33146,,,352,352,2382,3086,507,2234.6,,,,,,St. Johnstown,Donegal
"Stranorlar, Co.Donegal, 33147",Stranorlar,Donegal,33147,33147,,,105,602,1680,2387,4522,2229.3,,,,,,Stranorlar,Donegal
"Treantaghmucklagh, Co.Donegal, 33148",Treantaghmucklagh,Donegal,33148,33148,,,494,408,1990,2892,2849,2382.9,,,,,,Treantaghmucklagh,Donegal
"Urney West, Co.Donegal, 33149",Urney West,Donegal,33149,33149,,,580,504,2076,3160,2104,2407.8,,,,,,Urney West,Donegal
"Arran Quay A, Co.Dublin, 02001",Arran Quay A,Dublin,02001,02001,,,0,0,0,0,0,,,,,,,Arran Quay A,Dublin
"Arran Quay B, Co.Dublin, 02002",Arran Quay B,Dublin,02002,02002,,,0,0,0,0,0,,,,,,,Arran Quay B,Dublin
"Arran Quay C, Co.Dublin, 02003",Arran Quay C,Dublin,02003,02003,,,0,0,0,0,0,,,,,,,Arran Quay C,Dublin
"Arran Quay D, Co.Dublin, 02004",Arran Quay D,Dublin,02004,02004,,,0,0,0,0,0,,,,,,,Arran Quay D,Dublin
"Arran Quay E, Co.Dublin, 02005",Arran Quay E,Dublin,02005,02005,,,0,0,0,0,0,,,,,,,Arran Quay E,Dublin
"Ashtown A, Co.Dublin, 02006",Ashtown A,Dublin,02006,02006,,,0,0,0,0,0,,,,,,,Ashtown A,Dublin
"Ashtown B, Co.Dublin, 02007",Ashtown B,Dublin,02007,02007,,,0,0,0,0,0,,,,,,,Ashtown B,Dublin
"Ayrfield, Co.Dublin, 02008",Ayrfield,Dublin,02008,02008,,,0,0,0,0,0,,,,,,,Ayrfield,Dublin
"Ballybough A, Co.Dublin, 02009",Ballybough A,Dublin,02009,02009,,,0,0,0,0,0,,,,,,,Ballybough A,Dublin
"Ballybough B, Co.Dublin, 02010",Ballybough B,Dublin,02010,02010,,,0,0,0,0,0,,,,,,,Ballybough B,Dublin
"Ballygall A, Co.Dublin, 02011",Ballygall A,Dublin,02011,02011,,,0,0,0,0,0,,,,,,,Ballygall A,Dublin
"Ballygall B, Co.Dublin, 02012",Ballygall B,Dublin,02012,02012,,,0,0,0,0,0,,,,,,,Ballygall B,Dublin
"Ballygall C, Co.Dublin, 02013",Ballygall C,Dublin,02013,02013,,,0,0,0,0,0,,,,,,,Ballygall C,Dublin
"Ballygall D, Co.Dublin, 02014",Ballygall D,Dublin,02014,02014,,,0,0,0,0,0,,,,,,,Ballygall D,Dublin
"Ballymun A, Co.Dublin, 02015",Ballymun A,Dublin,02015,02015,,,0,0,0,0,0,,,,,,,Ballymun A,Dublin
"Ballymun B, Co.Dublin, 02016",Ballymun B,Dublin,02016,02016,,,0,0,0,0,0,,,,,,,Ballymun B,Dublin
"Ballymun C, Co.Dublin, 02017",Ballymun C,Dublin,02017,02017,,,0,0,0,0,0,,,,,,,Ballymun C,Dublin
"Ballymun D, Co.Dublin, 02018",Ballymun D,Dublin,02018,02018,,,0,0,0,0,0,,,,,,,Ballymun D,Dublin
"Ballymun E, Co.Dublin, 02019",Ballymun E,Dublin,02019,02019,,,0,0,0,0,0,,,,,,,Ballymun E,Dublin
"Ballymun F, Co.Dublin, 02020",Ballymun F,Dublin,02020,02020,,,0,0,0,0,0,,,,,,,Ballymun F,Dublin
"Beaumont A, Co.Dublin, 02021",Beaumont A,Dublin,02021,02021,,,0,0,0,0,0,,,,,,,Beaumont A,Dublin
"Beaumont B, Co.Dublin, 02022",Beaumont B,Dublin,02022,02022,,,0,0,0,0,0,,,,,,,Beaumont B,Dublin
"Beaumont C, Co.Dublin, 02023",Beaumont C,Dublin,02023,02023,,,0,0,0,0,0,,,,,,,Beaumont C,Dublin
"Beaumont D, Co.Dublin, 02024",Beaumont D,Dublin,02024,02024,,,0,0,0,0,0,,,,,,,Beaumont D,Dublin
"Beaumont E, Co.Dublin, 02025",Beaumont E,Dublin,02025,02025,,,0,0,0,0,0,,,,,,,Beaumont E,Dublin
"Beaumont F, Co.Dublin, 02026",Beaumont F,Dublin,02026,02026,,,0,0,0,0,0,,,,,,,Beaumont F,Dublin
"Botanic A, Co.Dublin, 02027",Botanic A,Dublin,02027,02027,,,0,0,0,0,0,,,,,,,Botanic A,Dublin
"Botanic B, Co.Dublin, 02028",Botanic B,Dublin,02028,02028,,,0,0,0,0,0,,,,,,,Botanic B,Dublin
"Botanic C, Co.Dublin, 02029",Botanic C,Dublin,02029,02029,,,0,0,0,0,0,,,,,,,Botanic C,Dublin
"Cabra East A, Co.Dublin, 02030",Cabra East A,Dublin,02030,02030,,,0,0,0,0,0,,,,,,,Cabra East A,Dublin
"Cabra East B, Co.Dublin, 02031",Cabra East B,Dublin,02031,02031,,,0,0,0,0,0,,,,,,,Cabra East B,Dublin
"Cabra East C, Co.Dublin, 02032",Cabra East C,Dublin,02032,02032,,,0,0,0,0,0,,,,,,,Cabra East C,Dublin
"Cabra West A, Co.Dublin, 02033",Cabra West A,Dublin,02033,02033,,,0,0,0,0,0,,,,,,,Cabra West A,Dublin
"Cabra West B, Co.Dublin, 02034",Cabra West B,Dublin,02034,02034,,,0,0,0,0,0,,,,,,,Cabra West B,Dublin
"Cabra West C, Co.Dublin, 02035",Cabra West C,Dublin,02035,02035,,,0,0,0,0,0,,,,,,,Cabra West C,Dublin
"Cabra West D, Co.Dublin, 02036",Cabra West D,Dublin,02036,02036,,,0,0,0,0,0,,,,,,,Cabra West D,Dublin
"Clontarf East A, Co.Dublin, 02037",Clontarf East A,Dublin,02037,02037,,,0,0,0,0,0,,,,,,,Clontarf East A,Dublin
"Clontarf East B, Co.Dublin, 02038",Clontarf East B,Dublin,02038,02038,,,0,0,0,0,0,,,,,,,Clontarf East B,Dublin
"Clontarf East C, Co.Dublin, 02039",Clontarf East C,Dublin,02039,02039,,,0,0,0,0,0,,,,,,,Clontarf East C,Dublin
"Clontarf East D, Co.Dublin, 02040",Clontarf East D,Dublin,02040,02040,,,0,0,0,0,0,,,,,,,Clontarf East D,Dublin
"Clontarf East E, Co.Dublin, 02041",Clontarf East E,Dublin,02041,02041,,,0,0,0,0,0,,,,,,,Clontarf East E,Dublin
"Clontarf West A, Co.Dublin, 02042",Clontarf West A,Dublin,02042,02042,,,0,0,0,0,0,,,,,,,Clontarf West A,Dublin
"Clontarf West B, Co.Dublin, 02043",Clontarf West B,Dublin,02043,02043,,,0,0,0,0,0,,,,,,,Clontarf West B,Dublin
"Clontarf West C, Co.Dublin, 02044",Clontarf West C,Dublin,02044,02044,,,0,0,0,0,0,,,,,,,Clontarf West C,Dublin
"Clontarf West D, Co.Dublin, 02045",Clontarf West D,Dublin,02045,02045,,,0,0,0,0,0,,,,,,,Clontarf West D,Dublin
"Clontarf West E, Co.Dublin, 02046",Clontarf West E,Dublin,02046,02046,,,0,0,0,0,0,,,,,,,Clontarf West E,Dublin
"Drumcondra South A, Co.Dublin, 02047",Drumcondra South A,Dublin,02047,02047,,,0,0,0,0,0,,,,,,,Drumcondra South A,Dublin
"Drumcondra South B, Co.Dublin, 02048",Drumcondra South B,Dublin,02048,02048,,,0,0,0,0,0,,,,,,,Drumcondra South B,Dublin
"Drumcondra South C, Co.Dublin, 02049",Drumcondra South C,Dublin,02049,02049,,,0,0,0,0,0,,,,,,,Drumcondra South C,Dublin
"Edenmore, Co.Dublin, 02050",Edenmore,Dublin,02050,02050,,,0,0,0,0,0,,,,,,,Edenmore,Dublin
"Finglas North A, Co.Dublin, 02051",Finglas North A,Dublin,02051,02051,,,0,0,0,0,0,,,,,,,Finglas North A,Dublin
"Finglas North B, Co.Dublin, 02052",Finglas North B,Dublin,02052,02052,,,0,0,0,0,0,,,,,,,Finglas North B,Dublin
"Finglas North C, Co.Dublin, 02053",Finglas North C,Dublin,02053,02053,,,0,0,0,0,0,,,,,,,Finglas North C,Dublin
"Finglas South A, Co.Dublin, 02054",Finglas South A,Dublin,02054,02054,,,0,0,0,0,0,,,,,,,Finglas South A,Dublin
"Finglas South B, Co.Dublin, 02055",Finglas South B,Dublin,02055,02055,,,0,0,0,0,0,,,,,,,Finglas South B,Dublin
"Finglas South C, Co.Dublin, 02056",Finglas South C,Dublin,02056,02056,,,0,0,0,0,0,,,,,,,Finglas South C,Dublin
"Finglas South D, Co.Dublin, 02057",Finglas South D,Dublin,02057,02057,,,0,0,0,0,0,,,,,,,Finglas South D,Dublin
"Grace Park, Co.Dublin, 02058",Grace Park,Dublin,02058,02058,,,0,0,0,0,0,,,,,,,Grace Park,Dublin
"Grange A, Co.Dublin, 02059",Grange A,Dublin,02059,02059,,,0,0,0,0,0,,,,,,,Grange A,Dublin
"Grange B, Co.Dublin, 02060",Grange B,Dublin,02060,02060,,,0,0,0,0,0,,,,,,,Grange B,Dublin
"Grange C, Co.Dublin, 02061",Grange C,Dublin,02061,02061,,,0,0,0,0,0,,,,,,,Grange C,Dublin
"Grange D, Co.Dublin, 02062",Grange D,Dublin,02062,02062,,,0,0,0,0,0,,,,,,,Grange D,Dublin
"Grange E, Co.Dublin, 02063",Grange E,Dublin,02063,02063,,,0,0,0,0,0,,,,,,,Grange E,Dublin
"Harmonstown A, Co.Dublin, 02064",Harmonstown A,Dublin,02064,02064,,,0,0,0,0,0,,,,,,,Harmonstown A,Dublin
"Harmonstown B, Co.Dublin, 02065",Harmonstown B,Dublin,02065,02065,,,0,0,0,0,0,,,,,,,Harmonstown B,Dublin
"Inns Quay A, Co.Dublin, 02066",Inns Quay A,Dublin,02066,02066,,,0,0,0,0,0,,,,,,,Inns Quay A,Dublin
"Inns Quay B, Co.Dublin, 02067",Inns Quay B,Dublin,02067,02067,,,0,0,0,0,0,,,,,,,Inns Quay B,Dublin
"Inns Quay C, Co.Dublin, 02068",Inns Quay C,Dublin,02068,02068,,,0,0,0,0,0,,,,,,,Inns Quay C,Dublin
"Kilmore A, Co.Dublin, 02069",Kilmore A,Dublin,02069,02069,,,0,0,0,0,0,,,,,,,Kilmore A,Dublin
"Kilmore B, Co.Dublin, 02070",Kilmore B,Dublin,02070,02070,,,0,0,0,0,0,,,,,,,Kilmore B,Dublin
"Kilmore C, Co.Dublin, 02071",Kilmore C,Dublin,02071,02071,,,0,0,0,0,0,,,,,,,Kilmore C,Dublin
"Kilmore D, Co.Dublin, 02072",Kilmore D,Dublin,02072,02072,,,0,0,0,0,0,,,,,,,Kilmore D,Dublin
"Mountjoy A, Co.Dublin, 02073",Mountjoy A,Dublin,02073,02073,,,0,0,0,0,0,,,,,,,Mountjoy A,Dublin
"Mountjoy B, Co.Dublin, 02074",Mountjoy B,Dublin,02074,02074,,,0,0,0,0,0,,,,,,,Mountjoy B,Dublin
"North City, Co.Dublin, 02075",North City,Dublin,02075,02075,,,0,0,0,0,0,,,,,,,North City,Dublin
"North Dock A, Co.Dublin, 02076",North Dock A,Dublin,02076,02076,,,0,0,0,0,0,,,,,,,North Dock A,Dublin
"North Dock B, Co.Dublin, 02077",North Dock B,Dublin,02077,02077,,,0,0,0,0,0,,,,,,,North Dock B,Dublin
"North Dock C, Co.Dublin, 02078",North Dock C,Dublin,02078,02078,,,0,0,0,0,0,,,,,,,North Dock C,Dublin
"Phoenix Park, Co.Dublin, 02079",Phoenix Park,Dublin,02079,02079,,,0,0,0,0,0,,,,,,,Phoenix Park,Dublin
"Priorswood A, Co.Dublin, 02080",Priorswood A,Dublin,02080,02080,,,0,0,0,0,0,,,,,,,Priorswood A,Dublin
"Priorswood B, Co.Dublin, 02081",Priorswood B,Dublin,02081,02081,,,0,0,0,0,0,,,,,,,Priorswood B,Dublin
"Priorswood C, Co.Dublin, 02082",Priorswood C,Dublin,02082,02082,,,0,0,0,0,0,,,,,,,Priorswood C,Dublin
"Priorswood D, Co.Dublin, 02083",Priorswood D,Dublin,02083,02083,,,0,0,0,0,0,,,,,,,Priorswood D,Dublin
"Priorswood E, Co.Dublin, 02084",Priorswood E,Dublin,02084,02084,,,0,0,0,0,0,,,,,,,Priorswood E,Dublin
"Raheny-Foxfield, Co.Dublin, 02085",Raheny-Foxfield,Dublin,02085,02085,,,0,0,0,0,0,,,,,,,Raheny-Foxfield,Dublin
"Raheny-Greendale, Co.Dublin, 02086",Raheny-Greendale,Dublin,02086,02086,,,0,0,0,0,0,,,,,,,Raheny-Greendale,Dublin
"Raheny-St. Assam, Co.Dublin, 02087",Raheny-St. Assam,Dublin,02087,02087,,,0,0,0,0,0,,,,,,,Raheny-St. Assam,Dublin
"Rotunda A, Co.Dublin, 02088",Rotunda A,Dublin,02088,02088,,,0,0,0,0,0,,,,,,,Rotunda A,Dublin
"Rotunda B, Co.Dublin, 02089",Rotunda B,Dublin,02089,02089,,,0,0,0,0,0,,,,,,,Rotunda B,Dublin
"Whitehall A, Co.Dublin, 02090",Whitehall A,Dublin,02090,02090,,,0,0,0,0,0,,,,,,,Whitehall A,Dublin
"Whitehall B, Co.Dublin, 02091",Whitehall B,Dublin,02091,02091,,,0,0,0,0,0,,,,,,,Whitehall B,Dublin
"Whitehall C, Co.Dublin, 02092",Whitehall C,Dublin,02092,02092,,,0,0,0,0,0,,,,,,,Whitehall C,Dublin
"Whitehall D, Co.Dublin, 02093",Whitehall D,Dublin,02093,02093,,,0,0,0,0,0,,,,,,,Whitehall D,Dublin
"Chapelizod, Co.Dublin, 02094",Chapelizod,Dublin,02094,02094,,,0,0,0,0,0,,,,,,,Chapelizod,Dublin
"Cherry Orchard A, Co.Dublin, 02095",Cherry Orchard A,Dublin,02095,02095,,,0,0,0,0,0,,,,,,,Cherry Orchard A,Dublin
"Carna, Co.Dublin, 02096",Carna,Dublin,02096,02096,,,0,0,0,0,0,,,,,,,Carna,Dublin
"Cherry Orchard C, Co.Dublin, 02097",Cherry Orchard C,Dublin,02097,02097,,,0,0,0,0,0,,,,,,,Cherry Orchard C,Dublin
"Crumlin A, Co.Dublin, 02098",Crumlin A,Dublin,02098,02098,,,0,0,0,0,0,,,,,,,Crumlin A,Dublin
"Crumlin B, Co.Dublin, 02099",Crumlin B,Dublin,02099,02099,,,0,0,0,0,0,,,,,,,Crumlin B,Dublin
"Crumlin C, Co.Dublin, 02100",Crumlin C,Dublin,02100,02100,,,0,0,0,0,0,,,,,,,Crumlin C,Dublin
"Crumlin D, Co.Dublin, 02101",Crumlin D,Dublin,02101,02101,,,0,0,0,0,0,,,,,,,Crumlin D,Dublin
"Crumlin E, Co.Dublin, 02102",Crumlin E,Dublin,02102,02102,,,0,0,0,0,0,,,,,,,Crumlin E,Dublin
"Crumlin F, Co.Dublin, 02103",Crumlin F,Dublin,02103,02103,,,0,0,0,0,0,,,,,,,Crumlin F,Dublin
"Decies, Co.Dublin, 02104",Decies,Dublin,02104,02104,,,0,0,0,0,0,,,,,,,Decies,Dublin
"Drumfinn, Co.Dublin, 02105",Drumfinn,Dublin,02105,02105,,,0,0,0,0,0,,,,,,,Drumfinn,Dublin
"Inchicore A, Co.Dublin, 02106",Inchicore A,Dublin,02106,02106,,,0,0,0,0,0,,,,,,,Inchicore A,Dublin
"Inchicore B, Co.Dublin, 02107",Inchicore B,Dublin,02107,02107,,,0,0,0,0,0,,,,,,,Inchicore B,Dublin
"Kilmainham A, Co.Dublin, 02108",Kilmainham A,Dublin,02108,02108,,,0,0,0,0,0,,,,,,,Kilmainham A,Dublin
"Kilmainham B, Co.Dublin, 02109",Kilmainham B,Dublin,02109,02109,,,0,0,0,0,0,,,,,,,Kilmainham B,Dublin
"Kilmainham C, Co.Dublin, 02110",Kilmainham C,Dublin,02110,02110,,,0,0,0,0,0,,,,,,,Kilmainham C,Dublin
"Kimmage A, Co.Dublin, 02111",Kimmage A,Dublin,02111,02111,,,0,0,0,0,0,,,,,,,Kimmage A,Dublin
"Kimmage B, Co.Dublin, 02112",Kimmage B,Dublin,02112,02112,,,0,0,0,0,0,,,,,,,Kimmage B,Dublin
"Kimmage C, Co.Dublin, 02113",Kimmage C,Dublin,02113,02113,,,0,0,0,0,0,,,,,,,Kimmage C,Dublin
"Kimmage D, Co.Dublin, 02114",Kimmage D,Dublin,02114,02114,,,0,0,0,0,0,,,,,,,Kimmage D,Dublin
"Kimmage E, Co.Dublin, 02115",Kimmage E,Dublin,02115,02115,,,0,0,0,0,0,,,,,,,Kimmage E,Dublin
"Kylemore, Co.Dublin, 02116",Kylemore,Dublin,02116,02116,,,0,0,0,0,0,,,,,,,Kylemore,Dublin
"Mansion House A, Co.Dublin, 02117",Mansion House A,Dublin,02117,02117,,,0,0,0,0,0,,,,,,,Mansion House A,Dublin
"Mansion House B, Co.Dublin, 02118",Mansion House B,Dublin,02118,02118,,,0,0,0,0,0,,,,,,,Mansion House B,Dublin
"Merchants Quay A, Co.Dublin, 02119",Merchants Quay A,Dublin,02119,02119,,,0,0,0,0,0,,,,,,,Merchants Quay A,Dublin
"Merchants Quay B, Co.Dublin, 02120",Merchants Quay B,Dublin,02120,02120,,,0,0,0,0,0,,,,,,,Merchants Quay B,Dublin
"Merchants Quay C, Co.Dublin, 02121",Merchants Quay C,Dublin,02121,02121,,,0,0,0,0,0,,,,,,,Merchants Quay C,Dublin
"Merchants Quay D, Co.Dublin, 02122",Merchants Quay D,Dublin,02122,02122,,,0,0,0,0,0,,,,,,,Merchants Quay D,Dublin
"Merchants Quay E, Co.Dublin, 02123",Merchants Quay E,Dublin,02123,02123,,,0,0,0,0,0,,,,,,,Merchants Quay E,Dublin
"Merchants Quay F, Co.Dublin, 02124",Merchants Quay F,Dublin,02124,02124,,,0,0,0,0,0,,,,,,,Merchants Quay F,Dublin
"Pembroke East A, Co.Dublin, 02125",Pembroke East A,Dublin,02125,02125,,,0,0,0,0,0,,,,,,,Pembroke East A,Dublin
"Pembroke East B, Co.Dublin, 02126",Pembroke East B,Dublin,02126,02126,,,0,0,0,0,0,,,,,,,Pembroke East B,Dublin
"Pembroke East C, Co.Dublin, 02127",Pembroke East C,Dublin,02127,02127,,,0,0,0,0,0,,,,,,,Pembroke East C,Dublin
"Pembroke East D, Co.Dublin, 02128",Pembroke East D,Dublin,02128,02128,,,0,0,0,0,0,,,,,,,Pembroke East D,Dublin
"Pembroke East E, Co.Dublin, 02129",Pembroke East E,Dublin,02129,02129,,,0,0,0,0,0,,,,,,,Pembroke East E,Dublin
"Pembroke West A, Co.Dublin, 02130",Pembroke West A,Dublin,02130,02130,,,0,0,0,0,0,,,,,,,Pembroke West A,Dublin
"Pembroke West B, Co.Dublin, 02131",Pembroke West B,Dublin,02131,02131,,,0,0,0,0,0,,,,,,,Pembroke West B,Dublin
"Pembroke West C, Co.Dublin, 02132",Pembroke West C,Dublin,02132,02132,,,0,0,0,0,0,,,,,,,Pembroke West C,Dublin
"Rathfarnham, Co.Dublin, 02133",Rathfarnham,Dublin,02133,02133,,,0,0,64,64,53,,,,,,,Rathfarnham,Dublin
"Rathmines East A, Co.Dublin, 02134",Rathmines East A,Dublin,02134,02134,,,0,0,0,0,0,,,,,,,Rathmines East A,Dublin
"Rathmines East B, Co.Dublin, 02135",Rathmines East B,Dublin,02135,02135,,,0,0,0,0,0,,,,,,,Rathmines East B,Dublin
"Rathmines East C, Co.Dublin, 02136",Rathmines East C,Dublin,02136,02136,,,0,0,0,0,0,,,,,,,Rathmines East C,Dublin
"Rathmines East D, Co.Dublin, 02137",Rathmines East D,Dublin,02137,02137,,,0,0,0,0,0,,,,,,,Rathmines East D,Dublin
"Rathmines West A, Co.Dublin, 02138",Rathmines West A,Dublin,02138,02138,,,0,0,0,0,0,,,,,,,Rathmines West A,Dublin
"Rathmines West B, Co.Dublin, 02139",Rathmines West B,Dublin,02139,02139,,,0,0,0,0,0,,,,,,,Rathmines West B,Dublin
"Rathmines West C, Co.Dublin, 02140",Rathmines West C,Dublin,02140,02140,,,0,0,0,0,0,,,,,,,Rathmines West C,Dublin
"Rathmines West D, Co.Dublin, 02141",Rathmines West D,Dublin,02141,02141,,,0,0,0,0,0,,,,,,,Rathmines West D,Dublin
"Rathmines West E, Co.Dublin, 02142",Rathmines West E,Dublin,02142,02142,,,0,0,0,0,0,,,,,,,Rathmines West E,Dublin
"Rathmines West F, Co.Dublin, 02143",Rathmines West F,Dublin,02143,02143,,,0,0,0,0,0,,,,,,,Rathmines West F,Dublin
"Royal Exchange A, Co.Dublin, 02144",Royal Exchange A,Dublin,02144,02144,,,0,0,0,0,0,0,,,,,,Royal Exchange A,Dublin
"Royal Exchange B, Co.Dublin, 02145",Royal Exchange B,Dublin,02145,02145,,,0,0,0,0,0,,,,,,,Royal Exchange B,Dublin
"St. Kevin's, Co.Dublin, 02146",St. Kevin's,Dublin,02146,02146,,,0,0,0,0,0,,,,,,,St. Kevin's,Dublin
"South Dock, Co.Dublin, 02147",South Dock,Dublin,02147,02147,,,0,0,0,0,0,,,,,,,South Dock,Dublin
"Terenure A, Co.Dublin, 02148",Terenure A,Dublin,02148,02148,,,0,0,0,0,0,,,,,,,Terenure A,Dublin
"Terenure B, Co.Dublin, 02149",Terenure B,Dublin,02149,02149,,,0,0,0,0,0,,,,,,,Terenure B,Dublin
"Terenure C, Co.Dublin, 02150",Terenure C,Dublin,02150,02150,,,0,0,0,0,0,,,,,,,Terenure C,Dublin
"Terenure D, Co.Dublin, 02151",Terenure D,Dublin,02151,02151,,,0,0,0,0,0,,,,,,,Terenure D,Dublin
"Ushers A, Co.Dublin, 02152",Ushers A,Dublin,02152,02152,,,0,0,0,0,0,,,,,,,Ushers A,Dublin
"Ushers B, Co.Dublin, 02153",Ushers B,Dublin,02153,02153,,,0,0,0,0,0,,,,,,,Ushers B,Dublin
"Ushers C, Co.Dublin, 02154",Ushers C,Dublin,02154,02154,,,0,0,0,0,0,,,,,,,Ushers C,Dublin
"Ushers D, Co.Dublin, 02155",Ushers D,Dublin,02155,02155,,,0,0,0,0,0,,,,,,,Ushers D,Dublin
"Ushers E, Co.Dublin, 02156",Ushers E,Dublin,02156,02156,,,0,0,0,0,0,,,,,,,Ushers E,Dublin
"Ushers F, Co.Dublin, 02157",Ushers F,Dublin,02157,02157,,,0,0,0,0,0,,,,,,,Ushers F,Dublin
"Walkinstown A, Co.Dublin, 02158",Walkinstown A,Dublin,02158,02158,,,0,0,0,0,0,,,,,,,Walkinstown A,Dublin
"Walkinstown B, Co.Dublin, 02159",Walkinstown B,Dublin,02159,02159,,,0,0,0,0,0,,,,,,,Walkinstown B,Dublin
"Walkinstown C, Co.Dublin, 02160",Walkinstown C,Dublin,02160,02160,,,0,0,0,0,0,,,,,,,Walkinstown C,Dublin
"Wood Quay A, Co.Dublin, 02161",Wood Quay A,Dublin,02161,02161,,,0,0,0,0,0,,,,,,,Wood Quay A,Dublin
"Wood Quay B, Co.Dublin, 02162",Wood Quay B,Dublin,02162,02162,,,0,0,0,0,0,,,,,,,Wood Quay B,Dublin
"Ballinascorney, Co.Dublin, 03001",Ballinascorney,Dublin,03001,03001,,,169,185,811,1165,2613,1120.5,,,,,,Ballinascorney,Dublin
"Ballyboden, Co.Dublin, 03002",Ballyboden,Dublin,03002,03002,,,0,0,0,0,0,,,,,,,Ballyboden,Dublin
"Bohernabreena, Co.Dublin, 03003",Bohernabreena,Dublin,03003,03003,,,0,305,529,834,3982,966.5,,,,,,Bohernabreena,Dublin
"Clondalkin-Ballymount, Co.Dublin, 03004",Clondalkin-Ballymount,Dublin,03004,03004,,,0,0,0,0,0,0,,,,,,Clondalkin-Ballymount,Dublin
"Clondalkin-Cappaghmore, Co.Dublin, 03005",Clondalkin-Cappaghmore,Dublin,03005,03005,,,0,31,33,64,53,,,,,,,Clondalkin-Cappaghmore,Dublin
"Clondalkin-Dunawley, Co.Dublin, 03006",Clondalkin-Dunawley,Dublin,03006,03006,,,0,0,0,0,0,0,,,,,,Clondalkin-Dunawley,Dublin
"Clondalkin-Monastery, Co.Dublin, 03007",Clondalkin-Monastery,Dublin,03007,03007,,,0,0,0,0,0,,,,,,,Clondalkin-Monastery,Dublin
"Clondalkin-Moorfield, Co.Dublin, 03008",Clondalkin-Moorfield,Dublin,03008,03008,,,0,0,0,0,0,,,,,,,Clondalkin-Moorfield,Dublin
"Clondalkin-Rowlagh, Co.Dublin, 03009",Clondalkin-Rowlagh,Dublin,03009,03009,,,0,0,0,0,0,,,,,,,Clondalkin-Rowlagh,Dublin
"Clondalkin Village, Co.Dublin, 03010",Clondalkin Village,Dublin,03010,03010,,,31,0,33,64,0,,,,,,,Clondalkin Village,Dublin
"Edmondstown, Co.Dublin, 03011",Edmondstown,Dublin,03011,03011,,,0,59,83,142,176,,,,,,,Edmondstown,Dublin
"Firhouse-Ballycullen, Co.Dublin, 03012",Firhouse-Ballycullen,Dublin,03012,03012,,,0,0,0,0,0,,,,,,,Firhouse-Ballycullen,Dublin
"Firhouse-Knocklyon, Co.Dublin, 03013",Firhouse-Knocklyon,Dublin,03013,03013,,,0,0,0,0,0,,,,,,,Firhouse-Knocklyon,Dublin
"Firhouse Village, Co.Dublin, 03014",Firhouse Village,Dublin,03014,03014,,,0,0,0,0,0,,,,,,,Firhouse Village,Dublin
"Lucan-Esker, Co.Dublin, 03015",Lucan-Esker,Dublin,03015,03015,,,0,0,0,0,0,,,,,,,Lucan-Esker,Dublin
"Lucan Heights, Co.Dublin, 03016",Lucan Heights,Dublin,03016,03016,,,0,0,0,0,0,,,,,,,Lucan Heights,Dublin
"Lucan-St. Helen's, Co.Dublin, 03017",Lucan-St. Helen's,Dublin,03017,03017,,,0,103,247,350,0,,,,,,,Lucan-St. Helen's,Dublin
"Newcastle, Co.Dublin, 03018",Newcastle,Dublin,03018,03018,,,187,247,1088,1522,1691,1321.5,,,,,,Newcastle,Dublin
"Palmerston Village, Co.Dublin, 03019",Palmerston Village,Dublin,03019,03019,,,0,0,0,0,0,,,,,,,Palmerston Village,Dublin
"Palmerston West, Co.Dublin, 03020",Palmerston West,Dublin,03020,03020,,,0,0,0,0,0,,,,,,,Palmerston West,Dublin
"Rathcoole, Co.Dublin, 03021",Rathcoole,Dublin,03021,03021,,,107,293,943,1343,1617,1211.6,,,,,,Rathcoole,Dublin
"Rathfarnham-Ballyroan, Co.Dublin, 03022",Rathfarnham-Ballyroan,Dublin,03022,03022,,,0,0,0,0,0,,,,,,,Rathfarnham-Ballyroan,Dublin
"Rathfarnham-Butterfield, Co.Dublin, 03023",Rathfarnham-Butterfield,Dublin,03023,03023,,,0,0,0,0,0,,,,,,,Rathfarnham-Butterfield,Dublin
"Rathfarnham-Hermitage, Co.Dublin, 03024",Rathfarnham-Hermitage,Dublin,03024,03024,,,0,0,0,0,0,,,,,,,Rathfarnham-Hermitage,Dublin
"Rathfarnham-St. Enda's, Co.Dublin, 03025",Rathfarnham-St. Enda's,Dublin,03025,03025,,,0,0,0,0,0,,,,,,,Rathfarnham-St. Enda's,Dublin
"Rathfarnham Village, Co.Dublin, 03026",Rathfarnham Village,Dublin,03026,03026,,,0,0,0,0,0,,,,,,,Rathfarnham Village,Dublin
"Saggart, Co.Dublin, 03027",Saggart,Dublin,03027,03027,,,163,321,550,1034,1756,888.4,,,,,,Saggart,Dublin
"Tallaght-Avonbeg, Co.Dublin, 03028",Tallaght-Avonbeg,Dublin,03028,03028,,,0,0,0,0,0,,,,,,,Tallaght-Avonbeg,Dublin
"Tallaght-Belgard, Co.Dublin, 03029",Tallaght-Belgard,Dublin,03029,03029,,,0,0,0,0,0,,,,,,,Tallaght-Belgard,Dublin
"Tallaght-Fettercairn, Co.Dublin, 03030",Tallaght-Fettercairn,Dublin,03030,03030,,,0,0,0,0,0,,,,,,,Tallaght-Fettercairn,Dublin
"Tallaght-Glenview, Co.Dublin, 03031",Tallaght-Glenview,Dublin,03031,03031,,,0,0,0,0,0,,,,,,,Tallaght-Glenview,Dublin
"Tallaght-Jobstown, Co.Dublin, 03032",Tallaght-Jobstown,Dublin,03032,03032,,,0,31,33,64,0,,,,,,,Tallaght-Jobstown,Dublin
"Tallaght-Killinardan, Co.Dublin, 03033",Tallaght-Killinardan,Dublin,03033,03033,,,0,0,64,64,53,,,,,,,Tallaght-Killinardan,Dublin
"Tallaght-Kilnamanagh, Co.Dublin, 03034",Tallaght-Kilnamanagh,Dublin,03034,03034,,,0,0,0,0,0,,,,,,,Tallaght-Kilnamanagh,Dublin
"Tallaght-Kiltipper, Co.Dublin, 03035",Tallaght-Kiltipper,Dublin,03035,03035,,,0,0,0,0,53,,,,,,,Tallaght-Kiltipper,Dublin
"Tallaght-Kingswood, Co.Dublin, 03036",Tallaght-Kingswood,Dublin,03036,03036,,,0,0,0,0,0,,,,,,,Tallaght-Kingswood,Dublin
"Tallaght-Millbrook, Co.Dublin, 03037",Tallaght-Millbrook,Dublin,03037,03037,,,0,0,0,0,0,,,,,,,Tallaght-Millbrook,Dublin
"Tallaght-Oldbawn, Co.Dublin, 03038",Tallaght-Oldbawn,Dublin,03038,03038,,,0,0,0,0,0,,,,,,,Tallaght-Oldbawn,Dublin
"Tallaght-Springfield, Co.Dublin, 03039",Tallaght-Springfield,Dublin,03039,03039,,,0,0,0,0,0,,,,,,,Tallaght-Springfield,Dublin
"Tallaght-Tymon, Co.Dublin, 03040",Tallaght-Tymon,Dublin,03040,03040,,,0,0,0,0,0,,,,,,,Tallaght-Tymon,Dublin
"Templeogue-Cypress, Co.Dublin, 03041",Templeogue-Cypress,Dublin,03041,03041,,,0,0,0,0,0,0,,,,,,Templeogue-Cypress,Dublin
"Templeogue-Kimmage Manor, Co.Dublin, 03042",Templeogue-Kimmage Manor,Dublin,03042,03042,,,0,0,0,0,0,,,,,,,Templeogue-Kimmage Manor,Dublin
"Templeogue-Limekiln, Co.Dublin, 03043",Templeogue-Limekiln,Dublin,03043,03043,,,0,0,0,0,0,,,,,,,Templeogue-Limekiln,Dublin
"Templeogue-Orwell, Co.Dublin, 03044",Templeogue-Orwell,Dublin,03044,03044,,,0,0,0,0,0,,,,,,,Templeogue-Orwell,Dublin
"Templeogue-Osprey, Co.Dublin, 03045",Templeogue-Osprey,Dublin,03045,03045,,,0,0,0,0,0,,,,,,,Templeogue-Osprey,Dublin
"Templeogue Village, Co.Dublin, 03046",Templeogue Village,Dublin,03046,03046,,,0,0,0,0,0,,,,,,,Templeogue Village,Dublin
"Terenure-Cherryfield, Co.Dublin, 03047",Terenure-Cherryfield,Dublin,03047,03047,,,0,0,0,0,0,,,,,,,Terenure-Cherryfield,Dublin
"Terenure-Greentrees, Co.Dublin, 03048",Terenure-Greentrees,Dublin,03048,03048,,,0,0,0,0,0,,,,,,,Terenure-Greentrees,Dublin
"Terenure-St. James, Co.Dublin, 03049",Terenure-St. James,Dublin,03049,03049,,,0,0,0,0,0,,,,,,,Terenure-St. James,Dublin
"Airport, Co.Dublin, 04001",Airport,Dublin,04001,04001,,,0,31,33,64,53,,,,,,,Airport,Dublin
"Balbriggan Rural, Co.Dublin, 04002",Balbriggan Rural,Dublin,04002,04002,,,158,154,656,968,1951,874.6,,,,,,Balbriggan Rural,Dublin
"Balbriggan Urban, Co.Dublin, 04003",Balbriggan Urban,Dublin,04003,04003,,,0,0,0,0,0,,,,,,,Balbriggan Urban,Dublin
"Baldoyle, Co.Dublin, 04004",Baldoyle,Dublin,04004,04004,,,0,0,0,0,0,,,,,,,Baldoyle,Dublin
"Balgriffin, Co.Dublin, 04005",Balgriffin,Dublin,04005,04005,,,0,31,33,64,0,,,,,,,Balgriffin,Dublin
"Ballyboghil, Co.Dublin, 04006",Ballyboghil,Dublin,04006,04006,,,159,149,672,980,4118,1183.5,,,,,,Ballyboghil,Dublin
"Balscadden, Co.Dublin, 04007",Balscadden,Dublin,04007,04007,,,107,83,288,478,1545,552.1,,,,,,Balscadden,Dublin
"Blanchardstown-Abbotstown, Co.Dublin, 04008",Blanchardstown-Abbotstown,Dublin,04008,04008,,,31,0,33,64,0,,,,,,,Blanchardstown-Abbotstown,Dublin
"Blanchardstown-Blakestown, Co.Dublin, 04009",Blanchardstown-Blakestown,Dublin,04009,04009,,,0,86,184,270,0,198,,,,,,Blanchardstown-Blakestown,Dublin
"Blanchardstown-Coolmine, Co.Dublin, 04010",Blanchardstown-Coolmine,Dublin,04010,04010,,,0,0,0,0,0,,,,,,,Blanchardstown-Coolmine,Dublin
"Blanchardstown-Corduff, Co.Dublin, 04011",Blanchardstown-Corduff,Dublin,04011,04011,,,0,0,0,0,0,,,,,,,Blanchardstown-Corduff,Dublin
"Blanchardstown-Delwood, Co.Dublin, 04012",Blanchardstown-Delwood,Dublin,04012,04012,,,0,0,0,0,0,,,,,,,Blanchardstown-Delwood,Dublin
"Blanchardstown-Mulhuddart, Co.Dublin, 04013",Blanchardstown-Mulhuddart,Dublin,04013,04013,,,0,0,0,0,0,0,,,,,,Blanchardstown-Mulhuddart,Dublin
"Blanchardstown-Roselawn, Co.Dublin, 04014",Blanchardstown-Roselawn,Dublin,04014,04014,,,0,0,0,0,0,,,,,,,Blanchardstown-Roselawn,Dublin
"Blanchardstown-Tyrrelstown, Co.Dublin, 04015",Blanchardstown-Tyrrelstown,Dublin,04015,04015,,,0,0,64,64,0,,,,,,,Blanchardstown-Tyrrelstown,Dublin
"Castleknock-Knockmaroon, Co.Dublin, 04016",Castleknock-Knockmaroon,Dublin,04016,04016,,,74,0,76,150,0,,,,,,,Castleknock-Knockmaroon,Dublin
"Castleknock-Park, Co.Dublin, 04017",Castleknock-Park,Dublin,04017,04017,,,0,0,64,64,0,,,,,,,Castleknock-Park,Dublin
"Clonmethan, Co.Dublin, 04018",Clonmethan,Dublin,04018,04018,,,107,80,494,681,4079,1002.3,,,,,,Clonmethan,Dublin
"Donabate, Co.Dublin, 04019",Donabate,Dublin,04019,04019,,,0,139,248,387,330,327.9,,,,,,Donabate,Dublin
"Dubber, Co.Dublin, 04020",Dubber,Dublin,04020,04020,,,141,28,464,633,53,481.1,,,,,,Dubber,Dublin
"Garristown, Co.Dublin, 04021",Garristown,Dublin,04021,04021,,,457,775,2247,3479,1213,2840.1,,,,,,Garristown,Dublin
"Hollywood, Co.Dublin, 04022",Hollywood,Dublin,04022,04022,,,222,248,2033,2503,2596,2193.3,,,,,,Hollywood,Dublin
"Holmpatrick, Co.Dublin, 04023",Holmpatrick,Dublin,04023,04023,,,0,118,274,392,974,373.8,,,,,,Holmpatrick,Dublin
"Howth, Co.Dublin, 04024",Howth,Dublin,04024,04024,,,0,0,64,64,0,,,,,,,Howth,Dublin
"Kilsallaghan, Co.Dublin, 04025",Kilsallaghan,Dublin,04025,04025,,,149,170,466,785,471,616.3,,,,,,Kilsallaghan,Dublin
"Kinsaley, Co.Dublin, 04026",Kinsaley,Dublin,04026,04026,,,0,79,154,233,0,,,,,,,Kinsaley,Dublin
"Lucan North, Co.Dublin, 04027",Lucan North,Dublin,04027,04027,,,0,0,64,64,53,,,,,,,Lucan North,Dublin
"Lusk, Co.Dublin, 04028",Lusk,Dublin,04028,04028,,,196,233,1241,1670,586,1264.3,,,,,,Lusk,Dublin
"Malahide East, Co.Dublin, 04029",Malahide East,Dublin,04029,04029,,,0,0,0,0,0,,,,,,,Malahide East,Dublin
"Malahide West, Co.Dublin, 04030",Malahide West,Dublin,04030,04030,,,0,0,0,0,0,,,,,,,Malahide West,Dublin
"Portmarnock North, Co.Dublin, 04031",Portmarnock North,Dublin,04031,04031,,,0,0,0,0,0,,,,,,,Portmarnock North,Dublin
"Portmarnock South, Co.Dublin, 04032",Portmarnock South,Dublin,04032,04032,,,0,0,0,0,0,,,,,,,Portmarnock South,Dublin
"Rush, Co.Dublin, 04033",Rush,Dublin,04033,04033,,,0,0,0,0,0,0,,,,,,Rush,Dublin
"Skerries, Co.Dublin, 04034",Skerries,Dublin,04034,04034,,,0,0,64,64,0,,,,,,,Skerries,Dublin
"Sutton, Co.Dublin, 04035",Sutton,Dublin,04035,04035,,,0,0,0,0,0,,,,,,,Sutton,Dublin
"Swords-Forrest, Co.Dublin, 04036",Swords-Forrest,Dublin,04036,04036,,,0,31,32,63,53,,,,,,,Swords-Forrest,Dublin
"Swords-Glasmore, Co.Dublin, 04037",Swords-Glasmore,Dublin,04037,04037,,,31,0,32,63,0,,,,,,,Swords-Glasmore,Dublin
"Swords-Lissenhall, Co.Dublin, 04038",Swords-Lissenhall,Dublin,04038,04038,,,149,0,588,737,140,,,,,,,Swords-Lissenhall,Dublin
"Swords-Seatown, Co.Dublin, 04039",Swords-Seatown,Dublin,04039,04039,,,0,0,0,0,0,0,,,,,,Swords-Seatown,Dublin
"Swords Village, Co.Dublin, 04040",Swords Village,Dublin,04040,04040,,,0,0,0,0,0,,,,,,,Swords Village,Dublin
"The Ward, Co.Dublin, 04041",The Ward,Dublin,04041,04041,,,0,92,204,296,0,291.6,,,,,,The Ward,Dublin
"Turnapin, Co.Dublin, 04042",Turnapin,Dublin,04042,04042,,,0,0,0,0,0,,,,,,,Turnapin,Dublin
"Ballinteer-Broadford, Co.Dublin, 05001",Ballinteer-Broadford,Dublin,05001,05001,,,0,0,0,0,0,,,,,,,Ballinteer-Broadford,Dublin
"Ballinteer-Ludford, Co.Dublin, 05002",Ballinteer-Ludford,Dublin,05002,05002,,,0,0,0,0,0,,,,,,,Ballinteer-Ludford,Dublin
"Ballinteer-Marley, Co.Dublin, 05003",Ballinteer-Marley,Dublin,05003,05003,,,0,0,0,0,0,,,,,,,Ballinteer-Marley,Dublin
"Ballinteer-Meadowbroads, Co.Dublin, 05004",Ballinteer-Meadowbroads,Dublin,05004,05004,,,0,0,0,0,0,,,,,,,Ballinteer-Meadowbroads,Dublin
"Ballinteer-Meadowmount, Co.Dublin, 05005",Ballinteer-Meadowmount,Dublin,05005,05005,,,0,0,0,0,0,,,,,,,Ballinteer-Meadowmount,Dublin
"Ballinteer-Woodpark, Co.Dublin, 05006",Ballinteer-Woodpark,Dublin,05006,05006,,,0,0,0,0,0,,,,,,,Ballinteer-Woodpark,Dublin
"Ballybrack, Co.Dublin, 05007",Ballybrack,Dublin,05007,05007,,,0,0,0,0,0,,,,,,,Ballybrack,Dublin
"Blackrock-Booterstown, Co.Dublin, 05008",Blackrock-Booterstown,Dublin,05008,05008,,,0,0,0,0,0,,,,,,,Blackrock-Booterstown,Dublin
"Blackrock-Carysfort, Co.Dublin, 05009",Blackrock-Carysfort,Dublin,05009,05009,,,0,0,0,0,0,,,,,,,Blackrock-Carysfort,Dublin
"Blackrock-Central, Co.Dublin, 05010",Blackrock-Central,Dublin,05010,05010,,,0,0,0,0,0,,,,,,,Blackrock-Central,Dublin
"Blackrock-Glenomena, Co.Dublin, 05011",Blackrock-Glenomena,Dublin,05011,05011,,,0,0,0,0,0,,,,,,,Blackrock-Glenomena,Dublin
"Blackrock-Monkstown, Co.Dublin, 05012",Blackrock-Monkstown,Dublin,05012,05012,,,0,0,0,0,0,,,,,,,Blackrock-Monkstown,Dublin
"Blackrock-Newpark, Co.Dublin, 05013",Blackrock-Newpark,Dublin,05013,05013,,,0,0,0,0,0,,,,,,,Blackrock-Newpark,Dublin
"Blackrock-Seapoint, Co.Dublin, 05014",Blackrock-Seapoint,Dublin,05014,05014,,,0,0,0,0,0,,,,,,,Blackrock-Seapoint,Dublin
"Blackrock-Stradbrook, Co.Dublin, 05015",Blackrock-Stradbrook,Dublin,05015,05015,,,0,0,0,0,0,,,,,,,Blackrock-Stradbrook,Dublin
"Blackrock-Templehill, Co.Dublin, 05016",Blackrock-Templehill,Dublin,05016,05016,,,0,0,0,0,0,,,,,,,Blackrock-Templehill,Dublin
"Blackrock-Williamstown, Co.Dublin, 05017",Blackrock-Williamstown,Dublin,05017,05017,,,0,0,0,0,0,,,,,,,Blackrock-Williamstown,Dublin
"Cabinteely-Granitefield, Co.Dublin, 05018",Cabinteely-Granitefield,Dublin,05018,05018,,,0,0,0,0,0,,,,,,,Cabinteely-Granitefield,Dublin
"Cabinteely-Kilbogget, Co.Dublin, 05019",Cabinteely-Kilbogget,Dublin,05019,05019,,,0,0,0,0,0,,,,,,,Cabinteely-Kilbogget,Dublin
"Cabinteely-Loughlinstown, Co.Dublin, 05020",Cabinteely-Loughlinstown,Dublin,05020,05020,,,0,0,63,63,0,,,,,,,Cabinteely-Loughlinstown,Dublin
"Cabinteely-Pottery, Co.Dublin, 05021",Cabinteely-Pottery,Dublin,05021,05021,,,0,0,0,0,0,,,,,,,Cabinteely-Pottery,Dublin
"Churchtown-Castle, Co.Dublin, 05022",Churchtown-Castle,Dublin,05022,05022,,,0,0,0,0,0,,,,,,,Churchtown-Castle,Dublin
"Churchtown-Landscape, Co.Dublin, 05023",Churchtown-Landscape,Dublin,05023,05023,,,0,0,0,0,0,,,,,,,Churchtown-Landscape,Dublin
"Churchtown-Nutgrove, Co.Dublin, 05024",Churchtown-Nutgrove,Dublin,05024,05024,,,0,0,0,0,0,,,,,,,Churchtown-Nutgrove,Dublin
"Churchtown-Orwell, Co.Dublin, 05025",Churchtown-Orwell,Dublin,05025,05025,,,0,0,0,0,0,,,,,,,Churchtown-Orwell,Dublin
"Churchtown-Woodlawn, Co.Dublin, 05026",Churchtown-Woodlawn,Dublin,05026,05026,,,0,0,0,0,0,,,,,,,Churchtown-Woodlawn,Dublin
"Clonskeagh-Belfield, Co.Dublin, 05027",Clonskeagh-Belfield,Dublin,05027,05027,,,0,0,63,63,0,,,,,,,Clonskeagh-Belfield,Dublin
"Clonskeagh-Farranboley, Co.Dublin, 05028",Clonskeagh-Farranboley,Dublin,05028,05028,,,0,0,0,0,0,,,,,,,Clonskeagh-Farranboley,Dublin
"Clonskeagh-Milltown, Co.Dublin, 05029",Clonskeagh-Milltown,Dublin,05029,05029,,,0,0,0,0,0,,,,,,,Clonskeagh-Milltown,Dublin
"Clonskeagh-Roebuck, Co.Dublin, 05030",Clonskeagh-Roebuck,Dublin,05030,05030,,,0,0,0,0,0,,,,,,,Clonskeagh-Roebuck,Dublin
"Clonskeagh-Windy Arbour, Co.Dublin, 05031",Clonskeagh-Windy Arbour,Dublin,05031,05031,,,0,0,0,0,0,,,,,,,Clonskeagh-Windy Arbour,Dublin
"Dalkey-Avondale, Co.Dublin, 05032",Dalkey-Avondale,Dublin,05032,05032,,,0,0,0,0,0,,,,,,,Dalkey-Avondale,Dublin
"Dalkey-Bullock, Co.Dublin, 05033",Dalkey-Bullock,Dublin,05033,05033,,,0,0,0,0,0,,,,,,,Dalkey-Bullock,Dublin
"Dalkey-Coliemore, Co.Dublin, 05034",Dalkey-Coliemore,Dublin,05034,05034,,,0,0,0,0,0,,,,,,,Dalkey-Coliemore,Dublin
"Dalkey Hill, Co.Dublin, 05035",Dalkey Hill,Dublin,05035,05035,,,0,0,0,0,0,,,,,,,Dalkey Hill,Dublin
"Dalkey Upper, Co.Dublin, 05036",Dalkey Upper,Dublin,05036,05036,,,0,0,0,0,0,,,,,,,Dalkey Upper,Dublin
"Dundrum-Balally, Co.Dublin, 05037",Dundrum-Balally,Dublin,05037,05037,,,0,0,0,0,0,,,,,,,Dundrum-Balally,Dublin
"Dundrum-Kilmacud, Co.Dublin, 05038",Dundrum-Kilmacud,Dublin,05038,05038,,,0,31,32,63,52,,,,,,,Dundrum-Kilmacud,Dublin
"Dundrum-Sandyford, Co.Dublin, 05039",Dundrum-Sandyford,Dublin,05039,05039,,,0,0,0,0,0,,,,,,,Dundrum-Sandyford,Dublin
"Dundrum-Sweetmount, Co.Dublin, 05040",Dundrum-Sweetmount,Dublin,05040,05040,,,0,0,0,0,0,,,,,,,Dundrum-Sweetmount,Dublin
"Dundrum-Taney, Co.Dublin, 05041",Dundrum-Taney,Dublin,05041,05041,,,0,0,0,0,0,,,,,,,Dundrum-Taney,Dublin
"Dún Laoghaire-East Central, Co.Dublin, 05042",Dún Laoghaire-East Central,Dublin,05042,05042,,,0,0,0,0,0,,,,,,,Dún Laoghaire-East Central,Dublin
"Dún Laoghaire-Glasthule, Co.Dublin, 05043",Dún Laoghaire-Glasthule,Dublin,05043,05043,,,0,0,0,0,0,,,,,,,Dún Laoghaire-Glasthule,Dublin
"Dún Laoghaire-Glenageary, Co.Dublin, 05044",Dún Laoghaire-Glenageary,Dublin,05044,05044,,,0,0,0,0,0,,,,,,,Dún Laoghaire-Glenageary,Dublin
"Dún Laoghaire-Monkstown Farm, Co.Dublin, 05045",Dún Laoghaire-Monkstown Farm,Dublin,05045,05045,,,0,0,0,0,0,,,,,,,Dún Laoghaire-Monkstown Farm,Dublin
"Dún Laoghaire-Mount Town, Co.Dublin, 05046",Dún Laoghaire-Mount Town,Dublin,05046,05046,,,0,0,0,0,0,,,,,,,Dún Laoghaire-Mount Town,Dublin
"Dún Laoghaire-Sallynoggin East, Co.Dublin, 05047",Dún Laoghaire-Sallynoggin East,Dublin,05047,05047,,,0,0,0,0,0,,,,,,,Dún Laoghaire-Sallynoggin East,Dublin
"Dún Laoghaire-Sallynoggin South, Co.Dublin, 05048",Dún Laoghaire-Sallynoggin South,Dublin,05048,05048,,,0,0,0,0,0,,,,,,,Dún Laoghaire-Sallynoggin South,Dublin
"Dún Laoghaire-Sallynoggin West, Co.Dublin, 05049",Dún Laoghaire-Sallynoggin West,Dublin,05049,05049,,,0,0,0,0,0,,,,,,,Dún Laoghaire-Sallynoggin West,Dublin
"Dún Laoghaire-Sandycove, Co.Dublin, 05050",Dún Laoghaire-Sandycove,Dublin,05050,05050,,,0,0,0,0,0,,,,,,,Dún Laoghaire-Sandycove,Dublin
"Dún Laoghaire-Salthill, Co.Dublin, 05051",Dún Laoghaire-Salthill,Dublin,05051,05051,,,0,0,0,0,0,,,,,,,Dún Laoghaire-Salthill,Dublin
"Dún Laoghaire-West Central, Co.Dublin, 05052",Dún Laoghaire-West Central,Dublin,05052,05052,,,0,0,0,0,0,,,,,,,Dún Laoghaire-West Central,Dublin
"Foxrock-Beechpark, Co.Dublin, 05053",Foxrock-Beechpark,Dublin,05053,05053,,,0,0,0,0,0,,,,,,,Foxrock-Beechpark,Dublin
"Foxrock-Carrickmines, Co.Dublin, 05054",Foxrock-Carrickmines,Dublin,05054,05054,,,0,0,0,0,0,,,,,,,Foxrock-Carrickmines,Dublin
"Foxrock-Deans Grange, Co.Dublin, 05055",Foxrock-Deans Grange,Dublin,05055,05055,,,0,0,0,0,0,,,,,,,Foxrock-Deans Grange,Dublin
"Foxrock-Torquay, Co.Dublin, 05056",Foxrock-Torquay,Dublin,05056,05056,,,0,0,0,0,0,,,,,,,Foxrock-Torquay,Dublin
"Glencullen, Co.Dublin, 05057",Glencullen,Dublin,05057,05057,,,0,114,271,385,2929,579.1,,,,,,Glencullen,Dublin
"Killiney North, Co.Dublin, 05058",Killiney North,Dublin,05058,05058,,,0,0,0,0,0,,,,,,,Killiney North,Dublin
"Killiney South, Co.Dublin, 05059",Killiney South,Dublin,05059,05059,,,0,0,0,0,0,,,,,,,Killiney South,Dublin
"Shankill-Rathmichael, Co.Dublin, 05060",Shankill-Rathmichael,Dublin,05060,05060,,,107,87,719,913,52,692.1,,,,,,Shankill-Rathmichael,Dublin
"Shankill-Rathsallagh, Co.Dublin, 05061",Shankill-Rathsallagh,Dublin,05061,05061,,,0,0,0,0,0,,,,,,,Shankill-Rathsallagh,Dublin
"Shankill-Shanganagh, Co.Dublin, 05062",Shankill-Shanganagh,Dublin,05062,05062,,,0,0,0,0,0,,,,,,,Shankill-Shanganagh,Dublin
"Stillorgan-Deerpark, Co.Dublin, 05063",Stillorgan-Deerpark,Dublin,05063,05063,,,0,0,0,0,0,,,,,,,Stillorgan-Deerpark,Dublin
"Stillorgan-Kilmacud, Co.Dublin, 05064",Stillorgan-Kilmacud,Dublin,05064,05064,,,0,0,0,0,0,,,,,,,Stillorgan-Kilmacud,Dublin
"Stillorgan-Leopardstown, Co.Dublin, 05065",Stillorgan-Leopardstown,Dublin,05065,05065,,,0,0,0,0,0,,,,,,,Stillorgan-Leopardstown,Dublin
"Stillorgan-Merville, Co.Dublin, 05066",Stillorgan-Merville,Dublin,05066,05066,,,0,0,0,0,0,,,,,,,Stillorgan-Merville,Dublin
"Stillorgan-Mount Merrion, Co.Dublin, 05067",Stillorgan-Mount Merrion,Dublin,05067,05067,,,0,0,0,0,0,,,,,,,Stillorgan-Mount Merrion,Dublin
"Stillorgan-Priory, Co.Dublin, 05068",Stillorgan-Priory,Dublin,05068,05068,,,0,0,0,0,0,,,,,,,Stillorgan-Priory,Dublin
"Tibradden, Co.Dublin, 05069",Tibradden,Dublin,05069,05069,,,0,38,40,78,4757,558.4,,,,,,Tibradden,Dublin
"Ballybaan, Co.Galway, 26001",Ballybaan,Galway,26001,26001,,,0,19,99,118,127,171.9,,,,,,Ballybaan,Galway
"Baile an Bhriotaihg, Co.Galway, 26002",Baile an Bhriotaihg,Galway,26002,26002,,,0,0,26,26,0,,,,,,,Baile an Bhriotaihg,Galway
"Bearna, Co.Galway, 26003",Bearna,Galway,26003,26003,,,0,46,66,112,0,84.2,,,,,,Bearna,Galway
"An Caisleán Gearr, Co.Galway, 26004",An Caisleán Gearr,Galway,26004,26004,,,0,16,73,89,0,69,,,,,,An Caisleán Gearr,Galway
"Claddagh, Co.Galway, 26005",Claddagh,Galway,26005,26005,,,0,0,0,0,0,,,,,,,Claddagh,Galway
"Dangan, Co.Galway, 26006",Dangan,Galway,26006,26006,,,0,0,0,0,0,,,,,,,Dangan,Galway
"Eyre Square, Co.Galway, 26007",Eyre Square,Galway,26007,26007,,,0,0,0,0,0,,,,,,,Eyre Square,Galway
"Cnoc na Cathrach, Co.Galway, 26008",Cnoc na Cathrach,Galway,26008,26008,,,0,0,0,0,0,,,,,,,Cnoc na Cathrach,Galway
"Lough Atalia, Co.Galway, 26009",Lough Atalia,Galway,26009,26009,,,0,0,0,0,0,,,,,,,Lough Atalia,Galway
"Mionlach, Co.Galway, 26010",Mionlach,Galway,26010,26010,,,0,25,81,106,127,110.6,,,,,,Mionlach,Galway
"Mervue, Co.Galway, 26011",Mervue,Galway,26011,26011,,,0,0,0,0,0,,,,,,,Mervue,Galway
"Murroogh, Co.Galway, 26012",Murroogh,Galway,26012,26012,,,12,0,14,26,127,,,,,,,Murroogh,Galway
"Newcastle, Co.Galway, 26013",Newcastle,Galway,26013,26013,,,0,11,15,26,0,,,,,,,Newcastle,Galway
"Nuns Island, Co.Galway, 26014",Nuns Island,Galway,26014,26014,,,0,0,0,0,0,,,,,,,Nuns Island,Galway
"Rahoon, Co.Galway, 26015",Rahoon,Galway,26015,26015,,,78,66,160,304,0,233.6,,,,,,Rahoon,Galway
"Renmore, Co.Galway, 26016",Renmore,Galway,26016,26016,,,0,0,0,0,0,,,,,,,Renmore,Galway
"Rockbarton, Co.Galway, 26017",Rockbarton,Galway,26017,26017,,,0,0,0,0,0,,,,,,,Rockbarton,Galway
"Toghroinn San Niocláis, Co.Galway, 26018",Toghroinn San Niocláis,Galway,26018,26018,,,0,0,0,0,0,,,,,,,Toghroinn San Niocláis,Galway
"Salthill, Co.Galway, 26019",Salthill,Galway,26019,26019,,,0,0,0,0,0,,,,,,,Salthill,Galway
"Shantalla, Co.Galway, 26020",Shantalla,Galway,26020,26020,,,0,0,0,0,0,,,,,,,Shantalla,Galway
"Taylors Hill, Co.Galway, 26021",Taylors Hill,Galway,26021,26021,,,0,0,0,0,0,,,,,,,Taylors Hill,Galway
"Wellpark, Co.Galway, 26022",Wellpark,Galway,26022,26022,,,0,0,0,0,0,,,,,,,Wellpark,Galway
"Ballinasloe Urban, Co.Galway, 27001",Ballinasloe Urban,Galway,27001,27001,,,0,281,1246,1527,1162,1216.5,,,,,,Ballinasloe Urban,Galway
"Abbeygormacan, Co.Galway, 27002",Abbeygormacan,Galway,27002,27002,,,106,880,2439,3425,3238,2777.1,,,,,,Abbeygormacan,Galway
"Ahascragh, Co.Galway, 27003",Ahascragh,Galway,27003,27003,,,205,1034,2287,3526,3069,2870.3,,,,,,Ahascragh,Galway
"Aughrim, Co.Galway, 27004",Aughrim,Galway,27004,27004,,,104,670,1978,2752,4634,2426,,,,,,Aughrim,Galway
"Ballinasloe Rural, Co.Galway, 27005",Ballinasloe Rural,Galway,27005,27005,,,87,330,1273,1690,1472,1389.8,,,,,,Ballinasloe Rural,Galway
"Ballymacward, Co.Galway, 27006",Ballymacward,Galway,27006,27006,,,121,462,1313,1896,3746,1715.8,,,,,,Ballymacward,Galway
"Clonfert, Co.Galway, 27007",Clonfert,Galway,27007,27007,,,90,685,2606,3381,3222,2793.7,,,,,,Clonfert,Galway
"Clontuskert, Co.Galway, 27008",Clontuskert,Galway,27008,27008,,,125,470,1475,2070,3553,1928.6,,,,,,Clontuskert,Galway
"Kellysgrove, Co.Galway, 27009",Kellysgrove,Galway,27009,27009,,,106,737,1933,2776,5382,2643.6,,,,,,Kellysgrove,Galway
"Kilconnell, Co.Galway, 27010",Kilconnell,Galway,27010,27010,,,160,876,2104,3140,5505,2740.5,,,,,,Kilconnell,Galway
"Killaan, Co.Galway, 27011",Killaan,Galway,27011,27011,,,0,689,1485,2174,4687,3193.9,,,,,,Killaan,Galway
"Killallaghtan, Co.Galway, 27012",Killallaghtan,Galway,27012,27012,,,88,665,1449,2202,3142,1902.3,,,,,,Killallaghtan,Galway
"Killoran, Co.Galway, 27013",Killoran,Galway,27013,27013,,,78,660,1586,2324,2518,1831.8,,,,,,Killoran,Galway
"Killure, Co.Galway, 27014",Killure,Galway,27014,27014,,,139,490,2056,2685,3068,2263.2,,,,,,Killure,Galway
"Kilmacshane, Co.Galway, 27015",Kilmacshane,Galway,27015,27015,,,121,380,1410,1911,1480,1525,,,,,,Kilmacshane,Galway
"Kiltormer, Co.Galway, 27016",Kiltormer,Galway,27016,27016,,,98,929,2598,3625,3086,2881.9,,,,,,Kiltormer,Galway
"Kylemore, Co.Galway, 27017",Kylemore,Galway,27017,27017,,,130,306,1862,2298,6245,2340,,,,,,Kylemore,Galway
"Laurencetown, Co.Galway, 27018",Laurencetown,Galway,27018,27018,,,139,537,2005,2681,2627,2179.7,,,,,,Laurencetown,Galway
"Lismanny, Co.Galway, 27019",Lismanny,Galway,27019,27019,,,98,453,1756,2307,3440,2031.1,,,,,,Lismanny,Galway
"Oatfield, Co.Galway, 27020",Oatfield,Galway,27020,27020,,,101,673,1652,2426,2567,1993.7,,,,,,Oatfield,Galway
"Ballynakill, Co.Galway, 27021",Ballynakill,Galway,27021,27021,,,0,147,200,347,2659,530.6,,,,,,Ballynakill,Galway
"Binn an Choire, Co.Galway, 27022",Binn an Choire,Galway,27022,27022,,,0,70,56,126,5944,709.7,,,,,,Binn an Choire,Galway
"Bunowen, Co.Galway, 27023",Bunowen,Galway,27023,27023,,,0,236,276,512,1282,511.4,,,,,,Bunowen,Galway
"Cleggan, Co.Galway, 27024",Cleggan,Galway,27024,27024,,,0,112,183,295,1694,387.9,,,,,,Cleggan,Galway
"Clifden, Co.Galway, 27025",Clifden,Galway,27025,27025,,,0,291,474,765,3271,937.6,,,,,,Clifden,Galway
"Cushkillary, Co.Galway, 27026",Cushkillary,Galway,27026,27026,,,0,32,66,98,9829,1070.1,,,,,,Cushkillary,Galway
"Derrycunlagh / Derrylea, Co.Galway, 27027/27028",Derrycunlagh / Derrylea,Galway,27027/27028,27027/27028,,,0,119,127,246,2571,464.2,,,,,,Derrycunlagh / Derrylea,Galway
"Doonloughan, Co.Galway, 27029",Doonloughan,Galway,27029,27029,,,0,110,177,287,195,255.2,,,,,,Doonloughan,Galway
"Errislannan, Co.Galway, 27030",Errislannan,Galway,27030,27030,,,0,175,235,410,223,382.4,,,,,,Errislannan,Galway
"An Uillinn, Co.Galway, 27031",An Uillinn,Galway,27031,27031,,,0,53,161,214,4341,620.5,,,,,,An Uillinn,Galway
"Inishbofin, Co.Galway, 27032",Inishbofin,Galway,27032,27032,,,0,32,50,82,2273,284.9,,,,,,Inishbofin,Galway
"An Cnoc Buí, Co.Galway, 27033",An Cnoc Buí,Galway,27033,27033,,,0,358,353,711,693,597.1,,,,,,An Cnoc Buí,Galway
"Maíros, Co.Galway, 27034",Maíros,Galway,27034,27034,,,0,189,211,400,3757,689.1,,,,,,Maíros,Galway
"Abhainn Ghabhla, Co.Galway, 27035",Abhainn Ghabhla,Galway,27035,27035,,,0,273,296,569,1669,619.1,,,,,,Abhainn Ghabhla,Galway
"Rinvyle, Co.Galway, 27036",Rinvyle,Galway,27036,27036,,,0,318,458,776,5757,1142.1,,,,,,Rinvyle,Galway
"Cloch na Rón, Co.Galway, 27037",Cloch na Rón,Galway,27037,27037,,,0,130,206,336,2978,560.1,,,,,,Cloch na Rón,Galway
"Sillerna, Co.Galway, 27038",Sillerna,Galway,27038,27038,,,0,256,334,590,1090,524.3,,,,,,Sillerna,Galway
"Scainimh, Co.Galway, 27039",Scainimh,Galway,27039,27039,,,0,285,294,579,843,497.2,,,,,,Scainimh,Galway
"Eanach Dhúin, Co.Galway, 27040",Eanach Dhúin,Galway,27040,27040,,,94,572,1558,2224,1486,1816.3,,,,,,Eanach Dhúin,Galway
"Aughrim, Co.Galway, 27041",Aughrim,Galway,27041,27041,,,447,1308,3769,5524,4253,4383.8,,,,,,Aughrim,Galway
"Baile an Teampaill (Part Rural), Co.Galway, 27042",Baile an Teampaill (Part Rural),Galway,27042,27042,,,95,207,940,1242,572,1064.7,,,,,,Baile an Teampaill (Part Rural),Galway
"Ballynacourty, Co.Galway, 27043",Ballynacourty,Galway,27043,27043,,,91,209,603,903,3507,1054.6,,,,,,Ballynacourty,Galway
"Bearna (Part Rural), Co.Galway, 27044",Bearna (Part Rural),Galway,27044,27044,,,0,265,510,775,159,554.5,,,,,,Bearna (Part Rural),Galway
"Belleville, Co.Galway, 27045",Belleville,Galway,27045,27045,,,149,808,2205,3162,4485,2926.1,,,,,,Belleville,Galway
"An Carn Mór, Co.Galway, 27046",An Carn Mór,Galway,27046,27046,,,452,486,1723,2661,702,2058.5,,,,,,An Carn Mór,Galway
"Ceathrú an Bhrúnaigh (Part Rural), Co.Galway, 27047",Ceathrú an Bhrúnaigh (Part Rural),Galway,27047,27047,,,0,256,714,970,127,725.4,,,,,,Ceathrú an Bhrúnaigh (Part Rural),Galway
"Baile Chláir, Co.Galway, 27048",Baile Chláir,Galway,27048,27048,,,359,364,1606,2329,835,1785.2,,,,,,Baile Chláir,Galway
"Clarinbridge, Co.Galway, 27049",Clarinbridge,Galway,27049,27049,,,276,543,1773,2592,1193,2077.5,,,,,,Clarinbridge,Galway
"Deerpark, Co.Galway, 27050",Deerpark,Galway,27050,27050,,,0,627,1522,2149,4850,2024.5,,,,,,Deerpark,Galway
"Na Forbacha, Co.Galway, 27051",Na Forbacha,Galway,27051,27051,,,0,254,375,629,127,464.4,,,,,,Na Forbacha,Galway
"Galway Rural (Part Rural), Co.Galway, 27052",Galway Rural (Part Rural),Galway,27052,27052,,,0,69,126,195,0,138.5,,,,,,Galway Rural (Part Rural),Galway
"Árainn, Co.Galway, 27053",Árainn,Galway,27053,27053,,,0,661,1054,1715,452,1223,,,,,,Árainn,Galway
"Cill Chuimin, Co.Galway, 27054",Cill Chuimin,Galway,27054,27054,,,0,449,538,987,353,753,,,,,,Cill Chuimin,Galway
"Cill Aithnín, Co.Galway, 27055",Cill Aithnín,Galway,27055,27055,,,0,211,259,470,299,370.2,,,,,,Cill Aithnín,Galway
"Leacach Beag, Co.Galway, 27056",Leacach Beag,Galway,27056,27056,,,89,572,1490,2151,2680,1778.2,,,,,,Leacach Beag,Galway
"Liscananaun, Co.Galway, 27057",Liscananaun,Galway,27057,27057,,,306,480,1600,2386,1654,1883.6,,,,,,Liscananaun,Galway
"Lisín an Bhealaigh, Co.Galway, 27058",Lisín an Bhealaigh,Galway,27058,27058,,,91,545,1260,1896,2644,1623.2,,,,,,Lisín an Bhealaigh,Galway
"Maigh Cuilinn, Co.Galway, 27059",Maigh Cuilinn,Galway,27059,27059,,,78,264,498,840,149,621.8,,,,,,Maigh Cuilinn,Galway
"Oranmore, Co.Galway, 27060",Oranmore,Galway,27060,27060,,,280,339,1190,1809,1240,1513.6,,,,,,Oranmore,Galway
"Sailearna, Co.Galway, 27061",Sailearna,Galway,27061,27061,,,0,234,224,458,847,434.3,,,,,,Sailearna,Galway
"Sliabh an Aonaigh, Co.Galway, 27062",Sliabh an Aonaigh,Galway,27062,27062,,,0,382,582,964,702,740,,,,,,Sliabh an Aonaigh,Galway
"An Spidéal, Co.Galway, 27063",An Spidéal,Galway,27063,27063,,,0,188,263,451,176,318.9,,,,,,An Spidéal,Galway
"Stradbally, Co.Galway, 27064",Stradbally,Galway,27064,27064,,,638,295,1595,2528,853,2015.8,,,,,,Stradbally,Galway
"Tulaigh Mhic Aodháin, Co.Galway, 27065",Tulaigh Mhic Aodháin,Galway,27065,27065,,,0,346,704,1050,176,818.7,,,,,,Tulaigh Mhic Aodháin,Galway
"Ballinastack, Co.Galway, 27066",Ballinastack,Galway,27066,27066,,,94,523,1024,1641,502,1167.9,,,,,,Ballinastack,Galway
"Ballymoe, Co.Galway, 27067",Ballymoe,Galway,27067,27067,,,298,708,1700,2706,1527,2060.8,,,,,,Ballymoe,Galway
"Ballynakill, Co.Galway, 27068",Ballynakill,Galway,27068,27068,,,97,741,1351,2189,4727,2022.7,,,,,,Ballynakill,Galway
"Boyounagh, Co.Galway, 27069",Boyounagh,Galway,27069,27069,,,110,593,1236,1939,247,1363.6,,,,,,Boyounagh,Galway
"Creggs, Co.Galway, 27070",Creggs,Galway,27070,27070,,,122,607,1202,1931,1264,1491,,,,,,Creggs,Galway
"Curraghmore, Co.Galway, 27071",Curraghmore,Galway,27071,27071,,,0,293,1087,1380,345,991.5,,,,,,Curraghmore,Galway
"Glennamaddy, Co.Galway, 27072",Glennamaddy,Galway,27072,27072,,,95,498,1754,2347,779,1789.7,,,,,,Glennamaddy,Galway
"Island, Co.Galway, 27073",Island,Galway,27073,27073,,,125,551,1380,2056,278,1455.9,,,,,,Island,Galway
"Kilcroan, Co.Galway, 27074",Kilcroan,Galway,27074,27074,,,151,546,1245,1942,698,1448.5,,,,,,Kilcroan,Galway
"Kiltullagh, Co.Galway, 27075",Kiltullagh,Galway,27075,27075,,,78,270,1006,1354,466,1033.2,,,,,,Kiltullagh,Galway
"Raheen, Co.Galway, 27076",Raheen,Galway,27076,27076,,,101,429,1725,2255,646,1713.7,,,,,,Raheen,Galway
"Scregg, Co.Galway, 27077",Scregg,Galway,27077,27077,,,452,380,1588,2420,854,1782.6,,,,,,Scregg,Galway
"Shankill, Co.Galway, 27078",Shankill,Galway,27078,27078,,,78,437,1249,1764,1029,1324.7,,,,,,Shankill,Galway
"Templetogher, Co.Galway, 27079",Templetogher,Galway,27079,27079,,,102,1020,2140,3262,1326,2358.7,,,,,,Templetogher,Galway
"Toberroe, Co.Galway, 27080",Toberroe,Galway,27080,27080,,,91,514,1137,1742,1337,1355.7,,,,,,Toberroe,Galway
"Ardamullivan, Co.Galway, 27081",Ardamullivan,Galway,27081,27081,,,90,1056,1812,2958,804,2215.2,,,,,,Ardamullivan,Galway
"Ardrahan, Co.Galway, 27082",Ardrahan,Galway,27082,27082,,,0,344,1016,1360,959,1030.5,,,,,,Ardrahan,Galway
"Ballycahalan, Co.Galway, 27083",Ballycahalan,Galway,27083,27083,,,110,441,855,1406,675,1084.6,,,,,,Ballycahalan,Galway
"Beagh, Co.Galway, 27084",Beagh,Galway,27084,27084,,,91,1154,1973,3218,1695,2418.4,,,,,,Beagh,Galway
"Cahermore, Co.Galway, 27085",Cahermore,Galway,27085,27085,,,300,1003,1858,3161,1355,2318.7,,,,,,Cahermore,Galway
"Cappard, Co.Galway, 27086",Cappard,Galway,27086,27086,,,0,154,278,432,127,325.7,,,,,,Cappard,Galway
"Castletaylor, Co.Galway, 27087",Castletaylor,Galway,27087,27087,,,107,429,1369,1905,1122,1503.1,,,,,,Castletaylor,Galway
"Doorus, Co.Galway, 27088",Doorus,Galway,27088,27088,,,93,625,1105,1823,194,1222.9,,,,,,Doorus,Galway
"Drumacoo, Co.Galway, 27089",Drumacoo,Galway,27089,27089,,,91,680,1139,1910,986,1444.5,,,,,,Drumacoo,Galway
"Gort, Co.Galway, 27090",Gort,Galway,27090,27090,,,0,344,623,967,380,758.3,,,,,,Gort,Galway
"Kilbeacanty, Co.Galway, 27091",Kilbeacanty,Galway,27091,27091,,,106,375,772,1253,163,953.9,,,,,,Kilbeacanty,Galway
"Killeely, Co.Galway, 27092",Killeely,Galway,27092,27092,,,102,985,2152,3239,1108,2380.1,,,,,,Killeely,Galway
"Killeenavarra, Co.Galway, 27093",Killeenavarra,Galway,27093,27093,,,132,761,1486,2379,1434,1852,,,,,,Killeenavarra,Galway
"Killinny, Co.Galway, 27094",Killinny,Galway,27094,27094,,,78,1275,2140,3493,2064,2546.2,,,,,,Killinny,Galway
"Kiltartan, Co.Galway, 27095",Kiltartan,Galway,27095,27095,,,205,1088,1998,3291,1242,2471.8,,,,,,Kiltartan,Galway
"Kilthomas, Co.Galway, 27096",Kilthomas,Galway,27096,27096,,,0,413,654,1067,234,735,,,,,,Kilthomas,Galway
"Kinvarra, Co.Galway, 27097",Kinvarra,Galway,27097,27097,,,78,1242,2086,3406,1808,2580.1,,,,,,Kinvarra,Galway
"Rahasane, Co.Galway, 27098",Rahasane,Galway,27098,27098,,,140,651,1939,2730,2279,2178.4,,,,,,Rahasane,Galway
"Skehanagh, Co.Galway, 27099",Skehanagh,Galway,27099,27099,,,91,503,1107,1701,1168,1362,,,,,,Skehanagh,Galway
"Aille, Co.Galway, 27100",Aille,Galway,27100,27100,,,0,433,1235,1668,1224,1358.3,,,,,,Aille,Galway
"Athenry, Co.Galway, 27101",Athenry,Galway,27101,27101,,,114,730,2332,3176,4562,2729.4,,,,,,Athenry,Galway
"Ballynagar, Co.Galway, 27102",Ballynagar,Galway,27102,27102,,,110,371,915,1396,789,1082.1,,,,,,Ballynagar,Galway
"Bracklagh, Co.Galway, 27103",Bracklagh,Galway,27103,27103,,,174,742,2133,3049,3405,2656.5,,,,,,Bracklagh,Galway
"Bullaun, Co.Galway, 27104",Bullaun,Galway,27104,27104,,,0,310,921,1231,1825,1026.6,,,,,,Bullaun,Galway
"Cappalusk, Co.Galway, 27105",Cappalusk,Galway,27105,27105,,,131,694,1524,2349,2374,1884.9,,,,,,Cappalusk,Galway
"Castleboy, Co.Galway, 27106",Castleboy,Galway,27106,27106,,,340,731,1717,2788,1141,2079,,,,,,Castleboy,Galway
"Cloonkeen, Co.Galway, 27107",Cloonkeen,Galway,27107,27107,,,104,309,737,1150,915,910.4,,,,,,Cloonkeen,Galway
"Colmanstown, Co.Galway, 27108",Colmanstown,Galway,27108,27108,,,90,162,291,543,591,426.2,,,,,,Colmanstown,Galway
"Craughwell, Co.Galway, 27109",Craughwell,Galway,27109,27109,,,226,899,2133,3258,2164,2584.8,,,,,,Craughwell,Galway
"Derrylaur, Co.Galway, 27110",Derrylaur,Galway,27110,27110,,,0,296,281,577,0,402.8,,,,,,Derrylaur,Galway
"Drumkeary, Co.Galway, 27111",Drumkeary,Galway,27111,27111,,,94,619,1476,2189,1509,1830.7,,,,,,Drumkeary,Galway
"Graigabbey, Co.Galway, 27112",Graigabbey,Galway,27112,27112,,,114,434,1051,1599,1150,1220.7,,,,,,Graigabbey,Galway
"Grange, Co.Galway, 27113",Grange,Galway,27113,27113,,,165,915,2211,3291,5278,2845.3,,,,,,Grange,Galway
"Greethill, Co.Galway, 27114",Greethill,Galway,27114,27114,,,385,757,2070,3212,1249,2496.2,,,,,,Greethill,Galway
"Kilchreest, Co.Galway, 27115",Kilchreest,Galway,27115,27115,,,100,446,1387,1933,1411,1531.6,,,,,,Kilchreest,Galway
"Kilconickny, Co.Galway, 27116",Kilconickny,Galway,27116,27116,,,344,175,754,1273,809,1075.5,,,,,,Kilconickny,Galway
"Kilconierin, Co.Galway, 27117",Kilconierin,Galway,27117,27117,,,114,549,1429,2092,1876,1700.7,,,,,,Kilconierin,Galway
"Killimor, Co.Galway, 27118",Killimor,Galway,27118,27118,,,0,585,1211,1796,1695,1422.2,,,,,,Killimor,Galway
"Killogilleen, Co.Galway, 27119",Killogilleen,Galway,27119,27119,,,240,929,2525,3694,3023,2900.9,,,,,,Killogilleen,Galway
"Kilmeen, Co.Galway, 27120",Kilmeen,Galway,27120,27120,,,649,726,2908,4283,4300,3581.8,,,,,,Kilmeen,Galway
"Kilreekill, Co.Galway, 27121",Kilreekill,Galway,27121,27121,,,125,627,1330,2082,6813,2166.6,,,,,,Kilreekill,Galway
"Kilteskill, Co.Galway, 27122",Kilteskill,Galway,27122,27122,,,0,435,897,1332,1343,1072.9,,,,,,Kilteskill,Galway
"Kiltullagh, Co.Galway, 27123",Kiltullagh,Galway,27123,27123,,,412,570,1709,2691,1016,2063.7,,,,,,Kiltullagh,Galway
"Lackalea, Co.Galway, 27124",Lackalea,Galway,27124,27124,,,0,442,1142,1584,2220,1310.7,,,,,,Lackalea,Galway
"Leitrim, Co.Galway, 27125",Leitrim,Galway,27125,27125,,,0,378,876,1254,1639,1016.1,,,,,,Leitrim,Galway
"Loughrea Rural, Co.Galway, 27127",Loughrea Rural,Galway,27127,27127,,,135,696,1685,2516,1860,2086.3,,,,,,Loughrea Rural,Galway
"Loughrea Urban, Co.Galway, 27128",Loughrea Urban,Galway,27128,27128,,,0,11,14,25,127,,,,,,,Loughrea Urban,Galway
"Marblehill / Loughatorick, Co.Galway, 27129/27126",Marblehill / Loughatorick,Galway,27129/27126,27129/27126,,,86,584,909,1579,195,1119.8,,,,,,Marblehill / Loughatorick,Galway
"Mountain, Co.Galway, 27130",Mountain,Galway,27130,27130,,,0,224,415,639,295,495,,,,,,Mountain,Galway
"Movode, Co.Galway, 27131",Movode,Galway,27131,27131,,,227,175,957,1359,1048,1174.4,,,,,,Movode,Galway
"Raford, Co.Galway, 27132",Raford,Galway,27132,27132,,,0,537,1060,1597,1769,1277.9,,,,,,Raford,Galway
"Tiaquin, Co.Galway, 27133",Tiaquin,Galway,27133,27133,,,122,655,1147,1924,1567,1634.2,,,,,,Tiaquin,Galway
"Woodford, Co.Galway, 27134",Woodford,Galway,27134,27134,,,56,164,224,444,0,341.2,,,,,,Woodford,Galway
"Annagh, Co.Galway, 27135",Annagh,Galway,27135,27135,,,174,585,1875,2634,4031,2320.5,,,,,,Annagh,Galway
"Ballynakill, Co.Galway, 27136",Ballynakill,Galway,27136,27136,,,0,814,1804,2618,3722,2128.1,,,,,,Ballynakill,Galway
"Caltra, Co.Galway, 27137",Caltra,Galway,27137,27137,,,0,429,1064,1493,3205,1372,,,,,,Caltra,Galway
"Castleblakeney, Co.Galway, 27138",Castleblakeney,Galway,27138,27138,,,0,328,942,1270,2490,1206.1,,,,,,Castleblakeney,Galway
"Castleffrench, Co.Galway, 27139",Castleffrench,Galway,27139,27139,,,90,905,1579,2574,2066,2029.2,,,,,,Castleffrench,Galway
"Clonbrock, Co.Galway, 27140",Clonbrock,Galway,27140,27140,,,109,881,2048,3038,4372,2560.7,,,,,,Clonbrock,Galway
"Cloonkeen, Co.Galway, 27141",Cloonkeen,Galway,27141,27141,,,110,446,833,1389,192,994,,,,,,Cloonkeen,Galway
"Cooloo, Co.Galway, 27142",Cooloo,Galway,27142,27142,,,655,990,3525,5170,3420,4069.1,,,,,,Cooloo,Galway
"Derryglassaun, Co.Galway, 27143",Derryglassaun,Galway,27143,27143,,,172,636,2029,2837,4882,2515.6,,,,,,Derryglassaun,Galway
"Killeroran, Co.Galway, 27144",Killeroran,Galway,27144,27144,,,320,866,2152,3338,3064,2724.9,,,,,,Killeroran,Galway
"Killian, Co.Galway, 27145",Killian,Galway,27145,27145,,,102,635,1464,2201,2349,1809.7,,,,,,Killian,Galway
"Mount Bellew, Co.Galway, 27146",Mount Bellew,Galway,27146,27146,,,453,871,2328,3652,5033,3147.7,,,,,,Mount Bellew,Galway
"Mounthazel, Co.Galway, 27147",Mounthazel,Galway,27147,27147,,,95,754,1942,2791,4863,2407.3,,,,,,Mounthazel,Galway
"Taghboy, Co.Galway, 27148",Taghboy,Galway,27148,27148,,,78,370,614,1062,1535,879.9,,,,,,Taghboy,Galway
"Camas, Co.Galway, 27149",Camas,Galway,27149,27149,,,0,183,214,397,713,365,,,,,,Camas,Galway
"An Fhairche, Co.Galway, 27150",An Fhairche,Galway,27150,27150,,,0,412,945,1357,10909,2078.2,,,,,,An Fhairche,Galway
"Conga, Co.Galway, 27151",Conga,Galway,27151,27151,,,0,350,591,941,11516,1801.5,,,,,,Conga,Galway
"An Crompán, Co.Galway, 27152",An Crompán,Galway,27152,27152,,,0,205,200,405,139,350.5,,,,,,An Crompán,Galway
"An Chorr, Co.Galway, 27153",An Chorr,Galway,27153,27153,,,0,51,66,117,5346,615.1,,,,,,An Chorr,Galway
"Garmna, Co.Galway, 27154",Garmna,Galway,27154,27154,,,0,337,336,673,185,480.7,,,,,,Garmna,Galway
"Cill Chuimín, Co.Galway, 27155",Cill Chuimín,Galway,27155,27155,,,0,220,405,625,5472,1022.6,,,,,,Cill Chuimín,Galway
"Leitir Breacáin, Co.Galway, 27156",Leitir Breacáin,Galway,27156,27156,,,0,40,139,179,10475,1094.6,,,,,,Leitir Breacáin,Galway
"Letterfore, Co.Galway, 27157",Letterfore,Galway,27157,27157,,,0,165,286,451,4691,783.5,,,,,,Letterfore,Galway
"Leitir Móir, Co.Galway, 27158",Leitir Móir,Galway,27158,27158,,,0,184,218,402,0,274.9,,,,,,Leitir Móir,Galway
"Oughterard, Co.Galway, 27159",Oughterard,Galway,27159,27159,,,0,534,883,1417,5047,1535.7,,,,,,Oughterard,Galway
"An Ros, Co.Galway, 27160",An Ros,Galway,27160,27160,,,0,38,80,118,12446,1335.3,,,,,,An Ros,Galway
"An Turlach, Co.Galway, 27161",An Turlach,Galway,27161,27161,,,0,276,459,735,2179,773.6,,,,,,An Turlach,Galway
"Wormhole, Co.Galway, 27162",Wormhole,Galway,27162,27162,,,0,806,1410,2216,932,1629.4,,,,,,Wormhole,Galway
"Abbeyville, Co.Galway, 27163",Abbeyville,Galway,27163,27163,,,386,378,1212,1976,432,1482.4,,,,,,Abbeyville,Galway
"Ballyglass, Co.Galway, 27164",Ballyglass,Galway,27164,27164,,,161,272,1013,1446,854,1137.3,,,,,,Ballyglass,Galway
"Coos, Co.Galway, 27165",Coos,Galway,27165,27165,,,0,360,609,969,0,662.3,,,,,,Coos,Galway
"Derrew, Co.Galway, 27166",Derrew,Galway,27166,27166,,,369,404,1741,2514,1354,1974.2,,,,,,Derrew,Galway
"Drummin, Co.Galway, 27167",Drummin,Galway,27167,27167,,,476,733,1974,3183,1172,2404,,,,,,Drummin,Galway
"Eyrecourt, Co.Galway, 27168",Eyrecourt,Galway,27168,27168,,,386,368,1845,2599,1530,2148.4,,,,,,Eyrecourt,Galway
"Killimor, Co.Galway, 27169",Killimor,Galway,27169,27169,,,674,502,2845,4021,1795,3167.3,,,,,,Killimor,Galway
"Kilmalinoge, Co.Galway, 27170",Kilmalinoge,Galway,27170,27170,,,370,468,2371,3209,2126,2528.5,,,,,,Kilmalinoge,Galway
"Kilquain, Co.Galway, 27171",Kilquain,Galway,27171,27171,,,472,621,2385,3478,1551,2574.1,,,,,,Kilquain,Galway
"Meelick, Co.Galway, 27172",Meelick,Galway,27172,27172,,,312,413,2050,2775,3357,2413.5,,,,,,Meelick,Galway
"Moat, Co.Galway, 27173",Moat,Galway,27173,27173,,,102,209,1393,1704,865,1354.8,,,,,,Moat,Galway
"Pallas, Co.Galway, 27174",Pallas,Galway,27174,27174,,,244,670,2018,2932,996,2431.5,,,,,,Pallas,Galway
"Portumna, Co.Galway, 27175",Portumna,Galway,27175,27175,,,616,885,4144,5645,2340,4414.2,,,,,,Portumna,Galway
"Tiranascragh, Co.Galway, 27176",Tiranascragh,Galway,27176,27176,,,106,285,1203,1594,1771,1318.3,,,,,,Tiranascragh,Galway
"Tynagh, Co.Galway, 27177",Tynagh,Galway,27177,27177,,,228,425,1297,1950,1564,1599.7,,,,,,Tynagh,Galway
"Abbey East, Co.Galway, 27178",Abbey East,Galway,27178,27178,,,85,612,1753,2450,2319,1938.5,,,,,,Abbey East,Galway
"Abbey West, Co.Galway, 27179",Abbey West,Galway,27179,27179,,,95,435,1396,1926,1065,1494.4,,,,,,Abbey West,Galway
"Addergoole, Co.Galway, 27180",Addergoole,Galway,27180,27180,,,0,756,1921,2677,2718,2148.7,,,,,,Addergoole,Galway
"Annaghdown, Co.Galway, 27181",Annaghdown,Galway,27181,27181,,,98,813,1681,2592,6455,2503.4,,,,,,Annaghdown,Galway
"Ballinderry, Co.Galway, 27182",Ballinderry,Galway,27182,27182,,,0,307,686,993,2375,885.7,,,,,,Ballinderry,Galway
"Ballinduff, Co.Galway, 27183",Ballinduff,Galway,27183,27183,,,0,257,751,1008,1168,876.5,,,,,,Ballinduff,Galway
"Ballynapark, Co.Galway, 27184",Ballynapark,Galway,27184,27184,,,87,659,1930,2676,4017,2319.9,,,,,,Ballynapark,Galway
"Beaghmore, Co.Galway, 27185",Beaghmore,Galway,27185,27185,,,78,497,1057,1632,2821,1470.4,,,,,,Beaghmore,Galway
"Belclare, Co.Galway, 27186",Belclare,Galway,27186,27186,,,0,628,1673,2301,3521,1977.6,,,,,,Belclare,Galway
"Carrownagur, Co.Galway, 27187",Carrownagur,Galway,27187,27187,,,110,763,2134,3007,2689,2355.8,,,,,,Carrownagur,Galway
"Carrowrevagh, Co.Galway, 27188",Carrowrevagh,Galway,27188,27188,,,131,763,1746,2640,2505,2107.7,,,,,,Carrowrevagh,Galway
"Claretuam, Co.Galway, 27189",Claretuam,Galway,27189,27189,,,0,758,2482,3240,7682,3142.4,,,,,,Claretuam,Galway
"Clonbern, Co.Galway, 27190",Clonbern,Galway,27190,27190,,,105,670,1698,2473,3981,2186,,,,,,Clonbern,Galway
"Cloonkeen, Co.Galway, 27191",Cloonkeen,Galway,27191,27191,,,229,419,1576,2224,1641,1819.4,,,,,,Cloonkeen,Galway
"Cummer, Co.Galway, 27192",Cummer,Galway,27192,27192,,,89,508,1356,1953,4158,1842,,,,,,Cummer,Galway
"Donaghpatrick, Co.Galway, 27193",Donaghpatrick,Galway,27193,27193,,,112,448,1770,2330,4173,2165.7,,,,,,Donaghpatrick,Galway
"Doonbally, Co.Galway, 27194",Doonbally,Galway,27194,27194,,,107,832,2637,3576,3541,2910.1,,,,,,Doonbally,Galway
"Dunmore North, Co.Galway, 27195",Dunmore North,Galway,27195,27195,,,78,825,1655,2558,2081,1993.4,,,,,,Dunmore North,Galway
"Dunmore South, Co.Galway, 27196",Dunmore South,Galway,27196,27196,,,0,449,1076,1525,717,1109.7,,,,,,Dunmore South,Galway
"Foxhall, Co.Galway, 27197",Foxhall,Galway,27197,27197,,,132,637,2734,3503,5847,3146.1,,,,,,Foxhall,Galway
"Headford, Co.Galway, 27198",Headford,Galway,27198,27198,,,107,400,1485,1992,7640,2245.1,,,,,,Headford,Galway
"Hillsbrook, Co.Galway, 27199",Hillsbrook,Galway,27199,27199,,,90,848,1940,2878,3537,2454.5,,,,,,Hillsbrook,Galway
"Kilbennan, Co.Galway, 27200",Kilbennan,Galway,27200,27200,,,0,361,1030,1391,2859,1328.7,,,,,,Kilbennan,Galway
"Kilcoona, Co.Galway, 27201",Kilcoona,Galway,27201,27201,,,130,475,1699,2304,8373,2516.1,,,,,,Kilcoona,Galway
"Killeany, Co.Galway, 27202",Killeany,Galway,27202,27202,,,89,430,1366,1885,4216,1806.2,,,,,,Killeany,Galway
"Killeen, Co.Galway, 27203",Killeen,Galway,27203,27203,,,111,592,2141,2844,4787,2530.1,,,,,,Killeen,Galway
"Killererin, Co.Galway, 27204",Killererin,Galway,27204,27204,,,0,883,2077,2960,5549,2618.3,,,,,,Killererin,Galway
"Killower, Co.Galway, 27205",Killower,Galway,27205,27205,,,165,1190,2471,3826,6385,3327.4,,,,,,Killower,Galway
"Killursa, Co.Galway, 27206",Killursa,Galway,27206,27206,,,456,936,2366,3758,5358,3241.4,,,,,,Killursa,Galway
"Kilmoylan, Co.Galway, 27207",Kilmoylan,Galway,27207,27207,,,102,604,2088,2794,5002,2584,,,,,,Kilmoylan,Galway
"Kilshanvy, Co.Galway, 27208",Kilshanvy,Galway,27208,27208,,,90,436,1569,2095,2626,1756.3,,,,,,Kilshanvy,Galway
"Levally, Co.Galway, 27209",Levally,Galway,27209,27209,,,0,678,1881,2559,1267,1909.6,,,,,,Levally,Galway
"Milltown, Co.Galway, 27210",Milltown,Galway,27210,27210,,,122,569,2254,2945,3999,2559.1,,,,,,Milltown,Galway
"Monivea, Co.Galway, 27211",Monivea,Galway,27211,27211,,,99,390,1507,1996,3376,1766.3,,,,,,Monivea,Galway
"Moyne, Co.Galway, 27212",Moyne,Galway,27212,27212,,,97,661,1701,2459,3118,1990.6,,,,,,Moyne,Galway
"Ryehill, Co.Galway, 27213",Ryehill,Galway,27213,27213,,,112,667,1752,2531,2485,2016.8,,,,,,Ryehill,Galway
"Toberadosh, Co.Galway, 27214",Toberadosh,Galway,27214,27214,,,139,761,1810,2710,1769,2093.6,,,,,,Toberadosh,Galway
"Tuam Rural, Co.Galway, 27215",Tuam Rural,Galway,27215,27215,,,127,407,2114,2648,4521,2606.9,,,,,,Tuam Rural,Galway
"Tuam Urban, Co.Galway, 27216",Tuam Urban,Galway,27216,27216,,,0,11,14,25,127,,,,,,,Tuam Urban,Galway
"Killarney Urban, Co.Kerry, 19001",Killarney Urban,Kerry,19001,19001,,,53,0,55,108,0,,,,,,,Killarney Urban,Kerry
"Listowel Urban, Co.Kerry, 19002",Listowel Urban,Kerry,19002,19002,,,60,65,128,253,120,197.2,,,,,,Listowel Urban,Kerry
"Tralee Urban, Co.Kerry, 19003",Tralee Urban,Kerry,19003,19003,,,0,0,41,41,0,,,,,,,Tralee Urban,Kerry
"Na Beathacha, Co.Kerry, 19004",Na Beathacha,Kerry,19004,19004,,,0,372,579,951,3778,1024,,,,,,Na Beathacha,Kerry
"Baile an Sceilg, Co.Kerry, 19005",Baile an Sceilg,Kerry,19005,19005,,,0,659,804,1463,2766,1237.4,,,,,,Baile an Sceilg,Kerry
"An Baile Breac, Co.Kerry, 19006",An Baile Breac,Kerry,19006,19006,,,0,91,145,236,4228,645.8,,,,,,An Baile Breac,Kerry
"Caher, Co.Kerry, 19007",Caher,Kerry,19007,19007,,,76,572,986,1634,4278,1525.5,,,,,,Caher,Kerry
"Cathair Dónall, Co.Kerry, 19008",Cathair Dónall,Kerry,19008,19008,,,0,160,252,412,3795,653.9,,,,,,Cathair Dónall,Kerry
"Ceannúigh / Máistir Gaoithe, Co.Kerry, 19009/19020",Ceannúigh / Máistir Gaoithe,Kerry,19009/19020,19009/19020,,,58,794,1134,1986,7578,2183.8,,,,,,Ceannúigh / Máistir Gaoithe,Kerry
"Castlequin, Co.Kerry, 19010",Castlequin,Kerry,19010,19010,,,152,572,1190,1914,8847,2202.3,,,,,,Castlequin,Kerry
"Curraghbeg, Co.Kerry, 19012",Curraghbeg,Kerry,19012,19012,,,0,320,553,873,3584,945.2,,,,,,Curraghbeg,Kerry
"Doire Fhíonáin, Co.Kerry, 19013",Doire Fhíonáin,Kerry,19013,19013,,,0,157,239,396,4043,665.6,,,,,,Doire Fhíonáin,Kerry
"Doire Ianna / Cloon, Co.Kerry, 19014/19011",Doire Ianna / Cloon,Kerry,19014/19011,19014/19011,,,0,446,578,1024,20759,2751.2,,,,,,Doire Ianna / Cloon,Kerry
"An tImleach, Co.Kerry, 19015",An tImleach,Kerry,19015,19015,,,77,485,777,1339,2151,1127.3,,,,,,An tImleach,Kerry
"Glanbehy, Co.Kerry, 19016",Glanbehy,Kerry,19016,19016,,,68,449,838,1355,11556,2131.6,,,,,,Glanbehy,Kerry
"Killinane, Co.Kerry, 19017",Killinane,Kerry,19017,19017,,,0,365,817,1182,9389,1754,,,,,,Killinane,Kerry
"Lickeen, Co.Kerry, 19018",Lickeen,Kerry,19018,19018,,,0,166,258,424,4666,766.5,,,,,,Lickeen,Kerry
"Loch Luíoch, Co.Kerry, 19019",Loch Luíoch,Kerry,19019,19019,,,77,302,384,763,2033,698.9,,,,,,Loch Luíoch,Kerry
"Maum, Co.Kerry, 19021",Maum,Kerry,19021,19021,,,90,269,579,938,7765,1455.8,,,,,,Maum,Kerry
"Portmagee, Co.Kerry, 19022",Portmagee,Kerry,19022,19022,,,73,203,441,717,1605,678.1,,,,,,Portmagee,Kerry
"Toghroinn Fhíonáin, Co.Kerry, 19023",Toghroinn Fhíonáin,Kerry,19023,19023,,,63,144,250,457,1736,502,,,,,,Toghroinn Fhíonáin,Kerry
"Teeranearagh, Co.Kerry, 19024",Teeranearagh,Kerry,19024,19024,,,0,603,783,1386,839,1013.6,,,,,,Teeranearagh,Kerry
"Valencia, Co.Kerry, 19025",Valencia,Kerry,19025,19025,,,302,791,1595,2688,983,2027.9,,,,,,Valencia,Kerry
"Ballinvoher, Co.Kerry, 19026",Ballinvoher,Kerry,19026,19026,,,512,206,918,1636,6652,1890,,,,,,Ballinvoher,Kerry
"An Baile Dubh, Co.Kerry, 19027",An Baile Dubh,Kerry,19027,19027,,,72,79,391,542,7651,1150.7,,,,,,An Baile Dubh,Kerry
"Ballynacourty, Co.Kerry, 19028",Ballynacourty,Kerry,19028,19028,,,356,241,851,1448,4272,1535.8,,,,,,Ballynacourty,Kerry
"Cé Bhréanainn, Co.Kerry, 19029",Cé Bhréanainn,Kerry,19029,19029,,,0,32,40,72,3730,455.2,,,,,,Cé Bhréanainn,Kerry
"Castlegregory, Co.Kerry, 19030",Castlegregory,Kerry,19030,19030,,,82,302,744,1128,2635,1135.5,,,,,,Castlegregory,Kerry
"An Clochán, Co.Kerry, 19031",An Clochán,Kerry,19031,19031,,,72,73,229,374,8496,1126.2,,,,,,An Clochán,Kerry
"Deelis, Co.Kerry, 19032",Deelis,Kerry,19032,19032,,,256,142,661,1059,5624,1374,,,,,,Deelis,Kerry
"An Daingean, Co.Kerry, 19033",An Daingean,Kerry,19033,19033,,,0,30,78,108,0,,,,,,,An Daingean,Kerry
"Dún Chaoin, Co.Kerry, 19034",Dún Chaoin,Kerry,19034,19034,,,70,81,159,310,2639,467.1,,,,,,Dún Chaoin,Kerry
"Dún Urlann, Co.Kerry, 19035",Dún Urlann,Kerry,19035,19035,,,244,379,1017,1640,3556,1506.2,,,,,,Dún Urlann,Kerry
"Na Gleannta, Co.Kerry, 19036",Na Gleannta,Kerry,19036,19036,,,1138,505,2685,4328,13947,4601.3,,,,,,Na Gleannta,Kerry
"Inch, Co.Kerry, 19037",Inch,Kerry,19037,19037,,,77,233,392,702,3713,889.8,,,,,,Inch,Kerry
"Cill Maoilchéadair, Co.Kerry, 19038",Cill Maoilchéadair,Kerry,19038,19038,,,514,207,964,1685,4567,1718.6,,,,,,Cill Maoilchéadair,Kerry
"Cill Chuáin, Co.Kerry, 19039",Cill Chuáin,Kerry,19039,19039,,,95,254,676,1025,14560,2122.9,,,,,,Cill Chuáin,Kerry
"Cinn Aird, Co.Kerry, 19040",Cinn Aird,Kerry,19040,19040,,,737,228,1411,2376,8711,2594.4,,,,,,Cinn Aird,Kerry
"Lack, Co.Kerry, 19041",Lack,Kerry,19041,19041,,,85,115,599,799,3281,907,,,,,,Lack,Kerry
"Márthain, Co.Kerry, 19042",Márthain,Kerry,19042,19042,,,76,232,543,851,3846,1009.4,,,,,,Márthain,Kerry
"An Mhin Aird, Co.Kerry, 19043",An Mhin Aird,Kerry,19043,19043,,,628,235,1304,2167,5129,2102.2,,,,,,An Mhin Aird,Kerry
"An Sráidbhaile, Co.Kerry, 19044",An Sráidbhaile,Kerry,19044,19044,,,326,227,549,1102,3957,1254.1,,,,,,An Sráidbhaile,Kerry
"Ceann Trá, Co.Kerry, 19045",Ceann Trá,Kerry,19045,19045,,,232,186,512,930,5722,1341,,,,,,Ceann Trá,Kerry
"Ardea, Co.Kerry, 19046",Ardea,Kerry,19046,19046,,,0,219,367,586,4747,888.5,,,,,,Ardea,Kerry
"Banawn, Co.Kerry, 19047",Banawn,Kerry,19047,19047,,,83,394,537,1014,12642,2269.5,,,,,,Banawn,Kerry
"Cappagh, Co.Kerry, 19048",Cappagh,Kerry,19048,19048,,,82,440,729,1251,3885,1280.2,,,,,,Cappagh,Kerry
"Castlecove, Co.Kerry, 19049",Castlecove,Kerry,19049,19049,,,0,391,554,945,6815,1358.5,,,,,,Castlecove,Kerry
"Dawros, Co.Kerry, 19050",Dawros,Kerry,19050,19050,,,84,387,483,954,6797,1329.5,,,,,,Dawros,Kerry
"Dromore, Co.Kerry, 19051",Dromore,Kerry,19051,19051,,,0,117,330,447,533,397.2,,,,,,Dromore,Kerry
"Glanlee, Co.Kerry, 19052",Glanlee,Kerry,19052,19052,,,71,258,333,662,8094,1370.9,,,,,,Glanlee,Kerry
"Glanlough, Co.Kerry, 19053",Glanlough,Kerry,19053,19053,,,0,308,476,784,8333,1353.7,,,,,,Glanlough,Kerry
"Glanmore, Co.Kerry, 19054",Glanmore,Kerry,19054,19054,,,0,174,213,387,14354,1720.4,,,,,,Glanmore,Kerry
"Greenane, Co.Kerry, 19055",Greenane,Kerry,19055,19055,,,0,249,428,677,4063,879.3,,,,,,Greenane,Kerry
"Kenmare, Co.Kerry, 19056",Kenmare,Kerry,19056,19056,,,144,418,790,1352,5718,1516.5,,,,,,Kenmare,Kerry
"Kilgarvan, Co.Kerry, 19057",Kilgarvan,Kerry,19057,19057,,,414,630,1163,2207,10732,5632.3,,,,,,Kilgarvan,Kerry
"Loughbrin, Co.Kerry, 19058",Loughbrin,Kerry,19058,19058,,,0,371,410,781,7284,1233.7,,,,,,Loughbrin,Kerry
"Reen, Co.Kerry, 19059",Reen,Kerry,19059,19059,,,0,257,343,600,2205,639.1,,,,,,Reen,Kerry
"Sneem, Co.Kerry, 19060",Sneem,Kerry,19060,19060,,,0,380,429,809,7594,1324.3,,,,,,Sneem,Kerry
"Tahilla, Co.Kerry, 19061",Tahilla,Kerry,19061,19061,,,0,297,317,614,2844,707.8,,,,,,Tahilla,Kerry
"Aghadoe, Co.Kerry, 19062",Aghadoe,Kerry,19062,19062,,,200,171,909,1280,281,979.4,,,,,,Aghadoe,Kerry
"Aglish, Co.Kerry, 19063",Aglish,Kerry,19063,19063,,,272,141,645,1058,420,851.2,,,,,,Aglish,Kerry
"Ballyhar, Co.Kerry, 19064",Ballyhar,Kerry,19064,19064,,,513,296,896,1705,344,1314.2,,,,,,Ballyhar,Kerry
"Brewsterfield, Co.Kerry, 19065",Brewsterfield,Kerry,19065,19065,,,180,286,593,1059,2389,1030.9,,,,,,Brewsterfield,Kerry
"Caragh, Co.Kerry, 19066",Caragh,Kerry,19066,19066,,,73,334,674,1081,2433,983.2,,,,,,Caragh,Kerry
"Churchtown, Co.Kerry, 19067",Churchtown,Kerry,19067,19067,,,382,358,870,1610,6620,1861.9,,,,,,Churchtown,Kerry
"Clydagh, Co.Kerry, 19068",Clydagh,Kerry,19068,19068,,,58,311,615,984,8460,1470.4,,,,,,Clydagh,Kerry
"Coolies, Co.Kerry, 19069",Coolies,Kerry,19069,19069,,,347,92,377,816,1998,853.9,,,,,,Coolies,Kerry
"Coom, Co.Kerry, 19070",Coom,Kerry,19070,19070,,,821,1317,3357,5495,252,3965.3,,,,,,Coom,Kerry
"Curraghmore, Co.Kerry, 19071",Curraghmore,Kerry,19071,19071,,,395,383,1129,1907,9915,2389.6,,,,,,Curraghmore,Kerry
"Currans, Co.Kerry, 19072",Currans,Kerry,19072,19072,,,474,79,1037,1590,119,1165.6,,,,,,Currans,Kerry
"Doocarrig, Co.Kerry, 19073",Doocarrig,Kerry,19073,19073,,,928,371,1342,2641,2704,2277.3,,,,,,Doocarrig,Kerry
"Dromin, Co.Kerry, 19074",Dromin,Kerry,19074,19074,,,900,326,1883,3109,1381,2433.2,,,,,,Dromin,Kerry
"Dunloe, Co.Kerry, 19075",Dunloe,Kerry,19075,19075,,,79,228,515,822,8641,1501.2,,,,,,Dunloe,Kerry
"Flesk, Co.Kerry, 19076",Flesk,Kerry,19076,19076,,,84,332,658,1074,9576,1764.5,,,,,,Flesk,Kerry
"Headfort, Co.Kerry, 19077",Headfort,Kerry,19077,19077,,,210,282,433,925,255,766.4,,,,,,Headfort,Kerry
"Kilbonane, Co.Kerry, 19078",Kilbonane,Kerry,19078,19078,,,673,250,1391,2314,1246,1903,,,,,,Kilbonane,Kerry
"Kilcummin, Co.Kerry, 19079",Kilcummin,Kerry,19079,19079,,,802,757,2349,3908,789,2926.6,,,,,,Kilcummin,Kerry
"Kilfelim, Co.Kerry, 19080",Kilfelim,Kerry,19080,19080,,,900,275,1170,2345,210,1833.9,,,,,,Kilfelim,Kerry
"Kilgobnet, Co.Kerry, 19081",Kilgobnet,Kerry,19081,19081,,,1226,451,2141,3818,1875,3092.8,,,,,,Kilgobnet,Kerry
"Killarney Rural, Co.Kerry, 19082",Killarney Rural,Kerry,19082,19082,,,1004,823,2572,4399,866,3390.8,,,,,,Killarney Rural,Kerry
"Killeentierna, Co.Kerry, 19083",Killeentierna,Kerry,19083,19083,,,987,505,2366,3858,295,2865,,,,,,Killeentierna,Kerry
"Killorglin, Co.Kerry, 19084",Killorglin,Kerry,19084,19084,,,491,456,1696,2643,650,2025.7,,,,,,Killorglin,Kerry
"Kilnanare, Co.Kerry, 19085",Kilnanare,Kerry,19085,19085,,,1318,792,3046,5156,2058,4173.9,,,,,,Kilnanare,Kerry
"Knocknahoe, Co.Kerry, 19086",Knocknahoe,Kerry,19086,19086,,,207,212,596,1015,119,762.2,,,,,,Knocknahoe,Kerry
"Lahard, Co.Kerry, 19087",Lahard,Kerry,19087,19087,,,633,283,1420,2336,2800,2077.7,,,,,,Lahard,Kerry
"Milltown, Co.Kerry, 19088",Milltown,Kerry,19088,19088,,,858,462,2871,4191,965,3275.3,,,,,,Milltown,Kerry
"Molahiffe, Co.Kerry, 19089",Molahiffe,Kerry,19089,19089,,,1620,814,2967,5401,452,4102,,,,,,Molahiffe,Kerry
"Muckross, Co.Kerry, 19090",Muckross,Kerry,19090,19090,,,0,105,299,404,5789,883.3,,,,,,Muckross,Kerry
"Rathmore, Co.Kerry, 19091",Rathmore,Kerry,19091,19091,,,954,593,1899,3446,558,2625.4,,,,,,Rathmore,Kerry
"Rockfield, Co.Kerry, 19092",Rockfield,Kerry,19092,19092,,,507,197,823,1527,194,1213.4,,,,,,Rockfield,Kerry
"Ardagh, Co.Kerry, 19093",Ardagh,Kerry,19093,19093,,,1073,162,1836,3071,0,2284.8,,,,,,Ardagh,Kerry
"Astee, Co.Kerry, 19094",Astee,Kerry,19094,19094,,,1215,481,2362,4058,0,3011.4,,,,,,Astee,Kerry
"Ballincloher, Co.Kerry, 19095",Ballincloher,Kerry,19095,19095,,,770,175,1410,2355,0,1799.7,,,,,,Ballincloher,Kerry
"Ballyconry, Co.Kerry, 19096",Ballyconry,Kerry,19096,19096,,,527,162,847,1536,0,1168.3,,,,,,Ballyconry,Kerry
"Ballyduff, Co.Kerry, 19097",Ballyduff,Kerry,19097,19097,,,926,187,1340,2453,0,1879,,,,,,Ballyduff,Kerry
"Ballyegan, Co.Kerry, 19098",Ballyegan,Kerry,19098,19098,,,705,165,1213,2083,0,1569.4,,,,,,Ballyegan,Kerry
"Ballyhorgan, Co.Kerry, 19099",Ballyhorgan,Kerry,19099,19099,,,978,261,1560,2799,119,2103.1,,,,,,Ballyhorgan,Kerry
"Beal, Co.Kerry, 19100",Beal,Kerry,19100,19100,,,560,155,763,1478,119,1167.8,,,,,,Beal,Kerry
"Carrig, Co.Kerry, 19101",Carrig,Kerry,19101,19101,,,765,191,1248,2204,0,1646.3,,,,,,Carrig,Kerry
"Causeway, Co.Kerry, 19102",Causeway,Kerry,19102,19102,,,1154,208,2204,3566,119,4670.1,,,,,,Causeway,Kerry
"Cloontubbrid, Co.Kerry, 19103",Cloontubbrid,Kerry,19103,19103,,,674,156,1397,2227,0,1635.9,,,,,,Cloontubbrid,Kerry
"Drommartin, Co.Kerry, 19104",Drommartin,Kerry,19104,19104,,,554,165,1682,2401,119,1771.9,,,,,,Drommartin,Kerry
"Duagh, Co.Kerry, 19105",Duagh,Kerry,19105,19105,,,93,316,875,1284,119,991.8,,,,,,Duagh,Kerry
"Ennismore, Co.Kerry, 19106",Ennismore,Kerry,19106,19106,,,944,144,1404,2492,119,1948,,,,,,Ennismore,Kerry
"Gullane, Co.Kerry, 19107",Gullane,Kerry,19107,19107,,,695,203,943,1841,119,1461.6,,,,,,Gullane,Kerry
"Gunsborough, Co.Kerry, 19108",Gunsborough,Kerry,19108,19108,,,840,148,1138,2126,119,1660.9,,,,,,Gunsborough,Kerry
"Kilfeighny, Co.Kerry, 19109",Kilfeighny,Kerry,19109,19109,,,1277,473,2143,3893,119,2977.1,,,,,,Kilfeighny,Kerry
"Killehenny, Co.Kerry, 19110",Killehenny,Kerry,19110,19110,,,847,260,1289,2396,0,1910.4,,,,,,Killehenny,Kerry
"Killury, Co.Kerry, 19111",Killury,Kerry,19111,19111,,,1991,188,2609,4788,0,3635.8,,,,,,Killury,Kerry
"Kilmeany, Co.Kerry, 19112",Kilmeany,Kerry,19112,19112,,,1421,291,1912,3624,119,2842.8,,,,,,Kilmeany,Kerry
"Kilshenane, Co.Kerry, 19113",Kilshenane,Kerry,19113,19113,,,77,314,916,1307,0,919.6,,,,,,Kilshenane,Kerry
"Kiltomy, Co.Kerry, 19114",Kiltomy,Kerry,19114,19114,,,1579,193,1888,3660,119,2813.5,,,,,,Kiltomy,Kerry
"Leitrim, Co.Kerry, 19115",Leitrim,Kerry,19115,19115,,,823,200,1087,2110,119,1633.4,,,,,,Leitrim,Kerry
"Lislaughtin, Co.Kerry, 19116",Lislaughtin,Kerry,19116,19116,,,664,339,2826,3829,119,2531.5,,,,,,Lislaughtin,Kerry
"Lisselton, Co.Kerry, 19117",Lisselton,Kerry,19117,19117,,,725,353,1646,2724,119,1995,,,,,,Lisselton,Kerry
"Listowel Rural, Co.Kerry, 19118",Listowel Rural,Kerry,19118,19118,,,2118,475,3578,6171,218,4679.3,,,,,,Listowel Rural,Kerry
"Lixnaw, Co.Kerry, 19119",Lixnaw,Kerry,19119,19119,,,644,216,1287,2147,119,1564,,,,,,Lixnaw,Kerry
"Moynsha, Co.Kerry, 19120",Moynsha,Kerry,19120,19120,,,592,314,1369,2275,119,1705.3,,,,,,Moynsha,Kerry
"Newtownsandes, Co.Kerry, 19121",Newtownsandes,Kerry,19121,19121,,,3050,389,4040,7479,119,5765.8,,,,,,Newtownsandes,Kerry
"Rathea, Co.Kerry, 19122",Rathea,Kerry,19122,19122,,,1532,217,2088,3837,175,3024.9,,,,,,Rathea,Kerry
"Shronowen, Co.Kerry, 19123",Shronowen,Kerry,19123,19123,,,888,115,1038,2041,0,1559.1,,,,,,Shronowen,Kerry
"Tarbert, Co.Kerry, 19124",Tarbert,Kerry,19124,19124,,,974,196,1476,2646,0,2047.6,,,,,,Tarbert,Kerry
"Tarmon, Co.Kerry, 19125",Tarmon,Kerry,19125,19125,,,775,396,1946,3117,119,2281.1,,,,,,Tarmon,Kerry
"Trienearagh, Co.Kerry, 19126",Trienearagh,Kerry,19126,19126,,,1022,298,2159,3479,119,2612.9,,,,,,Trienearagh,Kerry
"Urlee, Co.Kerry, 19127",Urlee,Kerry,19127,19127,,,688,198,1305,2191,119,1685.7,,,,,,Urlee,Kerry
"Abbeydorney, Co.Kerry, 19128",Abbeydorney,Kerry,19128,19128,,,1270,337,2075,3682,270,2832,,,,,,Abbeydorney,Kerry
"Arabela, Co.Kerry, 19129",Arabela,Kerry,19129,19129,,,936,463,2031,3430,934,2666.8,,,,,,Arabela,Kerry
"Ardfert, Co.Kerry, 19130",Ardfert,Kerry,19130,19130,,,385,65,866,1316,119,1003.1,,,,,,Ardfert,Kerry
"Ballyegan, Co.Kerry, 19131",Ballyegan,Kerry,19131,19131,,,352,351,1207,1910,119,1436.5,,,,,,Ballyegan,Kerry
"Ballyheige, Co.Kerry, 19132",Ballyheige,Kerry,19132,19132,,,1413,299,2698,4410,119,3311.3,,,,,,Ballyheige,Kerry
"Ballynahaglish, Co.Kerry, 19133",Ballynahaglish,Kerry,19133,19133,,,628,179,1734,2541,119,1927.6,,,,,,Ballynahaglish,Kerry
"Ballynorig, Co.Kerry, 19134",Ballynorig,Kerry,19134,19134,,,1662,201,2430,4293,0,3292.6,,,,,,Ballynorig,Kerry
"Ballyseedy, Co.Kerry, 19135",Ballyseedy,Kerry,19135,19135,,,94,167,981,1242,479,1002.7,,,,,,Ballyseedy,Kerry
"Banna, Co.Kerry, 19136",Banna,Kerry,19136,19136,,,601,260,2022,2883,119,2127.7,,,,,,Banna,Kerry
"Baurtregaum, Co.Kerry, 19137",Baurtregaum,Kerry,19137,19137,,,78,106,317,501,3138,716.5,,,,,,Baurtregaum,Kerry
"Blennerville, Co.Kerry, 19138",Blennerville,Kerry,19138,19138,,,74,54,500,628,1209,612.6,,,,,,Blennerville,Kerry
"Boolteens, Co.Kerry, 19139",Boolteens,Kerry,19139,19139,,,270,296,789,1355,1374,1162.3,,,,,,Boolteens,Kerry
"Brosna, Co.Kerry, 19140",Brosna,Kerry,19140,19140,,,1195,400,1916,3511,119,2679.1,,,,,,Brosna,Kerry
"Carker, Co.Kerry, 19141",Carker,Kerry,19141,19141,,,822,441,1549,2812,119,2111.6,,,,,,Carker,Kerry
"Castleisland, Co.Kerry, 19142",Castleisland,Kerry,19142,19142,,,1492,732,2429,4653,888,4287.2,,,,,,Castleisland,Kerry
"Clogherbrien, Co.Kerry, 19143",Clogherbrien,Kerry,19143,19143,,,1186,261,2074,3521,217,2765.9,,,,,,Clogherbrien,Kerry
"Cordal, Co.Kerry, 19144",Cordal,Kerry,19144,19144,,,374,134,793,1301,0,976.4,,,,,,Cordal,Kerry
"Crinny, Co.Kerry, 19145",Crinny,Kerry,19145,19145,,,375,186,643,1204,0,928.8,,,,,,Crinny,Kerry
"Derreen, Co.Kerry, 19146",Derreen,Kerry,19146,19146,,,252,403,946,1601,119,1153,,,,,,Derreen,Kerry
"Doon, Co.Kerry, 19147",Doon,Kerry,19147,19147,,,436,123,662,1221,0,926.4,,,,,,Doon,Kerry
"Gneeves, Co.Kerry, 19148",Gneeves,Kerry,19148,19148,,,488,360,1298,2146,119,1595.6,,,,,,Gneeves,Kerry
"Kerryhead, Co.Kerry, 19149",Kerryhead,Kerry,19149,19149,,,1025,265,2487,3777,0,2703.7,,,,,,Kerryhead,Kerry
"Kilflyn, Co.Kerry, 19150",Kilflyn,Kerry,19150,19150,,,113,173,949,1235,119,905,,,,,,Kilflyn,Kerry
"Kilgarrylander, Co.Kerry, 19151",Kilgarrylander,Kerry,19151,19151,,,78,309,706,1093,5669,1412.2,,,,,,Kilgarrylander,Kerry
"Kilgobban, Co.Kerry, 19152",Kilgobban,Kerry,19152,19152,,,67,157,351,575,8525,1264,,,,,,Kilgobban,Kerry
"Killahan, Co.Kerry, 19153",Killahan,Kerry,19153,19153,,,991,598,1689,3278,229,2501.6,,,,,,Killahan,Kerry
"Kilmurry, Co.Kerry, 19154",Kilmurry,Kerry,19154,19154,,,365,257,1026,1648,0,1220.8,,,,,,Kilmurry,Kerry
"Kiltallagh, Co.Kerry, 19155",Kiltallagh,Kerry,19155,19155,,,522,388,1413,2323,1630,1857.6,,,,,,Kiltallagh,Kerry
"Knockglass, Co.Kerry, 19156",Knockglass,Kerry,19156,19156,,,67,45,259,371,2404,569.3,,,,,,Knockglass,Kerry
"Knocknagashel, Co.Kerry, 19157",Knocknagashel,Kerry,19157,19157,,,1042,486,1907,3435,119,3974.5,,,,,,Knocknagashel,Kerry
"Lackabaun, Co.Kerry, 19158",Lackabaun,Kerry,19158,19158,,,277,307,793,1377,177,3880.2,,,,,,Lackabaun,Kerry
"Millbrook, Co.Kerry, 19159",Millbrook,Kerry,19159,19159,,,586,370,1240,2196,119,1677,,,,,,Millbrook,Kerry
"Mount Eagle, Co.Kerry, 19160",Mount Eagle,Kerry,19160,19160,,,261,207,629,1097,119,835.7,,,,,,Mount Eagle,Kerry
"Nohaval, Co.Kerry, 19161",Nohaval,Kerry,19161,19161,,,537,200,834,1571,345,1270.6,,,,,,Nohaval,Kerry
"O'Brennan, Co.Kerry, 19162",O'Brennan,Kerry,19162,19162,,,1098,152,1306,2556,239,2047.5,,,,,,O'Brennan,Kerry
"Ratass, Co.Kerry, 19163",Ratass,Kerry,19163,19163,,,402,175,764,1341,119,1053.6,,,,,,Ratass,Kerry
"Scartaglin, Co.Kerry, 19164",Scartaglin,Kerry,19164,19164,,,884,264,1304,2452,119,1915.2,,,,,,Scartaglin,Kerry
"Tralee Rural, Co.Kerry, 19165",Tralee Rural,Kerry,19165,19165,,,225,121,1243,1589,661,1373.5,,,,,,Tralee Rural,Kerry
"Tubrid, Co.Kerry, 19166",Tubrid,Kerry,19166,19166,,,1666,384,3335,5385,119,4029.6,,,,,,Tubrid,Kerry
"Athy East Urban, Co.Kildare, 06001",Athy East Urban,Kildare,06001,06001,,,0,0,0,0,345,,,,,,,Athy East Urban,Kildare
"Athy West Urban, Co.Kildare, 06002",Athy West Urban,Kildare,06002,06002,,,0,0,118,118,0,,,,,,,Athy West Urban,Kildare
"Naas Urban, Co.Kildare, 06003",Naas Urban,Kildare,06003,06003,,,104,39,457,600,997,673.7,,,,,,Naas Urban,Kildare
"Athy Rural, Co.Kildare, 06004",Athy Rural,Kildare,06004,06004,,,135,367,1159,1661,451,1264,,,,,,Athy Rural,Kildare
"Ballaghmoon, Co.Kildare, 06005",Ballaghmoon,Kildare,06005,06005,,,109,147,510,766,829,638.3,,,,,,Ballaghmoon,Kildare
"Ballitore, Co.Kildare, 06006",Ballitore,Kildare,06006,06006,,,136,198,1301,1635,951,1252.4,,,,,,Ballitore,Kildare
"Ballybrackan, Co.Kildare, 06007",Ballybrackan,Kildare,06007,06007,,,109,157,517,783,345,646.8,,,,,,Ballybrackan,Kildare
"Ballyshannon, Co.Kildare, 06008",Ballyshannon,Kildare,06008,06008,,,118,594,1697,2409,3117,2020.1,,,,,,Ballyshannon,Kildare
"Belan, Co.Kildare, 06009",Belan,Kildare,06009,06009,,,0,242,1113,1355,450,981,,,,,,Belan,Kildare
"Bert, Co.Kildare, 06010",Bert,Kildare,06010,06010,,,88,160,252,500,345,393.7,,,,,,Bert,Kildare
"Burtown, Co.Kildare, 06011",Burtown,Kildare,06011,06011,,,139,284,1394,1817,516,1505.9,,,,,,Burtown,Kildare
"Carrigeen, Co.Kildare, 06012",Carrigeen,Kildare,06012,06012,,,565,612,2497,3674,3645,3196.5,,,,,,Carrigeen,Kildare
"Castledermot, Co.Kildare, 06013",Castledermot,Kildare,06013,06013,,,0,274,1395,1669,296,1250.8,,,,,,Castledermot,Kildare
"Churchtown, Co.Kildare, 06014",Churchtown,Kildare,06014,06014,,,87,114,281,482,0,376.9,,,,,,Churchtown,Kildare
"Dunmanoge, Co.Kildare, 06015",Dunmanoge,Kildare,06015,06015,,,0,31,493,524,345,410.2,,,,,,Dunmanoge,Kildare
"Fontstown, Co.Kildare, 06016",Fontstown,Kildare,06016,06016,,,127,378,913,1418,867,1079.9,,,,,,Fontstown,Kildare
"Graney, Co.Kildare, 06017",Graney,Kildare,06017,06017,,,141,645,2303,3089,1030,2188.7,,,,,,Graney,Kildare
"Grangemellon, Co.Kildare, 06018",Grangemellon,Kildare,06018,06018,,,118,256,734,1108,345,789.8,,,,,,Grangemellon,Kildare
"Harristown, Co.Kildare, 06019",Harristown,Kildare,06019,06019,,,87,450,1021,1558,527,1075.7,,,,,,Harristown,Kildare
"Inchaquire, Co.Kildare, 06020",Inchaquire,Kildare,06020,06020,,,87,205,955,1247,345,1064.2,,,,,,Inchaquire,Kildare
"Johnstown, Co.Kildare, 06021",Johnstown,Kildare,06021,06021,,,127,182,422,731,548,566,,,,,,Johnstown,Kildare
"Kilberry, Co.Kildare, 06022",Kilberry,Kildare,06022,06022,,,110,99,613,822,0,832.8,,,,,,Kilberry,Kildare
"Kildangan, Co.Kildare, 06023",Kildangan,Kildare,06023,06023,,,120,161,1136,1417,0,1230.5,,,,,,Kildangan,Kildare
"Kilkea, Co.Kildare, 06024",Kilkea,Kildare,06024,06024,,,87,158,1342,1587,345,1284,,,,,,Kilkea,Kildare
"Kilrush, Co.Kildare, 06025",Kilrush,Kildare,06025,06025,,,126,266,992,1384,2095,1224.8,,,,,,Kilrush,Kildare
"Lackagh, Co.Kildare, 06026",Lackagh,Kildare,06026,06026,,,545,418,1528,2491,1134,1903.1,,,,,,Lackagh,Kildare
"Monasterevin, Co.Kildare, 06027",Monasterevin,Kildare,06027,06027,,,114,81,1019,1214,313,1053.3,,,,,,Monasterevin,Kildare
"Moone, Co.Kildare, 06028",Moone,Kildare,06028,06028,,,121,263,1238,1622,255,1203.4,,,,,,Moone,Kildare
"Narraghmore, Co.Kildare, 06029",Narraghmore,Kildare,06029,06029,,,148,362,1618,2128,1018,1704.9,,,,,,Narraghmore,Kildare
"Nurney, Co.Kildare, 06030",Nurney,Kildare,06030,06030,,,131,300,1098,1529,345,4641.9,,,,,,Nurney,Kildare
"Quinsborough, Co.Kildare, 06031",Quinsborough,Kildare,06031,06031,,,111,177,555,843,345,602.9,,,,,,Quinsborough,Kildare
"Skerries, Co.Kildare, 06032",Skerries,Kildare,06032,06032,,,117,137,789,1043,450,795.9,,,,,,Skerries,Kildare
"Balraheen, Co.Kildare, 06033",Balraheen,Kildare,06033,06033,,,549,380,2484,3413,5142,3250.1,,,,,,Balraheen,Kildare
"Celbridge, Co.Kildare, 06034",Celbridge,Kildare,06034,06034,,,113,58,732,903,436,790,,,,,,Celbridge,Kildare
"Cloncurry, Co.Kildare, 06035",Cloncurry,Kildare,06035,06035,,,659,617,3693,4969,4885,4245.2,,,,,,Cloncurry,Kildare
"Donadea, Co.Kildare, 06036",Donadea,Kildare,06036,06036,,,120,193,868,1181,814,986.2,,,,,,Donadea,Kildare
"Donaghcumper, Co.Kildare, 06037",Donaghcumper,Kildare,06037,06037,,,125,208,1018,1351,838,1305.9,,,,,,Donaghcumper,Kildare
"Kilcock, Co.Kildare, 06038",Kilcock,Kildare,06038,06038,,,221,204,1052,1477,610,1129.8,,,,,,Kilcock,Kildare
"Leixlip, Co.Kildare, 06039",Leixlip,Kildare,06039,06039,,,0,37,331,368,345,574,,,,,,Leixlip,Kildare
"Maynooth, Co.Kildare, 06040",Maynooth,Kildare,06040,06040,,,116,177,1710,2003,718,5069.3,,,,,,Maynooth,Kildare
"Straffan, Co.Kildare, 06041",Straffan,Kildare,06041,06041,,,116,49,879,1044,678,2974.8,,,,,,Straffan,Kildare
"Ballynadrumny, Co.Kildare, 06042",Ballynadrumny,Kildare,06042,06042,,,135,152,1382,1669,1065,1799.6,,,,,,Ballynadrumny,Kildare
"Cadamstown, Co.Kildare, 06043",Cadamstown,Kildare,06043,06043,,,295,321,1993,2609,1005,2048.3,,,,,,Cadamstown,Kildare
"Carbury, Co.Kildare, 06044",Carbury,Kildare,06044,06044,,,153,920,4843,5916,4108,4903.3,,,,,,Carbury,Kildare
"Carrick, Co.Kildare, 06045",Carrick,Kildare,06045,06045,,,147,406,1559,2112,457,1691.9,,,,,,Carrick,Kildare
"Cloncurry, Co.Kildare, 06046",Cloncurry,Kildare,06046,06046,,,87,250,773,1110,7428,1611.5,,,,,,Cloncurry,Kildare
"Drehid, Co.Kildare, 06047",Drehid,Kildare,06047,06047,,,208,227,1175,1610,482,1259.1,,,,,,Drehid,Kildare
"Dunfierth, Co.Kildare, 06048",Dunfierth,Kildare,06048,06048,,,115,318,1426,1859,2737,1653.1,,,,,,Dunfierth,Kildare
"Killinthomas, Co.Kildare, 06049",Killinthomas,Kildare,06049,06049,,,0,141,381,522,345,370.1,,,,,,Killinthomas,Kildare
"Kilpatrick, Co.Kildare, 06050",Kilpatrick,Kildare,06050,06050,,,0,245,703,948,402,645.9,,,,,,Kilpatrick,Kildare
"Kilrainy, Co.Kildare, 06051",Kilrainy,Kildare,06051,06051,,,87,180,1132,1399,691,1123.5,,,,,,Kilrainy,Kildare
"Lullymore, Co.Kildare, 06052",Lullymore,Kildare,06052,06052,,,0,54,647,701,0,502.3,,,,,,Lullymore,Kildare
"Rathangan, Co.Kildare, 06053",Rathangan,Kildare,06053,06053,,,109,279,678,1066,726,794.2,,,,,,Rathangan,Kildare
"Thomastown, Co.Kildare, 06054",Thomastown,Kildare,06054,06054,,,578,387,1717,2682,345,1906.5,,,,,,Thomastown,Kildare
"Windmill Cross, Co.Kildare, 06055",Windmill Cross,Kildare,06055,06055,,,87,66,734,887,471,841.6,,,,,,Windmill Cross,Kildare
"Ballymore Eustace, Co.Kildare, 06056",Ballymore Eustace,Kildare,06056,06056,,,0,332,704,1036,3090,1065.4,,,,,,Ballymore Eustace,Kildare
"Ballysax East, Co.Kildare, 06057",Ballysax East,Kildare,06057,06057,,,102,87,338,527,6133,1369.9,,,,,,Ballysax East,Kildare
"Ballysax West, Co.Kildare, 06058",Ballysax West,Kildare,06058,06058,,,117,34,925,1076,499,1049.1,,,,,,Ballysax West,Kildare
"Bodenstown, Co.Kildare, 06059",Bodenstown,Kildare,06059,06059,,,112,305,1879,2296,741,1872.7,,,,,,Bodenstown,Kildare
"Carnalway, Co.Kildare, 06060",Carnalway,Kildare,06060,06060,,,157,363,1945,2465,7888,2817.9,,,,,,Carnalway,Kildare
"Carragh, Co.Kildare, 06061",Carragh,Kildare,06061,06061,,,0,158,958,1116,848,1213,,,,,,Carragh,Kildare
"Clane, Co.Kildare, 06062",Clane,Kildare,06062,06062,,,119,131,890,1140,1616,1090.7,,,,,,Clane,Kildare
"Donore, Co.Kildare, 06063",Donore,Kildare,06063,06063,,,117,187,749,1053,317,818.9,,,,,,Donore,Kildare
"Downings, Co.Kildare, 06064",Downings,Kildare,06064,06064,,,132,200,1222,1554,2209,1458.2,,,,,,Downings,Kildare
"Droichead Nua (Newbridge) Rural, Co.Kildare, 06065",Droichead Nua (Newbridge) Rural,Kildare,06065,06065,,,0,196,540,736,2681,1047.7,,,,,,Droichead Nua (Newbridge) Rural,Kildare
"Droichead Nua (Newbridge) Urban, Co.Kildare, 06066",Droichead Nua (Newbridge) Urban,Kildare,06066,06066,,,0,0,0,0,0,,,,,,,Droichead Nua (Newbridge) Urban,Kildare
"Dunmurry, Co.Kildare, 06067",Dunmurry,Kildare,06067,06067,,,137,67,1084,1288,737,1301.7,,,,,,Dunmurry,Kildare
"Feighcullen, Co.Kildare, 06068",Feighcullen,Kildare,06068,06068,,,107,190,385,682,345,520.1,,,,,,Feighcullen,Kildare
"Gilltown, Co.Kildare, 06069",Gilltown,Kildare,06069,06069,,,559,778,2127,3464,6750,3505.4,,,,,,Gilltown,Kildare
"Kilcullen, Co.Kildare, 06070",Kilcullen,Kildare,06070,06070,,,0,248,1247,1495,6514,1795.5,,,,,,Kilcullen,Kildare
"Kildare, Co.Kildare, 06071",Kildare,Kildare,06071,06071,,,122,303,1394,1819,510,1599.7,,,,,,Kildare,Kildare
"Kill, Co.Kildare, 06072",Kill,Kildare,06072,06072,,,107,179,591,877,1859,888.6,,,,,,Kill,Kildare
"Killashee, Co.Kildare, 06073",Killashee,Kildare,06073,06073,,,0,38,182,220,2374,436.2,,,,,,Killashee,Kildare
"Kilmeage North, Co.Kildare, 06074",Kilmeage North,Kildare,06074,06074,,,0,177,457,634,393,523.9,,,,,,Kilmeage North,Kildare
"Kilmeage South, Co.Kildare, 06075",Kilmeage South,Kildare,06075,06075,,,0,247,1075,1322,2110,1194.5,,,,,,Kilmeage South,Kildare
"Kilteel, Co.Kildare, 06076",Kilteel,Kildare,06076,06076,,,126,217,1034,1377,8157,1861,,,,,,Kilteel,Kildare
"Ladytown, Co.Kildare, 06077",Ladytown,Kildare,06077,06077,,,111,164,883,1158,2097,1209.6,,,,,,Ladytown,Kildare
"Morristownbiller, Co.Kildare, 06078",Morristownbiller,Kildare,06078,06078,,,87,119,258,464,345,372.7,,,,,,Morristownbiller,Kildare
"Naas Rural, Co.Kildare, 06079",Naas Rural,Kildare,06079,06079,,,87,74,1070,1231,1616,1346.8,,,,,,Naas Rural,Kildare
"Newtown, Co.Kildare, 06080",Newtown,Kildare,06080,06080,,,128,365,963,1456,7626,1865.4,,,,,,Newtown,Kildare
"Oldconnell, Co.Kildare, 06081",Oldconnell,Kildare,06081,06081,,,113,184,629,926,465,763.1,,,,,,Oldconnell,Kildare
"Oughterard, Co.Kildare, 06082",Oughterard,Kildare,06082,06082,,,104,118,385,607,1967,726.2,,,,,,Oughterard,Kildare
"Pollardstown, Co.Kildare, 06083",Pollardstown,Kildare,06083,06083,,,0,30,378,408,550,461.7,,,,,,Pollardstown,Kildare
"Rathernan, Co.Kildare, 06084",Rathernan,Kildare,06084,06084,,,129,196,1159,1484,1717,1257.1,,,,,,Rathernan,Kildare
"Rathmore, Co.Kildare, 06085",Rathmore,Kildare,06085,06085,,,123,189,965,1277,6637,1744.1,,,,,,Rathmore,Kildare
"Robertstown, Co.Kildare, 06086",Robertstown,Kildare,06086,06086,,,109,225,683,1017,952,872.9,,,,,,Robertstown,Kildare
"Timahoe North, Co.Kildare, 06087",Timahoe North,Kildare,06087,06087,,,279,325,895,1499,1456,1320.8,,,,,,Timahoe North,Kildare
"Timahoe South, Co.Kildare, 06088",Timahoe South,Kildare,06088,06088,,,0,31,221,252,345,217.6,,,,,,Timahoe South,Kildare
"Usk, Co.Kildare, 06089",Usk,Kildare,06089,06089,,,133,244,1606,1983,4015,2335.7,,,,,,Usk,Kildare
"Kilkenny No. 1 Urban, Co.Kilkenny, 07001",Kilkenny No. 1 Urban,Kilkenny,07001,07001,,,0,18,277,295,0,,,,,,,Kilkenny No. 1 Urban,Kilkenny
"Kilkenny No. 2 Urban, Co.Kilkenny, 07002",Kilkenny No. 2 Urban,Kilkenny,07002,07002,,,0,0,0,0,0,,,,,,,Kilkenny No. 2 Urban,Kilkenny
"Burnchurch, Co.Kilkenny, 07003",Burnchurch,Kilkenny,07003,07003,,,752,156,2040,2948,432,2319,,,,,,Burnchurch,Kilkenny
"Callan Rural, Co.Kilkenny, 07004",Callan Rural,Kilkenny,07004,07004,,,1967,568,5625,8160,781,6038.2,,,,,,Callan Rural,Kilkenny
"Callan Urban, Co.Kilkenny, 07005",Callan Urban,Kilkenny,07005,07005,,,0,0,294,294,285,,,,,,,Callan Urban,Kilkenny
"Coolaghmore, Co.Kilkenny, 07006",Coolaghmore,Kilkenny,07006,07006,,,1040,517,2965,4522,508,3390.7,,,,,,Coolaghmore,Kilkenny
"Dunamaggan, Co.Kilkenny, 07007",Dunamaggan,Kilkenny,07007,07007,,,794,183,2220,3197,734,2428.2,,,,,,Dunamaggan,Kilkenny
"Earlstown, Co.Kilkenny, 07008",Earlstown,Kilkenny,07008,07008,,,349,119,1009,1477,351,1136,,,,,,Earlstown,Kilkenny
"Kells, Co.Kilkenny, 07009",Kells,Kilkenny,07009,07009,,,609,110,1941,2660,2967,2333.6,,,,,,Kells,Kilkenny
"Killamery, Co.Kilkenny, 07010",Killamery,Kilkenny,07010,07010,,,452,291,1833,2576,0,1823.8,,,,,,Killamery,Kilkenny
"Kilmaganny, Co.Kilkenny, 07011",Kilmaganny,Kilkenny,07011,07011,,,1192,344,3786,5322,1455,4139.3,,,,,,Kilmaganny,Kilkenny
"Kilmanagh, Co.Kilkenny, 07012",Kilmanagh,Kilkenny,07012,07012,,,932,496,2649,4077,616,2973.1,,,,,,Kilmanagh,Kilkenny
"Mallardstown, Co.Kilkenny, 07013",Mallardstown,Kilkenny,07013,07013,,,579,245,1708,2532,285,1864.4,,,,,,Mallardstown,Kilkenny
"Scotsborough, Co.Kilkenny, 07014",Scotsborough,Kilkenny,07014,07014,,,423,295,1624,2342,445,1732.2,,,,,,Scotsborough,Kilkenny
"Tullaghanbrogue, Co.Kilkenny, 07015",Tullaghanbrogue,Kilkenny,07015,07015,,,676,268,1818,2762,432,2034.5,,,,,,Tullaghanbrogue,Kilkenny
"Boolyglass, Co.Kilkenny, 07016",Boolyglass,Kilkenny,07016,07016,,,803,343,2058,3204,285,2266.4,,,,,,Boolyglass,Kilkenny
"Fiddown, Co.Kilkenny, 07017",Fiddown,Kilkenny,07017,07017,,,539,209,1732,2480,0,1771.5,,,,,,Fiddown,Kilkenny
"Muckalee, Co.Kilkenny, 07018",Muckalee,Kilkenny,07018,07018,,,242,285,1441,1968,366,1421.7,,,,,,Muckalee,Kilkenny
"Pilltown, Co.Kilkenny, 07019",Pilltown,Kilkenny,07019,07019,,,1085,174,2008,3267,285,2626,,,,,,Pilltown,Kilkenny
"Templeorum, Co.Kilkenny, 07020",Templeorum,Kilkenny,07020,07020,,,469,237,1655,2361,0,1763.5,,,,,,Templeorum,Kilkenny
"Tubbrid, Co.Kilkenny, 07021",Tubbrid,Kilkenny,07021,07021,,,1325,354,2339,4018,0,3129.3,,,,,,Tubbrid,Kilkenny
"Tullahought, Co.Kilkenny, 07022",Tullahought,Kilkenny,07022,07022,,,198,314,1529,2041,285,1496.8,,,,,,Tullahought,Kilkenny
"Whitechurch, Co.Kilkenny, 07023",Whitechurch,Kilkenny,07023,07023,,,748,262,2314,3324,285,4094.9,,,,,,Whitechurch,Kilkenny
"Attanagh, Co.Kilkenny, 07024",Attanagh,Kilkenny,07024,07024,,,685,751,2660,4096,306,2974.9,,,,,,Attanagh,Kilkenny
"Ballyragget, Co.Kilkenny, 07025",Ballyragget,Kilkenny,07025,07025,,,323,338,2239,2900,1143,2358.7,,,,,,Ballyragget,Kilkenny
"Castlecomer, Co.Kilkenny, 07026",Castlecomer,Kilkenny,07026,07026,,,822,715,3643,5180,543,3740.7,,,,,,Castlecomer,Kilkenny
"Clogh, Co.Kilkenny, 07027",Clogh,Kilkenny,07027,07027,,,649,825,2904,4378,537,3129.5,,,,,,Clogh,Kilkenny
"Clogharinka, Co.Kilkenny, 07028",Clogharinka,Kilkenny,07028,07028,,,250,499,1176,1925,922,1412.4,,,,,,Clogharinka,Kilkenny
"Kilmacar, Co.Kilkenny, 07029",Kilmacar,Kilkenny,07029,07029,,,1040,547,3563,5150,244,3746.7,,,,,,Kilmacar,Kilkenny
"Moneenroe, Co.Kilkenny, 07030",Moneenroe,Kilkenny,07030,07030,,,473,833,2568,3874,388,2778.1,,,,,,Moneenroe,Kilkenny
"Mothell, Co.Kilkenny, 07031",Mothell,Kilkenny,07031,07031,,,278,760,2005,3043,419,2128.6,,,,,,Mothell,Kilkenny
"Muckalee, Co.Kilkenny, 07032",Muckalee,Kilkenny,07032,07032,,,752,539,2504,3795,970,3491.2,,,,,,Muckalee,Kilkenny
"Brownsford, Co.Kilkenny, 07033",Brownsford,Kilkenny,07033,07033,,,176,213,1061,1450,407,1057.4,,,,,,Brownsford,Kilkenny
"Dysartmoon, Co.Kilkenny, 07034",Dysartmoon,Kilkenny,07034,07034,,,444,245,1580,2269,285,1660.4,,,,,,Dysartmoon,Kilkenny
"Jerpoint West, Co.Kilkenny, 07035",Jerpoint West,Kilkenny,07035,07035,,,388,486,1974,2848,630,2080.3,,,,,,Jerpoint West,Kilkenny
"Listerlin, Co.Kilkenny, 07036",Listerlin,Kilkenny,07036,07036,,,389,546,1929,2864,376,2057.6,,,,,,Listerlin,Kilkenny
"Rosbercon Rural, Co.Kilkenny, 07037",Rosbercon Rural,Kilkenny,07037,07037,,,174,511,1225,1910,328,1321.2,,,,,,Rosbercon Rural,Kilkenny
"Shanbogh, Co.Kilkenny, 07038",Shanbogh,Kilkenny,07038,07038,,,948,244,1576,2768,466,2091.8,,,,,,Shanbogh,Kilkenny
"The Rower, Co.Kilkenny, 07039",The Rower,Kilkenny,07039,07039,,,620,363,2207,3190,1987,2592.1,,,,,,The Rower,Kilkenny
"Ballinamara, Co.Kilkenny, 07040",Ballinamara,Kilkenny,07040,07040,,,947,333,2398,3678,434,2776.1,,,,,,Ballinamara,Kilkenny
"Ballybeagh, Co.Kilkenny, 07041",Ballybeagh,Kilkenny,07041,07041,,,357,427,2317,3101,391,2336.4,,,,,,Ballybeagh,Kilkenny
"Ballycallan, Co.Kilkenny, 07042",Ballycallan,Kilkenny,07042,07042,,,793,457,3126,4376,915,3296.2,,,,,,Ballycallan,Kilkenny
"Clara, Co.Kilkenny, 07043",Clara,Kilkenny,07043,07043,,,885,361,1700,2946,3963,3054.9,,,,,,Clara,Kilkenny
"Coolcraheen, Co.Kilkenny, 07044",Coolcraheen,Kilkenny,07044,07044,,,554,324,2291,3169,635,2328.4,,,,,,Coolcraheen,Kilkenny
"Dunbell, Co.Kilkenny, 07045",Dunbell,Kilkenny,07045,07045,,,368,322,1746,2436,1053,1937.1,,,,,,Dunbell,Kilkenny
"Dunmore, Co.Kilkenny, 07046",Dunmore,Kilkenny,07046,07046,,,327,160,973,1460,627,1264.4,,,,,,Dunmore,Kilkenny
"Freshford, Co.Kilkenny, 07047",Freshford,Kilkenny,07047,07047,,,898,237,2544,3679,777,2845.7,,,,,,Freshford,Kilkenny
"Gowran, Co.Kilkenny, 07048",Gowran,Kilkenny,07048,07048,,,351,608,2328,3287,1765,2571.6,,,,,,Gowran,Kilkenny
"Grange, Co.Kilkenny, 07049",Grange,Kilkenny,07049,07049,,,369,478,1894,2741,1092,2109.6,,,,,,Grange,Kilkenny
"Kilkenny Rural, Co.Kilkenny, 07050",Kilkenny Rural,Kilkenny,07050,07050,,,1196,310,2849,4355,514,3266.4,,,,,,Kilkenny Rural,Kilkenny
"Kilkieran, Co.Kilkenny, 07051",Kilkieran,Kilkenny,07051,07051,,,433,656,2612,3701,1214,2767.5,,,,,,Kilkieran,Kilkenny
"Odagh, Co.Kilkenny, 07052",Odagh,Kilkenny,07052,07052,,,650,500,2402,3552,393,6697.3,,,,,,Odagh,Kilkenny
"Outrath, Co.Kilkenny, 07053",Outrath,Kilkenny,07053,07053,,,503,247,1620,2370,0,1766.1,,,,,,Outrath,Kilkenny
"Paulstown, Co.Kilkenny, 07054",Paulstown,Kilkenny,07054,07054,,,370,246,1424,2040,3236,1881.7,,,,,,Paulstown,Kilkenny
"Rathcoole, Co.Kilkenny, 07055",Rathcoole,Kilkenny,07055,07055,,,1029,443,2659,4131,441,3796.7,,,,,,Rathcoole,Kilkenny
"Rathealy, Co.Kilkenny, 07056",Rathealy,Kilkenny,07056,07056,,,475,437,2042,2954,429,2514.1,,,,,,Rathealy,Kilkenny
"St. Canice, Co.Kilkenny, 07057",St. Canice,Kilkenny,07057,07057,,,189,274,1776,2239,1335,1887.8,,,,,,St. Canice,Kilkenny
"Shankill, Co.Kilkenny, 07058",Shankill,Kilkenny,07058,07058,,,684,933,4069,5686,3451,4467.5,,,,,,Shankill,Kilkenny
"Tiscoffin, Co.Kilkenny, 07059",Tiscoffin,Kilkenny,07059,07059,,,460,800,2251,3511,316,3547.4,,,,,,Tiscoffin,Kilkenny
"Tullaroan, Co.Kilkenny, 07060",Tullaroan,Kilkenny,07060,07060,,,829,402,2188,3419,285,2621.1,,,,,,Tullaroan,Kilkenny
"Aghaviller, Co.Kilkenny, 07061",Aghaviller,Kilkenny,07061,07061,,,563,201,1949,2713,0,2033.5,,,,,,Aghaviller,Kilkenny
"Ballyhale, Co.Kilkenny, 07062",Ballyhale,Kilkenny,07062,07062,,,279,161,1186,1626,377,1174.7,,,,,,Ballyhale,Kilkenny
"Ballyvool, Co.Kilkenny, 07063",Ballyvool,Kilkenny,07063,07063,,,192,553,1206,1951,1988,1495.2,,,,,,Ballyvool,Kilkenny
"Bennettsbridge, Co.Kilkenny, 07064",Bennettsbridge,Kilkenny,07064,07064,,,231,417,1869,2517,1179,2012.7,,,,,,Bennettsbridge,Kilkenny
"Bramblestown, Co.Kilkenny, 07065",Bramblestown,Kilkenny,07065,07065,,,152,266,698,1116,3601,1209.9,,,,,,Bramblestown,Kilkenny
"Castlebanny, Co.Kilkenny, 07066",Castlebanny,Kilkenny,07066,07066,,,183,270,1156,1609,285,1180.8,,,,,,Castlebanny,Kilkenny
"Castlegannon, Co.Kilkenny, 07067",Castlegannon,Kilkenny,07067,07067,,,328,235,1118,1681,0,1205.6,,,,,,Castlegannon,Kilkenny
"Coolhill, Co.Kilkenny, 07068",Coolhill,Kilkenny,07068,07068,,,319,322,1246,1887,408,1354.1,,,,,,Coolhill,Kilkenny
"Danesfort, Co.Kilkenny, 07069",Danesfort,Kilkenny,07069,07069,,,207,432,1832,2471,2788,2045.3,,,,,,Danesfort,Kilkenny
"Ennisnag, Co.Kilkenny, 07070",Ennisnag,Kilkenny,07070,07070,,,163,28,702,893,322,681.8,,,,,,Ennisnag,Kilkenny
"Famma, Co.Kilkenny, 07071",Famma,Kilkenny,07071,07071,,,190,599,1069,1858,2272,1512,,,,,,Famma,Kilkenny
"Freaghana, Co.Kilkenny, 07072",Freaghana,Kilkenny,07072,07072,,,161,419,1515,2095,6822,2168.6,,,,,,Freaghana,Kilkenny
"Goresbridge, Co.Kilkenny, 07073",Goresbridge,Kilkenny,07073,07073,,,171,279,746,1196,1592,984.2,,,,,,Goresbridge,Kilkenny
"Graiguenamanagh, Co.Kilkenny, 07074",Graiguenamanagh,Kilkenny,07074,07074,,,173,801,2161,3135,8651,3757.5,,,,,,Graiguenamanagh,Kilkenny
"Inistioge, Co.Kilkenny, 07075",Inistioge,Kilkenny,07075,07075,,,171,619,1721,2511,3413,2090.9,,,,,,Inistioge,Kilkenny
"Jerpoint Church, Co.Kilkenny, 07076",Jerpoint Church,Kilkenny,07076,07076,,,233,445,1597,2275,845,1795.2,,,,,,Jerpoint Church,Kilkenny
"Kilfane, Co.Kilkenny, 07077",Kilfane,Kilkenny,07077,07077,,,180,182,1147,1509,1388,1289.2,,,,,,Kilfane,Kilkenny
"Kilkeasy, Co.Kilkenny, 07078",Kilkeasy,Kilkenny,07078,07078,,,400,590,2483,3473,366,2489.3,,,,,,Kilkeasy,Kilkenny
"Kiltorcan, Co.Kilkenny, 07079",Kiltorcan,Kilkenny,07079,07079,,,267,232,913,1412,285,1071.5,,,,,,Kiltorcan,Kilkenny
"Knocktopher, Co.Kilkenny, 07080",Knocktopher,Kilkenny,07080,07080,,,536,228,2231,2995,381,2168.8,,,,,,Knocktopher,Kilkenny
"Pleberstown, Co.Kilkenny, 07081",Pleberstown,Kilkenny,07081,07081,,,159,439,1095,1693,445,1359.4,,,,,,Pleberstown,Kilkenny
"Powerstown, Co.Kilkenny, 07082",Powerstown,Kilkenny,07082,07082,,,590,490,2270,3350,2539,2617.8,,,,,,Powerstown,Kilkenny
"Stonyford, Co.Kilkenny, 07083",Stonyford,Kilkenny,07083,07083,,,333,182,1170,1685,449,1342.5,,,,,,Stonyford,Kilkenny
"Thomastown, Co.Kilkenny, 07084",Thomastown,Kilkenny,07084,07084,,,182,325,1065,1572,3015,1551.5,,,,,,Thomastown,Kilkenny
"Tullaherin, Co.Kilkenny, 07085",Tullaherin,Kilkenny,07085,07085,,,174,299,824,1297,531,1000.1,,,,,,Tullaherin,Kilkenny
"Ullard, Co.Kilkenny, 07086",Ullard,Kilkenny,07086,07086,,,286,577,1685,2548,2637,2123,,,,,,Ullard,Kilkenny
"Woolengrange, Co.Kilkenny, 07087",Woolengrange,Kilkenny,07087,07087,,,178,172,1077,1427,2361,1298.9,,,,,,Woolengrange,Kilkenny
"Balleen, Co.Kilkenny, 07088",Balleen,Kilkenny,07088,07088,,,775,446,3067,4288,1130,3845.7,,,,,,Balleen,Kilkenny
"Ballyconra, Co.Kilkenny, 07089",Ballyconra,Kilkenny,07089,07089,,,1070,421,3009,4500,362,3253.2,,,,,,Ballyconra,Kilkenny
"Baunmore, Co.Kilkenny, 07090",Baunmore,Kilkenny,07090,07090,,,308,176,981,1465,285,1099.2,,,,,,Baunmore,Kilkenny
"Clomantagh, Co.Kilkenny, 07091",Clomantagh,Kilkenny,07091,07091,,,206,359,1751,2316,913,1690.7,,,,,,Clomantagh,Kilkenny
"Galmoy, Co.Kilkenny, 07092",Galmoy,Kilkenny,07092,07092,,,934,400,5118,6452,607,4682.5,,,,,,Galmoy,Kilkenny
"Glashare, Co.Kilkenny, 07093",Glashare,Kilkenny,07093,07093,,,530,760,3423,4713,3819,3634.9,,,,,,Glashare,Kilkenny
"Johnstown, Co.Kilkenny, 07094",Johnstown,Kilkenny,07094,07094,,,747,295,2639,3681,3366,3032.9,,,,,,Johnstown,Kilkenny
"Lisdowney, Co.Kilkenny, 07095",Lisdowney,Kilkenny,07095,07095,,,458,491,2548,3497,853,2572.4,,,,,,Lisdowney,Kilkenny
"Rathbeagh, Co.Kilkenny, 07096",Rathbeagh,Kilkenny,07096,07096,,,501,396,1499,2396,285,3927.2,,,,,,Rathbeagh,Kilkenny
"Tubbridbrittain, Co.Kilkenny, 07097",Tubbridbrittain,Kilkenny,07097,07097,,,1270,330,2687,4287,521,3226.6,,,,,,Tubbridbrittain,Kilkenny
"Urlingford, Co.Kilkenny, 07098",Urlingford,Kilkenny,07098,07098,,,708,190,2686,3584,410,2585,,,,,,Urlingford,Kilkenny
"Aglish, Co.Kilkenny, 07099",Aglish,Kilkenny,07099,07099,,,597,461,2172,3230,0,3265.8,,,,,,Aglish,Kilkenny
"Ballincrea, Co.Kilkenny, 07100",Ballincrea,Kilkenny,07100,07100,,,823,439,2251,3513,284,2546.9,,,,,,Ballincrea,Kilkenny
"Dunkitt, Co.Kilkenny, 07101",Dunkitt,Kilkenny,07101,07101,,,401,307,1557,2265,284,1624.7,,,,,,Dunkitt,Kilkenny
"Farnoge, Co.Kilkenny, 07102",Farnoge,Kilkenny,07102,07102,,,365,321,1101,1787,407,1369.6,,,,,,Farnoge,Kilkenny
"Kilbeacon, Co.Kilkenny, 07103",Kilbeacon,Kilkenny,07103,07103,,,500,179,1510,2189,284,1629.2,,,,,,Kilbeacon,Kilkenny
"Kilbride, Co.Kilkenny, 07104",Kilbride,Kilkenny,07104,07104,,,819,210,1829,2858,284,2124.8,,,,,,Kilbride,Kilkenny
"Kilcolumb, Co.Kilkenny, 07105",Kilcolumb,Kilkenny,07105,07105,,,525,581,2265,3371,0,2418.4,,,,,,Kilcolumb,Kilkenny
"Kilculliheen (part), Co.Kilkenny, 07106",Kilculliheen (part),Kilkenny,07106,07106,,,171,34,972,1177,0,1287.6,,,,,,Kilculliheen (part),Kilkenny
"Killahy, Co.Kilkenny, 07107",Killahy,Kilkenny,07107,07107,,,716,374,2281,3371,356,2443.9,,,,,,Killahy,Kilkenny
"Kilmakevoge, Co.Kilkenny, 07108",Kilmakevoge,Kilkenny,07108,07108,,,466,178,1538,2182,0,1590.7,,,,,,Kilmakevoge,Kilkenny
"Pollrone, Co.Kilkenny, 07109",Pollrone,Kilkenny,07109,07109,,,772,293,2174,3239,0,2412.8,,,,,,Pollrone,Kilkenny
"Portnascully, Co.Kilkenny, 07110",Portnascully,Kilkenny,07110,07110,,,768,223,1698,2689,284,2044.1,,,,,,Portnascully,Kilkenny
"Rathpatrick, Co.Kilkenny, 07111",Rathpatrick,Kilkenny,07111,07111,,,173,252,1371,1796,0,1361.8,,,,,,Rathpatrick,Kilkenny
"Rossinan, Co.Kilkenny, 07112",Rossinan,Kilkenny,07112,07112,,,425,319,1575,2319,434,1767.9,,,,,,Rossinan,Kilkenny
"Ullid, Co.Kilkenny, 07113",Ullid,Kilkenny,07113,07113,,,444,406,2369,3219,284,2464.2,,,,,,Ullid,Kilkenny
"Abbeyleix, Co.Laois, 08001",Abbeyleix,Laois,08001,08001,,,371,919,4132,5422,1345,4094.8,,,,,,Abbeyleix,Laois
"Aghmacart, Co.Laois, 08002",Aghmacart,Laois,08002,08002,,,926,727,3243,4896,762,3498.4,,,,,,Aghmacart,Laois
"Ballinakill, Co.Laois, 08003",Ballinakill,Laois,08003,08003,,,581,741,2812,4134,1457,6397.3,,,,,,Ballinakill,Laois
"Ballyroan, Co.Laois, 08004",Ballyroan,Laois,08004,08004,,,737,432,2807,3976,317,2859.7,,,,,,Ballyroan,Laois
"Blandsfort, Co.Laois, 08005",Blandsfort,Laois,08005,08005,,,937,490,2843,4270,574,3161.7,,,,,,Blandsfort,Laois
"Caher, Co.Laois, 08006",Caher,Laois,08006,08006,,,131,202,455,788,204,583.5,,,,,,Caher,Laois
"Castletown, Co.Laois, 08007",Castletown,Laois,08007,08007,,,832,431,2730,3993,388,3018.5,,,,,,Castletown,Laois
"Clash, Co.Laois, 08008",Clash,Laois,08008,08008,,,447,494,2184,3125,1325,2333.8,,,,,,Clash,Laois
"Clonkeen, Co.Laois, 08009",Clonkeen,Laois,08009,08009,,,230,667,2001,2898,206,2057,,,,,,Clonkeen,Laois
"Colt, Co.Laois, 08010",Colt,Laois,08010,08010,,,138,260,1098,1496,0,1061.8,,,,,,Colt,Laois
"Cuffsborough, Co.Laois, 08011",Cuffsborough,Laois,08011,08011,,,1021,439,2983,4443,765,3413.5,,,,,,Cuffsborough,Laois
"Cullahill, Co.Laois, 08012",Cullahill,Laois,08012,08012,,,158,439,2201,2798,936,2111.1,,,,,,Cullahill,Laois
"Cullenagh, Co.Laois, 08013",Cullenagh,Laois,08013,08013,,,156,108,979,1243,204,962.1,,,,,,Cullenagh,Laois
"Donaghmore, Co.Laois, 08014",Donaghmore,Laois,08014,08014,,,132,626,1737,2495,258,1828.1,,,,,,Donaghmore,Laois
"Donore, Co.Laois, 08015",Donore,Laois,08015,08015,,,449,903,3049,4401,1115,3288.7,,,,,,Donore,Laois
"Dunmore, Co.Laois, 08016",Dunmore,Laois,08016,08016,,,129,68,809,1006,274,782.7,,,,,,Dunmore,Laois
"Durrow, Co.Laois, 08017",Durrow,Laois,08017,08017,,,889,705,2940,4534,789,3735.6,,,,,,Durrow,Laois
"Dysartgallen, Co.Laois, 08018",Dysartgallen,Laois,08018,08018,,,392,581,1552,2525,361,1831.6,,,,,,Dysartgallen,Laois
"Fossy, Co.Laois, 08019",Fossy,Laois,08019,08019,,,168,311,1338,1817,246,1282.2,,,,,,Fossy,Laois
"Grantstown, Co.Laois, 08020",Grantstown,Laois,08020,08020,,,610,534,2379,3523,536,2663.5,,,,,,Grantstown,Laois
"Kilcoke, Co.Laois, 08021",Kilcoke,Laois,08021,08021,,,153,307,1145,1605,1454,1378.3,,,,,,Kilcoke,Laois
"Kildellig, Co.Laois, 08022",Kildellig,Laois,08022,08022,,,333,400,2314,3047,828,2253.5,,,,,,Kildellig,Laois
"Killermogh, Co.Laois, 08023",Killermogh,Laois,08023,08023,,,579,869,3442,4890,1188,3683.8,,,,,,Killermogh,Laois
"Kilnaseer, Co.Laois, 08024",Kilnaseer,Laois,08024,08024,,,550,426,2262,3238,1111,2500.9,,,,,,Kilnaseer,Laois
"Raheen, Co.Laois, 08025",Raheen,Laois,08025,08025,,,301,899,2542,3742,363,2637.7,,,,,,Raheen,Laois
"Rathdowney, Co.Laois, 08026",Rathdowney,Laois,08026,08026,,,547,290,3032,3869,482,2888.9,,,,,,Rathdowney,Laois
"Timahoe, Co.Laois, 08027",Timahoe,Laois,08027,08027,,,655,414,1913,2982,270,2219.8,,,,,,Timahoe,Laois
"Ballyadams, Co.Laois, 08028",Ballyadams,Laois,08028,08028,,,130,275,1107,1512,722,1163.3,,,,,,Ballyadams,Laois
"Ballylynan, Co.Laois, 08029",Ballylynan,Laois,08029,08029,,,436,327,1406,2169,451,1582.4,,,,,,Ballylynan,Laois
"Barrowhouse, Co.Laois, 08030",Barrowhouse,Laois,08030,08030,,,175,59,974,1208,292,926.7,,,,,,Barrowhouse,Laois
"Curraclone, Co.Laois, 08031",Curraclone,Laois,08031,08031,,,0,184,408,592,303,395.6,,,,,,Curraclone,Laois
"Killabban, Co.Laois, 08032",Killabban,Laois,08032,08032,,,169,172,1241,1582,1500,1263,,,,,,Killabban,Laois
"Luggacurren, Co.Laois, 08033",Luggacurren,Laois,08033,08033,,,303,761,2473,3537,1064,2653.3,,,,,,Luggacurren,Laois
"Moyanna, Co.Laois, 08034",Moyanna,Laois,08034,08034,,,552,238,1335,2125,204,1682.6,,,,,,Moyanna,Laois
"Rathaspick, Co.Laois, 08035",Rathaspick,Laois,08035,08035,,,150,470,1145,1765,258,1267.4,,,,,,Rathaspick,Laois
"Stradbally, Co.Laois, 08036",Stradbally,Laois,08036,08036,,,158,298,1323,1779,1529,1507.3,,,,,,Stradbally,Laois
"Tankardstown, Co.Laois, 08037",Tankardstown,Laois,08037,08037,,,353,368,1469,2190,989,1768.3,,,,,,Tankardstown,Laois
"Timogue, Co.Laois, 08038",Timogue,Laois,08038,08038,,,154,378,1564,2096,249,1619.1,,,,,,Timogue,Laois
"Vicarstown, Co.Laois, 08039",Vicarstown,Laois,08039,08039,,,0,153,425,578,480,609.7,,,,,,Vicarstown,Laois
"Arderin, Co.Laois, 08040",Arderin,Laois,08040,08040,,,162,542,1248,1952,864,1456.1,,,,,,Arderin,Laois
"Ballybrittas, Co.Laois, 08041",Ballybrittas,Laois,08041,08041,,,142,251,1042,1435,204,1002.6,,,,,,Ballybrittas,Laois
"Ballycarroll, Co.Laois, 08042",Ballycarroll,Laois,08042,08042,,,148,182,1083,1413,452,1093.6,,,,,,Ballycarroll,Laois
"Ballyfin, Co.Laois, 08043",Ballyfin,Laois,08043,08043,,,423,861,2723,4007,297,2873.9,,,,,,Ballyfin,Laois
"Borris, Co.Laois, 08044",Borris,Laois,08044,08044,,,151,409,1566,2126,258,1569.6,,,,,,Borris,Laois
"Brisha / Capard, Co.Laois, 08045/08046",Brisha / Capard,Laois,08045/08046,08045/08046,,,126,520,1223,1869,896,1351.2,,,,,,Brisha / Capard,Laois
"Cappalough, Co.Laois, 08047",Cappalough,Laois,08047,08047,,,187,353,2010,2550,289,1912,,,,,,Cappalough,Laois
"Cardtown, Co.Laois, 08048",Cardtown,Laois,08048,08048,,,0,385,703,1088,688,790.7,,,,,,Cardtown,Laois
"Castlecuffe, Co.Laois, 08049",Castlecuffe,Laois,08049,08049,,,137,399,1987,2523,1333,2069.9,,,,,,Castlecuffe,Laois
"Clonaslee, Co.Laois, 08050",Clonaslee,Laois,08050,08050,,,177,734,3097,4008,1314,4908.7,,,,,,Clonaslee,Laois
"Clondarrig, Co.Laois, 08051",Clondarrig,Laois,08051,08051,,,480,231,1018,1729,204,1261.3,,,,,,Clondarrig,Laois
"Clonin, Co.Laois, 08052",Clonin,Laois,08052,08052,,,157,446,1165,1768,529,1282,,,,,,Clonin,Laois
"Coolrain, Co.Laois, 08053",Coolrain,Laois,08053,08053,,,167,519,1469,2155,287,1591.5,,,,,,Coolrain,Laois
"Dangans, Co.Laois, 08054",Dangans,Laois,08054,08054,,,123,187,887,1197,0,890.2,,,,,,Dangans,Laois
"Emo, Co.Laois, 08055",Emo,Laois,08055,08055,,,257,447,1973,2677,1798,2096,,,,,,Emo,Laois
"Garrymore, Co.Laois, 08056",Garrymore,Laois,08056,08056,,,151,268,1128,1547,204,1079.9,,,,,,Garrymore,Laois
"Graigue, Co.Laois, 08057",Graigue,Laois,08057,08057,,,412,345,1389,2146,204,1553.4,,,,,,Graigue,Laois
"Jamestown, Co.Laois, 08058",Jamestown,Laois,08058,08058,,,130,370,1005,1505,1283,1178.6,,,,,,Jamestown,Laois
"Kilcolmanbane, Co.Laois, 08059",Kilcolmanbane,Laois,08059,08059,,,137,434,1558,2129,319,1549.7,,,,,,Kilcolmanbane,Laois
"Kilmullen, Co.Laois, 08060",Kilmullen,Laois,08060,08060,,,157,339,1246,1742,204,1218.3,,,,,,Kilmullen,Laois
"Kilmurry, Co.Laois, 08061",Kilmurry,Laois,08061,08061,,,0,242,1032,1274,963,1032.4,,,,,,Kilmurry,Laois
"Lacka, Co.Laois, 08062",Lacka,Laois,08062,08062,,,0,470,860,1330,285,895.6,,,,,,Lacka,Laois
"Marymount, Co.Laois, 08063",Marymount,Laois,08063,08063,,,0,376,589,965,2657,957.5,,,,,,Marymount,Laois
"Meelick, Co.Laois, 08064",Meelick,Laois,08064,08064,,,153,420,2050,2623,272,1859,,,,,,Meelick,Laois
"Mountmellick Rural, Co.Laois, 08065",Mountmellick Rural,Laois,08065,08065,,,327,396,1894,2617,0,1871.4,,,,,,Mountmellick Rural,Laois
"Mountmellick Urban, Co.Laois, 08066",Mountmellick Urban,Laois,08066,08066,,,0,13,14,27,204,,,,,,,Mountmellick Urban,Laois
"Mountrath, Co.Laois, 08067",Mountrath,Laois,08067,08067,,,377,540,2828,3745,250,2726.6,,,,,,Mountrath,Laois
"Nealstown, Co.Laois, 08068",Nealstown,Laois,08068,08068,,,0,254,458,712,257,517,,,,,,Nealstown,Laois
"O'More's Forest, Co.Laois, 08069",O'More's Forest,Laois,08069,08069,,,322,609,2028,2959,307,2786.5,,,,,,O'More's Forest,Laois
"Portarlington South, Co.Laois, 08070",Portarlington South,Laois,08070,08070,,,123,88,286,497,204,344.9,,,,,,Portarlington South,Laois
"Portlaoighise (Maryborough) Rural, Co.Laois, 08071",Portlaoighise (Maryborough) Rural,Laois,08071,08071,,,380,186,845,1411,204,1093.9,,,,,,Portlaoighise (Maryborough) Rural,Laois
"Portlaoighise (Maryborough) Urban, Co.Laois, 08072",Portlaoighise (Maryborough) Urban,Laois,08072,08072,,,0,0,9,9,0,,,,,,,Portlaoighise (Maryborough) Urban,Laois
"Rearymore, Co.Laois, 08073",Rearymore,Laois,08073,08073,,,377,332,2145,2854,318,2073.8,,,,,,Rearymore,Laois
"Rosenallis, Co.Laois, 08074",Rosenallis,Laois,08074,08074,,,341,544,1722,2607,423,1895.5,,,,,,Rosenallis,Laois
"Sallyford, Co.Laois, 08075",Sallyford,Laois,08075,08075,,,129,320,941,1390,204,995.5,,,,,,Sallyford,Laois
"Shaen, Co.Laois, 08076",Shaen,Laois,08076,08076,,,382,791,2730,3903,1147,2802,,,,,,Shaen,Laois
"Tinnahinch, Co.Laois, 08077",Tinnahinch,Laois,08077,08077,,,143,158,931,1232,260,919.4,,,,,,Tinnahinch,Laois
"Trumra, Co.Laois, 08078",Trumra,Laois,08078,08078,,,136,286,1245,1667,216,1191.2,,,,,,Trumra,Laois
"Ballybrophy, Co.Laois, 08079",Ballybrophy,Laois,08079,08079,,,150,250,1784,2184,204,1608.6,,,,,,Ballybrophy,Laois
"Borris-in-Ossory, Co.Laois, 08080",Borris-in-Ossory,Laois,08080,08080,,,238,455,2365,3058,299,2274.8,,,,,,Borris-in-Ossory,Laois
"Clonmore, Co.Laois, 08081",Clonmore,Laois,08081,08081,,,133,276,1137,1546,378,1244.7,,,,,,Clonmore,Laois
"Errill, Co.Laois, 08082",Errill,Laois,08082,08082,,,241,304,1686,2231,204,1643.8,,,,,,Errill,Laois
"Kyle, Co.Laois, 08083",Kyle,Laois,08083,08083,,,132,533,1822,2487,1060,1872,,,,,,Kyle,Laois
"Kyle South, Co.Laois, 08084",Kyle South,Laois,08084,08084,,,742,472,2884,4098,249,3111.5,,,,,,Kyle South,Laois
"Moneenalassa, Co.Laois, 08085",Moneenalassa,Laois,08085,08085,,,457,80,1516,2053,292,1552.3,,,,,,Moneenalassa,Laois
"Moneymore, Co.Laois, 08086",Moneymore,Laois,08086,08086,,,170,202,1044,1416,204,1064.2,,,,,,Moneymore,Laois
"Rathsaran, Co.Laois, 08087",Rathsaran,Laois,08087,08087,,,510,447,2389,3346,488,2471.5,,,,,,Rathsaran,Laois
"Ardough, Co.Laois, 08088",Ardough,Laois,08088,08088,,,0,719,1380,2099,369,1450.5,,,,,,Ardough,Laois
"Arless, Co.Laois, 08089",Arless,Laois,08089,08089,,,337,395,1894,2626,1129,2089.4,,,,,,Arless,Laois
"Ballickmoyler, Co.Laois, 08090",Ballickmoyler,Laois,08090,08090,,,648,229,1753,2630,338,2685,,,,,,Ballickmoyler,Laois
"Ballylehane, Co.Laois, 08091",Ballylehane,Laois,08091,08091,,,143,115,794,1052,204,773.2,,,,,,Ballylehane,Laois
"Doonane, Co.Laois, 08092",Doonane,Laois,08092,08092,,,437,340,1642,2419,899,1793.5,,,,,,Doonane,Laois
"Farnans, Co.Laois, 08093",Farnans,Laois,08093,08093,,,149,165,1142,1456,373,1109.8,,,,,,Farnans,Laois
"Graigue Rural, Co.Laois, 08094",Graigue Rural,Laois,08094,08094,,,139,253,702,1094,3029,1088.2,,,,,,Graigue Rural,Laois
"Newtown, Co.Laois, 08095",Newtown,Laois,08095,08095,,,319,129,940,1388,204,1040,,,,,,Newtown,Laois
"Rossmore, Co.Laois, 08096",Rossmore,Laois,08096,08096,,,148,224,1041,1413,263,1021.3,,,,,,Rossmore,Laois
"Shrule, Co.Laois, 08097",Shrule,Laois,08097,08097,,,150,253,1099,1502,718,1255.2,,,,,,Shrule,Laois
"Turra, Co.Laois, 08098",Turra,Laois,08098,08098,,,147,449,1594,2190,415,2840.5,,,,,,Turra,Laois
"Ballinamore, Co.Leitrim, 28001",Ballinamore,Leitrim,28001,28001,,,67,403,789,1259,399,953,,,,,,Ballinamore,Leitrim
"Cloverhill, Co.Leitrim, 28002",Cloverhill,Leitrim,28002,28002,,,20,312,337,669,445,524.1,,,,,,Cloverhill,Leitrim
"Corrala, Co.Leitrim, 28003",Corrala,Leitrim,28003,28003,,,59,401,730,1190,212,831.2,,,,,,Corrala,Leitrim
"Drumreilly North, Co.Leitrim, 28004",Drumreilly North,Leitrim,28004,28004,,,51,387,445,883,220,609.7,,,,,,Drumreilly North,Leitrim
"Drumreilly South, Co.Leitrim, 28005",Drumreilly South,Leitrim,28005,28005,,,0,120,192,312,147,238.9,,,,,,Drumreilly South,Leitrim
"Garadice, Co.Leitrim, 28006",Garadice,Leitrim,28006,28006,,,56,575,871,1502,1510,1201.3,,,,,,Garadice,Leitrim
"Greaghglass / Stralongford, Co.Leitrim, 28007/28011",Greaghglass / Stralongford,Leitrim,28007/28011,28007/28011,,,0,433,486,919,2836,915.3,,,,,,Greaghglass / Stralongford,Leitrim
"Killygar, Co.Leitrim, 28008",Killygar,Leitrim,28008,28008,,,52,397,694,1143,215,843.4,,,,,,Killygar,Leitrim
"Newtowngore, Co.Leitrim, 28009",Newtowngore,Leitrim,28009,28009,,,338,491,844,1673,665,1305.7,,,,,,Newtowngore,Leitrim
"Oughteragh, Co.Leitrim, 28010",Oughteragh,Leitrim,28010,28010,,,0,200,224,424,147,314.7,,,,,,Oughteragh,Leitrim
"Aghacashel, Co.Leitrim, 28012",Aghacashel,Leitrim,28012,28012,,,0,65,79,144,1843,280.6,,,,,,Aghacashel,Leitrim
"Annaduff, Co.Leitrim, 28013",Annaduff,Leitrim,28013,28013,,,0,313,503,816,147,577,,,,,,Annaduff,Leitrim
"Barnameenagh, Co.Leitrim, 28014",Barnameenagh,Leitrim,28014,28014,,,0,302,422,724,3343,875.6,,,,,,Barnameenagh,Leitrim
"Carrick-on-Shannon, Co.Leitrim, 28015",Carrick-on-Shannon,Leitrim,28015,28015,,,0,421,732,1153,438,842.6,,,,,,Carrick-on-Shannon,Leitrim
"Drumreilly West / Drumreilly East, Co.Leitrim, 28017/28016",Drumreilly West / Drumreilly East,Leitrim,28017/28016,28017/28016,,,0,296,360,656,5091,949.4,,,,,,Drumreilly West / Drumreilly East,Leitrim
"Drumshanbo, Co.Leitrim, 28018",Drumshanbo,Leitrim,28018,28018,,,0,240,300,540,269,382.9,,,,,,Drumshanbo,Leitrim
"Drumsna, Co.Leitrim, 28019",Drumsna,Leitrim,28019,28019,,,0,618,712,1330,233,910.7,,,,,,Drumsna,Leitrim
"Gortnagullion, Co.Leitrim, 28020",Gortnagullion,Leitrim,28020,28020,,,0,451,559,1010,147,675.1,,,,,,Gortnagullion,Leitrim
"Gowel, Co.Leitrim, 28021",Gowel,Leitrim,28021,28021,,,0,462,707,1169,172,1004.7,,,,,,Gowel,Leitrim
"Keshcarrigan, Co.Leitrim, 28022",Keshcarrigan,Leitrim,28022,28022,,,0,277,368,645,196,450.4,,,,,,Keshcarrigan,Leitrim
"Kiltubbrid, Co.Leitrim, 28023",Kiltubbrid,Leitrim,28023,28023,,,0,208,221,429,147,327.7,,,,,,Kiltubbrid,Leitrim
"Leitrim, Co.Leitrim, 28024",Leitrim,Leitrim,28024,28024,,,0,689,961,1650,592,1137.1,,,,,,Leitrim,Leitrim
"Moher, Co.Leitrim, 28025",Moher,Leitrim,28025,28025,,,0,421,497,918,457,677.9,,,,,,Moher,Leitrim
"Yugan, Co.Leitrim, 28026",Yugan,Leitrim,28026,28026,,,62,350,462,874,878,674.7,,,,,,Yugan,Leitrim
"Aghalateeve / Aghanlish, Co.Leitrim, 28027/28028",Aghalateeve / Aghanlish,Leitrim,28027/28028,28027/28028,,,0,222,259,481,10478,1360.3,,,,,,Aghalateeve / Aghanlish,Leitrim
"Aghavoghill / Melvin, Co.Leitrim, 28029/28032",Aghavoghill / Melvin,Leitrim,28029/28032,28029/28032,,,0,190,310,500,5220,856.5,,,,,,Aghavoghill / Melvin,Leitrim
"Gubacreeny, Co.Leitrim, 28030",Gubacreeny,Leitrim,28030,28030,,,0,324,397,721,276,524.6,,,,,,Gubacreeny,Leitrim
"Kinlough, Co.Leitrim, 28031",Kinlough,Leitrim,28031,28031,,,0,357,534,891,4940,1084.8,,,,,,Kinlough,Leitrim
"Tullaghan, Co.Leitrim, 28033",Tullaghan,Leitrim,28033,28033,,,0,361,539,900,206,741.6,,,,,,Tullaghan,Leitrim
"Ballaghameehan, Co.Leitrim, 28035",Ballaghameehan,Leitrim,28035,28035,,,0,450,538,988,4971,1159.5,,,,,,Ballaghameehan,Leitrim
"Belhavel, Co.Leitrim, 28036",Belhavel,Leitrim,28036,28036,,,0,303,559,862,282,606.2,,,,,,Belhavel,Leitrim
"Cloonclare, Co.Leitrim, 28037",Cloonclare,Leitrim,28037,28037,,,0,242,272,514,2389,588,,,,,,Cloonclare,Leitrim
"Cloonlogher, Co.Leitrim, 28038",Cloonlogher,Leitrim,28038,28038,,,0,468,588,1056,2373,942.5,,,,,,Cloonlogher,Leitrim
"Drumahaire, Co.Leitrim, 28039",Drumahaire,Leitrim,28039,28039,,,52,487,780,1319,1542,1067.2,,,,,,Drumahaire,Leitrim
"Drumkeeran, Co.Leitrim, 28040",Drumkeeran,Leitrim,28040,28040,,,0,460,606,1066,866,790.3,,,,,,Drumkeeran,Leitrim
"Garvagh / Arigna, Co.Leitrim, 28041/28034",Garvagh / Arigna,Leitrim,28041/28034,28041/28034,,,0,239,279,518,1368,481.2,,,,,,Garvagh / Arigna,Leitrim
"Glenade, Co.Leitrim, 28042",Glenade,Leitrim,28042,28042,,,0,117,164,281,5104,703.7,,,,,,Glenade,Leitrim
"Glenaniff, Co.Leitrim, 28043",Glenaniff,Leitrim,28043,28043,,,0,163,193,356,10333,1264.6,,,,,,Glenaniff,Leitrim
"Glenboy, Co.Leitrim, 28044",Glenboy,Leitrim,28044,28044,,,0,189,245,434,3935,686.8,,,,,,Glenboy,Leitrim
"Glencar, Co.Leitrim, 28045",Glencar,Leitrim,28045,28045,,,0,123,182,305,10166,1218.2,,,,,,Glencar,Leitrim
"Glenfarn, Co.Leitrim, 28046",Glenfarn,Leitrim,28046,28046,,,0,98,124,222,2208,368.3,,,,,,Glenfarn,Leitrim
"Killanummery, Co.Leitrim, 28047",Killanummery,Leitrim,28047,28047,,,0,384,473,857,496,631.4,,,,,,Killanummery,Leitrim
"Killarga, Co.Leitrim, 28048",Killarga,Leitrim,28048,28048,,,0,168,197,365,3155,555.5,,,,,,Killarga,Leitrim
"Kiltyclogher, Co.Leitrim, 28049",Kiltyclogher,Leitrim,28049,28049,,,0,315,363,678,2675,733.2,,,,,,Kiltyclogher,Leitrim
"Lurganboy, Co.Leitrim, 28050",Lurganboy,Leitrim,28050,28050,,,0,520,685,1205,6202,1403.8,,,,,,Lurganboy,Leitrim
"Mahanagh, Co.Leitrim, 28051",Mahanagh,Leitrim,28051,28051,,,0,507,648,1155,2564,1045.2,,,,,,Mahanagh,Leitrim
"Manorhamilton, Co.Leitrim, 28052",Manorhamilton,Leitrim,28052,28052,,,0,558,686,1244,5793,1471.2,,,,,,Manorhamilton,Leitrim
"Munakill, Co.Leitrim, 28053",Munakill,Leitrim,28053,28053,,,0,318,370,688,4407,904.7,,,,,,Munakill,Leitrim
"Sramore, Co.Leitrim, 28054",Sramore,Leitrim,28054,28054,,,0,402,577,979,3699,1030.8,,,,,,Sramore,Leitrim
"St. Patrick's, Co.Leitrim, 28055",St. Patrick's,Leitrim,28055,28055,,,0,218,317,535,813,433,,,,,,St. Patrick's,Leitrim
"Aghavas, Co.Leitrim, 28056",Aghavas,Leitrim,28056,28056,,,44,508,689,1241,211,828,,,,,,Aghavas,Leitrim
"Beihy, Co.Leitrim, 28057",Beihy,Leitrim,28057,28057,,,44,739,1319,2102,180,1474.3,,,,,,Beihy,Leitrim
"Breandrum, Co.Leitrim, 28058",Breandrum,Leitrim,28058,28058,,,0,438,495,933,190,641.3,,,,,,Breandrum,Leitrim
"Bunnybeg, Co.Leitrim, 28059",Bunnybeg,Leitrim,28059,28059,,,0,308,498,806,147,588.3,,,,,,Bunnybeg,Leitrim
"Carrigallen East, Co.Leitrim, 28060",Carrigallen East,Leitrim,28060,28060,,,207,294,1174,1675,1124,1953.2,,,,,,Carrigallen East,Leitrim
"Carrigallen West, Co.Leitrim, 28061",Carrigallen West,Leitrim,28061,28061,,,65,329,644,1038,211,955.5,,,,,,Carrigallen West,Leitrim
"Cashel, Co.Leitrim, 28062",Cashel,Leitrim,28062,28062,,,63,328,527,918,170,652.8,,,,,,Cashel,Leitrim
"Castlefore, Co.Leitrim, 28063",Castlefore,Leitrim,28063,28063,,,0,331,353,684,147,477,,,,,,Castlefore,Leitrim
"Cattan, Co.Leitrim, 28064",Cattan,Leitrim,28064,28064,,,0,557,814,1371,205,917.2,,,,,,Cattan,Leitrim
"Cloone, Co.Leitrim, 28065",Cloone,Leitrim,28065,28065,,,83,662,1128,1873,311,1311.9,,,,,,Cloone,Leitrim
"Corriga, Co.Leitrim, 28066",Corriga,Leitrim,28066,28066,,,57,363,613,1033,0,720.1,,,,,,Corriga,Leitrim
"Drumard, Co.Leitrim, 28067",Drumard,Leitrim,28067,28067,,,44,340,613,997,147,746.8,,,,,,Drumard,Leitrim
"Drumdoo, Co.Leitrim, 28068",Drumdoo,Leitrim,28068,28068,,,65,348,604,1017,147,714,,,,,,Drumdoo,Leitrim
"Drumod, Co.Leitrim, 28069",Drumod,Leitrim,28069,28069,,,53,398,644,1095,229,746.9,,,,,,Drumod,Leitrim
"Fenagh, Co.Leitrim, 28070",Fenagh,Leitrim,28070,28070,,,54,298,507,859,208,658.8,,,,,,Fenagh,Leitrim
"Gortermone, Co.Leitrim, 28071",Gortermone,Leitrim,28071,28071,,,68,562,1353,1983,242,1386.2,,,,,,Gortermone,Leitrim
"Keeldra, Co.Leitrim, 28072",Keeldra,Leitrim,28072,28072,,,75,577,866,1518,147,1038.7,,,,,,Keeldra,Leitrim
"Lisgillock, Co.Leitrim, 28073",Lisgillock,Leitrim,28073,28073,,,44,384,436,864,0,568,,,,,,Lisgillock,Leitrim
"Mohill, Co.Leitrim, 28074",Mohill,Leitrim,28074,28074,,,0,646,937,1583,181,1088.6,,,,,,Mohill,Leitrim
"Rinn, Co.Leitrim, 28075",Rinn,Leitrim,28075,28075,,,74,441,956,1471,147,1032,,,,,,Rinn,Leitrim
"Riverstown, Co.Leitrim, 28076",Riverstown,Leitrim,28076,28076,,,0,365,595,960,0,687,,,,,,Riverstown,Leitrim
"Roosky, Co.Leitrim, 28077",Roosky,Leitrim,28077,28077,,,63,316,545,924,239,674.7,,,,,,Roosky,Leitrim
"Rowan, Co.Leitrim, 28078",Rowan,Leitrim,28078,28078,,,0,283,415,698,0,480.1,,,,,,Rowan,Leitrim
"Abbey A, Co.Limerick, 20001",Abbey A,Limerick,20001,20001,,,0,0,0,0,0,0,,,,,,Abbey A,Limerick
"Abbey B, Co.Limerick, 20002",Abbey B,Limerick,20002,20002,,,0,0,0,0,0,,,,,,,Abbey B,Limerick
"Abbey C, Co.Limerick, 20003",Abbey C,Limerick,20003,20003,,,0,0,0,0,0,,,,,,,Abbey C,Limerick
"Abbey D, Co.Limerick, 20004",Abbey D,Limerick,20004,20004,,,0,0,0,0,0,,,,,,,Abbey D,Limerick
"Ballinacurra A, Co.Limerick, 20005",Ballinacurra A,Limerick,20005,20005,,,0,0,0,0,0,,,,,,,Ballinacurra A,Limerick
"Ballinacurra B, Co.Limerick, 20006",Ballinacurra B,Limerick,20006,20006,,,0,0,0,0,0,,,,,,,Ballinacurra B,Limerick
"Ballynanty, Co.Limerick, 20007",Ballynanty,Limerick,20007,20007,,,0,0,0,0,0,,,,,,,Ballynanty,Limerick
"Castle A, Co.Limerick, 20008",Castle A,Limerick,20008,20008,,,0,0,0,0,0,,,,,,,Castle A,Limerick
"Castle B, Co.Limerick, 20009",Castle B,Limerick,20009,20009,,,0,0,0,0,0,,,,,,,Castle B,Limerick
"Castle C, Co.Limerick, 20010",Castle C,Limerick,20010,20010,,,0,0,0,0,0,,,,,,,Castle C,Limerick
"Castle D, Co.Limerick, 20011",Castle D,Limerick,20011,20011,,,0,36,110,146,0,,,,,,,Castle D,Limerick
"Coolraine, Co.Limerick, 20012",Coolraine,Limerick,20012,20012,,,0,0,0,0,0,,,,,,,Coolraine,Limerick
"Custom House, Co.Limerick, 20013",Custom House,Limerick,20013,20013,,,0,0,0,0,0,,,,,,,Custom House,Limerick
"Dock A, Co.Limerick, 20014",Dock A,Limerick,20014,20014,,,0,0,0,0,0,,,,,,,Dock A,Limerick
"Dock B, Co.Limerick, 20015",Dock B,Limerick,20015,20015,,,0,0,0,0,0,,,,,,,Dock B,Limerick
"Dock C, Co.Limerick, 20016",Dock C,Limerick,20016,20016,,,0,0,0,0,0,,,,,,,Dock C,Limerick
"Dock D, Co.Limerick, 20017",Dock D,Limerick,20017,20017,,,0,0,0,0,0,,,,,,,Dock D,Limerick
"Farranshone, Co.Limerick, 20018",Farranshone,Limerick,20018,20018,,,0,0,0,0,0,,,,,,,Farranshone,Limerick
"Galvone A, Co.Limerick, 20019",Galvone A,Limerick,20019,20019,,,0,0,0,0,0,,,,,,,Galvone A,Limerick
"Galvone B, Co.Limerick, 20020",Galvone B,Limerick,20020,20020,,,0,0,0,0,0,,,,,,,Galvone B,Limerick
"Glentworth A, Co.Limerick, 20021",Glentworth A,Limerick,20021,20021,,,0,0,0,0,0,,,,,,,Glentworth A,Limerick
"Glentworth B, Co.Limerick, 20022",Glentworth B,Limerick,20022,20022,,,0,0,0,0,0,,,,,,,Glentworth B,Limerick
"Glentworth C, Co.Limerick, 20023",Glentworth C,Limerick,20023,20023,,,0,0,0,0,0,,,,,,,Glentworth C,Limerick
"John's A, Co.Limerick, 20024",John's A,Limerick,20024,20024,,,0,0,0,0,0,,,,,,,John's A,Limerick
"John's B, Co.Limerick, 20025",John's B,Limerick,20025,20025,,,0,0,0,0,0,,,,,,,John's B,Limerick
"John's C, Co.Limerick, 20026",John's C,Limerick,20026,20026,,,0,0,0,0,0,,,,,,,John's C,Limerick
"Killeely A, Co.Limerick, 20027",Killeely A,Limerick,20027,20027,,,0,0,0,0,0,,,,,,,Killeely A,Limerick
"Killeely B, Co.Limerick, 20028",Killeely B,Limerick,20028,20028,,,0,0,0,0,0,,,,,,,Killeely B,Limerick
"Market, Co.Limerick, 20029",Market,Limerick,20029,20029,,,0,0,0,0,0,,,,,,,Market,Limerick
"Prospect A, Co.Limerick, 20030",Prospect A,Limerick,20030,20030,,,0,0,0,0,0,,,,,,,Prospect A,Limerick
"Prospect B, Co.Limerick, 20031",Prospect B,Limerick,20031,20031,,,0,0,0,0,0,,,,,,,Prospect B,Limerick
"Rathbane, Co.Limerick, 20032",Rathbane,Limerick,20032,20032,,,0,0,0,0,0,0,,,,,,Rathbane,Limerick
"St. Laurence, Co.Limerick, 20033",St. Laurence,Limerick,20033,20033,,,0,0,0,0,0,,,,,,,St. Laurence,Limerick
"Shannon A, Co.Limerick, 20034",Shannon A,Limerick,20034,20034,,,0,0,0,0,0,,,,,,,Shannon A,Limerick
"Shannon B, Co.Limerick, 20035",Shannon B,Limerick,20035,20035,,,0,0,0,0,0,,,,,,,Shannon B,Limerick
"Singland A, Co.Limerick, 20036",Singland A,Limerick,20036,20036,,,0,0,0,0,0,,,,,,,Singland A,Limerick
"Singland B, Co.Limerick, 20037",Singland B,Limerick,20037,20037,,,0,0,0,0,0,,,,,,,Singland B,Limerick
"Limerick North Rural, Co.Limerick, 20065",Limerick North Rural,Limerick,20065,20065,,,0,0,0,0,0,,,,,,,Limerick North Rural,Limerick
"Abbeyville, Co.Limerick, 21001",Abbeyville,Limerick,21001,21001,,,593,181,1648,2422,0,1871.3,,,,,,Abbeyville,Limerick
"Adare North, Co.Limerick, 21002",Adare North,Limerick,21002,21002,,,796,281,1879,2956,296,2748.5,,,,,,Adare North,Limerick
"Adare South, Co.Limerick, 21003",Adare South,Limerick,21003,21003,,,466,310,2015,2791,955,2234.7,,,,,,Adare South,Limerick
"Ballingarry, Co.Limerick, 21004",Ballingarry,Limerick,21004,21004,,,1073,213,1571,2857,0,2282.8,,,,,,Ballingarry,Limerick
"Ballyagran, Co.Limerick, 21005",Ballyagran,Limerick,21005,21005,,,756,269,2653,3678,133,2753.1,,,,,,Ballyagran,Limerick
"Ballygrennan, Co.Limerick, 21006",Ballygrennan,Limerick,21006,21006,,,1008,293,2163,3464,133,2751.6,,,,,,Ballygrennan,Limerick
"Ballynabanoge, Co.Limerick, 21007",Ballynabanoge,Limerick,21007,21007,,,1141,256,2293,3690,0,2879.4,,,,,,Ballynabanoge,Limerick
"Ballynoe, Co.Limerick, 21008",Ballynoe,Limerick,21008,21008,,,1306,140,1657,3103,0,2541,,,,,,Ballynoe,Limerick
"Castletown, Co.Limerick, 21009",Castletown,Limerick,21009,21009,,,882,113,2147,3142,0,2485.2,,,,,,Castletown,Limerick
"Coolrus, Co.Limerick, 21010",Coolrus,Limerick,21010,21010,,,854,197,1871,2922,0,5783.3,,,,,,Coolrus,Limerick
"Crean, Co.Limerick, 21011",Crean,Limerick,21011,21011,,,536,209,1401,2146,133,2047.2,,,,,,Crean,Limerick
"Crecora, Co.Limerick, 21012",Crecora,Limerick,21012,21012,,,364,169,1089,1622,0,1289.5,,,,,,Crecora,Limerick
"Croom, Co.Limerick, 21013",Croom,Limerick,21013,21013,,,1174,186,2571,3931,133,3073.9,,,,,,Croom,Limerick
"Dunnaman, Co.Limerick, 21014",Dunnaman,Limerick,21014,21014,,,878,119,1876,2873,0,2210.4,,,,,,Dunnaman,Limerick
"Fedamore, Co.Limerick, 21015",Fedamore,Limerick,21015,21015,,,734,731,2448,3913,332,2950.1,,,,,,Fedamore,Limerick
"Garrane, Co.Limerick, 21016",Garrane,Limerick,21016,21016,,,407,172,961,1540,133,1221.6,,,,,,Garrane,Limerick
"Grange, Co.Limerick, 21017",Grange,Limerick,21017,21017,,,276,382,1648,2306,133,1770.7,,,,,,Grange,Limerick
"Kilfinny, Co.Limerick, 21018",Kilfinny,Limerick,21018,21018,,,1092,227,1854,3173,133,2430.4,,,,,,Kilfinny,Limerick
"Kilpeacon, Co.Limerick, 21019",Kilpeacon,Limerick,21019,21019,,,382,341,1501,2224,761,1810.1,,,,,,Kilpeacon,Limerick
"Rathmore, Co.Limerick, 21020",Rathmore,Limerick,21020,21020,,,473,232,2015,2720,133,2195.7,,,,,,Rathmore,Limerick
"Fleanmore, Co.Limerick, 21021",Fleanmore,Limerick,21021,21021,,,625,78,967,1670,0,1294.3,,,,,,Fleanmore,Limerick
"Glin, Co.Limerick, 21022",Glin,Limerick,21022,21022,,,927,420,2318,3665,133,2967.8,,,,,,Glin,Limerick
"Kilfergus, Co.Limerick, 21023",Kilfergus,Limerick,21023,21023,,,397,367,1307,2071,0,1485.4,,,,,,Kilfergus,Limerick
"Kilmoylan, Co.Limerick, 21024",Kilmoylan,Limerick,21024,21024,,,401,420,952,1773,133,1307.3,,,,,,Kilmoylan,Limerick
"Ardpatrick, Co.Limerick, 21025",Ardpatrick,Limerick,21025,21025,,,961,607,2367,3935,133,2991.8,,,,,,Ardpatrick,Limerick
"Athlacca, Co.Limerick, 21026",Athlacca,Limerick,21026,21026,,,684,325,1426,2435,133,1875.5,,,,,,Athlacca,Limerick
"Ballymacshaneboy, Co.Limerick, 21027",Ballymacshaneboy,Limerick,21027,21027,,,1297,320,2211,3828,133,2906.4,,,,,,Ballymacshaneboy,Limerick
"Bruff, Co.Limerick, 21028",Bruff,Limerick,21028,21028,,,464,406,1756,2626,132,2005.9,,,,,,Bruff,Limerick
"Bruree, Co.Limerick, 21029",Bruree,Limerick,21029,21029,,,1800,402,1994,4196,132,3458.3,,,,,,Bruree,Limerick
"Bulgaden, Co.Limerick, 21030",Bulgaden,Limerick,21030,21030,,,775,124,1690,2589,132,2959.6,,,,,,Bulgaden,Limerick
"Cahercorney, Co.Limerick, 21031",Cahercorney,Limerick,21031,21031,,,539,238,2177,2954,271,2289.7,,,,,,Cahercorney,Limerick
"Colmanswell, Co.Limerick, 21032",Colmanswell,Limerick,21032,21032,,,1106,269,2528,3903,176,3113.8,,,,,,Colmanswell,Limerick
"Darragh, Co.Limerick, 21033",Darragh,Limerick,21033,21033,,,891,288,1777,2956,132,2215.7,,,,,,Darragh,Limerick
"Dromin, Co.Limerick, 21034",Dromin,Limerick,21034,21034,,,1480,496,3471,5447,383,4173.4,,,,,,Dromin,Limerick
"Emlygrennan, Co.Limerick, 21035",Emlygrennan,Limerick,21035,21035,,,1118,417,2289,3824,132,3008.4,,,,,,Emlygrennan,Limerick
"Glenbrohane, Co.Limerick, 21036",Glenbrohane,Limerick,21036,21036,,,628,286,1914,2828,439,2297.9,,,,,,Glenbrohane,Limerick
"Griston, Co.Limerick, 21037",Griston,Limerick,21037,21037,,,396,221,2010,2627,132,1914.8,,,,,,Griston,Limerick
"Hospital, Co.Limerick, 21038",Hospital,Limerick,21038,21038,,,889,573,2155,3617,132,2732.9,,,,,,Hospital,Limerick
"Kilfinnane, Co.Limerick, 21039",Kilfinnane,Limerick,21039,21039,,,531,421,2260,3212,132,2362.4,,,,,,Kilfinnane,Limerick
"Kilflyn, Co.Limerick, 21040",Kilflyn,Limerick,21040,21040,,,614,290,1350,2254,0,1676.5,,,,,,Kilflyn,Limerick
"Kilmallock, Co.Limerick, 21041",Kilmallock,Limerick,21041,21041,,,916,137,2099,3152,402,2509.4,,,,,,Kilmallock,Limerick
"Kilteely, Co.Limerick, 21042",Kilteely,Limerick,21042,21042,,,678,431,2263,3372,132,2485.1,,,,,,Kilteely,Limerick
"Knockainy, Co.Limerick, 21043",Knockainy,Limerick,21043,21043,,,802,484,2556,3842,132,2949.7,,,,,,Knockainy,Limerick
"Knocklong, Co.Limerick, 21044",Knocklong,Limerick,21044,21044,,,399,390,1800,2589,0,1938.9,,,,,,Knocklong,Limerick
"Particles, Co.Limerick, 21045",Particles,Limerick,21045,21045,,,163,148,566,877,132,635.1,,,,,,Particles,Limerick
"Rockhill, Co.Limerick, 21046",Rockhill,Limerick,21046,21046,,,1537,176,2790,4503,0,3634.5,,,,,,Rockhill,Limerick
"Tobernea, Co.Limerick, 21047",Tobernea,Limerick,21047,21047,,,1117,367,2201,3685,132,2867.3,,,,,,Tobernea,Limerick
"Uregare, Co.Limerick, 21048",Uregare,Limerick,21048,21048,,,1233,335,3000,4568,132,3505.2,,,,,,Uregare,Limerick
"Abington, Co.Limerick, 21049",Abington,Limerick,21049,21049,,,576,418,2209,3203,132,2329.2,,,,,,Abington,Limerick
"Ballybricken, Co.Limerick, 21050",Ballybricken,Limerick,21050,21050,,,859,626,3580,5065,219,3773.9,,,,,,Ballybricken,Limerick
"Ballycummin, Co.Limerick, 21051",Ballycummin,Limerick,21051,21051,,,169,246,1038,1453,0,1088,,,,,,Ballycummin,Limerick
"Ballysimon, Co.Limerick, 21052",Ballysimon,Limerick,21052,21052,,,496,649,2295,3440,0,2603.7,,,,,,Ballysimon,Limerick
"Ballyvarra, Co.Limerick, 21053",Ballyvarra,Limerick,21053,21053,,,1276,562,3133,4971,132,3739.2,,,,,,Ballyvarra,Limerick
"Caherconlish East, Co.Limerick, 21054",Caherconlish East,Limerick,21054,21054,,,757,453,2057,3267,0,2341.5,,,,,,Caherconlish East,Limerick
"Caherconlish West, Co.Limerick, 21055",Caherconlish West,Limerick,21055,21055,,,1154,259,3000,4413,132,3337.9,,,,,,Caherconlish West,Limerick
"Caherelly, Co.Limerick, 21056",Caherelly,Limerick,21056,21056,,,148,121,906,1175,132,917.7,,,,,,Caherelly,Limerick
"Cappamore, Co.Limerick, 21057",Cappamore,Limerick,21057,21057,,,305,523,1842,2670,132,1942,,,,,,Cappamore,Limerick
"Carrig, Co.Limerick, 21058",Carrig,Limerick,21058,21058,,,695,290,1694,2679,0,2012.2,,,,,,Carrig,Limerick
"Castleconnell, Co.Limerick, 21059",Castleconnell,Limerick,21059,21059,,,261,237,1026,1524,356,1168.8,,,,,,Castleconnell,Limerick
"Clarina, Co.Limerick, 21060",Clarina,Limerick,21060,21060,,,904,388,2479,3771,498,2827.7,,,,,,Clarina,Limerick
"Clonkeen, Co.Limerick, 21061",Clonkeen,Limerick,21061,21061,,,284,497,1658,2439,0,1767.2,,,,,,Clonkeen,Limerick
"Doon West, Co.Limerick, 21062",Doon West,Limerick,21062,21062,,,297,430,1368,2095,0,1438.8,,,,,,Doon West,Limerick
"Glenstal, Co.Limerick, 21063",Glenstal,Limerick,21063,21063,,,553,462,1361,2376,132,1757.6,,,,,,Glenstal,Limerick
"Kilmurry, Co.Limerick, 21064",Kilmurry,Limerick,21064,21064,,,867,667,2988,4522,132,3404.8,,,,,,Kilmurry,Limerick
"Limerick South Rural, Co.Limerick, 21066",Limerick South Rural,Limerick,21066,21066,,,143,69,301,513,0,415.4,,,,,,Limerick South Rural,Limerick
"Patrickswell, Co.Limerick, 21067",Patrickswell,Limerick,21067,21067,,,457,301,1243,2001,0,1452.3,,,,,,Patrickswell,Limerick
"Roxborough, Co.Limerick, 21068",Roxborough,Limerick,21068,21068,,,643,235,2305,3183,595,2706.5,,,,,,Roxborough,Limerick
"Anglesborough, Co.Limerick, 21069",Anglesborough,Limerick,21069,21069,,,466,354,1820,2640,1604,3261.3,,,,,,Anglesborough,Limerick
"Ballylanders, Co.Limerick, 21070",Ballylanders,Limerick,21070,21070,,,364,235,984,1583,132,1132.2,,,,,,Ballylanders,Limerick
"Cullane, Co.Limerick, 21071",Cullane,Limerick,21071,21071,,,1034,263,2861,4158,608,4128.1,,,,,,Cullane,Limerick
"Duntryleague, Co.Limerick, 21072",Duntryleague,Limerick,21072,21072,,,642,394,1951,2987,332,2198.8,,,,,,Duntryleague,Limerick
"Galbally, Co.Limerick, 21073",Galbally,Limerick,21073,21073,,,886,320,2059,3265,52,2366.1,,,,,,Galbally,Limerick
"Kilbeheny, Co.Limerick, 21074",Kilbeheny,Limerick,21074,21074,,,577,215,1027,1819,1117,1715.5,,,,,,Kilbeheny,Limerick
"Kilglass, Co.Limerick, 21075",Kilglass,Limerick,21075,21075,,,545,105,1644,2294,930,1831.5,,,,,,Kilglass,Limerick
"Knocknascrow, Co.Limerick, 21076",Knocknascrow,Limerick,21076,21076,,,427,135,1213,1775,1622,1428.9,,,,,,Knocknascrow,Limerick
"Riversdale, Co.Limerick, 21077",Riversdale,Limerick,21077,21077,,,1089,184,1605,2878,132,2485.2,,,,,,Riversdale,Limerick
"Abbeyfeale, Co.Limerick, 21078",Abbeyfeale,Limerick,21078,21078,,,499,200,1148,1847,0,2122.1,,,,,,Abbeyfeale,Limerick
"Ardagh, Co.Limerick, 21079",Ardagh,Limerick,21079,21079,,,882,404,2462,3748,132,2933.4,,,,,,Ardagh,Limerick
"Ballintober, Co.Limerick, 21080",Ballintober,Limerick,21080,21080,,,841,217,1517,2575,132,3042.2,,,,,,Ballintober,Limerick
"Ballynoe West, Co.Limerick, 21081",Ballynoe West,Limerick,21081,21081,,,428,325,1510,2263,0,1978.1,,,,,,Ballynoe West,Limerick
"Boola, Co.Limerick, 21082",Boola,Limerick,21082,21082,,,545,67,1076,1688,0,1262.2,,,,,,Boola,Limerick
"Broadford, Co.Limerick, 21083",Broadford,Limerick,21083,21083,,,1921,266,3167,5354,0,5347.4,,,,,,Broadford,Limerick
"Caher, Co.Limerick, 21084",Caher,Limerick,21084,21084,,,315,254,666,1235,0,932.2,,,,,,Caher,Limerick
"Cleanglass, Co.Limerick, 21085",Cleanglass,Limerick,21085,21085,,,286,328,1049,1663,0,1191.9,,,,,,Cleanglass,Limerick
"Cloncagh, Co.Limerick, 21086",Cloncagh,Limerick,21086,21086,,,1175,191,1998,3364,0,2613.3,,,,,,Cloncagh,Limerick
"Danganbeg, Co.Limerick, 21087",Danganbeg,Limerick,21087,21087,,,825,246,2023,3094,132,3509.9,,,,,,Danganbeg,Limerick
"Dromcolliher, Co.Limerick, 21088",Dromcolliher,Limerick,21088,21088,,,2255,324,3704,6283,0,4905.8,,,,,,Dromcolliher,Limerick
"Dromtrasna, Co.Limerick, 21089",Dromtrasna,Limerick,21089,21089,,,800,707,2151,3658,132,2705.7,,,,,,Dromtrasna,Limerick
"Feenagh, Co.Limerick, 21090",Feenagh,Limerick,21090,21090,,,1517,268,2750,4535,132,3405.7,,,,,,Feenagh,Limerick
"Garryduff, Co.Limerick, 21091",Garryduff,Limerick,21091,21091,,,272,129,666,1067,0,814.7,,,,,,Garryduff,Limerick
"Glenagower, Co.Limerick, 21092",Glenagower,Limerick,21092,21092,,,355,262,781,1398,132,1067.8,,,,,,Glenagower,Limerick
"Glengort, Co.Limerick, 21093",Glengort,Limerick,21093,21093,,,941,448,2229,3618,0,3086.8,,,,,,Glengort,Limerick
"Glensharrold, Co.Limerick, 21094",Glensharrold,Limerick,21094,21094,,,142,204,456,802,132,583.3,,,,,,Glensharrold,Limerick
"Kilmeedy, Co.Limerick, 21095",Kilmeedy,Limerick,21095,21095,,,898,199,1854,2951,132,2320.8,,,,,,Kilmeedy,Limerick
"Knockaderry, Co.Limerick, 21096",Knockaderry,Limerick,21096,21096,,,739,209,1592,2540,132,2460.7,,,,,,Knockaderry,Limerick
"Mahoonagh, Co.Limerick, 21097",Mahoonagh,Limerick,21097,21097,,,348,101,1639,2088,0,1877.1,,,,,,Mahoonagh,Limerick
"Monagay, Co.Limerick, 21098",Monagay,Limerick,21098,21098,,,1593,664,4012,6269,862,5573.7,,,,,,Monagay,Limerick
"Mountcollins, Co.Limerick, 21099",Mountcollins,Limerick,21099,21099,,,541,225,1327,2093,132,1560.1,,,,,,Mountcollins,Limerick
"Mountplummer, Co.Limerick, 21100",Mountplummer,Limerick,21100,21100,,,496,300,1527,2323,132,1736.9,,,,,,Mountplummer,Limerick
"Newcastle Rural, Co.Limerick, 21101",Newcastle Rural,Limerick,21101,21101,,,988,371,1925,3284,420,4584.4,,,,,,Newcastle Rural,Limerick
"Newcastle Urban, Co.Limerick, 21102",Newcastle Urban,Limerick,21102,21102,,,0,62,374,436,0,,,,,,,Newcastle Urban,Limerick
"Port, Co.Limerick, 21103",Port,Limerick,21103,21103,,,626,261,1242,2129,0,1590.6,,,,,,Port,Limerick
"Rathronan, Co.Limerick, 21104",Rathronan,Limerick,21104,21104,,,352,633,1209,2194,330,1572.4,,,,,,Rathronan,Limerick
"Rooskagh, Co.Limerick, 21105",Rooskagh,Limerick,21105,21105,,,157,146,665,968,132,727,,,,,,Rooskagh,Limerick
"Templeglentan, Co.Limerick, 21106",Templeglentan,Limerick,21106,21106,,,578,497,1880,2955,213,2417.4,,,,,,Templeglentan,Limerick
"Askeaton East, Co.Limerick, 21107",Askeaton East,Limerick,21107,21107,,,167,491,1451,2109,298,1565.6,,,,,,Askeaton East,Limerick
"Askeaton West, Co.Limerick, 21108",Askeaton West,Limerick,21108,21108,,,409,429,1990,2828,591,2206.6,,,,,,Askeaton West,Limerick
"Aughinish, Co.Limerick, 21109",Aughinish,Limerick,21109,21109,,,130,282,418,830,132,595.2,,,,,,Aughinish,Limerick
"Ballyallinan, Co.Limerick, 21110",Ballyallinan,Limerick,21110,21110,,,1485,473,3115,5073,132,4045.8,,,,,,Ballyallinan,Limerick
"Ballynacarriga, Co.Limerick, 21111",Ballynacarriga,Limerick,21111,21111,,,342,316,1828,2486,132,1864.7,,,,,,Ballynacarriga,Limerick
"Castletown, Co.Limerick, 21112",Castletown,Limerick,21112,21112,,,271,414,1875,2560,274,1882.7,,,,,,Castletown,Limerick
"Craggs, Co.Limerick, 21113",Craggs,Limerick,21113,21113,,,349,482,1538,2369,132,1736.2,,,,,,Craggs,Limerick
"Croagh, Co.Limerick, 21114",Croagh,Limerick,21114,21114,,,1071,281,2197,3549,236,2846.1,,,,,,Croagh,Limerick
"Dromard, Co.Limerick, 21115",Dromard,Limerick,21115,21115,,,1360,348,3763,5471,132,4120.1,,,,,,Dromard,Limerick
"Dunmoylan East, Co.Limerick, 21116",Dunmoylan East,Limerick,21116,21116,,,1108,280,1886,3274,132,2684.5,,,,,,Dunmoylan East,Limerick
"Dunmoylan West, Co.Limerick, 21117",Dunmoylan West,Limerick,21117,21117,,,0,194,435,629,132,479.9,,,,,,Dunmoylan West,Limerick
"Iveruss, Co.Limerick, 21118",Iveruss,Limerick,21118,21118,,,225,288,1644,2157,288,1559.8,,,,,,Iveruss,Limerick
"Kilcornan, Co.Limerick, 21119",Kilcornan,Limerick,21119,21119,,,339,306,1788,2433,380,1943.2,,,,,,Kilcornan,Limerick
"Kildimo, Co.Limerick, 21120",Kildimo,Limerick,21120,21120,,,162,364,1156,1682,132,1183.7,,,,,,Kildimo,Limerick
"Kilscannell, Co.Limerick, 21121",Kilscannell,Limerick,21121,21121,,,727,175,1829,2731,132,2295.7,,,,,,Kilscannell,Limerick
"Lismakeery, Co.Limerick, 21122",Lismakeery,Limerick,21122,21122,,,678,485,1731,2894,241,2116.3,,,,,,Lismakeery,Limerick
"Loghill, Co.Limerick, 21123",Loghill,Limerick,21123,21123,,,941,288,2411,3640,0,2799.5,,,,,,Loghill,Limerick
"Mohernagh, Co.Limerick, 21124",Mohernagh,Limerick,21124,21124,,,146,69,293,508,0,388,,,,,,Mohernagh,Limerick
"Nantinan, Co.Limerick, 21125",Nantinan,Limerick,21125,21125,,,513,725,2624,3862,912,2933.4,,,,,,Nantinan,Limerick
"Pallaskenry, Co.Limerick, 21126",Pallaskenry,Limerick,21126,21126,,,424,315,1456,2195,132,1654.7,,,,,,Pallaskenry,Limerick
"Rathkeale Rural, Co.Limerick, 21127",Rathkeale Rural,Limerick,21127,21127,,,608,86,1186,1880,0,1459,,,,,,Rathkeale Rural,Limerick
"Rathkeale Urban, Co.Limerick, 21128",Rathkeale Urban,Limerick,21128,21128,,,133,24,274,431,0,299.8,,,,,,Rathkeale Urban,Limerick
"Riddlestown, Co.Limerick, 21129",Riddlestown,Limerick,21129,21129,,,1287,257,3364,4908,132,3762.8,,,,,,Riddlestown,Limerick
"Shanagolden, Co.Limerick, 21130",Shanagolden,Limerick,21130,21130,,,206,283,911,1400,0,1024.6,,,,,,Shanagolden,Limerick
"Shanid, Co.Limerick, 21131",Shanid,Limerick,21131,21131,,,390,408,1310,2108,420,1583.4,,,,,,Shanid,Limerick
"Bilboa, Co.Limerick, 21132",Bilboa,Limerick,21132,21132,,,257,811,1361,2429,0,1732.9,,,,,,Bilboa,Limerick
"Doon South, Co.Limerick, 21133",Doon South,Limerick,21133,21133,,,653,769,2413,3835,132,2834.9,,,,,,Doon South,Limerick
"Grean, Co.Limerick, 21134",Grean,Limerick,21134,21134,,,1040,714,3656,5410,132,3962.9,,,,,,Grean,Limerick
"Oola, Co.Limerick, 21135",Oola,Limerick,21135,21135,,,906,848,3707,5461,132,5158.9,,,,,,Oola,Limerick
"Templebredon, Co.Limerick, 21136",Templebredon,Limerick,21136,21136,,,991,370,2428,3789,0,2775,,,,,,Templebredon,Limerick
"Longford No. 1 Urban, Co.Longford, 09001",Longford No. 1 Urban,Longford,09001,09001,,,0,0,0,0,0,,,,,,,Longford No. 1 Urban,Longford
"Longford No. 2 Urban, Co.Longford, 09002",Longford No. 2 Urban,Longford,09002,09002,,,98,4,255,357,0,,,,,,,Longford No. 2 Urban,Longford
"Agharra, Co.Longford, 09003",Agharra,Longford,09003,09003,,,129,323,1756,2208,891,1774.4,,,,,,Agharra,Longford
"Ballymahon, Co.Longford, 09004",Ballymahon,Longford,09004,09004,,,101,1047,4172,5320,1387,3820.2,,,,,,Ballymahon,Longford
"Cashel East, Co.Longford, 09005",Cashel East,Longford,09005,09005,,,118,666,1389,2173,708,1607.7,,,,,,Cashel East,Longford
"Cashel West, Co.Longford, 09006",Cashel West,Longford,09006,09006,,,277,1396,3301,4974,2240,6898.1,,,,,,Cashel West,Longford
"Doory, Co.Longford, 09007",Doory,Longford,09007,09007,,,226,896,2108,3230,1681,2407.2,,,,,,Doory,Longford
"Forgney, Co.Longford, 09008",Forgney,Longford,09008,09008,,,583,587,2424,3594,1773,2896.7,,,,,,Forgney,Longford
"Foxhall, Co.Longford, 09009",Foxhall,Longford,09009,09009,,,0,439,1055,1494,383,1096.3,,,,,,Foxhall,Longford
"Kilcommock, Co.Longford, 09010",Kilcommock,Longford,09010,09010,,,123,814,2040,2977,3485,2686.7,,,,,,Kilcommock,Longford
"Kilglass, Co.Longford, 09011",Kilglass,Longford,09011,09011,,,118,1245,3029,4392,2264,8892.9,,,,,,Kilglass,Longford
"Ledwithstown, Co.Longford, 09012",Ledwithstown,Longford,09012,09012,,,0,547,1052,1599,1349,1237,,,,,,Ledwithstown,Longford
"Abbeylara, Co.Longford, 09013",Abbeylara,Longford,09013,09013,,,108,304,998,1410,365,1056.5,,,,,,Abbeylara,Longford
"Ballinalee, Co.Longford, 09014",Ballinalee,Longford,09014,09014,,,124,520,1149,1793,1486,1400.8,,,,,,Ballinalee,Longford
"Ballymuigh, Co.Longford, 09015",Ballymuigh,Longford,09015,09015,,,124,275,820,1219,338,918.1,,,,,,Ballymuigh,Longford
"Bunlahy, Co.Longford, 09016",Bunlahy,Longford,09016,09016,,,129,306,943,1378,299,1007.5,,,,,,Bunlahy,Longford
"Columbkille, Co.Longford, 09017",Columbkille,Longford,09017,09017,,,454,779,2089,3322,327,2406.4,,,,,,Columbkille,Longford
"Coolamber, Co.Longford, 09018",Coolamber,Longford,09018,09018,,,227,428,1535,2190,827,1699.3,,,,,,Coolamber,Longford
"Creevy, Co.Longford, 09019",Creevy,Longford,09019,09019,,,111,450,1248,1809,772,1367.6,,,,,,Creevy,Longford
"Crosagstown, Co.Longford, 09020",Crosagstown,Longford,09020,09020,,,138,296,1234,1668,321,1317.2,,,,,,Crosagstown,Longford
"Currygrane, Co.Longford, 09021",Currygrane,Longford,09021,09021,,,0,221,577,798,222,586.4,,,,,,Currygrane,Longford
"Dalystown, Co.Longford, 09022",Dalystown,Longford,09022,09022,,,0,364,796,1160,646,1117.9,,,,,,Dalystown,Longford
"Drummeel, Co.Longford, 09023",Drummeel,Longford,09023,09023,,,124,295,796,1215,287,894.3,,,,,,Drummeel,Longford
"Firry / Newgrove, Co.Longford, 09024/09035",Firry / Newgrove,Longford,09024/09035,09024/09035,,,87,360,1283,1730,283,1269.9,,,,,,Firry / Newgrove,Longford
"Gelshagh, Co.Longford, 09025",Gelshagh,Longford,09025,09025,,,112,677,1312,2101,300,1479.6,,,,,,Gelshagh,Longford
"Granard Rural, Co.Longford, 09026",Granard Rural,Longford,09026,09026,,,111,621,1760,2492,1240,1880.7,,,,,,Granard Rural,Longford
"Granard Urban, Co.Longford, 09027",Granard Urban,Longford,09027,09027,,,117,271,638,1026,343,1218.5,,,,,,Granard Urban,Longford
"Knockanbaun, Co.Longford, 09028",Knockanbaun,Longford,09028,09028,,,118,206,673,997,462,780.4,,,,,,Knockanbaun,Longford
"Lislea, Co.Longford, 09029",Lislea,Longford,09029,09029,,,154,247,666,1067,270,764.8,,,,,,Lislea,Longford
"Meathas Truim, Co.Longford, 09030",Meathas Truim,Longford,09030,09030,,,0,208,1179,1387,394,1116.6,,,,,,Meathas Truim,Longford
"Milltown, Co.Longford, 09031",Milltown,Longford,09031,09031,,,110,696,2281,3087,848,2294.7,,,,,,Milltown,Longford
"Moatfarrell, Co.Longford, 09032",Moatfarrell,Longford,09032,09032,,,87,201,763,1051,254,1222.7,,,,,,Moatfarrell,Longford
"Moyne, Co.Longford, 09033",Moyne,Longford,09033,09033,,,238,626,1686,2550,275,1744.7,,,,,,Moyne,Longford
"Mullanalaghta, Co.Longford, 09034",Mullanalaghta,Longford,09034,09034,,,0,724,1503,2227,131,1515,,,,,,Mullanalaghta,Longford
"Sonnagh, Co.Longford, 09036",Sonnagh,Longford,09036,09036,,,98,458,845,1401,294,1013.9,,,,,,Sonnagh,Longford
"Aghaboy, Co.Longford, 09037",Aghaboy,Longford,09037,09037,,,0,504,1046,1550,281,1129.6,,,,,,Aghaboy,Longford
"Ardagh East, Co.Longford, 09038",Ardagh East,Longford,09038,09038,,,136,912,2624,3672,327,3838.2,,,,,,Ardagh East,Longford
"Ardagh West, Co.Longford, 09039",Ardagh West,Longford,09039,09039,,,116,564,1817,2497,373,1904.4,,,,,,Ardagh West,Longford
"Ballinamuck East, Co.Longford, 09040",Ballinamuck East,Longford,09040,09040,,,123,614,1484,2221,222,1545.8,,,,,,Ballinamuck East,Longford
"Ballinamuck West, Co.Longford, 09041",Ballinamuck West,Longford,09041,09041,,,0,786,1030,1816,337,1268.6,,,,,,Ballinamuck West,Longford
"Breanrisk, Co.Longford, 09042",Breanrisk,Longford,09042,09042,,,0,704,1180,1884,306,1336.2,,,,,,Breanrisk,Longford
"Caldragh, Co.Longford, 09043",Caldragh,Longford,09043,09043,,,235,826,1703,2764,648,1987.1,,,,,,Caldragh,Longford
"Cloondara, Co.Longford, 09044",Cloondara,Longford,09044,09044,,,127,410,1333,1870,250,2459.2,,,,,,Cloondara,Longford
"Cloonee, Co.Longford, 09045",Cloonee,Longford,09045,09045,,,304,558,1414,2276,515,1706.7,,,,,,Cloonee,Longford
"Corboy, Co.Longford, 09046",Corboy,Longford,09046,09046,,,124,517,1966,2607,479,1969.4,,,,,,Corboy,Longford
"Drumgort, Co.Longford, 09047",Drumgort,Longford,09047,09047,,,353,621,1331,2305,222,1697.6,,,,,,Drumgort,Longford
"Drumlish, Co.Longford, 09048",Drumlish,Longford,09048,09048,,,99,648,1041,1788,275,1266.1,,,,,,Drumlish,Longford
"Killashee, Co.Longford, 09049",Killashee,Longford,09049,09049,,,152,552,1409,2113,1705,2259.9,,,,,,Killashee,Longford
"Killoe, Co.Longford, 09050",Killoe,Longford,09050,09050,,,96,412,839,1347,222,991.2,,,,,,Killoe,Longford
"Longford Rural, Co.Longford, 09051",Longford Rural,Longford,09051,09051,,,119,361,1315,1795,1325,1499.6,,,,,,Longford Rural,Longford
"Mountdavis, Co.Longford, 09052",Mountdavis,Longford,09052,09052,,,118,306,598,1022,298,882.9,,,,,,Mountdavis,Longford
"Moydow, Co.Longford, 09053",Moydow,Longford,09053,09053,,,388,872,2960,4220,1044,3197.1,,,,,,Moydow,Longford
"Newtown Forbes, Co.Longford, 09054",Newtown Forbes,Longford,09054,09054,,,0,461,914,1375,337,974.8,,,,,,Newtown Forbes,Longford
"Rathcline, Co.Longford, 09055",Rathcline,Longford,09055,09055,,,273,991,3141,4405,2471,3456,,,,,,Rathcline,Longford
"Fair Gate, Co.Louth, 10001",Fair Gate,Louth,10001,10001,,,0,0,0,0,0,,,,,,,Fair Gate,Louth
"St. Laurence Gate, Co.Louth, 10002",St. Laurence Gate,Louth,10002,10002,,,0,0,0,0,0,,,,,,,St. Laurence Gate,Louth
"West Gate, Co.Louth, 10003",West Gate,Louth,10003,10003,,,0,0,0,0,0,,,,,,,West Gate,Louth
"Dundalk Urban No. 1, Co.Louth, 10004",Dundalk Urban No. 1,Louth,10004,10004,,,0,0,0,0,0,,,,,,,Dundalk Urban No. 1,Louth
"Dundalk Urban No. 2, Co.Louth, 10005",Dundalk Urban No. 2,Louth,10005,10005,,,0,0,38,38,0,,,,,,,Dundalk Urban No. 2,Louth
"Dundalk Urban No. 3, Co.Louth, 10006",Dundalk Urban No. 3,Louth,10006,10006,,,0,0,38,38,0,,,,,,,Dundalk Urban No. 3,Louth
"Dundalk Urban No. 4, Co.Louth, 10007",Dundalk Urban No. 4,Louth,10007,10007,,,0,0,0,0,0,,,,,,,Dundalk Urban No. 4,Louth
"Ardee Rural, Co.Louth, 10008",Ardee Rural,Louth,10008,10008,,,1297,1079,5849,8225,5976,7684,,,,,,Ardee Rural,Louth
"Ardee Urban, Co.Louth, 10009",Ardee Urban,Louth,10009,10009,,,0,18,19,37,0,,,,,,,Ardee Urban,Louth
"Castlebellingham, Co.Louth, 10010",Castlebellingham,Louth,10010,10010,,,137,355,1952,2444,639,1938.8,,,,,,Castlebellingham,Louth
"Clonkeen, Co.Louth, 10011",Clonkeen,Louth,10011,10011,,,519,549,2079,3147,1533,2574.3,,,,,,Clonkeen,Louth
"Collon, Co.Louth, 10012",Collon,Louth,10012,10012,,,425,546,2202,3173,3844,2629.5,,,,,,Collon,Louth
"Dromin, Co.Louth, 10013",Dromin,Louth,10013,10013,,,124,331,931,1386,2481,1204.7,,,,,,Dromin,Louth
"Dromiskin, Co.Louth, 10014",Dromiskin,Louth,10014,10014,,,110,198,857,1165,385,952.9,,,,,,Dromiskin,Louth
"Drumcar, Co.Louth, 10015",Drumcar,Louth,10015,10015,,,315,577,2400,3292,1269,2537.1,,,,,,Drumcar,Louth
"Dunleer, Co.Louth, 10016",Dunleer,Louth,10016,10016,,,133,581,1809,2523,835,1930,,,,,,Dunleer,Louth
"Stabannan, Co.Louth, 10017",Stabannan,Louth,10017,10017,,,0,143,778,921,471,828.1,,,,,,Stabannan,Louth
"Tallanstown, Co.Louth, 10018",Tallanstown,Louth,10018,10018,,,128,302,1630,2060,3027,1867.1,,,,,,Tallanstown,Louth
"Ballymascanlan, Co.Louth, 10019",Ballymascanlan,Louth,10019,10019,,,159,439,1515,2113,2529,1824.7,,,,,,Ballymascanlan,Louth
"Barronstown, Co.Louth, 10020",Barronstown,Louth,10020,10020,,,405,755,2304,3464,435,2586.2,,,,,,Barronstown,Louth
"Carlingford, Co.Louth, 10021",Carlingford,Louth,10021,10021,,,0,128,362,490,5275,885,,,,,,Carlingford,Louth
"Castlering, Co.Louth, 10022",Castlering,Louth,10022,10022,,,1332,307,2425,4064,326,3501.6,,,,,,Castlering,Louth
"Castletown, Co.Louth, 10023",Castletown,Louth,10023,10023,,,628,470,1843,2941,447,2205.9,,,,,,Castletown,Louth
"Creggan Upper, Co.Louth, 10024",Creggan Upper,Louth,10024,10024,,,379,766,2261,3406,532,2514.7,,,,,,Creggan Upper,Louth
"Darver, Co.Louth, 10025",Darver,Louth,10025,10025,,,120,243,1283,1646,2491,1817.9,,,,,,Darver,Louth
"Drummullagh, Co.Louth, 10026",Drummullagh,Louth,10026,10026,,,0,160,343,503,4454,822,,,,,,Drummullagh,Louth
"Dundalk Rural, Co.Louth, 10027",Dundalk Rural,Louth,10027,10027,,,93,106,631,830,351,744.2,,,,,,Dundalk Rural,Louth
"Faughart, Co.Louth, 10028",Faughart,Louth,10028,10028,,,102,410,1637,2149,1317,1766.2,,,,,,Faughart,Louth
"Greenore, Co.Louth, 10029",Greenore,Louth,10029,10029,,,105,165,651,921,2121,899.8,,,,,,Greenore,Louth
"Haggardstown, Co.Louth, 10030",Haggardstown,Louth,10030,10030,,,0,408,935,1343,448,963.5,,,,,,Haggardstown,Louth
"Jenkinstown, Co.Louth, 10031",Jenkinstown,Louth,10031,10031,,,104,245,546,895,6077,1222.9,,,,,,Jenkinstown,Louth
"Killanny, Co.Louth, 10032",Killanny,Louth,10032,10032,,,432,554,2665,3651,358,2998,,,,,,Killanny,Louth
"Louth, Co.Louth, 10033",Louth,Louth,10033,10033,,,391,275,1582,2248,1666,2098.2,,,,,,Louth,Louth
"Mansfieldstown, Co.Louth, 10034",Mansfieldstown,Louth,10034,10034,,,101,155,463,719,1522,749.1,,,,,,Mansfieldstown,Louth
"Rathcor, Co.Louth, 10035",Rathcor,Louth,10035,10035,,,245,433,1468,2146,8783,2446.9,,,,,,Rathcor,Louth
"Ravensdale, Co.Louth, 10036",Ravensdale,Louth,10036,10036,,,0,126,626,752,3953,920.2,,,,,,Ravensdale,Louth
"Clogher, Co.Louth, 10037",Clogher,Louth,10037,10037,,,614,369,1407,2390,816,1861.8,,,,,,Clogher,Louth
"Dysart, Co.Louth, 10038",Dysart,Louth,10038,10038,,,210,491,1656,2357,468,1696.9,,,,,,Dysart,Louth
"Monasterboice, Co.Louth, 10039",Monasterboice,Louth,10039,10039,,,649,414,1933,2996,497,4496.6,,,,,,Monasterboice,Louth
"Mullary, Co.Louth, 10040",Mullary,Louth,10040,10040,,,598,452,1991,3041,610,2338.6,,,,,,Mullary,Louth
"St. Peter's, Co.Louth, 10041",St. Peter's,Louth,10041,10041,,,861,402,2338,3601,652,3565.8,,,,,,St. Peter's,Louth
"Termonfeckin, Co.Louth, 10042",Termonfeckin,Louth,10042,10042,,,1219,236,2349,3804,412,3109.1,,,,,,Termonfeckin,Louth
"St. Mary's (Part Urban), Co.Louth, 10047",St. Mary's (Part Urban),Louth,10047,10047,,,0,0,0,0,0,,,,,,,St. Mary's (Part Urban),Louth
"Ardnaree South Urban, Co.Mayo, 29001",Ardnaree South Urban,Mayo,29001,29001,,,0,0,0,0,0,,,,,,,Ardnaree South Urban,Mayo
"Ballina Urban, Co.Mayo, 29002",Ballina Urban,Mayo,29002,29002,,,0,30,151,181,113,131.2,,,,,,Ballina Urban,Mayo
"Castlebar Urban, Co.Mayo, 29003",Castlebar Urban,Mayo,29003,29003,,,0,35,76,111,113,,,,,,,Castlebar Urban,Mayo
"Westport Urban, Co.Mayo, 29004",Westport Urban,Mayo,29004,29004,,,0,53,120,173,416,158.5,,,,,,Westport Urban,Mayo
"Ardagh, Co.Mayo, 29005",Ardagh,Mayo,29005,29005,,,94,528,1040,1662,872,1261.4,,,,,,Ardagh,Mayo
"Ardnaree North, Co.Mayo, 29006",Ardnaree North,Mayo,29006,29006,,,191,361,1233,1785,556,1389.2,,,,,,Ardnaree North,Mayo
"Ardnaree South Rural, Co.Mayo, 29007",Ardnaree South Rural,Mayo,29007,29007,,,95,580,1038,1713,258,1195.2,,,,,,Ardnaree South Rural,Mayo
"Attymass East, Co.Mayo, 29008",Attymass East,Mayo,29008,29008,,,0,319,485,804,558,596.9,,,,,,Attymass East,Mayo
"Attymass West, Co.Mayo, 29009",Attymass West,Mayo,29009,29009,,,74,207,411,692,118,519.4,,,,,,Attymass West,Mayo
"Ballina Rural, Co.Mayo, 29010",Ballina Rural,Mayo,29010,29010,,,543,707,2052,3302,328,2447.1,,,,,,Ballina Rural,Mayo
"Ballycastle, Co.Mayo, 29011",Ballycastle,Mayo,29011,29011,,,103,1142,1888,3133,2142,2368.9,,,,,,Ballycastle,Mayo
"Ballysakeery, Co.Mayo, 29012",Ballysakeery,Mayo,29012,29012,,,614,798,2441,3853,1105,2892,,,,,,Ballysakeery,Mayo
"Béal Deirg Mór, Co.Mayo, 29013",Béal Deirg Mór,Mayo,29013,29013,,,0,189,258,447,4439,755.8,,,,,,Béal Deirg Mór,Mayo
"Bunaveela, Co.Mayo, 29014",Bunaveela,Mayo,29014,29014,,,0,84,119,203,5328,674.3,,,,,,Bunaveela,Mayo
"Carrowmore, Co.Mayo, 29015",Carrowmore,Mayo,29015,29015,,,99,795,1965,2859,1047,2056.6,,,,,,Carrowmore,Mayo
"Crossmolina North, Co.Mayo, 29016",Crossmolina North,Mayo,29016,29016,,,150,697,1558,2405,738,1735.4,,,,,,Crossmolina North,Mayo
"Crossmolina South, Co.Mayo, 29017",Crossmolina South,Mayo,29017,29017,,,101,1050,2325,3476,1639,2515,,,,,,Crossmolina South,Mayo
"Deel, Co.Mayo, 29018",Deel,Mayo,29018,29018,,,125,860,1577,2562,1885,1936.8,,,,,,Deel,Mayo
"Derry, Co.Mayo, 29019",Derry,Mayo,29019,29019,,,0,323,509,832,4899,1071.3,,,,,,Derry,Mayo
"Fortland, Co.Mayo, 29020",Fortland,Mayo,29020,29020,,,444,1008,2681,4133,848,3000.2,,,,,,Fortland,Mayo
"Kilfian East, Co.Mayo, 29021",Kilfian East,Mayo,29021,29021,,,98,690,1799,2587,430,1850.9,,,,,,Kilfian East,Mayo
"Kilfian South, Co.Mayo, 29022",Kilfian South,Mayo,29022,29022,,,81,626,1386,2093,1241,1573.8,,,,,,Kilfian South,Mayo
"Kilfian West, Co.Mayo, 29023",Kilfian West,Mayo,29023,29023,,,0,420,574,994,1051,760.3,,,,,,Kilfian West,Mayo
"Kilgarvan, Co.Mayo, 29024",Kilgarvan,Mayo,29024,29024,,,84,779,1354,2217,2978,1916.7,,,,,,Kilgarvan,Mayo
"Killala, Co.Mayo, 29025",Killala,Mayo,29025,29025,,,692,1327,3203,5222,3169,4007,,,,,,Killala,Mayo
"Lackan North, Co.Mayo, 29026",Lackan North,Mayo,29026,29026,,,86,1095,2155,3336,1406,2451.1,,,,,,Lackan North,Mayo
"Lackan South, Co.Mayo, 29027",Lackan South,Mayo,29027,29027,,,484,621,1880,2985,898,2214.6,,,,,,Lackan South,Mayo
"Letterbrick, Co.Mayo, 29028",Letterbrick,Mayo,29028,29028,,,0,251,345,596,4460,842.7,,,,,,Letterbrick,Mayo
"Mount Falcon, Co.Mayo, 29029",Mount Falcon,Mayo,29029,29029,,,333,678,1921,2932,1216,2243.3,,,,,,Mount Falcon,Mayo
"Rathoma, Co.Mayo, 29030",Rathoma,Mayo,29030,29030,,,165,472,1225,1862,572,1341.1,,,,,,Rathoma,Mayo
"Sallymount, Co.Mayo, 29031",Sallymount,Mayo,29031,29031,,,258,698,1599,2555,1706,1972.1,,,,,,Sallymount,Mayo
"Sraheen, Co.Mayo, 29032",Sraheen,Mayo,29032,29032,,,67,343,510,920,157,649.9,,,,,,Sraheen,Mayo
"Baile an Chalaidh, Co.Mayo, 29033",Baile an Chalaidh,Mayo,29033,29033,,,0,180,297,477,6975,1020.4,,,,,,Baile an Chalaidh,Mayo
"Ballinrobe, Co.Mayo, 29034",Ballinrobe,Mayo,29034,29034,,,0,1096,3319,4415,8168,3970.3,,,,,,Ballinrobe,Mayo
"Baile Óbha, Co.Mayo, 29035",Baile Óbha,Mayo,29035,29035,,,0,169,289,458,9945,1298.2,,,,,,Baile Óbha,Mayo
"Burriscarra, Co.Mayo, 29036",Burriscarra,Mayo,29036,29036,,,93,592,1901,2586,1979,2112.5,,,,,,Burriscarra,Mayo
"An Cheapaigh Dhuibh, Co.Mayo, 29037",An Cheapaigh Dhuibh,Mayo,29037,29037,,,0,143,267,410,6415,970.2,,,,,,An Cheapaigh Dhuibh,Mayo
"Cong, Co.Mayo, 29038",Cong,Mayo,29038,29038,,,111,441,1382,1934,6235,2005,,,,,,Cong,Mayo
"Coonard, Co.Mayo, 29039",Coonard,Mayo,29039,29039,,,224,567,1952,2743,1823,2110.6,,,,,,Coonard,Mayo
"Dalgan, Co.Mayo, 29040",Dalgan,Mayo,29040,29040,,,322,996,3541,4859,10170,4485.8,,,,,,Dalgan,Mayo
"Hollymount, Co.Mayo, 29041",Hollymount,Mayo,29041,29041,,,252,735,3408,4395,7242,5513.7,,,,,,Hollymount,Mayo
"Houndswood, Co.Mayo, 29042",Houndswood,Mayo,29042,29042,,,218,658,2276,3152,6204,2891.3,,,,,,Houndswood,Mayo
"Kilcommon, Co.Mayo, 29043",Kilcommon,Mayo,29043,29043,,,598,1153,3691,5442,11090,5017.8,,,,,,Kilcommon,Mayo
"Kilmaine, Co.Mayo, 29044",Kilmaine,Mayo,29044,29044,,,278,1137,4153,5568,8976,5005.3,,,,,,Kilmaine,Mayo
"Neale, Co.Mayo, 29045",Neale,Mayo,29045,29045,,,151,653,2229,3033,9353,4629.4,,,,,,Neale,Mayo
"Newbrook, Co.Mayo, 29046",Newbrook,Mayo,29046,29046,,,364,1173,3572,5109,5518,4111.6,,,,,,Newbrook,Mayo
"Abhainn Bhrain, Co.Mayo, 29047",Abhainn Bhrain,Mayo,29047,29047,,,0,157,235,392,11062,1358.9,,,,,,Abhainn Bhrain,Mayo
"Partraí, Co.Mayo, 29048",Partraí,Mayo,29048,29048,,,99,346,973,1418,4205,1403.3,,,,,,Partraí,Mayo
"Roslee, Co.Mayo, 29049",Roslee,Mayo,29049,29049,,,108,473,1700,2281,1792,1814.1,,,,,,Roslee,Mayo
"Shrule, Co.Mayo, 29050",Shrule,Mayo,29050,29050,,,364,1190,3296,4850,9436,4464.8,,,,,,Shrule,Mayo
"An Geata Mór Theas, Co.Mayo, 29051",An Geata Mór Theas,Mayo,29051,29051,,,143,955,1339,2437,6864,2353.2,,,,,,An Geata Mór Theas,Mayo
"An Geata Mór Theas, Co.Mayo, 29052",An Geata Mór Theas,Mayo,29052,29052,,,74,1320,1700,3094,335,2111.4,,,,,,An Geata Mór Theas,Mayo
"Bangor, Co.Mayo, 29053",Bangor,Mayo,29053,29053,,,0,89,115,204,2468,401.1,,,,,,Bangor,Mayo
"Barr Rúscaí, Co.Mayo, 29054",Barr Rúscaí,Mayo,29054,29054,,,0,159,165,324,3055,533.1,,,,,,Barr Rúscaí,Mayo
"Béal an Mhuirthead, Co.Mayo, 29055",Béal an Mhuirthead,Mayo,29055,29055,,,11,728,748,1487,7239,1732.1,,,,,,Béal an Mhuirthead,Mayo
"Gleann na Muaidhe, Co.Mayo, 29056",Gleann na Muaidhe,Mayo,29056,29056,,,0,114,91,205,3199,474.9,,,,,,Gleann na Muaidhe,Mayo
"Gleann Chaisil, Co.Mayo, 29057",Gleann Chaisil,Mayo,29057,29057,,,0,364,419,783,1718,707.3,,,,,,Gleann Chaisil,Mayo
"Glenco / Sheskin, Co.Mayo, 29058/29065",Glenco / Sheskin,Mayo,29058/29065,29058/29065,,,0,179,427,606,4859,856.5,,,,,,Glenco / Sheskin,Mayo
"Guala Mhór, Co.Mayo, 29059",Guala Mhór,Mayo,29059,29059,,,0,310,322,632,1521,571.6,,,,,,Guala Mhór,Mayo
"Cnoc an Daimh, Co.Mayo, 29060",Cnoc an Daimh,Mayo,29060,29060,,,0,63,36,99,4737,549.1,,,,,,Cnoc an Daimh,Mayo
"Cnoc na Lobhar, Co.Mayo, 29061",Cnoc na Lobhar,Mayo,29061,29061,,,0,371,378,749,7654,1288.5,,,,,,Cnoc na Lobhar,Mayo
"Moing na Bó, Co.Mayo, 29062",Moing na Bó,Mayo,29062,29062,,,0,174,139,313,4247,654.1,,,,,,Moing na Bó,Mayo
"Na Monga, Co.Mayo, 29063",Na Monga,Mayo,29063,29063,,,0,215,206,421,3063,594.4,,,,,,Na Monga,Mayo
"Cnoc na Ráithe, Co.Mayo, 29064",Cnoc na Ráithe,Mayo,29064,29064,,,20,554,582,1156,338,819.5,,,,,,Cnoc na Ráithe,Mayo
"Addergoole, Co.Mayo, 29066",Addergoole,Mayo,29066,29066,,,72,778,1135,1985,4600,1806.5,,,,,,Addergoole,Mayo
"Balla, Co.Mayo, 29067",Balla,Mayo,29067,29067,,,135,905,3416,4456,1690,3572.6,,,,,,Balla,Mayo
"Ballinafad, Co.Mayo, 29068",Ballinafad,Mayo,29068,29068,,,129,752,1888,2769,1717,2121.3,,,,,,Ballinafad,Mayo
"Ballyhean, Co.Mayo, 29069",Ballyhean,Mayo,29069,29069,,,84,562,1167,1813,1520,1423.6,,,,,,Ballyhean,Mayo
"Ballynagoraher, Co.Mayo, 29070",Ballynagoraher,Mayo,29070,29070,,,0,658,961,1619,7007,1765.9,,,,,,Ballynagoraher,Mayo
"Bellavary, Co.Mayo, 29071",Bellavary,Mayo,29071,29071,,,79,907,1672,2658,986,1928.2,,,,,,Bellavary,Mayo
"Breaghwy, Co.Mayo, 29072",Breaghwy,Mayo,29072,29072,,,277,591,1375,2243,1539,1789.3,,,,,,Breaghwy,Mayo
"Burren, Co.Mayo, 29073",Burren,Mayo,29073,29073,,,0,331,477,808,1775,724.3,,,,,,Burren,Mayo
"Castlebar Rural, Co.Mayo, 29074",Castlebar Rural,Mayo,29074,29074,,,80,733,1221,2034,1051,1557.3,,,,,,Castlebar Rural,Mayo
"Clogher, Co.Mayo, 29075",Clogher,Mayo,29075,29075,,,92,676,1403,2171,1816,1719.5,,,,,,Clogher,Mayo
"Cloonkeen, Co.Mayo, 29076",Cloonkeen,Mayo,29076,29076,,,87,550,1136,1773,1335,1400.7,,,,,,Cloonkeen,Mayo
"Croaghmoyle, Co.Mayo, 29077",Croaghmoyle,Mayo,29077,29077,,,0,259,392,651,4045,834.3,,,,,,Croaghmoyle,Mayo
"Killavally, Co.Mayo, 29078",Killavally,Mayo,29078,29078,,,0,598,961,1559,5056,1593.6,,,,,,Killavally,Mayo
"Manulla, Co.Mayo, 29079",Manulla,Mayo,29079,29079,,,78,992,2047,3117,623,2212.2,,,,,,Manulla,Mayo
"Pontoon, Co.Mayo, 29080",Pontoon,Mayo,29080,29080,,,0,420,602,1022,2839,987.4,,,,,,Pontoon,Mayo
"Strade, Co.Mayo, 29081",Strade,Mayo,29081,29081,,,81,842,2002,2925,1193,2187.6,,,,,,Strade,Mayo
"Tamhnaigh na Graí, Co.Mayo, 29082",Tamhnaigh na Graí,Mayo,29082,29082,,,74,397,750,1221,8614,1724.5,,,,,,Tamhnaigh na Graí,Mayo
"Turlough, Co.Mayo, 29083",Turlough,Mayo,29083,29083,,,88,749,1645,2482,426,1773.6,,,,,,Turlough,Mayo
"Ballindine, Co.Mayo, 29084",Ballindine,Mayo,29084,29084,,,274,439,1593,2306,1104,1819.7,,,,,,Ballindine,Mayo
"Ballyhaunis, Co.Mayo, 29085",Ballyhaunis,Mayo,29085,29085,,,89,954,2206,3249,1262,2374.9,,,,,,Ballyhaunis,Mayo
"Ballyhowly, Co.Mayo, 29086",Ballyhowly,Mayo,29086,29086,,,105,730,1824,2659,787,1939.5,,,,,,Ballyhowly,Mayo
"Bekan, Co.Mayo, 29087",Bekan,Mayo,29087,29087,,,125,927,2549,3601,552,2633.9,,,,,,Bekan,Mayo
"Caraun, Co.Mayo, 29088",Caraun,Mayo,29088,29088,,,712,715,2155,3582,623,2672,,,,,,Caraun,Mayo
"Claremorris, Co.Mayo, 29089",Claremorris,Mayo,29089,29089,,,266,260,1296,1822,292,1762.9,,,,,,Claremorris,Mayo
"Cloghermore, Co.Mayo, 29090",Cloghermore,Mayo,29090,29090,,,0,430,1053,1483,1176,1178.1,,,,,,Cloghermore,Mayo
"Course, Co.Mayo, 29091",Course,Mayo,29091,29091,,,0,770,1676,2446,1180,1792.4,,,,,,Course,Mayo
"Crossboyne, Co.Mayo, 29092",Crossboyne,Mayo,29092,29092,,,114,411,1536,2061,849,1701.6,,,,,,Crossboyne,Mayo
"Culnacleha, Co.Mayo, 29093",Culnacleha,Mayo,29093,29093,,,223,1012,2376,3611,563,2577.3,,,,,,Culnacleha,Mayo
"Garrymore, Co.Mayo, 29094",Garrymore,Mayo,29094,29094,,,271,901,2466,3638,3065,2871.3,,,,,,Garrymore,Mayo
"Kilcolman, Co.Mayo, 29095",Kilcolman,Mayo,29095,29095,,,345,544,1565,2454,171,1822.5,,,,,,Kilcolman,Mayo
"Kilvine, Co.Mayo, 29096",Kilvine,Mayo,29096,29096,,,261,1003,2735,3999,2343,3096.9,,,,,,Kilvine,Mayo
"Knock North, Co.Mayo, 29097",Knock North,Mayo,29097,29097,,,79,544,1187,1810,609,1531.6,,,,,,Knock North,Mayo
"Knock South, Co.Mayo, 29098",Knock South,Mayo,29098,29098,,,98,516,1538,2152,618,1556.6,,,,,,Knock South,Mayo
"Loughanboy, Co.Mayo, 29099",Loughanboy,Mayo,29099,29099,,,74,541,1456,2071,418,1483.8,,,,,,Loughanboy,Mayo
"Mayo, Co.Mayo, 29100",Mayo,Mayo,29100,29100,,,330,543,2173,3046,1539,2507.7,,,,,,Mayo,Mayo
"Murneen, Co.Mayo, 29101",Murneen,Mayo,29101,29101,,,89,876,1568,2533,726,1832,,,,,,Murneen,Mayo
"Tagheen, Co.Mayo, 29102",Tagheen,Mayo,29102,29102,,,98,419,879,1396,1196,1064.4,,,,,,Tagheen,Mayo
"Aghamore, Co.Mayo, 29103",Aghamore,Mayo,29103,29103,,,206,858,2349,3413,97,2378.7,,,,,,Aghamore,Mayo
"Ballinamore, Co.Mayo, 29104",Ballinamore,Mayo,29104,29104,,,0,450,839,1289,1069,961.9,,,,,,Ballinamore,Mayo
"Bohola, Co.Mayo, 29105",Bohola,Mayo,29105,29105,,,0,411,736,1147,224,809.5,,,,,,Bohola,Mayo
"Brackloon, Co.Mayo, 29106",Brackloon,Mayo,29106,29106,,,0,964,1379,2343,163,1573.5,,,,,,Brackloon,Mayo
"Callow, Co.Mayo, 29107",Callow,Mayo,29107,29107,,,75,542,776,1393,412,1039.5,,,,,,Callow,Mayo
"Cloonmore, Co.Mayo, 29108",Cloonmore,Mayo,29108,29108,,,0,443,760,1203,961,921,,,,,,Cloonmore,Mayo
"Coolnaha, Co.Mayo, 29109",Coolnaha,Mayo,29109,29109,,,118,713,1425,2256,252,1605.6,,,,,,Coolnaha,Mayo
"Cuildoo, Co.Mayo, 29110",Cuildoo,Mayo,29110,29110,,,0,575,942,1517,698,1123.4,,,,,,Cuildoo,Mayo
"Doocastle, Co.Mayo, 29111",Doocastle,Mayo,29111,29111,,,73,644,926,1643,66,1129.5,,,,,,Doocastle,Mayo
"Kilbeagh, Co.Mayo, 29112",Kilbeagh,Mayo,29112,29112,,,0,938,1575,2513,176,1719.3,,,,,,Kilbeagh,Mayo
"Kilkelly, Co.Mayo, 29113",Kilkelly,Mayo,29113,29113,,,72,1042,1955,3069,422,2165,,,,,,Kilkelly,Mayo
"Killedan, Co.Mayo, 29114",Killedan,Mayo,29114,29114,,,0,750,1262,2012,276,1400.4,,,,,,Killedan,Mayo
"Kilmovee, Co.Mayo, 29115",Kilmovee,Mayo,29115,29115,,,0,706,1317,2023,112,1450.3,,,,,,Kilmovee,Mayo
"Kiltamagh, Co.Mayo, 29116",Kiltamagh,Mayo,29116,29116,,,71,231,599,901,134,1208.2,,,,,,Kiltamagh,Mayo
"Meelick, Co.Mayo, 29117",Meelick,Mayo,29117,29117,,,107,914,2180,3201,241,2306.8,,,,,,Meelick,Mayo
"Sonnagh, Co.Mayo, 29118",Sonnagh,Mayo,29118,29118,,,81,717,1521,2319,148,1631.6,,,,,,Sonnagh,Mayo
"Swineford, Co.Mayo, 29119",Swineford,Mayo,29119,29119,,,84,926,1840,2850,668,2034.4,,,,,,Swineford,Mayo
"Toocananagh, Co.Mayo, 29120",Toocananagh,Mayo,29120,29120,,,0,334,502,836,631,630.4,,,,,,Toocananagh,Mayo
"Toomore, Co.Mayo, 29121",Toomore,Mayo,29121,29121,,,0,879,2021,2900,592,2084.5,,,,,,Toomore,Mayo
"Tumgesh, Co.Mayo, 29122",Tumgesh,Mayo,29122,29122,,,76,578,888,1542,111,1060.5,,,,,,Tumgesh,Mayo
"Urlaur, Co.Mayo, 29123",Urlaur,Mayo,29123,29123,,,0,649,1241,1890,212,1310.5,,,,,,Urlaur,Mayo
"Acaill, Co.Mayo, 29124",Acaill,Mayo,29124,29124,,,0,97,144,241,2504,421.5,,,,,,Acaill,Mayo
"Aghagower North, Co.Mayo, 29125",Aghagower North,Mayo,29125,29125,,,93,470,1080,1643,3959,1561.8,,,,,,Aghagower North,Mayo
"Aghagower South, Co.Mayo, 29126",Aghagower South,Mayo,29126,29126,,,0,173,213,386,5839,846.2,,,,,,Aghagower South,Mayo
"Aillemore, Co.Mayo, 29127",Aillemore,Mayo,29127,29127,,,80,327,447,854,10907,1670.5,,,,,,Aillemore,Mayo
"Ballycroy North, Co.Mayo, 29128",Ballycroy North,Mayo,29128,29128,,,0,390,446,836,6778,1233.9,,,,,,Ballycroy North,Mayo
"Ballycroy South, Co.Mayo, 29129",Ballycroy South,Mayo,29129,29129,,,0,413,450,863,6423,1214.8,,,,,,Ballycroy South,Mayo
"Clare Island, Co.Mayo, 29131",Clare Island,Mayo,29131,29131,,,0,40,46,86,6463,715.5,,,,,,Clare Island,Mayo
"Clogher, Co.Mayo, 29132",Clogher,Mayo,29132,29132,,,238,500,1133,1871,1622,1493,,,,,,Clogher,Mayo
"An Corrán, Co.Mayo, 29133",An Corrán,Mayo,29133,29133,,,0,49,44,93,7934,857.5,,,,,,An Corrán,Mayo
"Croaghpatrick, Co.Mayo, 29134",Croaghpatrick,Mayo,29134,29134,,,0,93,171,264,6504,847.9,,,,,,Croaghpatrick,Mayo
"Derryloughan, Co.Mayo, 29135",Derryloughan,Mayo,29135,29135,,,78,540,952,1570,4632,1540.4,,,,,,Derryloughan,Mayo
"Dumha Éige, Co.Mayo, 29136",Dumha Éige,Mayo,29136,29136,,,0,20,25,45,2906,329,,,,,,Dumha Éige,Mayo
"Drummin, Co.Mayo, 29137",Drummin,Mayo,29137,29137,,,0,105,125,230,11969,1348.4,,,,,,Drummin,Mayo
"Emlagh, Co.Mayo, 29138",Emlagh,Mayo,29138,29138,,,0,335,483,818,6309,1199.5,,,,,,Emlagh,Mayo
"Erriff, Co.Mayo, 29139",Erriff,Mayo,29139,29139,,,0,33,45,78,12853,1367.7,,,,,,Erriff,Mayo
"Glenhest, Co.Mayo, 29140",Glenhest,Mayo,29140,29140,,,0,244,330,574,3959,788.4,,,,,,Glenhest,Mayo
"Islandeady, Co.Mayo, 29141",Islandeady,Mayo,29141,29141,,,78,939,1443,2460,3671,2036.7,,,,,,Islandeady,Mayo
"Kilgeever, Co.Mayo, 29142",Kilgeever,Mayo,29142,29142,,,0,75,89,164,4974,606.5,,,,,,Kilgeever,Mayo
"Kilmaclasser, Co.Mayo, 29143",Kilmaclasser,Mayo,29143,29143,,,82,534,893,1509,4070,1455.9,,,,,,Kilmaclasser,Mayo
"Kilmeena, Co.Mayo, 29144",Kilmeena,Mayo,29144,29144,,,175,755,1551,2481,6754,2433.7,,,,,,Kilmeena,Mayo
"Kilsallagh, Co.Mayo, 29145",Kilsallagh,Mayo,29145,29145,,,0,259,309,568,6848,1083.2,,,,,,Kilsallagh,Mayo
"Knappagh, Co.Mayo, 29146",Knappagh,Mayo,29146,29146,,,0,508,802,1310,7969,1684.5,,,,,,Knappagh,Mayo
"Louisburgh, Co.Mayo, 29147",Louisburgh,Mayo,29147,29147,,,0,379,548,927,4008,1084,,,,,,Louisburgh,Mayo
"Newport East, Co.Mayo, 29148",Newport East,Mayo,29148,29148,,,66,419,492,977,7932,1449.2,,,,,,Newport East,Mayo
"Newport West, Co.Mayo, 29149",Newport West,Mayo,29149,29149,,,0,215,239,454,6065,924,,,,,,Newport West,Mayo
"Owennadornaun / Bundorragha, Co.Mayo, 29150/29130",Owennadornaun / Bundorragha,Mayo,29150/29130,29150/29130,,,0,84,104,188,7534,879.3,,,,,,Owennadornaun / Bundorragha,Mayo
"Slievemahanagh, Co.Mayo, 29151",Slievemahanagh,Mayo,29151,29151,,,0,247,315,562,14541,2936.5,,,,,,Slievemahanagh,Mayo
"Slievemore, Co.Mayo, 29152",Slievemore,Mayo,29152,29152,,,0,71,69,140,8128,950.9,,,,,,Slievemore,Mayo
"Srahmore, Co.Mayo, 29153",Srahmore,Mayo,29153,29153,,,0,81,143,224,5274,676.2,,,,,,Srahmore,Mayo
"Westport Rural, Co.Mayo, 29154",Westport Rural,Mayo,29154,29154,,,70,165,357,592,1606,593.2,,,,,,Westport Rural,Mayo
"Ceannanus Mór (Kells) Urban, Co.Meath, 11001",Ceannanus Mór (Kells) Urban,Meath,11001,11001,,,0,0,46,46,0,,,,,,,Ceannanus Mór (Kells) Urban,Meath
"Navan Urban, Co.Meath, 11002",Navan Urban,Meath,11002,11002,,,0,0,46,46,396,,,,,,,Navan Urban,Meath
"Trim Urban, Co.Meath, 11003",Trim Urban,Meath,11003,11003,,,0,7,38,45,396,,,,,,,Trim Urban,Meath
"Drumcondra, Co.Meath, 11004",Drumcondra,Meath,11004,11004,,,1008,1336,5900,8244,5812,6697.8,,,,,,Drumcondra,Meath
"Grangegeeth, Co.Meath, 11005",Grangegeeth,Meath,11005,11005,,,685,654,2507,3846,6820,4987.9,,,,,,Grangegeeth,Meath
"Killary, Co.Meath, 11006",Killary,Meath,11006,11006,,,1382,975,5109,7466,6086,6173.1,,,,,,Killary,Meath
"Culmullin, Co.Meath, 11007",Culmullin,Meath,11007,11007,,,308,695,3182,4185,5532,3721.6,,,,,,Culmullin,Meath
"Donaghmore, Co.Meath, 11008",Donaghmore,Meath,11008,11008,,,177,426,1487,2090,629,1688.7,,,,,,Donaghmore,Meath
"Dunboyne, Co.Meath, 11009",Dunboyne,Meath,11009,11009,,,160,594,4835,5589,2371,4591.7,,,,,,Dunboyne,Meath
"Dunshaughlin, Co.Meath, 11010",Dunshaughlin,Meath,11010,11010,,,180,754,3943,4877,3968,4202.3,,,,,,Dunshaughlin,Meath
"Kilbrew, Co.Meath, 11011",Kilbrew,Meath,11011,11011,,,521,331,2823,3675,1756,3020,,,,,,Kilbrew,Meath
"Killeen, Co.Meath, 11012",Killeen,Meath,11012,11012,,,415,181,1458,2054,714,1675,,,,,,Killeen,Meath
"Kilmessan, Co.Meath, 11013",Kilmessan,Meath,11013,11013,,,565,604,2314,3483,2237,2720.2,,,,,,Kilmessan,Meath
"Kilmore, Co.Meath, 11014",Kilmore,Meath,11014,11014,,,822,632,3296,4750,2313,3876.3,,,,,,Kilmore,Meath
"Rathfeigh, Co.Meath, 11015",Rathfeigh,Meath,11015,11015,,,586,489,1824,2899,574,2356,,,,,,Rathfeigh,Meath
"Ratoath, Co.Meath, 11016",Ratoath,Meath,11016,11016,,,398,245,1827,2470,2374,2225.9,,,,,,Ratoath,Meath
"Rodanstown, Co.Meath, 11017",Rodanstown,Meath,11017,11017,,,173,574,2722,3469,3069,2914.5,,,,,,Rodanstown,Meath
"Skreen, Co.Meath, 11018",Skreen,Meath,11018,11018,,,1121,700,3058,4879,2450,4105.7,,,,,,Skreen,Meath
"Ardagh, Co.Meath, 11019",Ardagh,Meath,11019,11019,,,168,873,2283,3324,823,3225.1,,,,,,Ardagh,Meath
"Ballinlough, Co.Meath, 11020",Ballinlough,Meath,11020,11020,,,141,373,1243,1757,1376,1477.6,,,,,,Ballinlough,Meath
"Balrathboyne, Co.Meath, 11021",Balrathboyne,Meath,11021,11021,,,165,294,1899,2358,1375,2003.1,,,,,,Balrathboyne,Meath
"Boherboy, Co.Meath, 11022",Boherboy,Meath,11022,11022,,,124,319,890,1333,722,1093.8,,,,,,Boherboy,Meath
"Burry, Co.Meath, 11023",Burry,Meath,11023,11023,,,164,290,3064,3518,1091,2678.4,,,,,,Burry,Meath
"Carrickleck, Co.Meath, 11024",Carrickleck,Meath,11024,11024,,,164,621,1965,2750,2118,2146.5,,,,,,Carrickleck,Meath
"Castlekeeran, Co.Meath, 11025",Castlekeeran,Meath,11025,11025,,,153,428,2226,2807,2404,2381.6,,,,,,Castlekeeran,Meath
"Ceannanus Mór (Kells) Rural, Co.Meath, 11026",Ceannanus Mór (Kells) Rural,Meath,11026,11026,,,151,210,713,1074,1861,988,,,,,,Ceannanus Mór (Kells) Rural,Meath
"Cruicetown, Co.Meath, 11027",Cruicetown,Meath,11027,11027,,,522,394,1946,2862,2145,2291,,,,,,Cruicetown,Meath
"Girley, Co.Meath, 11028",Girley,Meath,11028,11028,,,219,426,1599,2244,1980,1891.4,,,,,,Girley,Meath
"Kilmainham, Co.Meath, 11029",Kilmainham,Meath,11029,11029,,,384,885,3386,4655,2484,3609.8,,,,,,Kilmainham,Meath
"Kilskeer, Co.Meath, 11030",Kilskeer,Meath,11030,11030,,,609,245,1873,2727,687,2146.4,,,,,,Kilskeer,Meath
"Loughan, Co.Meath, 11031",Loughan,Meath,11031,11031,,,182,383,1730,2295,1931,1981,,,,,,Loughan,Meath
"Maperath, Co.Meath, 11032",Maperath,Meath,11032,11032,,,163,369,1697,2229,318,1683.3,,,,,,Maperath,Meath
"Martry, Co.Meath, 11033",Martry,Meath,11033,11033,,,333,231,1534,2098,587,1672.6,,,,,,Martry,Meath
"Moybolgue, Co.Meath, 11034",Moybolgue,Meath,11034,11034,,,157,320,825,1302,491,1002.8,,,,,,Moybolgue,Meath
"Moynalty, Co.Meath, 11035",Moynalty,Meath,11035,11035,,,552,659,3229,4440,1206,3633.9,,,,,,Moynalty,Meath
"Newcastle, Co.Meath, 11036",Newcastle,Meath,11036,11036,,,404,424,1770,2598,739,2138.3,,,,,,Newcastle,Meath
"Newtown, Co.Meath, 11037",Newtown,Meath,11037,11037,,,167,369,996,1532,488,1188.2,,,,,,Newtown,Meath
"Nobber, Co.Meath, 11038",Nobber,Meath,11038,11038,,,619,447,2543,3609,3128,3020.2,,,,,,Nobber,Meath
"Posseckstown, Co.Meath, 11039",Posseckstown,Meath,11039,11039,,,174,392,1398,1964,4423,1850.8,,,,,,Posseckstown,Meath
"Staholmog, Co.Meath, 11040",Staholmog,Meath,11040,11040,,,807,269,2191,3267,336,2531.4,,,,,,Staholmog,Meath
"Tailtin, Co.Meath, 11041",Tailtin,Meath,11041,11041,,,737,472,2847,4056,962,3165.7,,,,,,Tailtin,Meath
"Trohanny, Co.Meath, 11042",Trohanny,Meath,11042,11042,,,560,576,1775,2911,1217,2237.2,,,,,,Trohanny,Meath
"Ardcath, Co.Meath, 11043",Ardcath,Meath,11043,11043,,,2438,604,3788,6830,1766,5528,,,,,,Ardcath,Meath
"Duleek, Co.Meath, 11044",Duleek,Meath,11044,11044,,,504,760,2408,3672,3119,3020.2,,,,,,Duleek,Meath
"Julianstown, Co.Meath, 11045",Julianstown,Meath,11045,11045,,,823,782,2754,4359,2983,3529.9,,,,,,Julianstown,Meath
"Mellifont, Co.Meath, 11046",Mellifont,Meath,11046,11046,,,547,443,2089,3079,2011,2663.4,,,,,,Mellifont,Meath
"St. Mary's (Part Rural), Co.Meath, 11047",St. Mary's (Part Rural),Meath,11047,11047,,,141,169,761,1071,462,920.9,,,,,,St. Mary's (Part Rural),Meath
"Stamullin, Co.Meath, 11048",Stamullin,Meath,11048,11048,,,1005,673,3106,4784,943,3542,,,,,,Stamullin,Meath
"Ardbraccan, Co.Meath, 11049",Ardbraccan,Meath,11049,11049,,,585,770,3055,4410,1459,3440.6,,,,,,Ardbraccan,Meath
"Ardmulchan, Co.Meath, 11050",Ardmulchan,Meath,11050,11050,,,810,298,1836,2944,1650,2446.6,,,,,,Ardmulchan,Meath
"Bective, Co.Meath, 11051",Bective,Meath,11051,11051,,,415,207,1147,1769,2154,1687.7,,,,,,Bective,Meath
"Castletown, Co.Meath, 11052",Castletown,Meath,11052,11052,,,1402,652,3705,5759,2493,4777,,,,,,Castletown,Meath
"Domhnach Phádraig, Co.Meath, 11053",Domhnach Phádraig,Meath,11053,11053,,,870,604,2840,4314,5066,3834.4,,,,,,Domhnach Phádraig,Meath
"Kentstown, Co.Meath, 11054",Kentstown,Meath,11054,11054,,,791,296,2560,3647,1244,2806.1,,,,,,Kentstown,Meath
"Navan Rural, Co.Meath, 11055",Navan Rural,Meath,11055,11055,,,542,428,3626,4596,2634,5894.9,,,,,,Navan Rural,Meath
"Painestown, Co.Meath, 11056",Painestown,Meath,11056,11056,,,1211,255,2899,4365,1322,3627.4,,,,,,Painestown,Meath
"Rathkenny, Co.Meath, 11057",Rathkenny,Meath,11057,11057,,,340,366,2390,3096,2992,3252.4,,,,,,Rathkenny,Meath
"Slane, Co.Meath, 11058",Slane,Meath,11058,11058,,,1162,341,2182,3685,591,2860.4,,,,,,Slane,Meath
"Stackallan, Co.Meath, 11059",Stackallan,Meath,11059,11059,,,737,139,1881,2757,1077,2225.7,,,,,,Stackallan,Meath
"Tara, Co.Meath, 11060",Tara,Meath,11060,11060,,,1122,318,2216,3656,2909,3470.6,,,,,,Tara,Meath
"Crossakeel, Co.Meath, 11061",Crossakeel,Meath,11061,11061,,,586,409,2448,3443,664,2616.1,,,,,,Crossakeel,Meath
"Crosskeys, Co.Meath, 11062",Crosskeys,Meath,11062,11062,,,177,392,1514,2083,3258,1852.7,,,,,,Crosskeys,Meath
"Killallon, Co.Meath, 11063",Killallon,Meath,11063,11063,,,451,630,2661,3742,3190,3619.5,,,,,,Killallon,Meath
"Killeagh, Co.Meath, 11064",Killeagh,Meath,11064,11064,,,843,569,2112,3524,1683,2823.8,,,,,,Killeagh,Meath
"Knocklough, Co.Meath, 11065",Knocklough,Meath,11065,11065,,,164,347,1446,1957,2915,1785.2,,,,,,Knocklough,Meath
"Moylagh, Co.Meath, 11066",Moylagh,Meath,11066,11066,,,189,490,1891,2570,3773,4047.9,,,,,,Moylagh,Meath
"Oldcastle, Co.Meath, 11067",Oldcastle,Meath,11067,11067,,,502,1203,3423,5128,3862,4051,,,,,,Oldcastle,Meath
"Stonefield, Co.Meath, 11068",Stonefield,Meath,11068,11068,,,145,642,1992,2779,1832,2262,,,,,,Stonefield,Meath
"Ardnamullan, Co.Meath, 11069",Ardnamullan,Meath,11069,11069,,,246,540,2586,3372,1461,2616.6,,,,,,Ardnamullan,Meath
"Baile Átha Buí, Co.Meath, 11070",Baile Átha Buí,Meath,11070,11070,,,926,543,2456,3925,572,2983.2,,,,,,Baile Átha Buí,Meath
"Ballyboggan, Co.Meath, 11071",Ballyboggan,Meath,11071,11071,,,562,626,2969,4157,1798,3104.3,,,,,,Ballyboggan,Meath
"Ballyconnell, Co.Meath, 11072",Ballyconnell,Meath,11072,11072,,,598,356,1980,2934,2901,2832.5,,,,,,Ballyconnell,Meath
"Castlejordan, Co.Meath, 11073",Castlejordan,Meath,11073,11073,,,200,462,2349,3011,2536,2499.9,,,,,,Castlejordan,Meath
"Castlerickard, Co.Meath, 11074",Castlerickard,Meath,11074,11074,,,344,404,2217,2965,2551,2441.3,,,,,,Castlerickard,Meath
"Cloghbrack, Co.Meath, 11075",Cloghbrack,Meath,11075,11075,,,190,554,2447,3191,3306,2669.5,,,,,,Cloghbrack,Meath
"Clonmacduff, Co.Meath, 11076",Clonmacduff,Meath,11076,11076,,,340,410,1353,2103,1177,1694.2,,,,,,Clonmacduff,Meath
"Gallow, Co.Meath, 11077",Gallow,Meath,11077,11077,,,658,303,1820,2781,4386,2985.1,,,,,,Gallow,Meath
"Galtrim, Co.Meath, 11078",Galtrim,Meath,11078,11078,,,368,328,1487,2183,3384,1949,,,,,,Galtrim,Meath
"Grennanstown, Co.Meath, 11079",Grennanstown,Meath,11079,11079,,,543,595,2588,3726,779,2713,,,,,,Grennanstown,Meath
"Hill of Down, Co.Meath, 11080",Hill of Down,Meath,11080,11080,,,203,578,2513,3294,1937,2650.3,,,,,,Hill of Down,Meath
"Innfield, Co.Meath, 11081",Innfield,Meath,11081,11081,,,277,900,3127,4304,2426,3441.2,,,,,,Innfield,Meath
"Cill Bhríde, Co.Meath, 11082",Cill Bhríde,Meath,11082,11082,,,153,310,860,1323,2163,1728.6,,,,,,Cill Bhríde,Meath
"Kilcooly, Co.Meath, 11083",Kilcooly,Meath,11083,11083,,,163,217,1145,1525,224,1213.3,,,,,,Kilcooly,Meath
"Kildalky, Co.Meath, 11084",Kildalky,Meath,11084,11084,,,167,533,2280,2980,2672,2410.5,,,,,,Kildalky,Meath
"Killaconnigan, Co.Meath, 11085",Killaconnigan,Meath,11085,11085,,,424,432,1977,2833,1775,2189.4,,,,,,Killaconnigan,Meath
"Killyon, Co.Meath, 11086",Killyon,Meath,11086,11086,,,712,578,2745,4035,5655,3574.6,,,,,,Killyon,Meath
"Laracor, Co.Meath, 11087",Laracor,Meath,11087,11087,,,368,355,1808,2531,1262,2050.7,,,,,,Laracor,Meath
"Rahinstown, Co.Meath, 11088",Rahinstown,Meath,11088,11088,,,164,187,1651,2002,1279,1651.9,,,,,,Rahinstown,Meath
"Rathmolyon, Co.Meath, 11089",Rathmolyon,Meath,11089,11089,,,855,895,3805,5555,3228,4633.2,,,,,,Rathmolyon,Meath
"An Ráth Mhór, Co.Meath, 11090",An Ráth Mhór,Meath,11090,11090,,,650,921,2863,4434,1328,3317.7,,,,,,An Ráth Mhór,Meath
"Summerhill, Co.Meath, 11091",Summerhill,Meath,11091,11091,,,158,432,1362,1952,2145,1544.1,,,,,,Summerhill,Meath
"Trim Rural, Co.Meath, 11092",Trim Rural,Meath,11092,11092,,,176,338,2085,2599,3361,2237.4,,,,,,Trim Rural,Meath
"Carrickmacross Urban, Co.Monaghan, 34001",Carrickmacross Urban,Monaghan,34001,34001,,,0,35,125,160,0,102.6,,,,,,Carrickmacross Urban,Monaghan
"Castleblayney Urban, Co.Monaghan, 34002",Castleblayney Urban,Monaghan,34002,34002,,,0,0,2,2,0,,,,,,,Castleblayney Urban,Monaghan
"Clones Urban, Co.Monaghan, 34003",Clones Urban,Monaghan,34003,34003,,,0,0,0,0,0,0,,,,,,Clones Urban,Monaghan
"Monaghan Urban, Co.Monaghan, 34004",Monaghan Urban,Monaghan,34004,34004,,,0,0,0,0,0,,,,,,,Monaghan Urban,Monaghan
"Ballymackney, Co.Monaghan, 34005",Ballymackney,Monaghan,34005,34005,,,579,393,1795,2767,980,2166.5,,,,,,Ballymackney,Monaghan
"Bocks, Co.Monaghan, 34006",Bocks,Monaghan,34006,34006,,,403,634,1947,2984,327,2244,,,,,,Bocks,Monaghan
"Carrickmacross Rural, Co.Monaghan, 34007",Carrickmacross Rural,Monaghan,34007,34007,,,371,706,1941,3018,760,2253.4,,,,,,Carrickmacross Rural,Monaghan
"Corracharra, Co.Monaghan, 34008",Corracharra,Monaghan,34008,34008,,,142,472,999,1613,286,1894.5,,,,,,Corracharra,Monaghan
"Crossalare, Co.Monaghan, 34009",Crossalare,Monaghan,34009,34009,,,163,629,1746,2538,376,2466.5,,,,,,Crossalare,Monaghan
"Donaghmoyne, Co.Monaghan, 34010",Donaghmoyne,Monaghan,34010,34010,,,624,442,1716,2782,516,2145.9,,,,,,Donaghmoyne,Monaghan
"Drumboory, Co.Monaghan, 34011",Drumboory,Monaghan,34011,34011,,,158,637,2059,2854,1688,2202.9,,,,,,Drumboory,Monaghan
"Drumcarrow, Co.Monaghan, 34012",Drumcarrow,Monaghan,34012,34012,,,312,700,1814,2826,541,2178,,,,,,Drumcarrow,Monaghan
"Drumgurra, Co.Monaghan, 34013",Drumgurra,Monaghan,34013,34013,,,891,645,2252,3788,359,3052.4,,,,,,Drumgurra,Monaghan
"Enagh, Co.Monaghan, 34014",Enagh,Monaghan,34014,34014,,,146,537,1784,2467,2105,2180.8,,,,,,Enagh,Monaghan
"Inishkeen, Co.Monaghan, 34015",Inishkeen,Monaghan,34015,34015,,,1162,566,2785,4513,286,5046.5,,,,,,Inishkeen,Monaghan
"Kilmurry, Co.Monaghan, 34016",Kilmurry,Monaghan,34016,34016,,,314,643,1861,2818,286,2059.2,,,,,,Kilmurry,Monaghan
"Kiltybegs, Co.Monaghan, 34017",Kiltybegs,Monaghan,34017,34017,,,638,750,2577,3965,319,2819.4,,,,,,Kiltybegs,Monaghan
"Loughfea, Co.Monaghan, 34018",Loughfea,Monaghan,34018,34018,,,133,398,1438,1969,407,1385.1,,,,,,Loughfea,Monaghan
"Raferagh, Co.Monaghan, 34019",Raferagh,Monaghan,34019,34019,,,187,649,2162,2998,594,2176.2,,,,,,Raferagh,Monaghan
"Annayalla, Co.Monaghan, 34020",Annayalla,Monaghan,34020,34020,,,118,657,1786,2561,218,1973,,,,,,Annayalla,Monaghan
"Ballybay Rural, Co.Monaghan, 34021",Ballybay Rural,Monaghan,34021,34021,,,553,291,1818,2662,820,2145.1,,,,,,Ballybay Rural,Monaghan
"Ballybay Urban, Co.Monaghan, 34022",Ballybay Urban,Monaghan,34022,34022,,,0,0,0,0,0,,,,,,,Ballybay Urban,Monaghan
"Bellatrain, Co.Monaghan, 34023",Bellatrain,Monaghan,34023,34023,,,161,319,800,1280,363,1095.5,,,,,,Bellatrain,Monaghan
"Broomfield, Co.Monaghan, 34024",Broomfield,Monaghan,34024,34024,,,413,832,2424,3669,346,2726.6,,,,,,Broomfield,Monaghan
"Carrickaslane, Co.Monaghan, 34025",Carrickaslane,Monaghan,34025,34025,,,392,600,2566,3558,842,2893.8,,,,,,Carrickaslane,Monaghan
"Carrickatee, Co.Monaghan, 34026",Carrickatee,Monaghan,34026,34026,,,407,345,1205,1957,534,1495.2,,,,,,Carrickatee,Monaghan
"Castleblayney Rural, Co.Monaghan, 34027",Castleblayney Rural,Monaghan,34027,34027,,,340,727,2401,3468,417,2518.1,,,,,,Castleblayney Rural,Monaghan
"Church Hill, Co.Monaghan, 34028",Church Hill,Monaghan,34028,34028,,,121,1062,2887,4070,1220,3436.4,,,,,,Church Hill,Monaghan
"Creeve, Co.Monaghan, 34029",Creeve,Monaghan,34029,34029,,,514,977,2667,4158,461,3396,,,,,,Creeve,Monaghan
"Cremartin, Co.Monaghan, 34030",Cremartin,Monaghan,34030,34030,,,735,1081,3046,4862,419,4860.3,,,,,,Cremartin,Monaghan
"Greagh, Co.Monaghan, 34031",Greagh,Monaghan,34031,34031,,,974,480,1858,3312,368,2463.5,,,,,,Greagh,Monaghan
"Laragh, Co.Monaghan, 34032",Laragh,Monaghan,34032,34032,,,253,586,1688,2527,346,1818.4,,,,,,Laragh,Monaghan
"Mullyash, Co.Monaghan, 34033",Mullyash,Monaghan,34033,34033,,,658,991,3406,5055,1353,3837.1,,,,,,Mullyash,Monaghan
"Aghabog, Co.Monaghan, 34034",Aghabog,Monaghan,34034,34034,,,520,427,1977,2924,1121,2995.3,,,,,,Aghabog,Monaghan
"Anny, Co.Monaghan, 34035",Anny,Monaghan,34035,34035,,,594,607,2369,3570,361,3920.3,,,,,,Anny,Monaghan
"Clones Rural, Co.Monaghan, 34036",Clones Rural,Monaghan,34036,34036,,,351,678,2599,3628,1240,6619,,,,,,Clones Rural,Monaghan
"Cormeen, Co.Monaghan, 34037",Cormeen,Monaghan,34037,34037,,,850,779,2742,4371,402,3145.2,,,,,,Cormeen,Monaghan
"Currin, Co.Monaghan, 34038",Currin,Monaghan,34038,34038,,,378,942,2211,3531,512,2584,,,,,,Currin,Monaghan
"Dawsongrove, Co.Monaghan, 34039",Dawsongrove,Monaghan,34039,34039,,,531,388,1485,2404,458,2368.5,,,,,,Dawsongrove,Monaghan
"Drum, Co.Monaghan, 34040",Drum,Monaghan,34040,34040,,,486,384,1606,2476,403,3808.4,,,,,,Drum,Monaghan
"Drummully, Co.Monaghan, 34041",Drummully,Monaghan,34041,34041,,,0,255,922,1177,246,852.3,,,,,,Drummully,Monaghan
"Killeevan, Co.Monaghan, 34042",Killeevan,Monaghan,34042,34042,,,436,643,2483,3562,427,4106.7,,,,,,Killeevan,Monaghan
"Killynenagh, Co.Monaghan, 34043",Killynenagh,Monaghan,34043,34043,,,431,398,1509,2338,803,2328,,,,,,Killynenagh,Monaghan
"Lisnaveane, Co.Monaghan, 34044",Lisnaveane,Monaghan,34044,34044,,,483,660,2562,3705,507,3480,,,,,,Lisnaveane,Monaghan
"Newbliss, Co.Monaghan, 34045",Newbliss,Monaghan,34045,34045,,,242,477,1623,2342,356,3008.5,,,,,,Newbliss,Monaghan
"St. Tierney, Co.Monaghan, 34046",St. Tierney,Monaghan,34046,34046,,,462,367,1511,2340,286,4390,,,,,,St. Tierney,Monaghan
"Anketell Grove, Co.Monaghan, 34047",Anketell Grove,Monaghan,34047,34047,,,695,584,2726,4005,432,6375.7,,,,,,Anketell Grove,Monaghan
"Bellanode, Co.Monaghan, 34048",Bellanode,Monaghan,34048,34048,,,660,368,3021,4049,477,7179.7,,,,,,Bellanode,Monaghan
"Bragan, Co.Monaghan, 34049",Bragan,Monaghan,34049,34049,,,113,273,1144,1530,370,1933.3,,,,,,Bragan,Monaghan
"Caddagh, Co.Monaghan, 34050",Caddagh,Monaghan,34050,34050,,,464,476,2169,3109,989,3468.5,,,,,,Caddagh,Monaghan
"Castleshane, Co.Monaghan, 34051",Castleshane,Monaghan,34051,34051,,,459,660,3025,4144,1480,3281.6,,,,,,Castleshane,Monaghan
"Clones, Co.Monaghan, 34052",Clones,Monaghan,34052,34052,,,575,387,1532,2494,517,2614.3,,,,,,Clones,Monaghan
"Clontibret, Co.Monaghan, 34053",Clontibret,Monaghan,34053,34053,,,450,694,2697,3841,1174,4934.1,,,,,,Clontibret,Monaghan
"Derrygorry, Co.Monaghan, 34054",Derrygorry,Monaghan,34054,34054,,,133,367,1322,1822,1126,1564.5,,,,,,Derrygorry,Monaghan
"Drumhillagh, Co.Monaghan, 34055",Drumhillagh,Monaghan,34055,34055,,,1177,617,2953,4747,356,6221.5,,,,,,Drumhillagh,Monaghan
"Drumsnat, Co.Monaghan, 34056",Drumsnat,Monaghan,34056,34056,,,690,222,1768,2680,348,4650.3,,,,,,Drumsnat,Monaghan
"Emyvale, Co.Monaghan, 34057",Emyvale,Monaghan,34057,34057,,,645,319,1705,2669,1845,9682.3,,,,,,Emyvale,Monaghan
"Enagh, Co.Monaghan, 34058",Enagh,Monaghan,34058,34058,,,702,157,1794,2653,998,3189.8,,,,,,Enagh,Monaghan
"Figullar, Co.Monaghan, 34059",Figullar,Monaghan,34059,34059,,,151,450,1859,2460,1897,2099.4,,,,,,Figullar,Monaghan
"Glaslough, Co.Monaghan, 34060",Glaslough,Monaghan,34060,34060,,,420,470,2819,3709,3040,4213.2,,,,,,Glaslough,Monaghan
"Killylough, Co.Monaghan, 34061",Killylough,Monaghan,34061,34061,,,243,370,1512,2125,168,2467.6,,,,,,Killylough,Monaghan
"Kilmore, Co.Monaghan, 34062",Kilmore,Monaghan,34062,34062,,,351,262,1225,1838,325,2144.9,,,,,,Kilmore,Monaghan
"Monaghan Rural, Co.Monaghan, 34063",Monaghan Rural,Monaghan,34063,34063,,,700,307,2223,3230,271,3120.9,,,,,,Monaghan Rural,Monaghan
"Rackwallace, Co.Monaghan, 34064",Rackwallace,Monaghan,34064,34064,,,889,439,2974,4302,821,3826.9,,,,,,Rackwallace,Monaghan
"Scotstown, Co.Monaghan, 34065",Scotstown,Monaghan,34065,34065,,,933,718,3185,4836,749,5043.7,,,,,,Scotstown,Monaghan
"Shanmullagh, Co.Monaghan, 34066",Shanmullagh,Monaghan,34066,34066,,,126,397,1065,1588,383,1100.6,,,,,,Shanmullagh,Monaghan
"Sheskin, Co.Monaghan, 34067",Sheskin,Monaghan,34067,34067,,,157,487,1076,1720,224,1937.9,,,,,,Sheskin,Monaghan
"Tedavnet, Co.Monaghan, 34068",Tedavnet,Monaghan,34068,34068,,,402,449,1752,2603,988,4639.8,,,,,,Tedavnet,Monaghan
"Tehallan, Co.Monaghan, 34069",Tehallan,Monaghan,34069,34069,,,271,380,2214,2865,432,3381.3,,,,,,Tehallan,Monaghan
"Tullycorbet, Co.Monaghan, 34070",Tullycorbet,Monaghan,34070,34070,,,1229,734,2950,4913,553,5120.7,,,,,,Tullycorbet,Monaghan
"Birr Urban, Co.Offaly, 12001",Birr Urban,Offaly,12001,12001,,,0,22,40,62,660,,,,,,,Birr Urban,Offaly
"Tullamore Urban, Co.Offaly, 12002",Tullamore Urban,Offaly,12002,12002,,,0,23,40,63,0,,,,,,,Tullamore Urban,Offaly
"Ballycumber, Co.Offaly, 12003",Ballycumber,Offaly,12003,12003,,,592,328,1903,2823,851,2160.7,,,,,,Ballycumber,Offaly
"Banagher, Co.Offaly, 12004",Banagher,Offaly,12004,12004,,,317,281,1312,1910,622,1529.9,,,,,,Banagher,Offaly
"Birr Rural, Co.Offaly, 12005",Birr Rural,Offaly,12005,12005,,,253,255,1953,2461,1051,1882.8,,,,,,Birr Rural,Offaly
"Broughal, Co.Offaly, 12006",Broughal,Offaly,12006,12006,,,111,277,1463,1851,1596,1427.2,,,,,,Broughal,Offaly
"Cloghan, Co.Offaly, 12007",Cloghan,Offaly,12007,12007,,,88,632,1931,2651,560,1867.1,,,,,,Cloghan,Offaly
"Clonmacnoise, Co.Offaly, 12008",Clonmacnoise,Offaly,12008,12008,,,0,380,1628,2008,300,1452.6,,,,,,Clonmacnoise,Offaly
"Derrinboy, Co.Offaly, 12009",Derrinboy,Offaly,12009,12009,,,293,419,1834,2546,581,1884.5,,,,,,Derrinboy,Offaly
"Derryad, Co.Offaly, 12010",Derryad,Offaly,12010,12010,,,232,550,2659,3441,1359,2489.9,,,,,,Derryad,Offaly
"Doon, Co.Offaly, 12011",Doon,Offaly,12011,12011,,,104,574,2461,3139,1004,2349.3,,,,,,Doon,Offaly
"Dromoyle, Co.Offaly, 12012",Dromoyle,Offaly,12012,12012,,,628,522,3261,4411,953,3348.4,,,,,,Dromoyle,Offaly
"Drumcullen, Co.Offaly, 12013",Drumcullen,Offaly,12013,12013,,,574,536,3562,4672,2815,7447.2,,,,,,Drumcullen,Offaly
"Eglish, Co.Offaly, 12014",Eglish,Offaly,12014,12014,,,475,272,1537,2284,410,1770.3,,,,,,Eglish,Offaly
"Ferbane, Co.Offaly, 12015",Ferbane,Offaly,12015,12015,,,88,473,1651,2212,264,1670.7,,,,,,Ferbane,Offaly
"Gallen, Co.Offaly, 12016",Gallen,Offaly,12016,12016,,,0,302,1165,1467,434,1120.3,,,,,,Gallen,Offaly
"Hinds, Co.Offaly, 12017",Hinds,Offaly,12017,12017,,,99,157,931,1187,0,890.6,,,,,,Hinds,Offaly
"Huntston, Co.Offaly, 12018",Huntston,Offaly,12018,12018,,,301,502,2488,3291,720,2481.6,,,,,,Huntston,Offaly
"Kilcolman, Co.Offaly, 12019",Kilcolman,Offaly,12019,12019,,,249,394,2844,3487,2062,2741.4,,,,,,Kilcolman,Offaly
"Kilcormac, Co.Offaly, 12020",Kilcormac,Offaly,12020,12020,,,494,437,3003,3934,504,2970.3,,,,,,Kilcormac,Offaly
"Killyon, Co.Offaly, 12021",Killyon,Offaly,12021,12021,,,560,165,1804,2529,482,1931.7,,,,,,Killyon,Offaly
"Kinnitty, Co.Offaly, 12022",Kinnitty,Offaly,12022,12022,,,114,201,1705,2020,1323,1547.1,,,,,,Kinnitty,Offaly
"Knockbarron, Co.Offaly, 12023",Knockbarron,Offaly,12023,12023,,,103,268,1033,1404,316,1016.9,,,,,,Knockbarron,Offaly
"Lea, Co.Offaly, 12024",Lea,Offaly,12024,12024,,,117,486,1635,2238,1564,1736.5,,,,,,Lea,Offaly
"Letter, Co.Offaly, 12025",Letter,Offaly,12025,12025,,,97,170,835,1102,501,934.2,,,,,,Letter,Offaly
"Lumcloon, Co.Offaly, 12026",Lumcloon,Offaly,12026,12026,,,103,250,1060,1413,520,1125.9,,,,,,Lumcloon,Offaly
"Lusmagh, Co.Offaly, 12027",Lusmagh,Offaly,12027,12027,,,317,518,3104,3939,965,2931.8,,,,,,Lusmagh,Offaly
"Mounterin, Co.Offaly, 12028",Mounterin,Offaly,12028,12028,,,103,411,1895,2409,845,1808.6,,,,,,Mounterin,Offaly
"Moyclare, Co.Offaly, 12029",Moyclare,Offaly,12029,12029,,,89,609,2034,2732,797,2093.3,,,,,,Moyclare,Offaly
"Seirkieran, Co.Offaly, 12030",Seirkieran,Offaly,12030,12030,,,280,317,2481,3078,509,2247.2,,,,,,Seirkieran,Offaly
"Shannonbridge, Co.Offaly, 12031",Shannonbridge,Offaly,12031,12031,,,105,309,1115,1529,465,1097.7,,,,,,Shannonbridge,Offaly
"Shannonharbour, Co.Offaly, 12032",Shannonharbour,Offaly,12032,12032,,,0,399,1271,1670,584,1196.2,,,,,,Shannonharbour,Offaly
"Srah, Co.Offaly, 12033",Srah,Offaly,12033,12033,,,0,88,810,898,1205,802.8,,,,,,Srah,Offaly
"Ballyburly, Co.Offaly, 12035",Ballyburly,Offaly,12035,12035,,,254,351,1829,2434,742,4047.7,,,,,,Ballyburly,Offaly
"Ballymacwilliam, Co.Offaly, 12036",Ballymacwilliam,Offaly,12036,12036,,,108,271,1340,1719,943,1483.4,,,,,,Ballymacwilliam,Offaly
"Bracknagh, Co.Offaly, 12037",Bracknagh,Offaly,12037,12037,,,103,1326,3764,5193,2674,3907.9,,,,,,Bracknagh,Offaly
"Clonbulloge, Co.Offaly, 12038",Clonbulloge,Offaly,12038,12038,,,122,643,1757,2522,2531,2003,,,,,,Clonbulloge,Offaly
"Clonmore, Co.Offaly, 12039",Clonmore,Offaly,12039,12039,,,0,412,1095,1507,4282,1526.2,,,,,,Clonmore,Offaly
"Croghan, Co.Offaly, 12040",Croghan,Offaly,12040,12040,,,279,597,3309,4185,1262,8127.8,,,,,,Croghan,Offaly
"Edenderry Rural, Co.Offaly, 12041",Edenderry Rural,Offaly,12041,12041,,,496,527,2317,3340,913,2595,,,,,,Edenderry Rural,Offaly
"Edenderry Urban, Co.Offaly, 12042",Edenderry Urban,Offaly,12042,12042,,,0,60,284,344,405,16529.7,,,,,,Edenderry Urban,Offaly
"Esker / Ballaghassaan, Co.Offaly, 12043/12034",Esker / Ballaghassaan,Offaly,12043/12034,12043/12034,,,92,493,2589,3174,941,2313.3,,,,,,Esker / Ballaghassaan,Offaly
"Knockdrin, Co.Offaly, 12044",Knockdrin,Offaly,12044,12044,,,0,371,1491,1862,769,1295.6,,,,,,Knockdrin,Offaly
"Monasteroris, Co.Offaly, 12045",Monasteroris,Offaly,12045,12045,,,122,313,2576,3011,1660,2477,,,,,,Monasteroris,Offaly
"Aghancon, Co.Offaly, 12046",Aghancon,Offaly,12046,12046,,,560,631,2993,4184,3512,3257.2,,,,,,Aghancon,Offaly
"Ballincor, Co.Offaly, 12047",Ballincor,Offaly,12047,12047,,,105,260,1186,1551,404,1205.1,,,,,,Ballincor,Offaly
"Barna, Co.Offaly, 12048",Barna,Offaly,12048,12048,,,317,422,1995,2734,1055,2162.4,,,,,,Barna,Offaly
"Cangort, Co.Offaly, 12049",Cangort,Offaly,12049,12049,,,499,323,1838,2660,404,1942.7,,,,,,Cangort,Offaly
"Cullenwaine, Co.Offaly, 12050",Cullenwaine,Offaly,12050,12050,,,1191,427,3502,5120,2773,4064.4,,,,,,Cullenwaine,Offaly
"Dunkerrin, Co.Offaly, 12051",Dunkerrin,Offaly,12051,12051,,,1141,675,4072,5888,513,4396.3,,,,,,Dunkerrin,Offaly
"Ettagh, Co.Offaly, 12052",Ettagh,Offaly,12052,12052,,,105,660,2656,3421,2726,2749.9,,,,,,Ettagh,Offaly
"Gorteen, Co.Offaly, 12053",Gorteen,Offaly,12053,12053,,,103,697,2595,3395,482,2620.7,,,,,,Gorteen,Offaly
"Mountheaton, Co.Offaly, 12054",Mountheaton,Offaly,12054,12054,,,541,449,2765,3755,1402,2880.2,,,,,,Mountheaton,Offaly
"Roscomroe, Co.Offaly, 12055",Roscomroe,Offaly,12055,12055,,,92,625,1822,2539,413,1825.4,,,,,,Roscomroe,Offaly
"Shinrone, Co.Offaly, 12056",Shinrone,Offaly,12056,12056,,,1000,295,2396,3691,485,2825.2,,,,,,Shinrone,Offaly
"Templeharry, Co.Offaly, 12057",Templeharry,Offaly,12057,12057,,,598,411,2361,3370,583,2492.2,,,,,,Templeharry,Offaly
"Tulla, Co.Offaly, 12058",Tulla,Offaly,12058,12058,,,102,217,1070,1389,396,1003.5,,,,,,Tulla,Offaly
"Ballycommon, Co.Offaly, 12059",Ballycommon,Offaly,12059,12059,,,137,633,2587,3357,1822,2726.1,,,,,,Ballycommon,Offaly
"Ballyshear, Co.Offaly, 12060",Ballyshear,Offaly,12060,12060,,,114,551,1352,2017,472,1390.7,,,,,,Ballyshear,Offaly
"Bawn, Co.Offaly, 12061",Bawn,Offaly,12061,12061,,,95,725,1904,2724,1575,1994,,,,,,Bawn,Offaly
"Cappancur, Co.Offaly, 12062",Cappancur,Offaly,12062,12062,,,525,1134,3830,5489,1965,4086.1,,,,,,Cappancur,Offaly
"Clara, Co.Offaly, 12063",Clara,Offaly,12063,12063,,,158,370,1620,2148,602,1625.4,,,,,,Clara,Offaly
"Clonygowan, Co.Offaly, 12064",Clonygowan,Offaly,12064,12064,,,97,563,1996,2656,1667,2041.6,,,,,,Clonygowan,Offaly
"Daingean, Co.Offaly, 12065",Daingean,Offaly,12065,12065,,,109,182,1445,1736,694,1352.5,,,,,,Daingean,Offaly
"Derrycooley, Co.Offaly, 12066",Derrycooley,Offaly,12066,12066,,,108,426,1154,1688,572,1203,,,,,,Derrycooley,Offaly
"Durrow, Co.Offaly, 12067",Durrow,Offaly,12067,12067,,,104,197,1861,2162,567,1693,,,,,,Durrow,Offaly
"Geashill, Co.Offaly, 12068",Geashill,Offaly,12068,12068,,,522,710,4034,5266,2718,4006.6,,,,,,Geashill,Offaly
"Gorteen, Co.Offaly, 12069",Gorteen,Offaly,12069,12069,,,104,211,1169,1484,1786,1282.1,,,,,,Gorteen,Offaly
"Hammerlane, Co.Offaly, 12070",Hammerlane,Offaly,12070,12070,,,122,602,1754,2478,404,1743.4,,,,,,Hammerlane,Offaly
"Kilclonfert, Co.Offaly, 12071",Kilclonfert,Offaly,12071,12071,,,354,665,2555,3574,987,2595.8,,,,,,Kilclonfert,Offaly
"Kilcumreragh, Co.Offaly, 12072",Kilcumreragh,Offaly,12072,12072,,,555,522,1988,3065,565,2274.5,,,,,,Kilcumreragh,Offaly
"Killeigh, Co.Offaly, 12073",Killeigh,Offaly,12073,12073,,,245,731,2453,3429,3669,2811.6,,,,,,Killeigh,Offaly
"Killooly, Co.Offaly, 12074",Killooly,Offaly,12074,12074,,,314,224,2209,2747,1734,2232.3,,,,,,Killooly,Offaly
"Killoughy, Co.Offaly, 12075",Killoughy,Offaly,12075,12075,,,277,505,2456,3238,4243,3151.8,,,,,,Killoughy,Offaly
"Mountbriscoe, Co.Offaly, 12076",Mountbriscoe,Offaly,12076,12076,,,101,259,932,1292,523,963.6,,,,,,Mountbriscoe,Offaly
"O'Dempsey, Co.Offaly, 12077",O'Dempsey,Offaly,12077,12077,,,99,296,814,1209,404,907.3,,,,,,O'Dempsey,Offaly
"Portarlington North, Co.Offaly, 12078",Portarlington North,Offaly,12078,12078,,,91,475,1175,1741,461,1224.9,,,,,,Portarlington North,Offaly
"Rahan, Co.Offaly, 12079",Rahan,Offaly,12079,12079,,,228,498,2109,2835,756,2092.1,,,,,,Rahan,Offaly
"Raheenakeeran, Co.Offaly, 12080",Raheenakeeran,Offaly,12080,12080,,,0,403,1142,1545,626,1170.3,,,,,,Raheenakeeran,Offaly
"Rathfeston, Co.Offaly, 12081",Rathfeston,Offaly,12081,12081,,,0,340,968,1308,513,945.2,,,,,,Rathfeston,Offaly
"Rathrobin, Co.Offaly, 12082",Rathrobin,Offaly,12082,12082,,,215,703,2962,3880,1111,2817,,,,,,Rathrobin,Offaly
"Screggan, Co.Offaly, 12083",Screggan,Offaly,12083,12083,,,0,327,902,1229,475,899.9,,,,,,Screggan,Offaly
"Silverbrook, Co.Offaly, 12084",Silverbrook,Offaly,12084,12084,,,439,383,3432,4254,527,3141,,,,,,Silverbrook,Offaly
"Tinamuck, Co.Offaly, 12085",Tinamuck,Offaly,12085,12085,,,104,318,1066,1488,255,1073,,,,,,Tinamuck,Offaly
"Tinnycross, Co.Offaly, 12086",Tinnycross,Offaly,12086,12086,,,403,255,1018,1676,0,1760,,,,,,Tinnycross,Offaly
"Tullamore Rural, Co.Offaly, 12087",Tullamore Rural,Offaly,12087,12087,,,91,213,618,922,404,924.3,,,,,,Tullamore Rural,Offaly
"Athlone West Rural, Co.Roscommon, 30001",Athlone West Rural,Roscommon,30001,30001,,,82,319,810,1211,804,997.6,,,,,,Athlone West Rural,Roscommon
"Ballydangan, Co.Roscommon, 30002",Ballydangan,Roscommon,30002,30002,,,67,848,2938,3853,2961,3099.2,,,,,,Ballydangan,Roscommon
"Ballynamona, Co.Roscommon, 30003",Ballynamona,Roscommon,30003,30003,,,84,352,855,1291,5277,1464.9,,,,,,Ballynamona,Roscommon
"Caltragh, Co.Roscommon, 30004",Caltragh,Roscommon,30004,30004,,,87,448,950,1485,6709,1735.5,,,,,,Caltragh,Roscommon
"Carnagh, Co.Roscommon, 30005",Carnagh,Roscommon,30005,30005,,,113,859,1767,2739,9947,2882,,,,,,Carnagh,Roscommon
"Carrowreagh, Co.Roscommon, 30006",Carrowreagh,Roscommon,30006,30006,,,73,570,1632,2275,2143,1825.8,,,,,,Carrowreagh,Roscommon
"Castlesampson, Co.Roscommon, 30007",Castlesampson,Roscommon,30007,30007,,,103,665,1531,2299,8069,2396,,,,,,Castlesampson,Roscommon
"Cloonburren, Co.Roscommon, 30008",Cloonburren,Roscommon,30008,30008,,,58,348,1165,1571,1285,1248.1,,,,,,Cloonburren,Roscommon
"Cloonown, Co.Roscommon, 30009",Cloonown,Roscommon,30009,30009,,,0,277,444,721,135,512.9,,,,,,Cloonown,Roscommon
"Crannagh, Co.Roscommon, 30010",Crannagh,Roscommon,30010,30010,,,135,481,1029,1645,280,1208.2,,,,,,Crannagh,Roscommon
"Creagh, Co.Roscommon, 30011",Creagh,Roscommon,30011,30011,,,118,710,2186,3014,1811,2402.3,,,,,,Creagh,Roscommon
"Culliagh, Co.Roscommon, 30012",Culliagh,Roscommon,30012,30012,,,84,308,933,1325,721,1000.8,,,,,,Culliagh,Roscommon
"Drumlosh, Co.Roscommon, 30013",Drumlosh,Roscommon,30013,30013,,,0,408,834,1242,465,914.2,,,,,,Drumlosh,Roscommon
"Dysart, Co.Roscommon, 30014",Dysart,Roscommon,30014,30014,,,0,611,1444,2055,7154,2127.1,,,,,,Dysart,Roscommon
"Kilcar, Co.Roscommon, 30015",Kilcar,Roscommon,30015,30015,,,0,284,901,1185,4744,1327.5,,,,,,Kilcar,Roscommon
"Kiltoom, Co.Roscommon, 30016",Kiltoom,Roscommon,30016,30016,,,58,507,1588,2153,5148,2039.2,,,,,,Kiltoom,Roscommon
"Lecarrow, Co.Roscommon, 30017",Lecarrow,Roscommon,30017,30017,,,58,424,910,1392,5968,1571.7,,,,,,Lecarrow,Roscommon
"Moore, Co.Roscommon, 30018",Moore,Roscommon,30018,30018,,,0,532,1756,2288,268,1677.2,,,,,,Moore,Roscommon
"Rockhill, Co.Roscommon, 30019",Rockhill,Roscommon,30019,30019,,,88,409,1628,2125,7150,2792.2,,,,,,Rockhill,Roscommon
"Taghboy, Co.Roscommon, 30020",Taghboy,Roscommon,30020,30020,,,71,378,1193,1642,4699,1667.7,,,,,,Taghboy,Roscommon
"Taghmaconnell, Co.Roscommon, 30021",Taghmaconnell,Roscommon,30021,30021,,,107,619,1701,2427,4116,2119.1,,,,,,Taghmaconnell,Roscommon
"Thomastown, Co.Roscommon, 30022",Thomastown,Roscommon,30022,30022,,,58,946,1878,2882,2858,2386.1,,,,,,Thomastown,Roscommon
"Turrock, Co.Roscommon, 30023",Turrock,Roscommon,30023,30023,,,72,657,1907,2636,8760,2719.7,,,,,,Turrock,Roscommon
"Aghafin, Co.Roscommon, 30024",Aghafin,Roscommon,30024,30024,,,55,335,396,786,494,579,,,,,,Aghafin,Roscommon
"Aughrim East, Co.Roscommon, 30026",Aughrim East,Roscommon,30026,30026,,,0,603,1038,1641,405,1885.8,,,,,,Aughrim East,Roscommon
"Aughrim West, Co.Roscommon, 30027",Aughrim West,Roscommon,30027,30027,,,75,628,1448,2151,2021,1680.4,,,,,,Aughrim West,Roscommon
"Ballyfarnan, Co.Roscommon, 30028",Ballyfarnan,Roscommon,30028,30028,,,0,92,118,210,348,173.4,,,,,,Ballyfarnan,Roscommon
"Ballyfermoyle, Co.Roscommon, 30029",Ballyfermoyle,Roscommon,30029,30029,,,0,201,297,498,135,361.2,,,,,,Ballyfermoyle,Roscommon
"Boyle Rural, Co.Roscommon, 30030",Boyle Rural,Roscommon,30030,30030,,,0,547,976,1523,824,1139.1,,,,,,Boyle Rural,Roscommon
"Boyle Urban, Co.Roscommon, 30031",Boyle Urban,Roscommon,30031,30031,,,0,54,80,134,135,,,,,,,Boyle Urban,Roscommon
"Breedoge, Co.Roscommon, 30032",Breedoge,Roscommon,30032,30032,,,78,554,1053,1685,135,1199.4,,,,,,Breedoge,Roscommon
"Cloonteen, Co.Roscommon, 30033",Cloonteen,Roscommon,30033,30033,,,96,617,1217,1930,246,1423,,,,,,Cloonteen,Roscommon
"Creeve, Co.Roscommon, 30034",Creeve,Roscommon,30034,30034,,,58,470,1084,1612,542,1220.4,,,,,,Creeve,Roscommon
"Croghan, Co.Roscommon, 30035",Croghan,Roscommon,30035,30035,,,101,770,1315,2186,835,1576.7,,,,,,Croghan,Roscommon
"Crossna, Co.Roscommon, 30036",Crossna,Roscommon,30036,30036,,,78,367,550,995,207,740.1,,,,,,Crossna,Roscommon
"Danesfort, Co.Roscommon, 30037",Danesfort,Roscommon,30037,30037,,,66,331,672,1069,243,953.1,,,,,,Danesfort,Roscommon
"Estersnow, Co.Roscommon, 30038",Estersnow,Roscommon,30038,30038,,,0,198,421,619,135,447.1,,,,,,Estersnow,Roscommon
"Keadew, Co.Roscommon, 30039",Keadew,Roscommon,30039,30039,,,0,297,396,693,1086,577.3,,,,,,Keadew,Roscommon
"Kilbryan, Co.Roscommon, 30040",Kilbryan,Roscommon,30040,30040,,,0,299,429,728,230,571.4,,,,,,Kilbryan,Roscommon
"Kilcolagh, Co.Roscommon, 30041",Kilcolagh,Roscommon,30041,30041,,,0,194,301,495,135,367.9,,,,,,Kilcolagh,Roscommon
"Killukin, Co.Roscommon, 30042",Killukin,Roscommon,30042,30042,,,58,301,586,945,0,1045,,,,,,Killukin,Roscommon
"Killummod, Co.Roscommon, 30043",Killummod,Roscommon,30043,30043,,,0,360,693,1053,0,715.2,,,,,,Killummod,Roscommon
"Kilmacumsy, Co.Roscommon, 30044",Kilmacumsy,Roscommon,30044,30044,,,0,476,816,1292,203,878.5,,,,,,Kilmacumsy,Roscommon
"Kilmore, Co.Roscommon, 30045",Kilmore,Roscommon,30045,30045,,,0,577,1069,1646,696,1162.9,,,,,,Kilmore,Roscommon
"Lisgarve / Mantua, Co.Roscommon, 30046/30048",Lisgarve / Mantua,Roscommon,30046/30048,30046/30048,,,67,574,1628,2269,1416,1761,,,,,,Lisgarve / Mantua,Roscommon
"Lough Allen / Altagowlan, Co.Roscommon, 30047/30025",Lough Allen / Altagowlan,Roscommon,30047/30025,30047/30025,,,0,272,315,587,1585,574.6,,,,,,Lough Allen / Altagowlan,Roscommon
"Oakport, Co.Roscommon, 30049",Oakport,Roscommon,30049,30049,,,0,271,603,874,489,646.2,,,,,,Oakport,Roscommon
"Rockingham, Co.Roscommon, 30050",Rockingham,Roscommon,30050,30050,,,0,777,1570,2347,1981,1916.4,,,,,,Rockingham,Roscommon
"Rushfield, Co.Roscommon, 30051",Rushfield,Roscommon,30051,30051,,,91,436,1500,2027,1342,1655.5,,,,,,Rushfield,Roscommon
"Tivannagh, Co.Roscommon, 30052",Tivannagh,Roscommon,30052,30052,,,0,446,762,1208,145,867.8,,,,,,Tivannagh,Roscommon
"Tumna North, Co.Roscommon, 30053",Tumna North,Roscommon,30053,30053,,,0,205,271,476,135,318.1,,,,,,Tumna North,Roscommon
"Tumna South, Co.Roscommon, 30054",Tumna South,Roscommon,30054,30054,,,75,323,473,871,135,621.2,,,,,,Tumna South,Roscommon
"Artagh North, Co.Roscommon, 30055",Artagh North,Roscommon,30055,30055,,,67,797,1725,2589,212,1815.2,,,,,,Artagh North,Roscommon
"Artagh South, Co.Roscommon, 30056",Artagh South,Roscommon,30056,30056,,,0,508,1105,1613,155,1128.7,,,,,,Artagh South,Roscommon
"Ballaghaderreen, Co.Roscommon, 30057",Ballaghaderreen,Roscommon,30057,30057,,,76,1069,1748,2893,230,1999.2,,,,,,Ballaghaderreen,Roscommon
"Ballinlough, Co.Roscommon, 30058",Ballinlough,Roscommon,30058,30058,,,71,1229,3030,4330,551,3028.5,,,,,,Ballinlough,Roscommon
"Ballintober, Co.Roscommon, 30059",Ballintober,Roscommon,30059,30059,,,402,1252,2921,4575,3463,3551.7,,,,,,Ballintober,Roscommon
"Baslick, Co.Roscommon, 30060",Baslick,Roscommon,30060,30060,,,0,187,611,798,161,598.3,,,,,,Baslick,Roscommon
"Bellanagare, Co.Roscommon, 30061",Bellanagare,Roscommon,30061,30061,,,72,1043,2733,3848,1138,2790.4,,,,,,Bellanagare,Roscommon
"Buckill, Co.Roscommon, 30062",Buckill,Roscommon,30062,30062,,,0,473,1159,1632,161,1143.3,,,,,,Buckill,Roscommon
"Carrowduff, Co.Roscommon, 30063",Carrowduff,Roscommon,30063,30063,,,0,653,1778,2431,2076,1901.2,,,,,,Carrowduff,Roscommon
"Castleplunket, Co.Roscommon, 30064",Castleplunket,Roscommon,30064,30064,,,66,959,2739,3764,2275,3040.5,,,,,,Castleplunket,Roscommon
"Castlereagh, Co.Roscommon, 30065",Castlereagh,Roscommon,30065,30065,,,78,1100,2629,3807,1757,2940.3,,,,,,Castlereagh,Roscommon
"Castleteheen, Co.Roscommon, 30066",Castleteheen,Roscommon,30066,30066,,,70,737,2134,2941,1305,2258.3,,,,,,Castleteheen,Roscommon
"Cloonfower, Co.Roscommon, 30067",Cloonfower,Roscommon,30067,30067,,,58,442,1039,1539,142,1083.2,,,,,,Cloonfower,Roscommon
"Coolougher, Co.Roscommon, 30068",Coolougher,Roscommon,30068,30068,,,0,656,1328,1984,1105,1501.6,,,,,,Coolougher,Roscommon
"Edmondstown, Co.Roscommon, 30069",Edmondstown,Roscommon,30069,30069,,,92,598,1038,1728,655,1319.1,,,,,,Edmondstown,Roscommon
"Fairymount, Co.Roscommon, 30070",Fairymount,Roscommon,30070,30070,,,0,548,1321,1869,290,1332.9,,,,,,Fairymount,Roscommon
"Frenchpark, Co.Roscommon, 30071",Frenchpark,Roscommon,30071,30071,,,62,470,1840,2372,220,1831.1,,,,,,Frenchpark,Roscommon
"Kiltullagh, Co.Roscommon, 30072",Kiltullagh,Roscommon,30072,30072,,,71,1371,3100,4542,687,3211.5,,,,,,Kiltullagh,Roscommon
"Loughglinn, Co.Roscommon, 30073",Loughglinn,Roscommon,30073,30073,,,67,736,1560,2363,195,1654.3,,,,,,Loughglinn,Roscommon
"Annaghmore, Co.Roscommon, 30074",Annaghmore,Roscommon,30074,30074,,,0,640,1269,1909,1870,1534.9,,,,,,Annaghmore,Roscommon
"Athleague East, Co.Roscommon, 30075",Athleague East,Roscommon,30075,30075,,,86,841,2228,3155,9869,3200.2,,,,,,Athleague East,Roscommon
"Athleague West, Co.Roscommon, 30076",Athleague West,Roscommon,30076,30076,,,76,421,1282,1779,7422,2064,,,,,,Athleague West,Roscommon
"Ballygarden, Co.Roscommon, 30077",Ballygarden,Roscommon,30077,30077,,,0,650,1144,1794,425,1291.7,,,,,,Ballygarden,Roscommon
"Bumlin, Co.Roscommon, 30078",Bumlin,Roscommon,30078,30078,,,0,482,1092,1574,930,1174.6,,,,,,Bumlin,Roscommon
"Cams, Co.Roscommon, 30079",Cams,Roscommon,30079,30079,,,58,749,1846,2653,6654,2635.5,,,,,,Cams,Roscommon
"Cloonfinlough, Co.Roscommon, 30080",Cloonfinlough,Roscommon,30080,30080,,,0,693,1259,1952,1452,1478.7,,,,,,Cloonfinlough,Roscommon
"Cloontuskert, Co.Roscommon, 30081",Cloontuskert,Roscommon,30081,30081,,,0,367,1055,1422,1072,1148.5,,,,,,Cloontuskert,Roscommon
"Cloonygormican, Co.Roscommon, 30082",Cloonygormican,Roscommon,30082,30082,,,0,968,2324,3292,4759,2788.2,,,,,,Cloonygormican,Roscommon
"Cloonyquin, Co.Roscommon, 30083",Cloonyquin,Roscommon,30083,30083,,,73,526,1519,2118,1034,1615.1,,,,,,Cloonyquin,Roscommon
"Creeve, Co.Roscommon, 30084",Creeve,Roscommon,30084,30084,,,0,361,1174,1535,832,1172.4,,,,,,Creeve,Roscommon
"Cregga, Co.Roscommon, 30085",Cregga,Roscommon,30085,30085,,,86,385,920,1391,408,1030.6,,,,,,Cregga,Roscommon
"Drumdaff, Co.Roscommon, 30086",Drumdaff,Roscommon,30086,30086,,,0,621,1414,2035,2844,1731.5,,,,,,Drumdaff,Roscommon
"Dunamon, Co.Roscommon, 30087",Dunamon,Roscommon,30087,30087,,,0,635,1515,2150,2225,1736.9,,,,,,Dunamon,Roscommon
"Elia, Co.Roscommon, 30088",Elia,Roscommon,30088,30088,,,0,283,631,914,180,639.1,,,,,,Elia,Roscommon
"Elphin, Co.Roscommon, 30089",Elphin,Roscommon,30089,30089,,,0,457,1817,2274,1265,1818.1,,,,,,Elphin,Roscommon
"Fuerty, Co.Roscommon, 30090",Fuerty,Roscommon,30090,30090,,,95,817,2326,3238,4698,2722.2,,,,,,Fuerty,Roscommon
"Kilbride North, Co.Roscommon, 30091",Kilbride North,Roscommon,30091,30091,,,99,457,1513,2069,2732,1810.8,,,,,,Kilbride North,Roscommon
"Kilbride South, Co.Roscommon, 30092",Kilbride South,Roscommon,30092,30092,,,73,721,2140,2934,6731,2820.5,,,,,,Kilbride South,Roscommon
"Kilgefin, Co.Roscommon, 30093",Kilgefin,Roscommon,30093,30093,,,0,566,1309,1875,1741,1499.9,,,,,,Kilgefin,Roscommon
"Kilglass North, Co.Roscommon, 30094",Kilglass North,Roscommon,30094,30094,,,0,475,956,1431,125,2767.3,,,,,,Kilglass North,Roscommon
"Kilglass South, Co.Roscommon, 30095",Kilglass South,Roscommon,30095,30095,,,0,540,1308,1848,495,1323,,,,,,Kilglass South,Roscommon
"Killavackan, Co.Roscommon, 30096",Killavackan,Roscommon,30096,30096,,,0,383,764,1147,617,847.4,,,,,,Killavackan,Roscommon
"Killukin, Co.Roscommon, 30097",Killukin,Roscommon,30097,30097,,,0,409,1086,1495,1852,1262,,,,,,Killukin,Roscommon
"Kilteevan, Co.Roscommon, 30098",Kilteevan,Roscommon,30098,30098,,,0,593,1068,1661,4562,1653.1,,,,,,Kilteevan,Roscommon
"Lackan, Co.Roscommon, 30099",Lackan,Roscommon,30099,30099,,,99,639,1342,2080,10834,2503.7,,,,,,Lackan,Roscommon
"Lismaha, Co.Roscommon, 30100",Lismaha,Roscommon,30100,30100,,,0,563,1213,1776,7028,1921.5,,,,,,Lismaha,Roscommon
"Lissonuffy, Co.Roscommon, 30101",Lissonuffy,Roscommon,30101,30101,,,0,278,807,1085,198,775,,,,,,Lissonuffy,Roscommon
"Mote, Co.Roscommon, 30102",Mote,Roscommon,30102,30102,,,77,693,1859,2629,6907,2572,,,,,,Mote,Roscommon
"Ogulla, Co.Roscommon, 30103",Ogulla,Roscommon,30103,30103,,,101,524,1570,2195,3403,2004.7,,,,,,Ogulla,Roscommon
"Roosky, Co.Roscommon, 30104",Roosky,Roscommon,30104,30104,,,0,367,661,1028,195,705.1,,,,,,Roosky,Roscommon
"Roscommon Rural, Co.Roscommon, 30105",Roscommon Rural,Roscommon,30105,30105,,,73,698,3173,3944,7685,3629.5,,,,,,Roscommon Rural,Roscommon
"Roscommon Urban, Co.Roscommon, 30106",Roscommon Urban,Roscommon,30106,30106,,,0,21,23,44,135,,,,,,,Roscommon Urban,Roscommon
"Rosmoylan, Co.Roscommon, 30107",Rosmoylan,Roscommon,30107,30107,,,0,368,749,1117,937,848.5,,,,,,Rosmoylan,Roscommon
"Rossmore, Co.Roscommon, 30108",Rossmore,Roscommon,30108,30108,,,73,408,1661,2142,1004,1645.3,,,,,,Rossmore,Roscommon
"Scregg, Co.Roscommon, 30109",Scregg,Roscommon,30109,30109,,,62,500,1111,1673,8270,1992.5,,,,,,Scregg,Roscommon
"Strokestown, Co.Roscommon, 30110",Strokestown,Roscommon,30110,30110,,,94,555,1185,1834,1918,3020.3,,,,,,Strokestown,Roscommon
"Termonbarry, Co.Roscommon, 30111",Termonbarry,Roscommon,30111,30111,,,0,304,1064,1368,445,1044.7,,,,,,Termonbarry,Roscommon
"Tulsk, Co.Roscommon, 30112",Tulsk,Roscommon,30112,30112,,,0,622,1842,2464,2307,2073.5,,,,,,Tulsk,Roscommon
"Sligo East, Co.Sligo, 31001",Sligo East,Sligo,31001,31001,,,0,2,3,5,57,,,,,,,Sligo East,Sligo
"Sligo North, Co.Sligo, 31002",Sligo North,Sligo,31002,31002,,,0,0,0,0,57,,,,,,,Sligo North,Sligo
"Sligo West, Co.Sligo, 31003",Sligo West,Sligo,31003,31003,,,73,106,260,439,57,334.7,,,,,,Sligo West,Sligo
"Aghanagh, Co.Sligo, 31004",Aghanagh,Sligo,31004,31004,,,91,463,652,1206,2086,1108.8,,,,,,Aghanagh,Sligo
"Ballynashee, Co.Sligo, 31005",Ballynashee,Sligo,31005,31005,,,0,294,366,660,695,511.7,,,,,,Ballynashee,Sligo
"Coolavin, Co.Sligo, 31006",Coolavin,Sligo,31006,31006,,,0,577,995,1572,446,1118.5,,,,,,Coolavin,Sligo
"Cuilmore, Co.Sligo, 31007",Cuilmore,Sligo,31007,31007,,,86,668,1332,2086,60,1434.2,,,,,,Cuilmore,Sligo
"Drumrat, Co.Sligo, 31008",Drumrat,Sligo,31008,31008,,,83,503,1072,1658,1132,1264.1,,,,,,Drumrat,Sligo
"Kilfree, Co.Sligo, 31009",Kilfree,Sligo,31009,31009,,,0,371,796,1167,87,778.5,,,,,,Kilfree,Sligo
"Killadoon, Co.Sligo, 31010",Killadoon,Sligo,31010,31010,,,0,403,664,1067,359,760.2,,,,,,Killadoon,Sligo
"Killaraght, Co.Sligo, 31011",Killaraght,Sligo,31011,31011,,,90,824,1813,2727,545,1964.8,,,,,,Killaraght,Sligo
"Kilmactranny, Co.Sligo, 31012",Kilmactranny,Sligo,31012,31012,,,74,694,1112,1880,860,1339,,,,,,Kilmactranny,Sligo
"Kilshalvy, Co.Sligo, 31013",Kilshalvy,Sligo,31013,31013,,,100,604,1475,2179,106,1499.7,,,,,,Kilshalvy,Sligo
"Shancough, Co.Sligo, 31014",Shancough,Sligo,31014,31014,,,0,288,416,704,783,544.8,,,,,,Shancough,Sligo
"Templevanny, Co.Sligo, 31015",Templevanny,Sligo,31015,31015,,,74,380,823,1277,215,905.2,,,,,,Templevanny,Sligo
"Toomour, Co.Sligo, 31016",Toomour,Sligo,31016,31016,,,75,357,656,1088,101,774,,,,,,Toomour,Sligo
"Aughris, Co.Sligo, 31017",Aughris,Sligo,31017,31017,,,138,253,1998,2389,1495,1977.2,,,,,,Aughris,Sligo
"Buncrowey, Co.Sligo, 31018",Buncrowey,Sligo,31018,31018,,,88,330,635,1053,2300,993,,,,,,Buncrowey,Sligo
"Castleconor East, Co.Sligo, 31019",Castleconor East,Sligo,31019,31019,,,81,503,1196,1780,355,1291.9,,,,,,Castleconor East,Sligo
"Castleconor West, Co.Sligo, 31020",Castleconor West,Sligo,31020,31020,,,448,1177,3201,4826,2699,3723.4,,,,,,Castleconor West,Sligo
"Dromard East, Co.Sligo, 31021",Dromard East,Sligo,31021,31021,,,0,396,1036,1432,4062,1383.3,,,,,,Dromard East,Sligo
"Dromard West, Co.Sligo, 31022",Dromard West,Sligo,31022,31022,,,84,246,582,912,3067,947.7,,,,,,Dromard West,Sligo
"Dromore, Co.Sligo, 31023",Dromore,Sligo,31023,31023,,,80,173,476,729,4150,948.9,,,,,,Dromore,Sligo
"Easky East, Co.Sligo, 31024",Easky East,Sligo,31024,31024,,,369,595,1736,2700,3569,2351.2,,,,,,Easky East,Sligo
"Easky West, Co.Sligo, 31025",Easky West,Sligo,31025,31025,,,454,956,2942,4352,1591,3288,,,,,,Easky West,Sligo
"Kilglass, Co.Sligo, 31026",Kilglass,Sligo,31026,31026,,,419,593,2575,3587,1318,2739,,,,,,Kilglass,Sligo
"Rathmacurkey, Co.Sligo, 31028",Rathmacurkey,Sligo,31028,31028,,,83,817,1754,2654,890,1924,,,,,,Rathmacurkey,Sligo
"Skreen, Co.Sligo, 31029",Skreen,Sligo,31029,31029,,,73,312,863,1248,5785,1499.2,,,,,,Skreen,Sligo
"Templeboy North, Co.Sligo, 31030",Templeboy North,Sligo,31030,31030,,,213,329,860,1402,2539,1265.6,,,,,,Templeboy North,Sligo
"Templeboy South / Mullagheruse, Co.Sligo, 31031/31027",Templeboy South / Mullagheruse,Sligo,31031/31027,31031/31027,,,72,302,578,952,8494,1529.9,,,,,,Templeboy South / Mullagheruse,Sligo
"Toberpatrick East, Co.Sligo, 31032",Toberpatrick East,Sligo,31032,31032,,,102,389,1161,1652,1976,1362.6,,,,,,Toberpatrick East,Sligo
"Toberpatrick West, Co.Sligo, 31033",Toberpatrick West,Sligo,31033,31033,,,84,363,1127,1574,2029,1296.2,,,,,,Toberpatrick West,Sligo
"Ballintogher East, Co.Sligo, 31034",Ballintogher East,Sligo,31034,31034,,,0,403,597,1000,803,741.3,,,,,,Ballintogher East,Sligo
"Ballintogher West, Co.Sligo, 31035",Ballintogher West,Sligo,31035,31035,,,75,381,792,1248,759,936.7,,,,,,Ballintogher West,Sligo
"Ballymote, Co.Sligo, 31036",Ballymote,Sligo,31036,31036,,,197,631,1725,2553,393,1894.8,,,,,,Ballymote,Sligo
"Ballynakill, Co.Sligo, 31037",Ballynakill,Sligo,31037,31037,,,62,523,873,1458,1070,1108.1,,,,,,Ballynakill,Sligo
"Ballysadare East, Co.Sligo, 31038",Ballysadare East,Sligo,31038,31038,,,0,271,692,963,1083,773.5,,,,,,Ballysadare East,Sligo
"Ballysadare West, Co.Sligo, 31039",Ballysadare West,Sligo,31039,31039,,,89,348,695,1132,1043,939.1,,,,,,Ballysadare West,Sligo
"Bricklieve, Co.Sligo, 31040",Bricklieve,Sligo,31040,31040,,,83,591,1031,1705,325,1163.5,,,,,,Bricklieve,Sligo
"Calry, Co.Sligo, 31041",Calry,Sligo,31041,31041,,,78,438,716,1232,4779,1303.9,,,,,,Calry,Sligo
"Carney, Co.Sligo, 31042",Carney,Sligo,31042,31042,,,0,279,487,766,6757,1265,,,,,,Carney,Sligo
"Carrickbanagher, Co.Sligo, 31043",Carrickbanagher,Sligo,31043,31043,,,92,510,1379,1981,437,1437.3,,,,,,Carrickbanagher,Sligo
"Cliffony North, Co.Sligo, 31044",Cliffony North,Sligo,31044,31044,,,0,418,652,1070,600,758.9,,,,,,Cliffony North,Sligo
"Cliffony South, Co.Sligo, 31045",Cliffony South,Sligo,31045,31045,,,0,373,579,952,1766,865.2,,,,,,Cliffony South,Sligo
"Collooney, Co.Sligo, 31046",Collooney,Sligo,31046,31046,,,74,409,779,1262,1146,1007.4,,,,,,Collooney,Sligo
"Drumcliff East, Co.Sligo, 31047",Drumcliff East,Sligo,31047,31047,,,78,222,788,1088,3927,1166.7,,,,,,Drumcliff East,Sligo
"Drumcliff West, Co.Sligo, 31048",Drumcliff West,Sligo,31048,31048,,,0,169,329,498,451,390,,,,,,Drumcliff West,Sligo
"Drumcolumb, Co.Sligo, 31049",Drumcolumb,Sligo,31049,31049,,,0,382,592,974,291,678.3,,,,,,Drumcolumb,Sligo
"Drumfin, Co.Sligo, 31050",Drumfin,Sligo,31050,31050,,,71,436,1160,1667,1047,1300.1,,,,,,Drumfin,Sligo
"Glencar, Co.Sligo, 31051",Glencar,Sligo,31051,31051,,,0,60,108,168,6744,794.5,,,,,,Glencar,Sligo
"Kilmacowen, Co.Sligo, 31052",Kilmacowen,Sligo,31052,31052,,,299,370,1688,2357,1919,1927.1,,,,,,Kilmacowen,Sligo
"Knockaree, Co.Sligo, 31053",Knockaree,Sligo,31053,31053,,,103,457,1226,1786,5108,1773,,,,,,Knockaree,Sligo
"Lakeview, Co.Sligo, 31054",Lakeview,Sligo,31054,31054,,,76,521,919,1516,753,1133.1,,,,,,Lakeview,Sligo
"Lisconny, Co.Sligo, 31055",Lisconny,Sligo,31055,31055,,,77,422,1041,1540,705,1194.2,,,,,,Lisconny,Sligo
"Lissadill East, Co.Sligo, 31056",Lissadill East,Sligo,31056,31056,,,346,319,774,1439,343,1093.1,,,,,,Lissadill East,Sligo
"Lissadill North, Co.Sligo, 31057",Lissadill North,Sligo,31057,31057,,,80,534,961,1575,2551,1342.9,,,,,,Lissadill North,Sligo
"Lissadill West, Co.Sligo, 31058",Lissadill West,Sligo,31058,31058,,,332,851,1506,2689,314,1872.7,,,,,,Lissadill West,Sligo
"Riverstown, Co.Sligo, 31059",Riverstown,Sligo,31059,31059,,,77,349,800,1226,1677,1045.9,,,,,,Riverstown,Sligo
"Rossinver East, Co.Sligo, 31060",Rossinver East,Sligo,31060,31060,,,0,267,382,649,10444,1478.7,,,,,,Rossinver East,Sligo
"Rossinver West, Co.Sligo, 31061",Rossinver West,Sligo,31061,31061,,,75,146,307,528,4705,850.6,,,,,,Rossinver West,Sligo
"Achonry East, Co.Sligo, 31062",Achonry East,Sligo,31062,31062,,,91,592,1059,1742,287,1234.7,,,,,,Achonry East,Sligo
"Achonry West, Co.Sligo, 31063",Achonry West,Sligo,31063,31063,,,112,740,1217,2069,412,1446.9,,,,,,Achonry West,Sligo
"Aclare, Co.Sligo, 31064",Aclare,Sligo,31064,31064,,,0,226,432,658,503,513.6,,,,,,Aclare,Sligo
"Annagh, Co.Sligo, 31065",Annagh,Sligo,31065,31065,,,73,284,717,1074,1610,924,,,,,,Annagh,Sligo
"Banada, Co.Sligo, 31066",Banada,Sligo,31066,31066,,,122,729,1356,2207,1567,1715.2,,,,,,Banada,Sligo
"Branchfield / Carrownaskeagh, Co.Sligo, 31067/31069",Branchfield / Carrownaskeagh,Sligo,31067/31069,31067/31069,,,70,387,532,989,3002,961.5,,,,,,Branchfield / Carrownaskeagh,Sligo
"Breencorragh, Co.Sligo, 31068",Breencorragh,Sligo,31068,31068,,,73,150,236,459,2336,564.6,,,,,,Breencorragh,Sligo
"Cartron, Co.Sligo, 31070",Cartron,Sligo,31070,31070,,,81,502,823,1406,2556,1227.6,,,,,,Cartron,Sligo
"Cloonoghill, Co.Sligo, 31072",Cloonoghill,Sligo,31072,31072,,,72,415,933,1420,196,1013.5,,,,,,Cloonoghill,Sligo
"Coolaney, Co.Sligo, 31073",Coolaney,Sligo,31073,31073,,,0,347,558,905,1841,819.8,,,,,,Coolaney,Sligo
"Glendarragh, Co.Sligo, 31074",Glendarragh,Sligo,31074,31074,,,0,188,300,488,3292,686.4,,,,,,Glendarragh,Sligo
"Kilmacteige, Co.Sligo, 31075",Kilmacteige,Sligo,31075,31075,,,62,340,494,896,1876,791.8,,,,,,Kilmacteige,Sligo
"Kilturra, Co.Sligo, 31076",Kilturra,Sligo,31076,31076,,,99,487,1312,1898,952,1445.5,,,,,,Kilturra,Sligo
"Leitrim, Co.Sligo, 31077",Leitrim,Sligo,31077,31077,,,84,544,1420,2048,1692,1581.4,,,,,,Leitrim,Sligo
"Loughill / Cloonacool, Co.Sligo, 31078/31071",Loughill / Cloonacool,Sligo,31078/31071,31078/31071,,,73,304,501,878,7061,2277.2,,,,,,Loughill / Cloonacool,Sligo
"Owenmore, Co.Sligo, 31079",Owenmore,Sligo,31079,31079,,,89,368,676,1133,393,823.2,,,,,,Owenmore,Sligo
"Streamstown, Co.Sligo, 31080",Streamstown,Sligo,31080,31080,,,118,553,1336,2007,1933,1572.6,,,,,,Streamstown,Sligo
"Temple, Co.Sligo, 31081",Temple,Sligo,31081,31081,,,84,289,525,898,5984,1236.2,,,,,,Temple,Sligo
"Tobercurry, Co.Sligo, 31082",Tobercurry,Sligo,31082,31082,,,233,814,1613,2660,3188,2142,,,,,,Tobercurry,Sligo
"Nenagh East Urban, Co.Tipperary, 22001",Nenagh East Urban,Tipperary,22001,22001,,,65,0,67,132,0,176.7,,,,,,Nenagh East Urban,Tipperary
"Nenagh West Urban, Co.Tipperary, 22002",Nenagh West Urban,Tipperary,22002,22002,,,63,0,65,128,360,190.7,,,,,,Nenagh West Urban,Tipperary
"Templemore, Co.Tipperary, 22003",Templemore,Tipperary,22003,22003,,,97,41,273,411,0,328.8,,,,,,Templemore,Tipperary
"Thurles Urban, Co.Tipperary, 22004",Thurles Urban,Tipperary,22004,22004,,,0,0,185,185,0,,,,,,,Thurles Urban,Tipperary
"Aglishcloghane, Co.Tipperary, 22005",Aglishcloghane,Tipperary,22005,22005,,,347,968,3039,4354,1377,3205.5,,,,,,Aglishcloghane,Tipperary
"Ballingarry, Co.Tipperary, 22006",Ballingarry,Tipperary,22006,22006,,,670,802,4676,6148,5536,4905.9,,,,,,Ballingarry,Tipperary
"Ballylusky, Co.Tipperary, 22007",Ballylusky,Tipperary,22007,22007,,,776,377,2769,3922,1997,3167.9,,,,,,Ballylusky,Tipperary
"Borrisokane, Co.Tipperary, 22008",Borrisokane,Tipperary,22008,22008,,,718,513,2521,3752,1243,2779,,,,,,Borrisokane,Tipperary
"Carrig, Co.Tipperary, 22009",Carrig,Tipperary,22009,22009,,,618,297,1545,2460,602,1876.3,,,,,,Carrig,Tipperary
"Cloghjordan, Co.Tipperary, 22010",Cloghjordan,Tipperary,22010,22010,,,735,484,3641,4860,760,3685.7,,,,,,Cloghjordan,Tipperary
"Cloghprior, Co.Tipperary, 22011",Cloghprior,Tipperary,22011,22011,,,557,200,1824,2581,427,1956.3,,,,,,Cloghprior,Tipperary
"Clohaskin, Co.Tipperary, 22012",Clohaskin,Tipperary,22012,22012,,,128,238,1626,1992,648,1517.2,,,,,,Clohaskin,Tipperary
"Finnoe, Co.Tipperary, 22013",Finnoe,Tipperary,22013,22013,,,314,260,2197,2771,563,2080.9,,,,,,Finnoe,Tipperary
"Graigue, Co.Tipperary, 22014",Graigue,Tipperary,22014,22014,,,533,371,2646,3550,773,2980,,,,,,Graigue,Tipperary
"Kilbarron, Co.Tipperary, 22015",Kilbarron,Tipperary,22015,22015,,,485,514,3099,4098,3484,3250.6,,,,,,Kilbarron,Tipperary
"Lorrha East, Co.Tipperary, 22016",Lorrha East,Tipperary,22016,22016,,,384,413,2453,3250,2046,5404.3,,,,,,Lorrha East,Tipperary
"Lorrha West, Co.Tipperary, 22017",Lorrha West,Tipperary,22017,22017,,,311,392,2709,3412,3667,2954.6,,,,,,Lorrha West,Tipperary
"Mertonhall, Co.Tipperary, 22018",Mertonhall,Tipperary,22018,22018,,,748,227,1813,2788,512,2195.1,,,,,,Mertonhall,Tipperary
"Rathcabban, Co.Tipperary, 22019",Rathcabban,Tipperary,22019,22019,,,338,451,2708,3497,4637,2858.6,,,,,,Rathcabban,Tipperary
"Redwood, Co.Tipperary, 22020",Redwood,Tipperary,22020,22020,,,256,355,1717,2328,1101,1790.9,,,,,,Redwood,Tipperary
"Riverstown, Co.Tipperary, 22021",Riverstown,Tipperary,22021,22021,,,443,467,2668,3578,921,2699.5,,,,,,Riverstown,Tipperary
"Terryglass, Co.Tipperary, 22022",Terryglass,Tipperary,22022,22022,,,278,394,1992,2664,1895,2062.8,,,,,,Terryglass,Tipperary
"Uskane, Co.Tipperary, 22023",Uskane,Tipperary,22023,22023,,,642,375,2177,3194,594,2398.6,,,,,,Uskane,Tipperary
"Abington, Co.Tipperary, 22024",Abington,Tipperary,22024,22024,,,207,820,1711,2738,93,1889.7,,,,,,Abington,Tipperary
"Aghnameadle, Co.Tipperary, 22025",Aghnameadle,Tipperary,22025,22025,,,362,701,2318,3381,1843,2672.1,,,,,,Aghnameadle,Tipperary
"Ardcrony, Co.Tipperary, 22026",Ardcrony,Tipperary,22026,22026,,,867,176,2181,3224,530,2415.5,,,,,,Ardcrony,Tipperary
"Ballina, Co.Tipperary, 22027",Ballina,Tipperary,22027,22027,,,502,536,2220,3258,401,2401.8,,,,,,Ballina,Tipperary
"Ballygibbon, Co.Tipperary, 22028",Ballygibbon,Tipperary,22028,22028,,,1238,410,4486,6134,634,8658.4,,,,,,Ballygibbon,Tipperary
"Ballymackey, Co.Tipperary, 22029",Ballymackey,Tipperary,22029,22029,,,1268,440,4331,6039,632,4702.4,,,,,,Ballymackey,Tipperary
"Ballynaclogh, Co.Tipperary, 22030",Ballynaclogh,Tipperary,22030,22030,,,565,441,2818,3824,563,2836.7,,,,,,Ballynaclogh,Tipperary
"Birdhill, Co.Tipperary, 22031",Birdhill,Tipperary,22031,22031,,,169,509,1615,2293,518,1702.2,,,,,,Birdhill,Tipperary
"Burgesbeg, Co.Tipperary, 22032",Burgesbeg,Tipperary,22032,22032,,,861,251,2407,3519,604,2688.3,,,,,,Burgesbeg,Tipperary
"Carrigatogher, Co.Tipperary, 22033",Carrigatogher,Tipperary,22033,22033,,,1098,242,2483,3823,823,2970,,,,,,Carrigatogher,Tipperary
"Castletown, Co.Tipperary, 22034",Castletown,Tipperary,22034,22034,,,1049,616,2887,4552,762,3498.1,,,,,,Castletown,Tipperary
"Derrycastle, Co.Tipperary, 22035",Derrycastle,Tipperary,22035,22035,,,533,392,1512,2437,194,1704.7,,,,,,Derrycastle,Tipperary
"Dolla, Co.Tipperary, 22036",Dolla,Tipperary,22036,22036,,,384,594,1822,2800,440,2012.2,,,,,,Dolla,Tipperary
"Greenhall / Lackagh, Co.Tipperary, 22037/22045",Greenhall / Lackagh,Tipperary,22037/22045,22037/22045,,,132,715,2014,2861,872,2106.7,,,,,,Greenhall / Lackagh,Tipperary
"Kilcomenty, Co.Tipperary, 22038",Kilcomenty,Tipperary,22038,22038,,,301,332,1251,1884,360,1349.6,,,,,,Kilcomenty,Tipperary
"Kilkeary, Co.Tipperary, 22039",Kilkeary,Tipperary,22039,22039,,,909,285,2638,3832,1624,3069.5,,,,,,Kilkeary,Tipperary
"Killoscully, Co.Tipperary, 22040",Killoscully,Tipperary,22040,22040,,,151,547,1508,2206,559,1651.9,,,,,,Killoscully,Tipperary
"Kilmore, Co.Tipperary, 22041",Kilmore,Tipperary,22041,22041,,,599,594,2407,3600,415,2629.3,,,,,,Kilmore,Tipperary
"Kilnaneave, Co.Tipperary, 22042",Kilnaneave,Tipperary,22042,22042,,,1461,613,4110,6184,2250,4834.2,,,,,,Kilnaneave,Tipperary
"Kilnarath, Co.Tipperary, 22043",Kilnarath,Tipperary,22043,22043,,,116,409,725,1250,397,873,,,,,,Kilnarath,Tipperary
"Knigh, Co.Tipperary, 22044",Knigh,Tipperary,22044,22044,,,791,310,3410,4511,742,3421.1,,,,,,Knigh,Tipperary
"Latteragh, Co.Tipperary, 22046",Latteragh,Tipperary,22046,22046,,,678,850,4830,6358,429,6069.8,,,,,,Latteragh,Tipperary
"Monsea, Co.Tipperary, 22047",Monsea,Tipperary,22047,22047,,,138,292,1941,2371,1685,1880.8,,,,,,Monsea,Tipperary
"Nenagh Rural, Co.Tipperary, 22048",Nenagh Rural,Tipperary,22048,22048,,,978,357,3723,5058,1234,4155.1,,,,,,Nenagh Rural,Tipperary
"Newport, Co.Tipperary, 22049",Newport,Tipperary,22049,22049,,,365,555,1553,2473,360,1838.9,,,,,,Newport,Tipperary
"Templederry, Co.Tipperary, 22050",Templederry,Tipperary,22050,22050,,,327,338,1090,1755,443,1247,,,,,,Templederry,Tipperary
"Youghalarra, Co.Tipperary, 22051",Youghalarra,Tipperary,22051,22051,,,1171,739,3295,5205,1525,4034.1,,,,,,Youghalarra,Tipperary
"Borrisnafarney, Co.Tipperary, 22052",Borrisnafarney,Tipperary,22052,22052,,,749,967,2964,4680,877,3411.3,,,,,,Borrisnafarney,Tipperary
"Borrisnoe, Co.Tipperary, 22053",Borrisnoe,Tipperary,22053,22053,,,114,387,825,1326,360,1026.7,,,,,,Borrisnoe,Tipperary
"Bourney East, Co.Tipperary, 22054",Bourney East,Tipperary,22054,22054,,,672,460,2726,3858,360,2845.7,,,,,,Bourney East,Tipperary
"Bourney West, Co.Tipperary, 22055",Bourney West,Tipperary,22055,22055,,,581,672,2967,4220,739,3170.1,,,,,,Bourney West,Tipperary
"Killavinoge, Co.Tipperary, 22056",Killavinoge,Tipperary,22056,22056,,,1125,657,3290,5072,0,3657.8,,,,,,Killavinoge,Tipperary
"Killea, Co.Tipperary, 22057",Killea,Tipperary,22057,22057,,,422,644,3349,4415,861,3195.3,,,,,,Killea,Tipperary
"Rathnaveoge, Co.Tipperary, 22058",Rathnaveoge,Tipperary,22058,22058,,,411,641,2796,3848,1212,3384.2,,,,,,Rathnaveoge,Tipperary
"Roscrea, Co.Tipperary, 22059",Roscrea,Tipperary,22059,22059,,,296,685,4216,5197,1627,5175.2,,,,,,Roscrea,Tipperary
"Timoney, Co.Tipperary, 22060",Timoney,Tipperary,22060,22060,,,607,565,2464,3636,0,2629.1,,,,,,Timoney,Tipperary
"Ballycahill, Co.Tipperary, 22061",Ballycahill,Tipperary,22061,22061,,,825,519,3098,4442,464,3398.6,,,,,,Ballycahill,Tipperary
"Ballymurreen, Co.Tipperary, 22062",Ballymurreen,Tipperary,22062,22062,,,701,36,1305,2042,360,1547,,,,,,Ballymurreen,Tipperary
"Borrisoleigh, Co.Tipperary, 22063",Borrisoleigh,Tipperary,22063,22063,,,523,627,3014,4164,476,3144.2,,,,,,Borrisoleigh,Tipperary
"Drom, Co.Tipperary, 22064",Drom,Tipperary,22064,22064,,,1385,942,6927,9254,681,7040.6,,,,,,Drom,Tipperary
"Foilnaman, Co.Tipperary, 22065",Foilnaman,Tipperary,22065,22065,,,384,591,1544,2519,360,1753.9,,,,,,Foilnaman,Tipperary
"Glenkeen, Co.Tipperary, 22066",Glenkeen,Tipperary,22066,22066,,,774,908,3338,5020,2252,3806.1,,,,,,Glenkeen,Tipperary
"Gortkelly, Co.Tipperary, 22067",Gortkelly,Tipperary,22067,22067,,,521,1197,2635,4353,424,3017.5,,,,,,Gortkelly,Tipperary
"Holycross, Co.Tipperary, 22068",Holycross,Tipperary,22068,22068,,,1478,537,4422,6437,866,4951.6,,,,,,Holycross,Tipperary
"Inch, Co.Tipperary, 22069",Inch,Tipperary,22069,22069,,,539,174,1470,2183,360,1677.5,,,,,,Inch,Tipperary
"Kilrush, Co.Tipperary, 22070",Kilrush,Tipperary,22070,22070,,,779,657,3827,5263,360,3889.4,,,,,,Kilrush,Tipperary
"Littleton, Co.Tipperary, 22071",Littleton,Tipperary,22071,22071,,,798,433,3586,4817,452,3699.2,,,,,,Littleton,Tipperary
"Longfordpass, Co.Tipperary, 22072",Longfordpass,Tipperary,22072,22072,,,376,337,1648,2361,360,1815.4,,,,,,Longfordpass,Tipperary
"Loughmoe, Co.Tipperary, 22073",Loughmoe,Tipperary,22073,22073,,,1470,493,4380,6343,413,4674.4,,,,,,Loughmoe,Tipperary
"Moyaliff, Co.Tipperary, 22074",Moyaliff,Tipperary,22074,22074,,,259,767,2146,3172,432,2270.1,,,,,,Moyaliff,Tipperary
"Moycarky, Co.Tipperary, 22075",Moycarky,Tipperary,22075,22075,,,718,195,2003,2916,360,2358,,,,,,Moycarky,Tipperary
"Moyne, Co.Tipperary, 22076",Moyne,Tipperary,22076,22076,,,1402,544,4788,6734,306,5017.2,,,,,,Moyne,Tipperary
"Rahelty, Co.Tipperary, 22077",Rahelty,Tipperary,22077,22077,,,466,831,3426,4723,246,3398.3,,,,,,Rahelty,Tipperary
"Templetouhy, Co.Tipperary, 22078",Templetouhy,Tipperary,22078,22078,,,1472,774,4588,6834,700,5173.6,,,,,,Templetouhy,Tipperary
"Thurles Rural, Co.Tipperary, 22079",Thurles Rural,Tipperary,22079,22079,,,843,630,3720,5193,360,3878.2,,,,,,Thurles Rural,Tipperary
"Twomileborris, Co.Tipperary, 22080",Twomileborris,Tipperary,22080,22080,,,505,199,1735,2439,437,1794,,,,,,Twomileborris,Tipperary
"Upperchurch, Co.Tipperary, 22081",Upperchurch,Tipperary,22081,22081,,,149,859,2028,3036,272,2108.1,,,,,,Upperchurch,Tipperary
"Carrickbeg Urban, Co.Tipperary, 23082",Carrickbeg Urban,Tipperary,23082,23082,,,119,28,532,679,360,1113.2,,,,,,Carrickbeg Urban,Tipperary
"Carrick-on-Suir Urban, Co.Tipperary, 23083",Carrick-on-Suir Urban,Tipperary,23083,23083,,,0,33,148,181,360,92,,,,,,Carrick-on-Suir Urban,Tipperary
"Cashel Urban, Co.Tipperary, 23084",Cashel Urban,Tipperary,23084,23084,,,68,0,70,138,0,,,,,,,Cashel Urban,Tipperary
"Clonmel East Urban, Co.Tipperary, 23085",Clonmel East Urban,Tipperary,23085,23085,,,0,0,55,55,0,,,,,,,Clonmel East Urban,Tipperary
"Clonmel West Urban, Co.Tipperary, 23086",Clonmel West Urban,Tipperary,23086,23086,,,0,19,36,55,0,,,,,,,Clonmel West Urban,Tipperary
"Tipperary East Urban, Co.Tipperary, 23087",Tipperary East Urban,Tipperary,23087,23087,,,0,19,35,54,0,,,,,,,Tipperary East Urban,Tipperary
"Tipperary West Urban, Co.Tipperary, 23088",Tipperary West Urban,Tipperary,23088,23088,,,26,0,28,54,0,,,,,,,Tipperary West Urban,Tipperary
"Carrick-on-Suir Rural, Co.Tipperary, 23089",Carrick-on-Suir Rural,Tipperary,23089,23089,,,892,161,2433,3486,468,2617.2,,,,,,Carrick-on-Suir Rural,Tipperary
"Garrangibbon, Co.Tipperary, 23090",Garrangibbon,Tipperary,23090,23090,,,1107,873,3901,5881,2300,4666.1,,,,,,Garrangibbon,Tipperary
"Kilmurry, Co.Tipperary, 23091",Kilmurry,Tipperary,23091,23091,,,619,261,2023,2903,615,2376.7,,,,,,Kilmurry,Tipperary
"Newtown, Co.Tipperary, 23092",Newtown,Tipperary,23092,23092,,,716,592,2700,4008,410,2956,,,,,,Newtown,Tipperary
"Ardmayle, Co.Tipperary, 23093",Ardmayle,Tipperary,23093,23093,,,937,277,2153,3367,360,3083.3,,,,,,Ardmayle,Tipperary
"Ardsallagh, Co.Tipperary, 23094",Ardsallagh,Tipperary,23094,23094,,,714,250,2999,3963,233,3259.6,,,,,,Ardsallagh,Tipperary
"Ballysheehan, Co.Tipperary, 23095",Ballysheehan,Tipperary,23095,23095,,,656,234,2463,3353,543,2814,,,,,,Ballysheehan,Tipperary
"Cashel Rural, Co.Tipperary, 23096",Cashel Rural,Tipperary,23096,23096,,,1912,756,4525,7193,2063,5765.9,,,,,,Cashel Rural,Tipperary
"Clogher, Co.Tipperary, 23097",Clogher,Tipperary,23097,23097,,,376,480,1778,2634,0,1810.7,,,,,,Clogher,Tipperary
"Cloneen, Co.Tipperary, 23098",Cloneen,Tipperary,23098,23098,,,162,428,2024,2614,650,2042.8,,,,,,Cloneen,Tipperary
"Clonoulty East, Co.Tipperary, 23099",Clonoulty East,Tipperary,23099,23099,,,1236,247,2076,3559,0,2688.4,,,,,,Clonoulty East,Tipperary
"Clonoulty West, Co.Tipperary, 23100",Clonoulty West,Tipperary,23100,23100,,,1172,861,3845,5878,554,4266.2,,,,,,Clonoulty West,Tipperary
"Colman, Co.Tipperary, 23101",Colman,Tipperary,23101,23101,,,369,290,1974,2633,517,3861.4,,,,,,Colman,Tipperary
"Cooleagh, Co.Tipperary, 23102",Cooleagh,Tipperary,23102,23102,,,666,460,2954,4080,886,3071.7,,,,,,Cooleagh,Tipperary
"Drangan, Co.Tipperary, 23103",Drangan,Tipperary,23103,23103,,,1343,633,3834,5810,1451,4385,,,,,,Drangan,Tipperary
"Fethard, Co.Tipperary, 23104",Fethard,Tipperary,23104,23104,,,0,0,0,0,0,,,,,,,Fethard,Tipperary
"Gaile, Co.Tipperary, 23105",Gaile,Tipperary,23105,23105,,,968,243,1933,3144,360,2332,,,,,,Gaile,Tipperary
"Graigue, Co.Tipperary, 23106",Graigue,Tipperary,23106,23106,,,495,283,1868,2646,5852,2501.7,,,,,,Graigue,Tipperary
"Greystown, Co.Tipperary, 23107",Greystown,Tipperary,23107,23107,,,155,492,2205,2852,876,2251.7,,,,,,Greystown,Tipperary
"Killeenasteena, Co.Tipperary, 23108",Killeenasteena,Tipperary,23108,23108,,,1238,367,3290,4895,2677,5153,,,,,,Killeenasteena,Tipperary
"Killenaule, Co.Tipperary, 23109",Killenaule,Tipperary,23109,23109,,,532,381,1410,2323,649,1844.9,,,,,,Killenaule,Tipperary
"Kilpatrick, Co.Tipperary, 23110",Kilpatrick,Tipperary,23110,23110,,,1029,442,2663,4134,448,3168,,,,,,Kilpatrick,Tipperary
"Knockgraffon, Co.Tipperary, 23111",Knockgraffon,Tipperary,23111,23111,,,1224,680,4081,5985,2163,4610.2,,,,,,Knockgraffon,Tipperary
"Magorban, Co.Tipperary, 23112",Magorban,Tipperary,23112,23112,,,1085,364,4000,5449,607,4357.5,,,,,,Magorban,Tipperary
"Nodstown, Co.Tipperary, 23113",Nodstown,Tipperary,23113,23113,,,2127,400,4053,6580,572,4994.7,,,,,,Nodstown,Tipperary
"Oughterleague, Co.Tipperary, 23114",Oughterleague,Tipperary,23114,23114,,,1013,231,1876,3120,489,2457.9,,,,,,Oughterleague,Tipperary
"Peppardstown, Co.Tipperary, 23115",Peppardstown,Tipperary,23115,23115,,,1103,817,4767,6687,1308,5630.4,,,,,,Peppardstown,Tipperary
"Tullamain, Co.Tipperary, 23116",Tullamain,Tipperary,23116,23116,,,296,418,1552,2266,884,1731.1,,,,,,Tullamain,Tipperary
"Ardfinnan, Co.Tipperary, 23117",Ardfinnan,Tipperary,23117,23117,,,923,521,3222,4666,983,3495.3,,,,,,Ardfinnan,Tipperary
"Ballybacon, Co.Tipperary, 23118",Ballybacon,Tipperary,23118,23118,,,470,205,1321,1996,987,1557.4,,,,,,Ballybacon,Tipperary
"Ballyporeen, Co.Tipperary, 23119",Ballyporeen,Tipperary,23119,23119,,,1688,663,3664,6015,3378,4754.4,,,,,,Ballyporeen,Tipperary
"Burncourt, Co.Tipperary, 23120",Burncourt,Tipperary,23120,23120,,,824,246,2098,3168,1799,3847.4,,,,,,Burncourt,Tipperary
"Caher, Co.Tipperary, 23121",Caher,Tipperary,23121,23121,,,392,110,1373,1875,684,1549.9,,,,,,Caher,Tipperary
"Clogheen, Co.Tipperary, 23122",Clogheen,Tipperary,23122,23122,,,772,498,3679,4949,1303,6164.7,,,,,,Clogheen,Tipperary
"Coolagarranroe, Co.Tipperary, 23123",Coolagarranroe,Tipperary,23123,23123,,,622,402,1675,2699,6974,2670.1,,,,,,Coolagarranroe,Tipperary
"Derrygrath, Co.Tipperary, 23124",Derrygrath,Tipperary,23124,23124,,,723,230,3171,4124,711,3182.2,,,,,,Derrygrath,Tipperary
"Kilcommon, Co.Tipperary, 23125",Kilcommon,Tipperary,23125,23125,,,131,198,1044,1373,1925,1281.3,,,,,,Kilcommon,Tipperary
"Kilcoran, Co.Tipperary, 23126",Kilcoran,Tipperary,23126,23126,,,578,171,2383,3132,5781,2963.9,,,,,,Kilcoran,Tipperary
"Mortlestown, Co.Tipperary, 23127",Mortlestown,Tipperary,23127,23127,,,254,306,2008,2568,711,2012.2,,,,,,Mortlestown,Tipperary
"Newcastle, Co.Tipperary, 23128",Newcastle,Tipperary,23128,23128,,,768,334,1755,2857,5450,2605.7,,,,,,Newcastle,Tipperary
"Tubbrid, Co.Tipperary, 23129",Tubbrid,Tipperary,23129,23129,,,770,416,3247,4433,2635,3497.4,,,,,,Tubbrid,Tipperary
"Tullaghmelan, Co.Tipperary, 23130",Tullaghmelan,Tipperary,23130,23130,,,751,145,1713,2609,481,2067.6,,,,,,Tullaghmelan,Tipperary
"Tullaghorton, Co.Tipperary, 23131",Tullaghorton,Tipperary,23131,23131,,,486,338,1278,2102,2881,1882,,,,,,Tullaghorton,Tipperary
"Ballyclerahan, Co.Tipperary, 23132",Ballyclerahan,Tipperary,23132,23132,,,515,186,2155,2856,841,2215.5,,,,,,Ballyclerahan,Tipperary
"Clonmel Rural, Co.Tipperary, 23133",Clonmel Rural,Tipperary,23133,23133,,,388,200,1086,1674,360,1319.1,,,,,,Clonmel Rural,Tipperary
"Inishlounaght, Co.Tipperary, 23134",Inishlounaght,Tipperary,23134,23134,,,585,373,2398,3356,492,2510.3,,,,,,Inishlounaght,Tipperary
"Kilcash, Co.Tipperary, 23135",Kilcash,Tipperary,23135,23135,,,312,139,1242,1693,1956,1522,,,,,,Kilcash,Tipperary
"Kilsheelan / Killaloan, Co.Tipperary, 23137/23136",Kilsheelan / Killaloan,Tipperary,23137/23136,23137/23136,,,813,289,2731,3833,973,4122.7,,,,,,Kilsheelan / Killaloan,Tipperary
"Kiltinan, Co.Tipperary, 23138",Kiltinan,Tipperary,23138,23138,,,150,375,1146,1671,2629,1510.3,,,,,,Kiltinan,Tipperary
"Lisronagh, Co.Tipperary, 23139",Lisronagh,Tipperary,23139,23139,,,486,208,1162,1856,307,1440.3,,,,,,Lisronagh,Tipperary
"Anner, Co.Tipperary, 23140",Anner,Tipperary,23140,23140,,,919,470,2573,3962,720,2902.4,,,,,,Anner,Tipperary
"Ballingarry, Co.Tipperary, 23141",Ballingarry,Tipperary,23141,23141,,,1023,919,4255,6197,1208,7195,,,,,,Ballingarry,Tipperary
"Ballyphilip, Co.Tipperary, 23142",Ballyphilip,Tipperary,23142,23142,,,657,458,2417,3532,360,2619.2,,,,,,Ballyphilip,Tipperary
"Buolick, Co.Tipperary, 23143",Buolick,Tipperary,23143,23143,,,664,353,2041,3058,779,2368,,,,,,Buolick,Tipperary
"Crohane, Co.Tipperary, 23144",Crohane,Tipperary,23144,23144,,,535,296,2280,3111,594,2384.8,,,,,,Crohane,Tipperary
"Farranrory, Co.Tipperary, 23145",Farranrory,Tipperary,23145,23145,,,599,725,3334,4658,535,3316.5,,,,,,Farranrory,Tipperary
"Fennor, Co.Tipperary, 23146",Fennor,Tipperary,23146,23146,,,681,469,2609,3759,360,2881.3,,,,,,Fennor,Tipperary
"Kilcooly, Co.Tipperary, 23147",Kilcooly,Tipperary,23147,23147,,,724,338,2235,3297,360,2855.3,,,,,,Kilcooly,Tipperary
"Kilvemnon, Co.Tipperary, 23148",Kilvemnon,Tipperary,23148,23148,,,725,318,1610,2653,0,1915.1,,,,,,Kilvemnon,Tipperary
"Modeshil, Co.Tipperary, 23149",Modeshil,Tipperary,23149,23149,,,606,862,2506,3974,634,2870.8,,,,,,Modeshil,Tipperary
"Mullinahone, Co.Tipperary, 23150",Mullinahone,Tipperary,23150,23150,,,812,235,1820,2867,360,2218.6,,,,,,Mullinahone,Tipperary
"New Birmingham, Co.Tipperary, 23151",New Birmingham,Tipperary,23151,23151,,,166,549,1638,2353,1916,1846.8,,,,,,New Birmingham,Tipperary
"Poyntstown, Co.Tipperary, 23152",Poyntstown,Tipperary,23152,23152,,,151,463,1388,2002,360,1441.2,,,,,,Poyntstown,Tipperary
"Ballycarron, Co.Tipperary, 23153",Ballycarron,Tipperary,23153,23153,,,1058,498,2798,4354,960,3392.7,,,,,,Ballycarron,Tipperary
"Ballygriffin, Co.Tipperary, 23154",Ballygriffin,Tipperary,23154,23154,,,911,178,2431,3520,0,2692.9,,,,,,Ballygriffin,Tipperary
"Ballykisteen, Co.Tipperary, 23155",Ballykisteen,Tipperary,23155,23155,,,742,111,1063,1916,360,1971.1,,,,,,Ballykisteen,Tipperary
"Bansha, Co.Tipperary, 23156",Bansha,Tipperary,23156,23156,,,842,478,1861,3181,360,6777.7,,,,,,Bansha,Tipperary
"Bruis, Co.Tipperary, 23157",Bruis,Tipperary,23157,23157,,,668,170,1586,2424,360,1901.3,,,,,,Bruis,Tipperary
"Cappagh, Co.Tipperary, 23158",Cappagh,Tipperary,23158,23158,,,270,665,2425,3360,360,2294.5,,,,,,Cappagh,Tipperary
"Clonbeg, Co.Tipperary, 23159",Clonbeg,Tipperary,23159,23159,,,979,960,3035,4974,8553,7519.4,,,,,,Clonbeg,Tipperary
"Cullen, Co.Tipperary, 23160",Cullen,Tipperary,23160,23160,,,436,320,1232,1988,0,1462.7,,,,,,Cullen,Tipperary
"Curraheen, Co.Tipperary, 23161",Curraheen,Tipperary,23161,23161,,,655,389,1383,2427,0,1762.2,,,,,,Curraheen,Tipperary
"Donohill, Co.Tipperary, 23162",Donohill,Tipperary,23162,23162,,,763,495,2171,3429,0,2476.2,,,,,,Donohill,Tipperary
"Drumwood, Co.Tipperary, 23163",Drumwood,Tipperary,23163,23163,,,668,251,1600,2519,386,1869.3,,,,,,Drumwood,Tipperary
"Emly, Co.Tipperary, 23164",Emly,Tipperary,23164,23164,,,520,403,2342,3265,844,2556.9,,,,,,Emly,Tipperary
"Glengar, Co.Tipperary, 23165",Glengar,Tipperary,23165,23165,,,249,513,1140,1902,360,1320.8,,,,,,Glengar,Tipperary
"Golden, Co.Tipperary, 23166",Golden,Tipperary,23166,23166,,,478,315,2312,3105,485,2509.8,,,,,,Golden,Tipperary
"Kilfeakle, Co.Tipperary, 23167",Kilfeakle,Tipperary,23167,23167,,,877,396,2406,3679,467,2880.6,,,,,,Kilfeakle,Tipperary
"Killadriffe, Co.Tipperary, 23168",Killadriffe,Tipperary,23168,23168,,,441,241,1398,2080,316,1616,,,,,,Killadriffe,Tipperary
"Kilmucklin, Co.Tipperary, 23169",Kilmucklin,Tipperary,23169,23169,,,1383,431,2658,4472,360,3632.4,,,,,,Kilmucklin,Tipperary
"Lattin, Co.Tipperary, 23170",Lattin,Tipperary,23170,23170,,,618,303,1521,2442,0,1847.6,,,,,,Lattin,Tipperary
"Rathlynin, Co.Tipperary, 23171",Rathlynin,Tipperary,23171,23171,,,1335,176,2522,4033,360,3082.3,,,,,,Rathlynin,Tipperary
"Rodus, Co.Tipperary, 23172",Rodus,Tipperary,23172,23172,,,812,475,2241,3528,360,2745,,,,,,Rodus,Tipperary
"Shronell, Co.Tipperary, 23173",Shronell,Tipperary,23173,23173,,,901,494,2446,3841,360,2940.7,,,,,,Shronell,Tipperary
"Solloghodbeg, Co.Tipperary, 23174",Solloghodbeg,Tipperary,23174,23174,,,289,136,729,1154,0,930.5,,,,,,Solloghodbeg,Tipperary
"Templeneiry, Co.Tipperary, 23175",Templeneiry,Tipperary,23175,23175,,,475,596,2109,3180,3267,2600.8,,,,,,Templeneiry,Tipperary
"Thomastown, Co.Tipperary, 23176",Thomastown,Tipperary,23176,23176,,,991,454,2507,3952,0,3380.7,,,,,,Thomastown,Tipperary
"Tipperary Rural, Co.Tipperary, 23177",Tipperary Rural,Tipperary,23177,23177,,,1890,579,4176,6645,443,5024.8,,,,,,Tipperary Rural,Tipperary
"Ballybeg North, Co.Waterford, 24001",Ballybeg North,Waterford,24001,24001,,,0,19,70,89,0,,,,,,,Ballybeg North,Waterford
"Ballybeg South / Ballynaneashagh, Co.Waterford, 24002/24006",Ballybeg South / Ballynaneashagh,Waterford,24002/24006,24002/24006,,,44,0,45,89,320,,,,,,,Ballybeg South / Ballynaneashagh,Waterford
"Ballybricken West, Co.Waterford, 24003",Ballybricken West,Waterford,24003,24003,,,0,19,70,89,0,,,,,,,Ballybricken West,Waterford
"Ballymaclode, Co.Waterford, 24004",Ballymaclode,Waterford,24004,24004,,,0,0,0,0,0,0,,,,,,Ballymaclode,Waterford
"Ballynakill, Co.Waterford, 24005",Ballynakill,Waterford,24005,24005,,,0,0,0,0,0,,,,,,,Ballynakill,Waterford
"Ballytruckle, Co.Waterford, 24007",Ballytruckle,Waterford,24007,24007,,,44,0,45,89,0,,,,,,,Ballytruckle,Waterford
"Bilberry, Co.Waterford, 24008",Bilberry,Waterford,24008,24008,,,0,0,0,0,0,,,,,,,Bilberry,Waterford
"Centre A, Co.Waterford, 24009",Centre A,Waterford,24009,24009,,,0,0,0,0,0,,,,,,,Centre A,Waterford
"Centre B, Co.Waterford, 24010",Centre B,Waterford,24010,24010,,,0,0,0,0,0,,,,,,,Centre B,Waterford
"Cleaboy, Co.Waterford, 24011",Cleaboy,Waterford,24011,24011,,,0,0,0,0,0,,,,,,,Cleaboy,Waterford
"Custom House A, Co.Waterford, 24012",Custom House A,Waterford,24012,24012,,,0,0,0,0,0,,,,,,,Custom House A,Waterford
"Custom House B, Co.Waterford, 24013",Custom House B,Waterford,24013,24013,,,0,0,0,0,0,,,,,,,Custom House B,Waterford
"Farranshoneen, Co.Waterford, 24014",Farranshoneen,Waterford,24014,24014,,,44,0,45,89,0,,,,,,,Farranshoneen,Waterford
"Ferrybank, Co.Waterford, 24015",Ferrybank,Waterford,24015,24015,,,0,0,0,0,0,,,,,,,Ferrybank,Waterford
"Gracedieu, Co.Waterford, 24016",Gracedieu,Waterford,24016,24016,,,132,90,225,447,0,333.4,,,,,,Gracedieu,Waterford
"Grange North, Co.Waterford, 24017",Grange North,Waterford,24017,24017,,,0,0,0,0,0,,,,,,,Grange North,Waterford
"Grange South, Co.Waterford, 24018",Grange South,Waterford,24018,24018,,,43,0,45,88,0,,,,,,,Grange South,Waterford
"Grange Upper, Co.Waterford, 24019",Grange Upper,Waterford,24019,24019,,,0,0,0,0,0,,,,,,,Grange Upper,Waterford
"Kilbarry, Co.Waterford, 24020",Kilbarry,Waterford,24020,24020,,,0,19,69,88,0,,,,,,,Kilbarry,Waterford
"Kingsmeadow, Co.Waterford, 24021",Kingsmeadow,Waterford,24021,24021,,,0,0,0,0,0,,,,,,,Kingsmeadow,Waterford
"Larchville, Co.Waterford, 24022",Larchville,Waterford,24022,24022,,,0,0,0,0,0,,,,,,,Larchville,Waterford
"Lisduggan, Co.Waterford, 24023",Lisduggan,Waterford,24023,24023,,,0,0,0,0,0,,,,,,,Lisduggan,Waterford
"Military Road, Co.Waterford, 24024",Military Road,Waterford,24024,24024,,,0,0,0,0,0,,,,,,,Military Road,Waterford
"Morrisson's Avenue East, Co.Waterford, 24025",Morrisson's Avenue East,Waterford,24025,24025,,,0,0,0,0,0,,,,,,,Morrisson's Avenue East,Waterford
"Morrisson's Avenue West, Co.Waterford, 24026",Morrisson's Avenue West,Waterford,24026,24026,,,0,0,0,0,0,,,,,,,Morrisson's Avenue West,Waterford
"Morrisson's Road, Co.Waterford, 24027",Morrisson's Road,Waterford,24027,24027,,,0,0,0,0,0,,,,,,,Morrisson's Road,Waterford
"Mount Sion, Co.Waterford, 24028",Mount Sion,Waterford,24028,24028,,,0,0,0,0,0,,,,,,,Mount Sion,Waterford
"Newport's Square, Co.Waterford, 24029",Newport's Square,Waterford,24029,24029,,,0,0,0,0,0,,,,,,,Newport's Square,Waterford
"Newtown, Co.Waterford, 24030",Newtown,Waterford,24030,24030,,,0,0,0,0,0,,,,,,,Newtown,Waterford
"Park, Co.Waterford, 24031",Park,Waterford,24031,24031,,,0,0,0,0,0,,,,,,,Park,Waterford
"Poleberry, Co.Waterford, 24032",Poleberry,Waterford,24032,24032,,,0,0,0,0,0,,,,,,,Poleberry,Waterford
"Roanmore, Co.Waterford, 24033",Roanmore,Waterford,24033,24033,,,0,0,0,0,0,,,,,,,Roanmore,Waterford
"Shortcourse, Co.Waterford, 24034",Shortcourse,Waterford,24034,24034,,,0,0,0,0,0,,,,,,,Shortcourse,Waterford
"Slievekeale, Co.Waterford, 24035",Slievekeale,Waterford,24035,24035,,,0,0,0,0,0,,,,,,,Slievekeale,Waterford
"The Glen, Co.Waterford, 24036",The Glen,Waterford,24036,24036,,,0,0,0,0,0,,,,,,,The Glen,Waterford
"Ticor North, Co.Waterford, 24037",Ticor North,Waterford,24037,24037,,,0,0,0,0,0,,,,,,,Ticor North,Waterford
"Ticor South, Co.Waterford, 24038",Ticor South,Waterford,24038,24038,,,0,0,0,0,0,,,,,,,Ticor South,Waterford
"Dungarvan No. 1 Urban, Co.Waterford, 25001",Dungarvan No. 1 Urban,Waterford,25001,25001,,,210,0,764,974,0,,,,,,,Dungarvan No. 1 Urban,Waterford
"Dungarvan No. 2 Urban, Co.Waterford, 25002",Dungarvan No. 2 Urban,Waterford,25002,25002,,,0,19,69,88,320,,,,,,,Dungarvan No. 2 Urban,Waterford
"Ballydurn, Co.Waterford, 25003",Ballydurn,Waterford,25003,25003,,,647,349,1604,2600,3902,2297.1,,,,,,Ballydurn,Waterford
"Carrickbeg Rural, Co.Waterford, 25004",Carrickbeg Rural,Waterford,25004,25004,,,664,233,1207,2104,320,1572.1,,,,,,Carrickbeg Rural,Waterford
"Clonea, Co.Waterford, 25005",Clonea,Waterford,25005,25005,,,1274,498,3077,4849,320,3509.2,,,,,,Clonea,Waterford
"Fenoagh, Co.Waterford, 25006",Fenoagh,Waterford,25006,25006,,,735,91,1407,2233,447,5128.3,,,,,,Fenoagh,Waterford
"Glen, Co.Waterford, 25007",Glen,Waterford,25007,25007,,,1680,384,4238,6302,662,4738.1,,,,,,Glen,Waterford
"Kilmeadan, Co.Waterford, 25008",Kilmeadan,Waterford,25008,25008,,,678,519,2138,3335,0,2416.7,,,,,,Kilmeadan,Waterford
"Mothel, Co.Waterford, 25009",Mothel,Waterford,25009,25009,,,977,289,2449,3715,430,2787,,,,,,Mothel,Waterford
"Portlaw, Co.Waterford, 25010",Portlaw,Waterford,25010,25010,,,264,270,788,1322,1241,1254,,,,,,Portlaw,Waterford
"Rathgormuck, Co.Waterford, 25011",Rathgormuck,Waterford,25011,25011,,,755,264,2280,3299,8603,3187.9,,,,,,Rathgormuck,Waterford
"Ross, Co.Waterford, 25012",Ross,Waterford,25012,25012,,,926,306,2339,3571,760,2754.8,,,,,,Ross,Waterford
"Ballymacarbry, Co.Waterford, 25013",Ballymacarbry,Waterford,25013,25013,,,726,304,1713,2743,357,2579,,,,,,Ballymacarbry,Waterford
"Graignagower, Co.Waterford, 25014",Graignagower,Waterford,25014,25014,,,850,743,2769,4362,3119,4607.4,,,,,,Graignagower,Waterford
"Gurteen, Co.Waterford, 25015",Gurteen,Waterford,25015,25015,,,820,366,1854,3040,6275,4349.3,,,,,,Gurteen,Waterford
"Kilmacomma, Co.Waterford, 25016",Kilmacomma,Waterford,25016,25016,,,207,88,472,767,411,668,,,,,,Kilmacomma,Waterford
"Kilronan, Co.Waterford, 25017",Kilronan,Waterford,25017,25017,,,208,154,564,926,320,760,,,,,,Kilronan,Waterford
"St. Mary's, Co.Waterford, 25018",St. Mary's,Waterford,25018,25018,,,0,222,518,740,5781,1110.3,,,,,,St. Mary's,Waterford
"Aird Mhór, Co.Waterford, 25019",Aird Mhór,Waterford,25019,25019,,,494,289,1626,2409,320,1764.8,,,,,,Aird Mhór,Waterford
"Baile Mhac Airt, Co.Waterford, 25020",Baile Mhac Airt,Waterford,25020,25020,,,648,706,2713,4067,1068,4335.4,,,,,,Baile Mhac Airt,Waterford
"Bohadoon, Co.Waterford, 25021",Bohadoon,Waterford,25021,25021,,,1078,241,2164,3483,1869,2758,,,,,,Bohadoon,Waterford
"Cappagh, Co.Waterford, 25022",Cappagh,Waterford,25022,25022,,,1028,314,1451,2793,320,2250.3,,,,,,Cappagh,Waterford
"Carriglea, Co.Waterford, 25023",Carriglea,Waterford,25023,25023,,,827,361,2449,3637,504,2867.7,,,,,,Carriglea,Waterford
"Clonea, Co.Waterford, 25024",Clonea,Waterford,25024,25024,,,677,350,1608,2635,412,2033.6,,,,,,Clonea,Waterford
"Colligan, Co.Waterford, 25025",Colligan,Waterford,25025,25025,,,1221,441,2435,4097,279,3170.6,,,,,,Colligan,Waterford
"Coumaraglin, Co.Waterford, 25026",Coumaraglin,Waterford,25026,25026,,,535,192,1079,1806,6704,2043.9,,,,,,Coumaraglin,Waterford
"Dromana, Co.Waterford, 25027",Dromana,Waterford,25027,25027,,,610,188,1075,1873,0,1852.5,,,,,,Dromana,Waterford
"Dromore, Co.Waterford, 25028",Dromore,Waterford,25028,25028,,,458,448,1854,2760,428,2177.5,,,,,,Dromore,Waterford
"Dungarvan Rural, Co.Waterford, 25029",Dungarvan Rural,Waterford,25029,25029,,,1124,216,1861,3201,453,3234.6,,,,,,Dungarvan Rural,Waterford
"Keereen, Co.Waterford, 25030",Keereen,Waterford,25030,25030,,,282,203,1153,1638,320,1850.9,,,,,,Keereen,Waterford
"Knockaunbrandaun, Co.Waterford, 25031",Knockaunbrandaun,Waterford,25031,25031,,,215,366,909,1490,7099,1746.7,,,,,,Knockaunbrandaun,Waterford
"Modelligo, Co.Waterford, 25032",Modelligo,Waterford,25032,25032,,,1237,311,2557,4105,320,3105,,,,,,Modelligo,Waterford
"Mountstuart, Co.Waterford, 25033",Mountstuart,Waterford,25033,25033,,,257,340,1333,1930,696,1446.6,,,,,,Mountstuart,Waterford
"An Rinn, Co.Waterford, 25034",An Rinn,Waterford,25034,25034,,,1157,602,2922,4681,483,3503.2,,,,,,An Rinn,Waterford
"Seskinan, Co.Waterford, 25035",Seskinan,Waterford,25035,25035,,,634,340,1677,2651,2735,2251.1,,,,,,Seskinan,Waterford
"Whitechurch, Co.Waterford, 25036",Whitechurch,Waterford,25036,25036,,,948,91,1047,2086,320,3662.6,,,,,,Whitechurch,Waterford
"Annestown, Co.Waterford, 25037",Annestown,Waterford,25037,25037,,,524,684,2319,3527,725,3526.7,,,,,,Annestown,Waterford
"Ballylaneen, Co.Waterford, 25038",Ballylaneen,Waterford,25038,25038,,,640,248,1671,2559,320,1917.2,,,,,,Ballylaneen,Waterford
"Carrigcastle, Co.Waterford, 25039",Carrigcastle,Waterford,25039,25039,,,233,218,729,1180,320,842.2,,,,,,Carrigcastle,Waterford
"Comeragh, Co.Waterford, 25040",Comeragh,Waterford,25040,25040,,,598,317,1631,2546,4716,2302.2,,,,,,Comeragh,Waterford
"Dunhill, Co.Waterford, 25041",Dunhill,Waterford,25041,25041,,,352,308,1317,1977,320,1452.7,,,,,,Dunhill,Waterford
"Fews, Co.Waterford, 25042",Fews,Waterford,25042,25042,,,525,401,1708,2634,1520,2050.8,,,,,,Fews,Waterford
"Fox's Castle, Co.Waterford, 25043",Fox's Castle,Waterford,25043,25043,,,836,577,2309,3722,1598,2962.4,,,,,,Fox's Castle,Waterford
"Gardenmorris, Co.Waterford, 25044",Gardenmorris,Waterford,25044,25044,,,518,222,1801,2541,320,1895.7,,,,,,Gardenmorris,Waterford
"Georgestown, Co.Waterford, 25045",Georgestown,Waterford,25045,25045,,,222,90,896,1208,320,981.8,,,,,,Georgestown,Waterford
"Kilbarrymeaden, Co.Waterford, 25046",Kilbarrymeaden,Waterford,25046,25046,,,230,298,1541,2069,0,1503.1,,,,,,Kilbarrymeaden,Waterford
"Kilmacthomas, Co.Waterford, 25047",Kilmacthomas,Waterford,25047,25047,,,731,745,3220,4696,527,3404.9,,,,,,Kilmacthomas,Waterford
"Knockmahon, Co.Waterford, 25048",Knockmahon,Waterford,25048,25048,,,479,393,1599,2471,391,1831.1,,,,,,Knockmahon,Waterford
"Mountkennedy, Co.Waterford, 25049",Mountkennedy,Waterford,25049,25049,,,181,556,1552,2289,1974,1766.3,,,,,,Mountkennedy,Waterford
"Newtown, Co.Waterford, 25050",Newtown,Waterford,25050,25050,,,728,380,2663,3771,320,2937.7,,,,,,Newtown,Waterford
"Stradbally, Co.Waterford, 25051",Stradbally,Waterford,25051,25051,,,311,424,1505,2240,518,1688.3,,,,,,Stradbally,Waterford
"Tinnasaggart, Co.Waterford, 25052",Tinnasaggart,Waterford,25052,25052,,,220,30,423,673,730,938.8,,,,,,Tinnasaggart,Waterford
"Ballyduff, Co.Waterford, 25053",Ballyduff,Waterford,25053,25053,,,501,169,1451,2121,0,1582.1,,,,,,Ballyduff,Waterford
"Ballyhane, Co.Waterford, 25054",Ballyhane,Waterford,25054,25054,,,502,218,1443,2163,337,2599.8,,,,,,Ballyhane,Waterford
"Ballyin, Co.Waterford, 25055",Ballyin,Waterford,25055,25055,,,877,787,2341,4005,5607,4064.4,,,,,,Ballyin,Waterford
"Ballynamult, Co.Waterford, 25056",Ballynamult,Waterford,25056,25056,,,585,474,1775,2834,783,2470.3,,,,,,Ballynamult,Waterford
"Ballysaggartmore, Co.Waterford, 25057",Ballysaggartmore,Waterford,25057,25057,,,602,675,2726,4003,1612,3015.7,,,,,,Ballysaggartmore,Waterford
"Cappoquin, Co.Waterford, 25058",Cappoquin,Waterford,25058,25058,,,1459,515,2386,4360,1943,4806.9,,,,,,Cappoquin,Waterford
"Castlerichard, Co.Waterford, 25059",Castlerichard,Waterford,25059,25059,,,1070,637,3398,5105,1582,3994.6,,,,,,Castlerichard,Waterford
"Drumroe, Co.Waterford, 25060",Drumroe,Waterford,25060,25060,,,403,220,1476,2099,129,2265.7,,,,,,Drumroe,Waterford
"Gortnapeaky, Co.Waterford, 25061",Gortnapeaky,Waterford,25061,25061,,,236,141,628,1005,399,766.4,,,,,,Gortnapeaky,Waterford
"Kilcockan, Co.Waterford, 25062",Kilcockan,Waterford,25062,25062,,,370,495,1498,2363,434,1749.3,,,,,,Kilcockan,Waterford
"Kilwatermoy East, Co.Waterford, 25063",Kilwatermoy East,Waterford,25063,25063,,,1123,137,1382,2642,319,2078.1,,,,,,Kilwatermoy East,Waterford
"Kilwatermoy West, Co.Waterford, 25064",Kilwatermoy West,Waterford,25064,25064,,,299,128,997,1424,319,1088.4,,,,,,Kilwatermoy West,Waterford
"Lismore Rural, Co.Waterford, 25065",Lismore Rural,Waterford,25065,25065,,,547,508,2285,3340,1521,2605.2,,,,,,Lismore Rural,Waterford
"Lismore Urban, Co.Waterford, 25066",Lismore Urban,Waterford,25066,25066,,,0,19,69,88,0,,,,,,,Lismore Urban,Waterford
"Mocollop, Co.Waterford, 25067",Mocollop,Waterford,25067,25067,,,937,425,2532,3894,399,2858,,,,,,Mocollop,Waterford
"Modelligo, Co.Waterford, 25068",Modelligo,Waterford,25068,25068,,,1055,306,1614,2975,319,3845.6,,,,,,Modelligo,Waterford
"Tallow, Co.Waterford, 25069",Tallow,Waterford,25069,25069,,,1205,159,2116,3480,497,2854,,,,,,Tallow,Waterford
"Ballynakill (Part Rural), Co.Waterford, 25070",Ballynakill (Part Rural),Waterford,25070,25070,,,249,178,1077,1504,0,1120.1,,,,,,Ballynakill (Part Rural),Waterford
"Drumcannon, Co.Waterford, 25071",Drumcannon,Waterford,25071,25071,,,234,286,926,1446,0,1031.6,,,,,,Drumcannon,Waterford
"Faithlegg (Part Rural), Co.Waterford, 25072",Faithlegg (Part Rural),Waterford,25072,25072,,,777,452,2045,3274,319,2454.9,,,,,,Faithlegg (Part Rural),Waterford
"Islandikane, Co.Waterford, 25073",Islandikane,Waterford,25073,25073,,,853,547,2072,3472,462,2624.6,,,,,,Islandikane,Waterford
"Kilbarry (Part Rural), Co.Waterford, 25074",Kilbarry (Part Rural),Waterford,25074,25074,,,191,58,326,575,319,538.3,,,,,,Kilbarry (Part Rural),Waterford
"Killea, Co.Waterford, 25075",Killea,Waterford,25075,25075,,,386,145,927,1458,486,1091.1,,,,,,Killea,Waterford
"Killoteran, Co.Waterford, 25076",Killoteran,Waterford,25076,25076,,,629,196,1162,1987,0,1525,,,,,,Killoteran,Waterford
"Kilmacleague, Co.Waterford, 25077",Kilmacleague,Waterford,25077,25077,,,595,303,1663,2561,0,1902.9,,,,,,Kilmacleague,Waterford
"Kilmeadan, Co.Waterford, 25078",Kilmeadan,Waterford,25078,25078,,,457,381,1823,2661,319,2017,,,,,,Kilmeadan,Waterford
"Newcastle, Co.Waterford, 25079",Newcastle,Waterford,25079,25079,,,723,288,1606,2617,0,1966.9,,,,,,Newcastle,Waterford
"Pembrokestown, Co.Waterford, 25080",Pembrokestown,Waterford,25080,25080,,,422,232,1142,1796,319,1392.8,,,,,,Pembrokestown,Waterford
"Rathmoylan, Co.Waterford, 25081",Rathmoylan,Waterford,25081,25081,,,723,238,1593,2554,319,1942.2,,,,,,Rathmoylan,Waterford
"Reisk, Co.Waterford, 25082",Reisk,Waterford,25082,25082,,,650,448,2341,3439,0,9177.8,,,,,,Reisk,Waterford
"Tramore, Co.Waterford, 25083",Tramore,Waterford,25083,25083,,,227,142,1240,1609,319,4713.6,,,,,,Tramore,Waterford
"Woodstown, Co.Waterford, 25084",Woodstown,Waterford,25084,25084,,,349,499,1613,2461,492,1799.1,,,,,,Woodstown,Waterford
"Ardmore, Co.Waterford, 25085",Ardmore,Waterford,25085,25085,,,268,100,1252,1620,547,3174.3,,,,,,Ardmore,Waterford
"Ballyheeny, Co.Waterford, 25086",Ballyheeny,Waterford,25086,25086,,,384,281,1241,1906,481,1419.5,,,,,,Ballyheeny,Waterford
"Clashmore, Co.Waterford, 25087",Clashmore,Waterford,25087,25087,,,810,338,2396,3544,319,2688.6,,,,,,Clashmore,Waterford
"Glenwilliam, Co.Waterford, 25088",Glenwilliam,Waterford,25088,25088,,,258,285,1110,1653,451,1210.5,,,,,,Glenwilliam,Waterford
"Grallagh, Co.Waterford, 25089",Grallagh,Waterford,25089,25089,,,641,451,2085,3177,617,2333.3,,,,,,Grallagh,Waterford
"Grange, Co.Waterford, 25090",Grange,Waterford,25090,25090,,,662,227,1911,2800,449,2503.3,,,,,,Grange,Waterford
"Kinsalebeg, Co.Waterford, 25091",Kinsalebeg,Waterford,25091,25091,,,458,216,1441,2115,842,1897.9,,,,,,Kinsalebeg,Waterford
"Templemichael, Co.Waterford, 25092",Templemichael,Waterford,25092,25092,,,1132,390,2656,4178,482,3120.7,,,,,,Templemichael,Waterford
"Athlone East Urban, Co.Westmeath, 13001",Athlone East Urban,Westmeath,13001,13001,,,0,34,23,57,0,,,,,,,Athlone East Urban,Westmeath
"Athlone West Urban, Co.Westmeath, 13002",Athlone West Urban,Westmeath,13002,13002,,,0,33,23,56,0,,,,,,,Athlone West Urban,Westmeath
"Athlone East Rural, Co.Westmeath, 13003",Athlone East Rural,Westmeath,13003,13003,,,88,103,195,386,302,284.9,,,,,,Athlone East Rural,Westmeath
"Auburn, Co.Westmeath, 13004",Auburn,Westmeath,13004,13004,,,214,588,2109,2911,1043,2298.7,,,,,,Auburn,Westmeath
"Ballybroder, Co.Westmeath, 13005",Ballybroder,Westmeath,13005,13005,,,366,217,1115,1698,309,1316.9,,,,,,Ballybroder,Westmeath
"Bellanalack, Co.Westmeath, 13006",Bellanalack,Westmeath,13006,13006,,,329,386,1372,2087,765,1657.5,,,,,,Bellanalack,Westmeath
"Carn, Co.Westmeath, 13007",Carn,Westmeath,13007,13007,,,147,463,1449,2059,256,1495,,,,,,Carn,Westmeath
"Castledaly, Co.Westmeath, 13008",Castledaly,Westmeath,13008,13008,,,158,519,2433,3110,2174,2501.1,,,,,,Castledaly,Westmeath
"Glassan, Co.Westmeath, 13009",Glassan,Westmeath,13009,13009,,,0,216,512,728,898,665.7,,,,,,Glassan,Westmeath
"Kilcumreragh, Co.Westmeath, 13010",Kilcumreragh,Westmeath,13010,13010,,,203,552,2216,2971,382,2180.1,,,,,,Kilcumreragh,Westmeath
"Killinure, Co.Westmeath, 13011",Killinure,Westmeath,13011,13011,,,147,120,817,1084,922,959.4,,,,,,Killinure,Westmeath
"Moate, Co.Westmeath, 13012",Moate,Westmeath,13012,13012,,,144,301,1686,2131,375,1580.9,,,,,,Moate,Westmeath
"Mount Temple, Co.Westmeath, 13013",Mount Temple,Westmeath,13013,13013,,,149,414,1801,2364,715,1816.5,,,,,,Mount Temple,Westmeath
"Moydrum, Co.Westmeath, 13014",Moydrum,Westmeath,13014,13014,,,122,172,576,870,352,682.7,,,,,,Moydrum,Westmeath
"Muckanagh, Co.Westmeath, 13015",Muckanagh,Westmeath,13015,13015,,,0,290,843,1133,619,893.7,,,,,,Muckanagh,Westmeath
"Tubbrit, Co.Westmeath, 13016",Tubbrit,Westmeath,13016,13016,,,489,436,2473,3398,332,2562.2,,,,,,Tubbrit,Westmeath
"Umma, Co.Westmeath, 13017",Umma,Westmeath,13017,13017,,,640,409,1961,3010,647,2320.7,,,,,,Umma,Westmeath
"Ardnagragh, Co.Westmeath, 13018",Ardnagragh,Westmeath,13018,13018,,,194,499,1975,2668,1076,2068.7,,,,,,Ardnagragh,Westmeath
"Ballymore, Co.Westmeath, 13019",Ballymore,Westmeath,13019,13019,,,153,719,2176,3048,1352,2363.6,,,,,,Ballymore,Westmeath
"Doonis, Co.Westmeath, 13020",Doonis,Westmeath,13020,13020,,,0,620,1437,2057,777,1507,,,,,,Doonis,Westmeath
"Drumraney, Co.Westmeath, 13021",Drumraney,Westmeath,13021,13021,,,0,350,1122,1472,727,1161.2,,,,,,Drumraney,Westmeath
"Noughaval, Co.Westmeath, 13022",Noughaval,Westmeath,13022,13022,,,0,444,1686,2130,1211,1667.8,,,,,,Noughaval,Westmeath
"Piercetown, Co.Westmeath, 13023",Piercetown,Westmeath,13023,13023,,,138,213,415,766,350,608.6,,,,,,Piercetown,Westmeath
"Templepatrick, Co.Westmeath, 13024",Templepatrick,Westmeath,13024,13024,,,134,410,1028,1572,476,1118.4,,,,,,Templepatrick,Westmeath
"Winetown, Co.Westmeath, 13025",Winetown,Westmeath,13025,13025,,,175,317,1951,2443,755,1809.3,,,,,,Winetown,Westmeath
"Boherquill, Co.Westmeath, 13026",Boherquill,Westmeath,13026,13026,,,0,295,813,1108,1655,941.6,,,,,,Boherquill,Westmeath
"Coole, Co.Westmeath, 13027",Coole,Westmeath,13027,13027,,,152,151,825,1128,326,837.2,,,,,,Coole,Westmeath
"Coolure, Co.Westmeath, 13028",Coolure,Westmeath,13028,13028,,,180,432,1584,2196,1419,1821.9,,,,,,Coolure,Westmeath
"Finnea, Co.Westmeath, 13029",Finnea,Westmeath,13029,13029,,,115,610,1244,1969,825,1481.4,,,,,,Finnea,Westmeath
"Glore, Co.Westmeath, 13030",Glore,Westmeath,13030,13030,,,153,337,813,1303,2847,1191.2,,,,,,Glore,Westmeath
"Knockarrow, Co.Westmeath, 13031",Knockarrow,Westmeath,13031,13031,,,159,394,906,1459,2210,1218.8,,,,,,Knockarrow,Westmeath
"Rathowen, Co.Westmeath, 13032",Rathowen,Westmeath,13032,13032,,,162,526,882,1570,1931,1253.1,,,,,,Rathowen,Westmeath
"Street, Co.Westmeath, 13033",Street,Westmeath,13033,13033,,,153,788,1622,2563,2270,1987.9,,,,,,Street,Westmeath
"Ballinlough, Co.Westmeath, 13034",Ballinlough,Westmeath,13034,13034,,,208,104,1420,1732,423,1268.3,,,,,,Ballinlough,Westmeath
"Ballyhealy, Co.Westmeath, 13035",Ballyhealy,Westmeath,13035,13035,,,243,160,1246,1649,390,1246.8,,,,,,Ballyhealy,Westmeath
"Ballynaskeagh, Co.Westmeath, 13036",Ballynaskeagh,Westmeath,13036,13036,,,202,743,1988,2933,442,2231,,,,,,Ballynaskeagh,Westmeath
"Bracklin, Co.Westmeath, 13037",Bracklin,Westmeath,13037,13037,,,149,196,805,1150,2247,1030.8,,,,,,Bracklin,Westmeath
"Clonarney, Co.Westmeath, 13038",Clonarney,Westmeath,13038,13038,,,179,663,2348,3190,1374,2374,,,,,,Clonarney,Westmeath
"Collinstown, Co.Westmeath, 13039",Collinstown,Westmeath,13039,13039,,,0,198,817,1015,1374,1911.8,,,,,,Collinstown,Westmeath
"Copperalley, Co.Westmeath, 13040",Copperalley,Westmeath,13040,13040,,,426,179,1461,2066,1239,1725.3,,,,,,Copperalley,Westmeath
"Delvin, Co.Westmeath, 13041",Delvin,Westmeath,13041,13041,,,155,271,919,1345,1216,1039.9,,,,,,Delvin,Westmeath
"Faughalstown, Co.Westmeath, 13042",Faughalstown,Westmeath,13042,13042,,,0,369,1257,1626,1289,2917.8,,,,,,Faughalstown,Westmeath
"Fore East, Co.Westmeath, 13043",Fore East,Westmeath,13043,13043,,,171,302,1406,1879,2211,1595,,,,,,Fore East,Westmeath
"Fore West, Co.Westmeath, 13044",Fore West,Westmeath,13044,13044,,,177,480,1424,2081,2791,1719,,,,,,Fore West,Westmeath
"Hilltown, Co.Westmeath, 13045",Hilltown,Westmeath,13045,13045,,,182,662,2031,2875,1120,10220.9,,,,,,Hilltown,Westmeath
"Kilcumny, Co.Westmeath, 13046",Kilcumny,Westmeath,13046,13046,,,141,152,582,875,327,743.7,,,,,,Kilcumny,Westmeath
"Killua, Co.Westmeath, 13047",Killua,Westmeath,13047,13047,,,145,406,1658,2209,1234,1731.1,,,,,,Killua,Westmeath
"Killulagh, Co.Westmeath, 13048",Killulagh,Westmeath,13048,13048,,,203,739,2043,2985,1758,2296.2,,,,,,Killulagh,Westmeath
"Kilpatrick, Co.Westmeath, 13049",Kilpatrick,Westmeath,13049,13049,,,172,438,1313,1923,5257,1942.9,,,,,,Kilpatrick,Westmeath
"Kinturk, Co.Westmeath, 13050",Kinturk,Westmeath,13050,13050,,,134,159,769,1062,773,1534,,,,,,Kinturk,Westmeath
"Riverdale, Co.Westmeath, 13051",Riverdale,Westmeath,13051,13051,,,333,463,1494,2290,729,1746.1,,,,,,Riverdale,Westmeath
"Rosmead, Co.Westmeath, 13052",Rosmead,Westmeath,13052,13052,,,0,299,1081,1380,2071,1151.3,,,,,,Rosmead,Westmeath
"Ardnaglew, Co.Westmeath, 13053",Ardnaglew,Westmeath,13053,13053,,,0,197,897,1094,1533,909.1,,,,,,Ardnaglew,Westmeath
"Ballinalack / Lackan, Co.Westmeath, 13054/13085",Ballinalack / Lackan,Westmeath,13054/13085,13054/13085,,,187,626,1603,2416,1600,1915.9,,,,,,Ballinalack / Lackan,Westmeath
"Ballykilmore, Co.Westmeath, 13055",Ballykilmore,Westmeath,13055,13055,,,142,367,1398,1907,1564,1623.2,,,,,,Ballykilmore,Westmeath
"Ballymorin, Co.Westmeath, 13056",Ballymorin,Westmeath,13056,13056,,,148,658,1313,2119,2329,1760.4,,,,,,Ballymorin,Westmeath
"Ballynagore, Co.Westmeath, 13057",Ballynagore,Westmeath,13057,13057,,,269,618,1915,2802,633,2126,,,,,,Ballynagore,Westmeath
"Belvidere, Co.Westmeath, 13058",Belvidere,Westmeath,13058,13058,,,0,349,874,1223,485,917.9,,,,,,Belvidere,Westmeath
"Carrick, Co.Westmeath, 13059",Carrick,Westmeath,13059,13059,,,184,554,1577,2315,682,1737,,,,,,Carrick,Westmeath
"Castle, Co.Westmeath, 13060",Castle,Westmeath,13060,13060,,,156,188,1011,1355,276,1025.3,,,,,,Castle,Westmeath
"Castlelost, Co.Westmeath, 13061",Castlelost,Westmeath,13061,13061,,,179,443,1521,2143,317,1585.6,,,,,,Castlelost,Westmeath
"Castletown, Co.Westmeath, 13062",Castletown,Westmeath,13062,13062,,,696,548,2378,3622,1493,4200,,,,,,Castletown,Westmeath
"Churchtown, Co.Westmeath, 13063",Churchtown,Westmeath,13063,13063,,,147,1139,1948,3234,731,2679.1,,,,,,Churchtown,Westmeath
"Cloghan, Co.Westmeath, 13064",Cloghan,Westmeath,13064,13064,,,154,234,951,1339,635,2036.8,,,,,,Cloghan,Westmeath
"Clonfad, Co.Westmeath, 13065",Clonfad,Westmeath,13065,13065,,,143,263,1512,1918,150,1415,,,,,,Clonfad,Westmeath
"Clonlost, Co.Westmeath, 13066",Clonlost,Westmeath,13066,13066,,,137,844,2178,3159,957,2335.1,,,,,,Clonlost,Westmeath
"Derrymore, Co.Westmeath, 13067",Derrymore,Westmeath,13067,13067,,,141,171,801,1113,349,2918.3,,,,,,Derrymore,Westmeath
"Dysart, Co.Westmeath, 13068",Dysart,Westmeath,13068,13068,,,0,644,1814,2458,1699,1848.3,,,,,,Dysart,Westmeath
"Emper, Co.Westmeath, 13069",Emper,Westmeath,13069,13069,,,138,770,2061,2969,2645,2449.3,,,,,,Emper,Westmeath
"Enniscoffey, Co.Westmeath, 13070",Enniscoffey,Westmeath,13070,13070,,,142,304,1304,1750,1082,1450.1,,,,,,Enniscoffey,Westmeath
"Gaybrook, Co.Westmeath, 13071",Gaybrook,Westmeath,13071,13071,,,0,416,1140,1556,336,1158.5,,,,,,Gaybrook,Westmeath
"Glenlough, Co.Westmeath, 13072",Glenlough,Westmeath,13072,13072,,,0,264,1302,1566,1122,1333.8,,,,,,Glenlough,Westmeath
"Greenpark, Co.Westmeath, 13073",Greenpark,Westmeath,13073,13073,,,126,325,1547,1998,3164,1848.6,,,,,,Greenpark,Westmeath
"Griffinstown, Co.Westmeath, 13074",Griffinstown,Westmeath,13074,13074,,,286,562,3064,3912,2162,3222.8,,,,,,Griffinstown,Westmeath
"Heathstown, Co.Westmeath, 13075",Heathstown,Westmeath,13075,13075,,,129,265,984,1378,1036,1082.7,,,,,,Heathstown,Westmeath
"Hopestown, Co.Westmeath, 13076",Hopestown,Westmeath,13076,13076,,,325,316,1434,2075,300,1617.8,,,,,,Hopestown,Westmeath
"Huntingdon, Co.Westmeath, 13077",Huntingdon,Westmeath,13077,13077,,,115,752,1787,2654,966,1950.3,,,,,,Huntingdon,Westmeath
"Jamestown, Co.Westmeath, 13078",Jamestown,Westmeath,13078,13078,,,413,377,1609,2399,957,1871,,,,,,Jamestown,Westmeath
"Kilbeggan, Co.Westmeath, 13079",Kilbeggan,Westmeath,13079,13079,,,127,362,1792,2281,558,1726.7,,,,,,Kilbeggan,Westmeath
"Kilbixy, Co.Westmeath, 13080",Kilbixy,Westmeath,13080,13080,,,330,632,2236,3198,568,2350.9,,,,,,Kilbixy,Westmeath
"Killare, Co.Westmeath, 13081",Killare,Westmeath,13081,13081,,,264,1173,2630,4067,1242,2970.2,,,,,,Killare,Westmeath
"Killucan, Co.Westmeath, 13082",Killucan,Westmeath,13082,13082,,,132,342,1286,1760,1330,1601.1,,,,,,Killucan,Westmeath
"Kinnegad, Co.Westmeath, 13083",Kinnegad,Westmeath,13083,13083,,,168,90,1506,1764,389,1432.9,,,,,,Kinnegad,Westmeath
"Knockdrin, Co.Westmeath, 13084",Knockdrin,Westmeath,13084,13084,,,115,556,2146,2817,3675,2300.7,,,,,,Knockdrin,Westmeath
"Lauree, Co.Westmeath, 13086",Lauree,Westmeath,13086,13086,,,142,163,1428,1733,277,1348.6,,,,,,Lauree,Westmeath
"Middleton, Co.Westmeath, 13087",Middleton,Westmeath,13087,13087,,,482,233,1369,2084,1829,1746.7,,,,,,Middleton,Westmeath
"Milltown, Co.Westmeath, 13088",Milltown,Westmeath,13088,13088,,,0,150,369,519,263,361.9,,,,,,Milltown,Westmeath
"Mullingar Rural, Co.Westmeath, 13089",Mullingar Rural,Westmeath,13089,13089,,,161,388,985,1534,431,1120.1,,,,,,Mullingar Rural,Westmeath
"Mullingar North Urban, Co.Westmeath, 13090",Mullingar North Urban,Westmeath,13090,13090,,,0,0,0,0,0,,,,,,,Mullingar North Urban,Westmeath
"Mullingar South Urban, Co.Westmeath, 13091",Mullingar South Urban,Westmeath,13091,13091,,,0,0,56,56,0,,,,,,,Mullingar South Urban,Westmeath
"Multyfarnham, Co.Westmeath, 13092",Multyfarnham,Westmeath,13092,13092,,,762,570,1815,3147,1100,2415.6,,,,,,Multyfarnham,Westmeath
"Newtown, Co.Westmeath, 13093",Newtown,Westmeath,13093,13093,,,150,354,1233,1737,864,1302.9,,,,,,Newtown,Westmeath
"Owel, Co.Westmeath, 13094",Owel,Westmeath,13094,13094,,,136,182,1016,1334,348,2457.1,,,,,,Owel,Westmeath
"Portloman, Co.Westmeath, 13095",Portloman,Westmeath,13095,13095,,,159,711,2088,2958,6038,2689.9,,,,,,Portloman,Westmeath
"Raharney, Co.Westmeath, 13096",Raharney,Westmeath,13096,13096,,,176,439,1438,2053,481,3479.8,,,,,,Raharney,Westmeath
"Rahugh, Co.Westmeath, 13097",Rahugh,Westmeath,13097,13097,,,277,548,2254,3079,741,2265.9,,,,,,Rahugh,Westmeath
"Rathconrath, Co.Westmeath, 13098",Rathconrath,Westmeath,13098,13098,,,149,816,1850,2815,394,2113.1,,,,,,Rathconrath,Westmeath
"Russellstown, Co.Westmeath, 13099",Russellstown,Westmeath,13099,13099,,,172,448,1300,1920,1894,1583.5,,,,,,Russellstown,Westmeath
"Skeagh, Co.Westmeath, 13100",Skeagh,Westmeath,13100,13100,,,0,646,1312,1958,1299,1496,,,,,,Skeagh,Westmeath
"Sonna, Co.Westmeath, 13101",Sonna,Westmeath,13101,13101,,,132,584,2016,2732,1072,2086.1,,,,,,Sonna,Westmeath
"Stonehall, Co.Westmeath, 13102",Stonehall,Westmeath,13102,13102,,,167,539,1038,1744,2150,1416.9,,,,,,Stonehall,Westmeath
"Streamstown, Co.Westmeath, 13103",Streamstown,Westmeath,13103,13103,,,148,554,1979,2681,476,1947.8,,,,,,Streamstown,Westmeath
"Taghmon, Co.Westmeath, 13104",Taghmon,Westmeath,13104,13104,,,115,384,1573,2072,645,1596.7,,,,,,Taghmon,Westmeath
"Tullaghan, Co.Westmeath, 13105",Tullaghan,Westmeath,13105,13105,,,524,184,1099,1807,671,1444.5,,,,,,Tullaghan,Westmeath
"Woodland, Co.Westmeath, 13106",Woodland,Westmeath,13106,13106,,,134,99,418,651,308,583.8,,,,,,Woodland,Westmeath
"Enniscorthy Urban, Co.Wexford, 14001",Enniscorthy Urban,Wexford,14001,14001,,,0,0,0,0,265,,,,,,,Enniscorthy Urban,Wexford
"New Ross Urban, Co.Wexford, 14002",New Ross Urban,Wexford,14002,14002,,,0,0,0,0,0,,,,,,,New Ross Urban,Wexford
"Rosbercon Urban, Co.Wexford, 14003",Rosbercon Urban,Wexford,14003,14003,,,0,0,0,0,0,,,,,,,Rosbercon Urban,Wexford
"Wexford No. 1 Urban, Co.Wexford, 14004",Wexford No. 1 Urban,Wexford,14004,14004,,,0,0,0,0,0,,,,,,,Wexford No. 1 Urban,Wexford
"Wexford No. 2 Urban, Co.Wexford, 14005",Wexford No. 2 Urban,Wexford,14005,14005,,,0,0,0,0,0,0,,,,,,Wexford No. 2 Urban,Wexford
"Wexford No. 3 Urban, Co.Wexford, 14006",Wexford No. 3 Urban,Wexford,14006,14006,,,0,0,0,0,0,,,,,,,Wexford No. 3 Urban,Wexford
"Ballindaggan, Co.Wexford, 14007",Ballindaggan,Wexford,14007,14007,,,290,251,1014,1555,4167,1584.9,,,,,,Ballindaggan,Wexford
"Ballycarney, Co.Wexford, 14008",Ballycarney,Wexford,14008,14008,,,227,206,872,1305,317,958.7,,,,,,Ballycarney,Wexford
"Ballyhoge, Co.Wexford, 14009",Ballyhoge,Wexford,14009,14009,,,1507,416,2803,4726,1457,3981.7,,,,,,Ballyhoge,Wexford
"Ballyhuskard, Co.Wexford, 14010",Ballyhuskard,Wexford,14010,14010,,,855,275,1350,2480,2486,2228.9,,,,,,Ballyhuskard,Wexford
"Ballymore, Co.Wexford, 14011",Ballymore,Wexford,14011,14011,,,215,330,1146,1691,1949,1432.6,,,,,,Ballymore,Wexford
"Ballyvaldon, Co.Wexford, 14012",Ballyvaldon,Wexford,14012,14012,,,847,515,2111,3473,1989,2727.4,,,,,,Ballyvaldon,Wexford
"Bolaboy, Co.Wexford, 14013",Bolaboy,Wexford,14013,14013,,,327,256,1302,1885,1507,1553.3,,,,,,Bolaboy,Wexford
"Bree, Co.Wexford, 14014",Bree,Wexford,14014,14014,,,557,408,1617,2582,550,2014.7,,,,,,Bree,Wexford
"Castleboro, Co.Wexford, 14015",Castleboro,Wexford,14015,14015,,,598,319,1711,2628,2077,2238.5,,,,,,Castleboro,Wexford
"Castledockrell, Co.Wexford, 14016",Castledockrell,Wexford,14016,14016,,,0,202,685,887,3517,929.6,,,,,,Castledockrell,Wexford
"Castle Ellis, Co.Wexford, 14017",Castle Ellis,Wexford,14017,14017,,,332,689,1547,2568,1172,1966.7,,,,,,Castle Ellis,Wexford
"Castle Talbot, Co.Wexford, 14018",Castle Talbot,Wexford,14018,14018,,,749,452,2123,3324,1312,3007.3,,,,,,Castle Talbot,Wexford
"Clonroche, Co.Wexford, 14019",Clonroche,Wexford,14019,14019,,,1067,487,2666,4220,2100,3649.5,,,,,,Clonroche,Wexford
"Edermine, Co.Wexford, 14020",Edermine,Wexford,14020,14020,,,642,509,1611,2762,232,2151.6,,,,,,Edermine,Wexford
"Enniscorthy Rural, Co.Wexford, 14021",Enniscorthy Rural,Wexford,14021,14021,,,607,405,1629,2641,1570,3702.8,,,,,,Enniscorthy Rural,Wexford
"Ferns, Co.Wexford, 14022",Ferns,Wexford,14022,14022,,,225,181,1205,1611,617,1255.4,,,,,,Ferns,Wexford
"Kilbora, Co.Wexford, 14023",Kilbora,Wexford,14023,14023,,,207,388,1143,1738,2592,1470.9,,,,,,Kilbora,Wexford
"Kilcormick, Co.Wexford, 14024",Kilcormick,Wexford,14024,14024,,,544,392,1553,2489,1465,2024.3,,,,,,Kilcormick,Wexford
"Killann, Co.Wexford, 14025",Killann,Wexford,14025,14025,,,927,891,3319,5137,8858,4610.6,,,,,,Killann,Wexford
"Kilmallock, Co.Wexford, 14026",Kilmallock,Wexford,14026,14026,,,505,298,1528,2331,817,1843.2,,,,,,Kilmallock,Wexford
"Killoughrum, Co.Wexford, 14027",Killoughrum,Wexford,14027,14027,,,282,292,1402,1976,2708,1652,,,,,,Killoughrum,Wexford
"Kilrush, Co.Wexford, 14028",Kilrush,Wexford,14028,14028,,,0,602,1428,2030,4476,1805.5,,,,,,Kilrush,Wexford
"Kiltealy, Co.Wexford, 14029",Kiltealy,Wexford,14029,14029,,,214,303,1023,1540,3691,1507.2,,,,,,Kiltealy,Wexford
"Marshalstown, Co.Wexford, 14030",Marshalstown,Wexford,14030,14030,,,553,500,1775,2828,3170,2358.7,,,,,,Marshalstown,Wexford
"Moyacomb, Co.Wexford, 14031",Moyacomb,Wexford,14031,14031,,,0,175,699,874,5805,1207,,,,,,Moyacomb,Wexford
"Newtownbarry, Co.Wexford, 14032",Newtownbarry,Wexford,14032,14032,,,148,204,626,978,5515,1570.3,,,,,,Newtownbarry,Wexford
"Rossard, Co.Wexford, 14033",Rossard,Wexford,14033,14033,,,0,804,1268,2072,9329,2289.5,,,,,,Rossard,Wexford
"St. Mary's, Co.Wexford, 14034",St. Mary's,Wexford,14034,14034,,,237,510,1315,2062,7356,2135.7,,,,,,St. Mary's,Wexford
"The Harrow, Co.Wexford, 14035",The Harrow,Wexford,14035,14035,,,897,239,1304,2440,1190,2027.6,,,,,,The Harrow,Wexford
"The Leap, Co.Wexford, 14036",The Leap,Wexford,14036,14036,,,943,354,1614,2911,1732,2434.9,,,,,,The Leap,Wexford
"Tinnacross, Co.Wexford, 14037",Tinnacross,Wexford,14037,14037,,,417,436,2298,3151,2518,2590.9,,,,,,Tinnacross,Wexford
"Tombrack, Co.Wexford, 14038",Tombrack,Wexford,14038,14038,,,210,284,1938,2432,2574,1865.1,,,,,,Tombrack,Wexford
"Ardamine, Co.Wexford, 14039",Ardamine,Wexford,14039,14039,,,660,465,2499,3624,1047,2785.6,,,,,,Ardamine,Wexford
"Balloughter, Co.Wexford, 14040",Balloughter,Wexford,14040,14040,,,505,335,1604,2444,3293,2171.7,,,,,,Balloughter,Wexford
"Ballybeg, Co.Wexford, 14041",Ballybeg,Wexford,14041,14041,,,299,288,2095,2682,2157,2048.9,,,,,,Ballybeg,Wexford
"Ballycanew, Co.Wexford, 14042",Ballycanew,Wexford,14042,14042,,,925,377,1809,3111,600,2492.1,,,,,,Ballycanew,Wexford
"Ballyellis, Co.Wexford, 14043",Ballyellis,Wexford,14043,14043,,,228,446,1197,1871,2558,1534.1,,,,,,Ballyellis,Wexford
"Ballygarrett, Co.Wexford, 14044",Ballygarrett,Wexford,14044,14044,,,498,582,2344,3424,1277,2592.3,,,,,,Ballygarrett,Wexford
"Ballylarkin, Co.Wexford, 14045",Ballylarkin,Wexford,14045,14045,,,542,167,931,1640,306,1372.4,,,,,,Ballylarkin,Wexford
"Ballynestragh, Co.Wexford, 14046",Ballynestragh,Wexford,14046,14046,,,637,418,1761,2816,1269,2318.9,,,,,,Ballynestragh,Wexford
"Cahore, Co.Wexford, 14047",Cahore,Wexford,14047,14047,,,519,414,2561,3494,1690,2724.1,,,,,,Cahore,Wexford
"Coolgreany, Co.Wexford, 14048",Coolgreany,Wexford,14048,14048,,,928,448,1935,3311,3427,2834.2,,,,,,Coolgreany,Wexford
"Courtown, Co.Wexford, 14049",Courtown,Wexford,14049,14049,,,450,350,1278,2078,1143,1663.8,,,,,,Courtown,Wexford
"Ford, Co.Wexford, 14050",Ford,Wexford,14050,14050,,,459,183,1170,1812,521,3189,,,,,,Ford,Wexford
"Gorey Rural, Co.Wexford, 14051",Gorey Rural,Wexford,14051,14051,,,715,352,1952,3019,2744,2607.2,,,,,,Gorey Rural,Wexford
"Gorey Urban, Co.Wexford, 14052",Gorey Urban,Wexford,14052,14052,,,0,0,0,0,265,,,,,,,Gorey Urban,Wexford
"Huntingtown, Co.Wexford, 14053",Huntingtown,Wexford,14053,14053,,,471,245,1329,2045,417,1590.1,,,,,,Huntingtown,Wexford
"Kilcomb, Co.Wexford, 14054",Kilcomb,Wexford,14054,14054,,,207,276,1744,2227,3750,2024.9,,,,,,Kilcomb,Wexford
"Kilgorman, Co.Wexford, 14055",Kilgorman,Wexford,14055,14055,,,1004,282,1470,2756,457,2251.1,,,,,,Kilgorman,Wexford
"Killenagh, Co.Wexford, 14056",Killenagh,Wexford,14056,14056,,,541,350,1924,2815,1065,2280.6,,,,,,Killenagh,Wexford
"Killincooly, Co.Wexford, 14057",Killincooly,Wexford,14057,14057,,,363,172,732,1267,618,1017.9,,,,,,Killincooly,Wexford
"Kilnahue, Co.Wexford, 14058",Kilnahue,Wexford,14058,14058,,,607,459,1623,2689,1109,2081.9,,,,,,Kilnahue,Wexford
"Limerick, Co.Wexford, 14059",Limerick,Wexford,14059,14059,,,1072,420,1845,3337,1919,2813.3,,,,,,Limerick,Wexford
"Monamolin, Co.Wexford, 14060",Monamolin,Wexford,14060,14060,,,754,339,1987,3080,2073,2526.3,,,,,,Monamolin,Wexford
"Monaseed, Co.Wexford, 14061",Monaseed,Wexford,14061,14061,,,424,871,2554,3849,3610,3356.6,,,,,,Monaseed,Wexford
"Rossminoge, Co.Wexford, 14062",Rossminoge,Wexford,14062,14062,,,183,208,1164,1555,1487,1318.1,,,,,,Rossminoge,Wexford
"Wells, Co.Wexford, 14063",Wells,Wexford,14063,14063,,,529,539,2187,3255,1512,2731.4,,,,,,Wells,Wexford
"Wingfield, Co.Wexford, 14064",Wingfield,Wexford,14064,14064,,,756,1012,2973,4741,2942,3637.9,,,,,,Wingfield,Wexford
"Adamstown, Co.Wexford, 14065",Adamstown,Wexford,14065,14065,,,539,202,1301,2042,1038,1650.8,,,,,,Adamstown,Wexford
"Ballyanne, Co.Wexford, 14066",Ballyanne,Wexford,14066,14066,,,312,567,1668,2547,3187,2162,,,,,,Ballyanne,Wexford
"Ballyhack, Co.Wexford, 14067",Ballyhack,Wexford,14067,14067,,,228,241,1624,2093,416,1574.1,,,,,,Ballyhack,Wexford
"Barrack Village, Co.Wexford, 14068",Barrack Village,Wexford,14068,14068,,,347,72,776,1195,1136,1008.2,,,,,,Barrack Village,Wexford
"Barronstown, Co.Wexford, 14069",Barronstown,Wexford,14069,14069,,,642,288,1409,2339,2713,1995,,,,,,Barronstown,Wexford
"Carnagh, Co.Wexford, 14070",Carnagh,Wexford,14070,14070,,,217,313,1518,2048,576,1536.6,,,,,,Carnagh,Wexford
"Carrickbyrne, Co.Wexford, 14071",Carrickbyrne,Wexford,14071,14071,,,901,237,2213,3351,1750,2661.1,,,,,,Carrickbyrne,Wexford
"Clongeen, Co.Wexford, 14072",Clongeen,Wexford,14072,14072,,,376,192,1327,1895,827,1497.2,,,,,,Clongeen,Wexford
"Clonleigh, Co.Wexford, 14073",Clonleigh,Wexford,14073,14073,,,585,231,1480,2296,625,1730.7,,,,,,Clonleigh,Wexford
"Dunmain, Co.Wexford, 14074",Dunmain,Wexford,14074,14074,,,210,277,962,1449,171,1029.9,,,,,,Dunmain,Wexford
"Fethard, Co.Wexford, 14075",Fethard,Wexford,14075,14075,,,327,57,877,1261,373,973.7,,,,,,Fethard,Wexford
"Horetown, Co.Wexford, 14076",Horetown,Wexford,14076,14076,,,402,336,1555,2293,665,1765.2,,,,,,Horetown,Wexford
"Inch, Co.Wexford, 14077",Inch,Wexford,14077,14077,,,276,63,795,1134,195,891.6,,,,,,Inch,Wexford
"Kilgarvan, Co.Wexford, 14078",Kilgarvan,Wexford,14078,14078,,,189,170,603,962,411,740.5,,,,,,Kilgarvan,Wexford
"Killesk, Co.Wexford, 14079",Killesk,Wexford,14079,14079,,,341,240,1313,1894,990,1519,,,,,,Killesk,Wexford
"Kilmokea, Co.Wexford, 14080",Kilmokea,Wexford,14080,14080,,,189,234,1212,1635,591,1153.8,,,,,,Kilmokea,Wexford
"Newbawn, Co.Wexford, 14081",Newbawn,Wexford,14081,14081,,,341,150,1036,1527,1683,1394.8,,,,,,Newbawn,Wexford
"New Ross Rural, Co.Wexford, 14082",New Ross Rural,Wexford,14082,14082,,,574,173,1479,2226,1271,2264.4,,,,,,New Ross Rural,Wexford
"Oldcourt, Co.Wexford, 14083",Oldcourt,Wexford,14083,14083,,,514,323,1497,2334,925,1778.5,,,,,,Oldcourt,Wexford
"Old Ross, Co.Wexford, 14084",Old Ross,Wexford,14084,14084,,,288,363,1275,1926,349,1378.2,,,,,,Old Ross,Wexford
"Rathroe, Co.Wexford, 14085",Rathroe,Wexford,14085,14085,,,689,305,2901,3895,951,2891.9,,,,,,Rathroe,Wexford
"Rochestown, Co.Wexford, 14086",Rochestown,Wexford,14086,14086,,,181,119,780,1080,402,950.5,,,,,,Rochestown,Wexford
"Templeludigan, Co.Wexford, 14087",Templeludigan,Wexford,14087,14087,,,525,212,1359,2096,1797,1716.1,,,,,,Templeludigan,Wexford
"Templetown, Co.Wexford, 14088",Templetown,Wexford,14088,14088,,,529,197,2227,2953,343,2138.5,,,,,,Templetown,Wexford
"Tintern, Co.Wexford, 14089",Tintern,Wexford,14089,14089,,,1196,278,2853,4327,1384,3784.5,,,,,,Tintern,Wexford
"Whitechurch, Co.Wexford, 14090",Whitechurch,Wexford,14090,14090,,,329,352,1454,2135,695,1566.7,,,,,,Whitechurch,Wexford
"Whitemoor, Co.Wexford, 14091",Whitemoor,Wexford,14091,14091,,,443,579,2333,3355,1730,2708.7,,,,,,Whitemoor,Wexford
"Ardcavan, Co.Wexford, 14092",Ardcavan,Wexford,14092,14092,,,185,303,557,1045,728,846.9,,,,,,Ardcavan,Wexford
"Ardcolm, Co.Wexford, 14093",Ardcolm,Wexford,14093,14093,,,212,190,1054,1456,1994,1243.3,,,,,,Ardcolm,Wexford
"Artramon, Co.Wexford, 14094",Artramon,Wexford,14094,14094,,,634,179,1044,1857,875,1475.8,,,,,,Artramon,Wexford
"Aughwilliam, Co.Wexford, 14095",Aughwilliam,Wexford,14095,14095,,,374,99,1021,1494,1497,1331.7,,,,,,Aughwilliam,Wexford
"Ballymitty, Co.Wexford, 14096",Ballymitty,Wexford,14096,14096,,,286,185,1291,1762,354,1410.5,,,,,,Ballymitty,Wexford
"Bannow, Co.Wexford, 14097",Bannow,Wexford,14097,14097,,,898,367,2188,3453,2053,2822.5,,,,,,Bannow,Wexford
"Bridgetown, Co.Wexford, 14098",Bridgetown,Wexford,14098,14098,,,185,311,746,1242,1436,1081.8,,,,,,Bridgetown,Wexford
"Carrick, Co.Wexford, 14099",Carrick,Wexford,14099,14099,,,183,190,518,891,0,698.2,,,,,,Carrick,Wexford
"Drinagh, Co.Wexford, 14100",Drinagh,Wexford,14100,14100,,,204,162,728,1094,474,1064.8,,,,,,Drinagh,Wexford
"Duncormick, Co.Wexford, 14101",Duncormick,Wexford,14101,14101,,,184,251,1026,1461,1041,1178.6,,,,,,Duncormick,Wexford
"Forth, Co.Wexford, 14102",Forth,Wexford,14102,14102,,,327,194,702,1223,265,940.2,,,,,,Forth,Wexford
"Glynn, Co.Wexford, 14103",Glynn,Wexford,14103,14103,,,358,204,639,1201,423,939.2,,,,,,Glynn,Wexford
"Harperstown, Co.Wexford, 14104",Harperstown,Wexford,14104,14104,,,194,115,766,1075,315,881.4,,,,,,Harperstown,Wexford
"Harristown, Co.Wexford, 14105",Harristown,Wexford,14105,14105,,,182,382,1221,1785,1540,1463.8,,,,,,Harristown,Wexford
"Kilbride, Co.Wexford, 14106",Kilbride,Wexford,14106,14106,,,197,106,1009,1312,428,1119.8,,,,,,Kilbride,Wexford
"Kilcowan, Co.Wexford, 14107",Kilcowan,Wexford,14107,14107,,,426,339,1447,2212,423,1698.2,,,,,,Kilcowan,Wexford
"Killag, Co.Wexford, 14108",Killag,Wexford,14108,14108,,,350,401,1433,2184,1208,1756.1,,,,,,Killag,Wexford
"Killinick, Co.Wexford, 14109",Killinick,Wexford,14109,14109,,,470,407,1545,2422,307,1951.5,,,,,,Killinick,Wexford
"Killurin, Co.Wexford, 14110",Killurin,Wexford,14110,14110,,,263,267,1122,1652,1047,1959.4,,,,,,Killurin,Wexford
"Kilmore, Co.Wexford, 14111",Kilmore,Wexford,14111,14111,,,435,223,1173,1831,820,1558.7,,,,,,Kilmore,Wexford
"Kilpatrick, Co.Wexford, 14112",Kilpatrick,Wexford,14112,14112,,,235,148,893,1276,471,3246.1,,,,,,Kilpatrick,Wexford
"Kilscoran, Co.Wexford, 14113",Kilscoran,Wexford,14113,14113,,,257,104,1027,1388,354,1114.9,,,,,,Kilscoran,Wexford
"Lady's Island, Co.Wexford, 14114",Lady's Island,Wexford,14114,14114,,,174,43,204,421,265,1843.2,,,,,,Lady's Island,Wexford
"Mayglass, Co.Wexford, 14115",Mayglass,Wexford,14115,14115,,,180,203,437,820,396,625.6,,,,,,Mayglass,Wexford
"Newcastle, Co.Wexford, 14116",Newcastle,Wexford,14116,14116,,,147,61,323,531,396,440.2,,,,,,Newcastle,Wexford
"Rathaspick, Co.Wexford, 14117",Rathaspick,Wexford,14117,14117,,,337,257,1222,1816,452,1339.1,,,,,,Rathaspick,Wexford
"Rosslare, Co.Wexford, 14118",Rosslare,Wexford,14118,14118,,,197,221,729,1147,265,892.3,,,,,,Rosslare,Wexford
"St. Helen's, Co.Wexford, 14119",St. Helen's,Wexford,14119,14119,,,194,131,756,1081,265,881.8,,,,,,St. Helen's,Wexford
"Tacumshin, Co.Wexford, 14120",Tacumshin,Wexford,14120,14120,,,295,92,956,1343,1094,1090.4,,,,,,Tacumshin,Wexford
"Taghmon, Co.Wexford, 14121",Taghmon,Wexford,14121,14121,,,740,541,1898,3179,460,2361.3,,,,,,Taghmon,Wexford
"Tomhaggard, Co.Wexford, 14122",Tomhaggard,Wexford,14122,14122,,,544,147,1109,1800,388,2118.7,,,,,,Tomhaggard,Wexford
"Wexford Rural, Co.Wexford, 14123",Wexford Rural,Wexford,14123,14123,,,163,24,174,361,265,308.7,,,,,,Wexford Rural,Wexford
"Whitechurch, Co.Wexford, 14124",Whitechurch,Wexford,14124,14124,,,695,508,2599,3802,1741,3024.8,,,,,,Whitechurch,Wexford
"Arklow No. 1 Urban, Co.Wicklow, 15001",Arklow No. 1 Urban,Wicklow,15001,15001,,,30,0,31,61,464,,,,,,,Arklow No. 1 Urban,Wicklow
"Arklow No. 2 Urban, Co.Wicklow, 15002",Arklow No. 2 Urban,Wicklow,15002,15002,,,0,0,0,0,0,,,,,,,Arklow No. 2 Urban,Wicklow
"Bray No. 1, Co.Wicklow, 15003",Bray No. 1,Wicklow,15003,15003,,,0,0,0,0,0,,,,,,,Bray No. 1,Wicklow
"Bray No. 2, Co.Wicklow, 15004",Bray No. 2,Wicklow,15004,15004,,,0,0,0,0,464,,,,,,,Bray No. 2,Wicklow
"Bray No. 3, Co.Wicklow, 15005",Bray No. 3,Wicklow,15005,15005,,,0,0,0,0,0,,,,,,,Bray No. 3,Wicklow
"Rathmichael (Bray), Co.Wicklow, 15006",Rathmichael (Bray),Wicklow,15006,15006,,,0,0,0,0,0,,,,,,,Rathmichael (Bray),Wicklow
"Wicklow Urban, Co.Wicklow, 15007",Wicklow Urban,Wicklow,15007,15007,,,0,30,31,61,0,,,,,,,Wicklow Urban,Wicklow
"Ballinguile, Co.Wicklow, 15008",Ballinguile,Wicklow,15008,15008,,,168,438,969,1575,4281,2114.9,,,,,,Ballinguile,Wicklow
"Baltinglass, Co.Wicklow, 15009",Baltinglass,Wicklow,15009,15009,,,383,337,2078,2798,3196,2285.5,,,,,,Baltinglass,Wicklow
"Blessington, Co.Wicklow, 15010",Blessington,Wicklow,15010,15010,,,430,348,1610,2388,7887,2616.1,,,,,,Blessington,Wicklow
"Burgage, Co.Wicklow, 15011",Burgage,Wicklow,15011,15011,,,163,319,941,1423,5369,1558.8,,,,,,Burgage,Wicklow
"Donaghmore, Co.Wicklow, 15012",Donaghmore,Wicklow,15012,15012,,,614,227,1486,2327,3880,2080.9,,,,,,Donaghmore,Wicklow
"Donard, Co.Wicklow, 15013",Donard,Wicklow,15013,15013,,,172,376,1538,2086,4184,1951.8,,,,,,Donard,Wicklow
"Dunlavin, Co.Wicklow, 15014",Dunlavin,Wicklow,15014,15014,,,422,471,2059,2952,2528,2410.3,,,,,,Dunlavin,Wicklow
"Eadestown, Co.Wicklow, 15015",Eadestown,Wicklow,15015,15015,,,158,317,792,1267,4909,1401.9,,,,,,Eadestown,Wicklow
"Hartstown, Co.Wicklow, 15016",Hartstown,Wicklow,15016,15016,,,190,393,1877,2460,4747,2268.1,,,,,,Hartstown,Wicklow
"Hollywood, Co.Wicklow, 15017",Hollywood,Wicklow,15017,15017,,,156,356,701,1213,12218,2132.8,,,,,,Hollywood,Wicklow
"Humewood, Co.Wicklow, 15018",Humewood,Wicklow,15018,15018,,,633,231,1238,2102,2127,2248.2,,,,,,Humewood,Wicklow
"Imael North, Co.Wicklow, 15019",Imael North,Wicklow,15019,15019,,,153,292,638,1083,2925,1066.2,,,,,,Imael North,Wicklow
"Imael South, Co.Wicklow, 15020",Imael South,Wicklow,15020,15020,,,155,354,651,1160,9702,1781.1,,,,,,Imael South,Wicklow
"Kilbride, Co.Wicklow, 15021",Kilbride,Wicklow,15021,15021,,,154,441,786,1381,8881,1833.2,,,,,,Kilbride,Wicklow
"Lackan, Co.Wicklow, 15022",Lackan,Wicklow,15022,15022,,,120,201,396,717,7435,1247.7,,,,,,Lackan,Wicklow
"Lugglass, Co.Wicklow, 15023",Lugglass,Wicklow,15023,15023,,,0,96,239,335,2676,495.3,,,,,,Lugglass,Wicklow
"Rathdangan, Co.Wicklow, 15024",Rathdangan,Wicklow,15024,15024,,,421,446,1389,2256,2977,1972.9,,,,,,Rathdangan,Wicklow
"Rathsallagh, Co.Wicklow, 15025",Rathsallagh,Wicklow,15025,15025,,,587,333,1644,2564,671,2071.8,,,,,,Rathsallagh,Wicklow
"Stratford, Co.Wicklow, 15026",Stratford,Wicklow,15026,15026,,,271,136,1503,1910,1028,1503.4,,,,,,Stratford,Wicklow
"Talbotstown, Co.Wicklow, 15027",Talbotstown,Wicklow,15027,15027,,,273,502,1422,2197,1691,1744.2,,,,,,Talbotstown,Wicklow
"The Grange, Co.Wicklow, 15028",The Grange,Wicklow,15028,15028,,,155,269,1127,1551,1574,1379.6,,,,,,The Grange,Wicklow
"Tober, Co.Wicklow, 15029",Tober,Wicklow,15029,15029,,,248,775,1637,2660,7021,2558.8,,,,,,Tober,Wicklow
"Togher, Co.Wicklow, 15030",Togher,Wicklow,15030,15030,,,0,144,198,342,5400,768.2,,,,,,Togher,Wicklow
"Tuckmill, Co.Wicklow, 15031",Tuckmill,Wicklow,15031,15031,,,0,327,836,1163,1808,976.3,,,,,,Tuckmill,Wicklow
"Delgany, Co.Wicklow, 15032",Delgany,Wicklow,15032,15032,,,120,28,150,298,1149,355.8,,,,,,Delgany,Wicklow
"Enniskerry, Co.Wicklow, 15033",Enniskerry,Wicklow,15033,15033,,,96,0,98,194,2284,473.9,,,,,,Enniskerry,Wicklow
"Greystones, Co.Wicklow, 15034",Greystones,Wicklow,15034,15034,,,0,0,0,0,464,,,,,,,Greystones,Wicklow
"Kilmacanoge, Co.Wicklow, 15035",Kilmacanoge,Wicklow,15035,15035,,,144,136,497,777,5199,1137.8,,,,,,Kilmacanoge,Wicklow
"Powerscourt, Co.Wicklow, 15036",Powerscourt,Wicklow,15036,15036,,,0,62,77,139,3447,499.4,,,,,,Powerscourt,Wicklow
"Altidore, Co.Wicklow, 15037",Altidore,Wicklow,15037,15037,,,163,323,936,1422,6002,1588,,,,,,Altidore,Wicklow
"Arklow Rural, Co.Wicklow, 15038",Arklow Rural,Wicklow,15038,15038,,,2525,805,5197,8527,8525,7168,,,,,,Arklow Rural,Wicklow
"Aughrim, Co.Wicklow, 15039",Aughrim,Wicklow,15039,15039,,,381,418,993,1792,5082,1858.6,,,,,,Aughrim,Wicklow
"Avoca, Co.Wicklow, 15040",Avoca,Wicklow,15040,15040,,,161,310,896,1367,2632,1242.4,,,,,,Avoca,Wicklow
"Ballinaclash, Co.Wicklow, 15041",Ballinaclash,Wicklow,15041,15041,,,330,177,615,1122,5308,1397.8,,,,,,Ballinaclash,Wicklow
"Ballinacor, Co.Wicklow, 15042",Ballinacor,Wicklow,15042,15042,,,170,551,928,1649,7659,1884.9,,,,,,Ballinacor,Wicklow
"Ballinderry, Co.Wicklow, 15043",Ballinderry,Wicklow,15043,15043,,,142,278,580,1000,5107,1239.2,,,,,,Ballinderry,Wicklow
"Ballyarthur, Co.Wicklow, 15044",Ballyarthur,Wicklow,15044,15044,,,167,228,957,1352,2250,1195.8,,,,,,Ballyarthur,Wicklow
"Ballycullen, Co.Wicklow, 15045",Ballycullen,Wicklow,15045,15045,,,139,129,348,616,964,619.8,,,,,,Ballycullen,Wicklow
"Brockagh, Co.Wicklow, 15046",Brockagh,Wicklow,15046,15046,,,0,139,184,323,5345,743.4,,,,,,Brockagh,Wicklow
"Calary, Co.Wicklow, 15047",Calary,Wicklow,15047,15047,,,0,200,410,610,8469,1270.7,,,,,,Calary,Wicklow
"Cronebane, Co.Wicklow, 15048",Cronebane,Wicklow,15048,15048,,,165,371,929,1465,1063,1118.1,,,,,,Cronebane,Wicklow
"Dunganstown East, Co.Wicklow, 15049",Dunganstown East,Wicklow,15049,15049,,,175,236,1225,1636,1457,1491.3,,,,,,Dunganstown East,Wicklow
"Dunganstown South, Co.Wicklow, 15050",Dunganstown South,Wicklow,15050,15050,,,385,351,1160,1896,2329,1638.2,,,,,,Dunganstown South,Wicklow
"Dunganstown West, Co.Wicklow, 15051",Dunganstown West,Wicklow,15051,15051,,,701,437,1633,2771,4491,2538.4,,,,,,Dunganstown West,Wicklow
"Ennereilly, Co.Wicklow, 15052",Ennereilly,Wicklow,15052,15052,,,173,450,867,1490,3409,1454.1,,,,,,Ennereilly,Wicklow
"Glendalough, Co.Wicklow, 15053",Glendalough,Wicklow,15053,15053,,,0,309,547,856,2755,853.5,,,,,,Glendalough,Wicklow
"Glenealy, Co.Wicklow, 15054",Glenealy,Wicklow,15054,15054,,,198,323,1481,2002,6701,2230.8,,,,,,Glenealy,Wicklow
"Kilbride, Co.Wicklow, 15055",Kilbride,Wicklow,15055,15055,,,172,322,1152,1646,3127,1595.2,,,,,,Kilbride,Wicklow
"Kilcoole, Co.Wicklow, 15056",Kilcoole,Wicklow,15056,15056,,,0,238,798,1036,5707,1346.5,,,,,,Kilcoole,Wicklow
"Killiskey, Co.Wicklow, 15057",Killiskey,Wicklow,15057,15057,,,141,119,433,693,2665,795.4,,,,,,Killiskey,Wicklow
"Knockrath, Co.Wicklow, 15058",Knockrath,Wicklow,15058,15058,,,0,230,637,867,6901,1234.2,,,,,,Knockrath,Wicklow
"Moneystown, Co.Wicklow, 15059",Moneystown,Wicklow,15059,15059,,,155,216,516,887,3383,960.2,,,,,,Moneystown,Wicklow
"Newcastle Lower, Co.Wicklow, 15060",Newcastle Lower,Wicklow,15060,15060,,,181,199,1625,2005,2500,1822.7,,,,,,Newcastle Lower,Wicklow
"Newcastle Upper, Co.Wicklow, 15061",Newcastle Upper,Wicklow,15061,15061,,,169,349,1103,1621,7918,2053.2,,,,,,Newcastle Upper,Wicklow
"Oldtown, Co.Wicklow, 15062",Oldtown,Wicklow,15062,15062,,,0,310,474,784,5794,1129.3,,,,,,Oldtown,Wicklow
"Rathdrum, Co.Wicklow, 15063",Rathdrum,Wicklow,15063,15063,,,515,379,1362,2256,3122,1961.6,,,,,,Rathdrum,Wicklow
"Togher, Co.Wicklow, 15064",Togher,Wicklow,15064,15064,,,78,135,217,430,5110,804.5,,,,,,Togher,Wicklow
"Trooperstown, Co.Wicklow, 15065",Trooperstown,Wicklow,15065,15065,,,0,87,137,224,2273,305.1,,,,,,Trooperstown,Wicklow
"Wicklow Rural, Co.Wicklow, 15066",Wicklow Rural,Wicklow,15066,15066,,,164,393,1324,1881,8048,2371.5,,,,,,Wicklow Rural,Wicklow
"Aghowle, Co.Wicklow, 15067",Aghowle,Wicklow,15067,15067,,,0,452,1136,1588,3911,1467.9,,,,,,Aghowle,Wicklow
"Ballingate, Co.Wicklow, 15068",Ballingate,Wicklow,15068,15068,,,150,390,1025,1565,4168,1519.8,,,,,,Ballingate,Wicklow
"Ballinglen, Co.Wicklow, 15069",Ballinglen,Wicklow,15069,15069,,,438,336,998,1772,4092,1705.8,,,,,,Ballinglen,Wicklow
"Ballybeg, Co.Wicklow, 15070",Ballybeg,Wicklow,15070,15070,,,142,274,614,1030,1695,894.9,,,,,,Ballybeg,Wicklow
"Carnew, Co.Wicklow, 15071",Carnew,Wicklow,15071,15071,,,358,643,2092,3093,3728,2539.9,,,,,,Carnew,Wicklow
"Coolattin, Co.Wicklow, 15072",Coolattin,Wicklow,15072,15072,,,164,235,1040,1439,1232,1197.9,,,,,,Coolattin,Wicklow
"Coolballintaggart, Co.Wicklow, 15073",Coolballintaggart,Wicklow,15073,15073,,,170,484,975,1629,5800,1783,,,,,,Coolballintaggart,Wicklow
"Coolboy, Co.Wicklow, 15074",Coolboy,Wicklow,15074,15074,,,145,342,668,1155,1084,933,,,,,,Coolboy,Wicklow
"Cronelea, Co.Wicklow, 15075",Cronelea,Wicklow,15075,15075,,,155,294,722,1171,2734,1096.7,,,,,,Cronelea,Wicklow
"Kilballyowen, Co.Wicklow, 15076",Kilballyowen,Wicklow,15076,15076,,,0,293,836,1129,5494,1340.4,,,,,,Kilballyowen,Wicklow
"Killinure, Co.Wicklow, 15077",Killinure,Wicklow,15077,15077,,,170,464,990,1624,2080,1289.2,,,,,,Killinure,Wicklow
"Kilpipe, Co.Wicklow, 15078",Kilpipe,Wicklow,15078,15078,,,474,723,2082,3279,5336,2923.1,,,,,,Kilpipe,Wicklow
"Money, Co.Wicklow, 15079",Money,Wicklow,15079,15079,,,0,310,769,1079,3460,1102,,,,,,Money,Wicklow
"Rath, Co.Wicklow, 15080",Rath,Wicklow,15080,15080,,,557,300,1833,2690,2353,2154.5,,,,,,Rath,Wicklow
"Shillelagh, Co.Wicklow, 15081",Shillelagh,Wicklow,15081,15081,,,0,460,927,1387,4201,1346.3,,,,,,Shillelagh,Wicklow
"Tinahely, Co.Wicklow, 15082",Tinahely,Wicklow,15082,15082,,,647,724,2290,3661,7928,3576.1,,,,,,Tinahely,Wicklow
