YEAR,KEY,ED_NAME,COUNTY,IN_MODEL,VARIABLE,FILLED_VALUE,SOURCE,SHRINKAGE_LAMBDA,ABOVE_COW_CAP,TEST_ERROR_PCT,CONFIDENCE_CLASS
2010,10005,Dundalk Urban No. 2,Louth,False,TOTAL_CATTLE,38,NONE,0.5,False,241.8,LOW
2010,10006,Dundalk Urban No. 3,Louth,False,TOTAL_CATTLE,38,CENSUS_2020,0.5,False,34.1,MODERATE
2010,10009,Ardee Urban,Louth,True,TOTAL_CATTLE,37,CENSUS_2000,0.5,False,19.7,HIGH
2010,1034,Muinebeag (Bagenalstown) Urban,Carlow,False,TOTAL_CATTLE,15,NONE,0.5,False,241.8,LOW
2010,1048,Tullow Urban,Carlow,False,TOTAL_CATTLE,14,NONE,0.5,False,241.8,LOW
2010,11001,Ceannanus Mór (Kells) Urban,Meath,False,TOTAL_CATTLE,46,CENSUS_2000,0.5,False,19.7,HIGH
2010,11002,Navan Urban,Meath,False,TOTAL_CATTLE,46,CENSUS_2000,0.5,False,19.7,HIGH
2010,11003,Trim Urban,Meath,False,TOTAL_CATTLE,45,CENSUS_2020,0.5,False,34.1,MODERATE
2010,12001,Birr Urban,Offaly,True,TOTAL_CATTLE,62,CENSUS_2000,0.5,False,19.7,HIGH
2010,12002,Tullamore Urban,Offaly,False,TOTAL_CATTLE,63,CENSUS_2000,0.5,False,19.7,HIGH
2010,13001,Athlone East Urban,Westmeath,False,TOTAL_CATTLE,57,NONE,0.5,False,241.8,LOW
2010,13002,Athlone West Urban,Westmeath,False,TOTAL_CATTLE,56,CENSUS_2000,0.5,False,19.7,HIGH
2010,13091,Mullingar South Urban,Westmeath,False,TOTAL_CATTLE,56,NONE,0.5,False,241.8,LOW
2010,14123,Wexford Rural,Wexford,True,TOTAL_CATTLE,361,COUNTY_RESIDUAL,,False,0.0,EXACT
2010,15001,Arklow No. 1 Urban,Wicklow,False,TOTAL_CATTLE,61,NONE,0.5,False,241.8,LOW
2010,15007,Wicklow Urban,Wicklow,False,TOTAL_CATTLE,61,NONE,0.5,False,241.8,LOW
2010,15036,Powerscourt,Wicklow,True,TOTAL_CATTLE,139,CENSUS_2000,0.5,False,19.7,HIGH
2010,15065,Trooperstown,Wicklow,True,TOTAL_CATTLE,224,CENSUS_2000,0.5,False,19.7,HIGH
2010,16005,Kilrush Urban,Clare,True,TOTAL_CATTLE,56,COUNTY_RESIDUAL,,False,0.0,EXACT
2010,17041,Knockrea B,Cork,False,TOTAL_CATTLE,49,CENSUS_2000,0.5,False,19.7,HIGH
2010,18001,Clonakilty Urban,Cork,False,TOTAL_CATTLE,48,CENSUS_2020,0.5,False,34.1,MODERATE
2010,18006,Mallow North Urban,Cork,False,TOTAL_CATTLE,48,CENSUS_2020,0.5,False,34.1,MODERATE
2010,18007,Mallow South Urban,Cork,False,TOTAL_CATTLE,48,NONE,0.5,False,241.8,LOW
2010,18008,Midleton Urban,Cork,False,TOTAL_CATTLE,48,CENSUS_2020,0.5,False,34.1,MODERATE
2010,18010,Youghal Urban,Cork,False,TOTAL_CATTLE,386,CENSUS_2000,0.5,False,19.7,HIGH
2010,18099,Monkstown Urban,Cork,True,TOTAL_CATTLE,48,NONE,0.5,False,241.8,LOW
2010,19001,Killarney Urban,Kerry,True,TOTAL_CATTLE,108,CENSUS_2000,0.5,False,19.7,HIGH
2010,19003,Tralee Urban,Kerry,False,TOTAL_CATTLE,41,CENSUS_2020,0.5,False,34.1,MODERATE
2010,19029,Cé Bhréanainn,Kerry,True,TOTAL_CATTLE,72,CENSUS_2000,0.5,False,19.7,HIGH
2010,19033,An Daingean,Kerry,False,TOTAL_CATTLE,108,CENSUS_2000,0.5,False,19.7,HIGH
2010,20011,Castle D,Limerick,False,TOTAL_CATTLE,146,CENSUS_2000,0.5,False,19.7,HIGH
2010,21102,Newcastle Urban,Limerick,False,TOTAL_CATTLE,436,CENSUS_2000,0.5,False,19.7,HIGH
2010,2133,Rathfarnham,Dublin,False,TOTAL_CATTLE,64,CENSUS_2000,0.5,False,19.7,HIGH
2010,22001,Nenagh East Urban,Tipperary,True,TOTAL_CATTLE,132,CENSUS_2000,0.5,False,19.7,HIGH
2010,22002,Nenagh West Urban,Tipperary,True,TOTAL_CATTLE,128,CENSUS_2000,0.5,False,19.7,HIGH
2010,22004,Thurles Urban,Tipperary,False,TOTAL_CATTLE,185,CENSUS_2000,0.5,False,19.7,HIGH
2010,23083,Carrick-on-Suir Urban,Tipperary,False,TOTAL_CATTLE,181,CENSUS_2000,0.5,False,19.7,HIGH
2010,23084,Cashel Urban,Tipperary,False,TOTAL_CATTLE,138,CENSUS_2000,0.5,False,19.7,HIGH
2010,23085,Clonmel East Urban,Tipperary,False,TOTAL_CATTLE,55,CENSUS_2020,0.5,False,34.1,MODERATE
2010,23086,Clonmel West Urban,Tipperary,False,TOTAL_CATTLE,55,CENSUS_2000,0.5,False,19.7,HIGH
2010,23087,Tipperary East Urban,Tipperary,False,TOTAL_CATTLE,54,CENSUS_2000,0.5,False,19.7,HIGH
2010,23088,Tipperary West Urban,Tipperary,False,TOTAL_CATTLE,54,NONE,0.5,False,241.8,LOW
2010,24001,Ballybeg North,Waterford,False,TOTAL_CATTLE,89,CENSUS_2000,0.5,False,19.7,HIGH
2010,24002/24006,Ballybeg South / Ballynaneashagh,Waterford,False,TOTAL_CATTLE,89,CENSUS_2000,0.5,False,19.7,HIGH
2010,24003,Ballybricken West,Waterford,False,TOTAL_CATTLE,89,CENSUS_2000,0.5,False,19.7,HIGH
2010,24007,Ballytruckle,Waterford,False,TOTAL_CATTLE,89,CENSUS_2000,0.5,False,19.7,HIGH
2010,24014,Farranshoneen,Waterford,False,TOTAL_CATTLE,89,CENSUS_2000,0.5,False,19.7,HIGH
2010,24018,Grange South,Waterford,True,TOTAL_CATTLE,88,CENSUS_2000,0.5,False,19.7,HIGH
2010,24020,Kilbarry,Waterford,True,TOTAL_CATTLE,88,CENSUS_2000,0.5,False,19.7,HIGH
2010,25001,Dungarvan No. 1 Urban,Waterford,False,TOTAL_CATTLE,974,CENSUS_2000,0.5,False,19.7,HIGH
2010,25002,Dungarvan No. 2 Urban,Waterford,False,TOTAL_CATTLE,88,NONE,0.5,False,241.8,LOW
2010,25066,Lismore Urban,Waterford,False,TOTAL_CATTLE,88,CENSUS_2000,0.5,False,19.7,HIGH
2010,26002,Baile an Bhriotaihg,Galway,False,TOTAL_CATTLE,26,CENSUS_2000,0.5,False,19.7,HIGH
2010,26012,Murroogh,Galway,False,TOTAL_CATTLE,26,CENSUS_2000,0.5,False,19.7,HIGH
2010,26013,Newcastle,Galway,False,TOTAL_CATTLE,26,CENSUS_2000,0.5,False,19.7,HIGH
2010,27128,Loughrea Urban,Galway,False,TOTAL_CATTLE,25,NONE,0.5,False,241.8,LOW
2010,27156,Leitir Breacáin,Galway,True,TOTAL_CATTLE,179,CENSUS_2000,0.5,False,19.7,HIGH
2010,27216,Tuam Urban,Galway,False,TOTAL_CATTLE,25,NONE,0.5,False,241.8,LOW
2010,29003,Castlebar Urban,Mayo,False,TOTAL_CATTLE,111,CENSUS_2000,0.5,False,19.7,HIGH
2010,29139,Erriff,Mayo,True,TOTAL_CATTLE,78,CENSUS_2000,0.5,False,19.7,HIGH
2010,30031,Boyle Urban,Roscommon,True,TOTAL_CATTLE,134,CENSUS_2000,0.5,False,19.7,HIGH
2010,3005,Clondalkin-Cappaghmore,Dublin,False,TOTAL_CATTLE,64,CENSUS_2020,0.5,False,34.1,MODERATE
2010,3010,Clondalkin Village,Dublin,False,TOTAL_CATTLE,64,CENSUS_2020,0.5,False,34.1,MODERATE
2010,30106,Roscommon Urban,Roscommon,False,TOTAL_CATTLE,44,NONE,0.5,False,241.8,LOW
2010,3011,Edmondstown,Dublin,False,TOTAL_CATTLE,142,CENSUS_2000,0.5,False,19.7,HIGH
2010,3017,Lucan-St. Helen's,Dublin,False,TOTAL_CATTLE,350,CENSUS_2000,0.5,False,19.7,HIGH
2010,3032,Tallaght-Jobstown,Dublin,False,TOTAL_CATTLE,64,CENSUS_2020,0.5,False,34.1,MODERATE
2010,3033,Tallaght-Killinardan,Dublin,False,TOTAL_CATTLE,64,CENSUS_2020,0.5,False,34.1,MODERATE
2010,31001,Sligo East,Sligo,False,TOTAL_CATTLE,5,COUNTY_RESIDUAL,,False,0.0,EXACT
2010,32051,Cootehill Urban,Cavan,False,TOTAL_CATTLE,85,COUNTY_RESIDUAL,,False,0.0,EXACT
2010,33001,Buncrana Urban,Donegal,True,TOTAL_CATTLE,80,CENSUS_2000,0.5,False,19.7,HIGH
2010,33002,Bundoran Urban,Donegal,True,TOTAL_CATTLE,18,CENSUS_2000,0.5,False,19.7,HIGH
2010,33003,Letterkenny Urban,Donegal,False,TOTAL_CATTLE,18,CENSUS_2000,0.5,False,19.7,HIGH
2010,33040,Ard an Rátha,Donegal,True,TOTAL_CATTLE,18,NONE,0.5,False,241.8,LOW
2010,33046,An Dúchoraidh,Donegal,True,TOTAL_CATTLE,27,CENSUS_2000,0.5,False,19.7,HIGH
2010,33054,Inis Caoil,Donegal,True,TOTAL_CATTLE,31,CENSUS_2000,0.5,False,19.7,HIGH
2010,33108,Suí Corr,Donegal,True,TOTAL_CATTLE,61,CENSUS_2020,0.5,False,34.1,MODERATE
2010,34002,Castleblayney Urban,Monaghan,False,TOTAL_CATTLE,2,COUNTY_RESIDUAL,,False,0.0,EXACT
2010,4001,Airport,Dublin,False,TOTAL_CATTLE,64,CENSUS_2000,0.5,False,19.7,HIGH
2010,4005,Balgriffin,Dublin,True,TOTAL_CATTLE,64,CENSUS_2000,0.5,False,19.7,HIGH
2010,4008,Blanchardstown-Abbotstown,Dublin,False,TOTAL_CATTLE,64,NONE,0.5,False,241.8,LOW
2010,4015,Blanchardstown-Tyrrelstown,Dublin,False,TOTAL_CATTLE,64,CENSUS_2020,0.5,False,34.1,MODERATE
2010,4016,Castleknock-Knockmaroon,Dublin,True,TOTAL_CATTLE,150,CENSUS_2020,0.5,False,34.1,MODERATE
2010,4017,Castleknock-Park,Dublin,False,TOTAL_CATTLE,64,CENSUS_2020,0.5,False,34.1,MODERATE
2010,4024,Howth,Dublin,False,TOTAL_CATTLE,64,CENSUS_2000,0.5,False,19.7,HIGH
2010,4026,Kinsaley,Dublin,False,TOTAL_CATTLE,233,CENSUS_2000,0.5,False,19.7,HIGH
2010,4027,Lucan North,Dublin,False,TOTAL_CATTLE,64,NONE,0.5,False,241.8,LOW
2010,4034,Skerries,Dublin,False,TOTAL_CATTLE,64,CENSUS_2020,0.5,False,34.1,MODERATE
2010,4036,Swords-Forrest,Dublin,False,TOTAL_CATTLE,63,NONE,0.5,False,241.8,LOW
2010,4037,Swords-Glasmore,Dublin,False,TOTAL_CATTLE,63,NONE,0.5,False,241.8,LOW
2010,4038,Swords-Lissenhall,Dublin,True,TOTAL_CATTLE,737,CENSUS_2000,0.5,False,19.7,HIGH
2010,4041,The Ward,Dublin,True,TOTAL_CATTLE,296,CENSUS_2000,0.5,False,19.7,HIGH
2010,5020,Cabinteely-Loughlinstown,Dublin,False,TOTAL_CATTLE,63,NONE,0.5,False,241.8,LOW
2010,5027,Clonskeagh-Belfield,Dublin,False,TOTAL_CATTLE,63,CENSUS_2000,0.5,False,19.7,HIGH
2010,5038,Dundrum-Kilmacud,Dublin,False,TOTAL_CATTLE,63,CENSUS_2000,0.5,False,19.7,HIGH
2010,6002,Athy West Urban,Kildare,False,TOTAL_CATTLE,118,CENSUS_2000,0.5,False,19.7,HIGH
2010,6039,Leixlip,Kildare,True,TOTAL_CATTLE,368,CENSUS_2000,0.5,False,19.7,HIGH
2010,6073,Killashee,Kildare,True,TOTAL_CATTLE,220,CENSUS_2000,0.5,False,19.7,HIGH
2010,7001,Kilkenny No. 1 Urban,Kilkenny,False,TOTAL_CATTLE,295,CENSUS_2020,0.5,False,34.1,MODERATE
2010,7005,Callan Urban,Kilkenny,False,TOTAL_CATTLE,294,NONE,0.5,False,241.8,LOW
2010,7106,Kilculliheen (part),Kilkenny,True,TOTAL_CATTLE,1177,CENSUS_2000,0.5,False,19.7,HIGH
2010,8066,Mountmellick Urban,Laois,False,TOTAL_CATTLE,27,CENSUS_2000,0.5,False,19.7,HIGH
2010,8072,Portlaoighise (Maryborough) Urban,Laois,False,TOTAL_CATTLE,9,NONE,0.5,False,241.8,LOW
2010,9002,Longford No. 2 Urban,Longford,False,TOTAL_CATTLE,357,COUNTY_RESIDUAL,,False,0.0,EXACT
2010,8045/8046,Brisha / Capard,Laois,True,DAIRY_COW,126,CENSUS_2000,0.25,False,16.6,HIGH
2010,9024/9035,Firry / Newgrove,Longford,True,DAIRY_COW,87,CENSUS_2000,0.25,False,16.6,HIGH
2010,10010,Castlebellingham,Louth,True,DAIRY_COW,137,NATIONAL,0.25,False,12.3,HIGH
2010,10013,Dromin,Louth,True,DAIRY_COW,124,CENSUS_2000,0.25,False,16.6,HIGH
2010,10014,Dromiskin,Louth,True,DAIRY_COW,110,NATIONAL,0.25,False,12.3,HIGH
2010,10016,Dunleer,Louth,True,DAIRY_COW,133,CENSUS_2000,0.25,False,16.6,HIGH
2010,10018,Tallanstown,Louth,True,DAIRY_COW,128,CENSUS_2000,0.25,False,16.6,HIGH
2010,10025,Darver,Louth,True,DAIRY_COW,120,NATIONAL,0.25,False,12.3,HIGH
2010,10027,Dundalk Rural,Louth,True,DAIRY_COW,93,CENSUS_2020,0.25,False,18.6,HIGH
2010,10028,Faughart,Louth,True,DAIRY_COW,102,CENSUS_2000,0.25,False,16.6,HIGH
2010,10029,Greenore,Louth,True,DAIRY_COW,105,NATIONAL,0.25,False,12.3,HIGH
2010,1003,Clonmore,Carlow,True,DAIRY_COW,120,CENSUS_2000,0.25,False,16.6,HIGH
2010,10031,Jenkinstown,Louth,True,DAIRY_COW,104,NATIONAL,0.25,False,12.3,HIGH
2010,10034,Mansfieldstown,Louth,True,DAIRY_COW,101,NATIONAL,0.25,False,12.3,HIGH
2010,1005,Haroldstown,Carlow,True,DAIRY_COW,135,NATIONAL,0.25,False,12.3,HIGH
2010,1006,Kineagh,Carlow,True,DAIRY_COW,144,NATIONAL,0.25,False,12.3,HIGH
2010,1008,Rathvilly,Carlow,True,DAIRY_COW,122,NATIONAL,0.25,False,12.3,HIGH
2010,1009,Tiknock,Carlow,True,DAIRY_COW,138,NATIONAL,0.25,False,12.3,HIGH
2010,1011,Agha,Carlow,True,DAIRY_COW,126,NATIONAL,0.25,False,12.3,HIGH
2010,1012,Ballinacarrig,Carlow,True,DAIRY_COW,137,NATIONAL,0.25,False,12.3,HIGH
2010,1014,Ballon,Carlow,True,DAIRY_COW,136,NATIONAL,0.25,False,12.3,HIGH
2010,1015,Ballyellin,Carlow,True,DAIRY_COW,142,NATIONAL,0.25,False,12.3,HIGH
2010,1018,Burton Hall,Carlow,True,DAIRY_COW,99,CENSUS_2020,0.25,False,18.6,HIGH
2010,1019,Carlow Rural,Carlow,True,DAIRY_COW,117,CENSUS_2000,0.25,False,16.6,HIGH
2010,1020,Clogrenan,Carlow,True,DAIRY_COW,137,CENSUS_2000,0.25,False,16.6,HIGH
2010,1021,Clonegall,Carlow,True,DAIRY_COW,168,NATIONAL,0.25,False,12.3,HIGH
2010,1023,Cranemore,Carlow,True,DAIRY_COW,119,CENSUS_2000,0.25,False,16.6,HIGH
2010,1024,Fennagh,Carlow,True,DAIRY_COW,141,NATIONAL,0.25,False,12.3,HIGH
2010,1025,Garryhill,Carlow,True,DAIRY_COW,160,NATIONAL,0.25,False,12.3,HIGH
2010,1026,Grangeford,Carlow,True,DAIRY_COW,129,NATIONAL,0.25,False,12.3,HIGH
2010,1027,Johnstown,Carlow,True,DAIRY_COW,128,NATIONAL,0.25,False,12.3,HIGH
2010,1029,Kilbride,Carlow,True,DAIRY_COW,127,CENSUS_2020,0.25,False,18.6,HIGH
2010,1030,Killedmond,Carlow,True,DAIRY_COW,157,NATIONAL,0.25,False,12.3,HIGH
2010,1031,Killerrig,Carlow,True,DAIRY_COW,124,NATIONAL,0.25,False,12.3,HIGH
2010,1035,Myshall,Carlow,True,DAIRY_COW,138,NATIONAL,0.25,False,12.3,HIGH
2010,1037,Oldleighlin,Carlow,True,DAIRY_COW,129,CENSUS_2000,0.25,False,16.6,HIGH
2010,1038,Rathanna,Carlow,True,DAIRY_COW,99,CENSUS_2000,0.25,False,16.6,HIGH
2010,1040,Rathrush,Carlow,True,DAIRY_COW,169,CENSUS_2000,0.25,False,16.6,HIGH
2010,1041,Ridge,Carlow,True,DAIRY_COW,112,CENSUS_2000,0.25,False,16.6,HIGH
2010,1042,Shangarry,Carlow,True,DAIRY_COW,136,CENSUS_2000,0.25,False,16.6,HIGH
2010,1043,Sliguff,Carlow,True,DAIRY_COW,136,NATIONAL,0.25,False,12.3,HIGH
2010,1044,Tankardstown,Carlow,True,DAIRY_COW,119,CENSUS_2000,0.25,False,16.6,HIGH
2010,1045,Templepeter,Carlow,True,DAIRY_COW,118,CENSUS_2000,0.25,False,16.6,HIGH
2010,1046,Tullowbeg,Carlow,True,DAIRY_COW,136,NATIONAL,0.25,False,12.3,HIGH
2010,1054,Tinnahinch,Carlow,True,DAIRY_COW,137,NATIONAL,0.25,False,12.3,HIGH
2010,11008,Donaghmore,Meath,True,DAIRY_COW,177,NATIONAL,0.25,False,12.3,HIGH
2010,11009,Dunboyne,Meath,True,DAIRY_COW,160,CENSUS_2000,0.25,False,16.6,HIGH
2010,11010,Dunshaughlin,Meath,True,DAIRY_COW,180,CENSUS_2000,0.25,False,16.6,HIGH
2010,11017,Rodanstown,Meath,True,DAIRY_COW,173,CENSUS_2000,0.25,False,16.6,HIGH
2010,11019,Ardagh,Meath,True,DAIRY_COW,168,CENSUS_2000,0.25,False,16.6,HIGH
2010,11020,Ballinlough,Meath,True,DAIRY_COW,141,CENSUS_2000,0.25,False,16.6,HIGH
2010,11021,Balrathboyne,Meath,True,DAIRY_COW,165,CENSUS_2000,0.25,False,16.6,HIGH
2010,11022,Boherboy,Meath,True,DAIRY_COW,124,CENSUS_2000,0.25,False,16.6,HIGH
2010,11023,Burry,Meath,True,DAIRY_COW,164,CENSUS_2000,0.25,False,16.6,HIGH
2010,11024,Carrickleck,Meath,True,DAIRY_COW,164,CENSUS_2000,0.25,False,16.6,HIGH
2010,11025,Castlekeeran,Meath,True,DAIRY_COW,153,CENSUS_2000,0.25,False,16.6,HIGH
2010,11026,Ceannanus Mór (Kells) Rural,Meath,True,DAIRY_COW,151,NATIONAL,0.25,False,12.3,HIGH
2010,11031,Loughan,Meath,True,DAIRY_COW,182,NATIONAL,0.25,False,12.3,HIGH
2010,11032,Maperath,Meath,True,DAIRY_COW,163,CENSUS_2000,0.25,False,16.6,HIGH
2010,11034,Moybolgue,Meath,True,DAIRY_COW,157,NATIONAL,0.25,False,12.3,HIGH
2010,11037,Newtown,Meath,True,DAIRY_COW,167,CENSUS_2000,0.25,False,16.6,HIGH
2010,11039,Posseckstown,Meath,True,DAIRY_COW,174,NATIONAL,0.25,False,12.3,HIGH
2010,11047,St. Mary's (Part Rural),Meath,True,DAIRY_COW,141,CENSUS_2000,0.25,False,16.6,HIGH
2010,11062,Crosskeys,Meath,True,DAIRY_COW,177,NATIONAL,0.25,False,12.3,HIGH
2010,11065,Knocklough,Meath,True,DAIRY_COW,164,CENSUS_2000,0.25,False,16.6,HIGH
2010,11066,Moylagh,Meath,True,DAIRY_COW,189,NATIONAL,0.25,False,12.3,HIGH
2010,11068,Stonefield,Meath,True,DAIRY_COW,145,CENSUS_2000,0.25,False,16.6,HIGH
2010,11073,Castlejordan,Meath,True,DAIRY_COW,200,NATIONAL,0.25,False,12.3,HIGH
2010,11080,Hill of Down,Meath,True,DAIRY_COW,203,CENSUS_2000,0.25,False,16.6,HIGH
2010,11082,Cill Bhríde,Meath,True,DAIRY_COW,153,CENSUS_2000,0.25,False,16.6,HIGH
2010,11083,Kilcooly,Meath,True,DAIRY_COW,163,NATIONAL,0.25,False,12.3,HIGH
2010,11084,Kildalky,Meath,True,DAIRY_COW,167,CENSUS_2000,0.25,False,16.6,HIGH
2010,11088,Rahinstown,Meath,True,DAIRY_COW,164,CENSUS_2000,0.25,False,16.6,HIGH
2010,11091,Summerhill,Meath,True,DAIRY_COW,158,CENSUS_2000,0.25,False,16.6,HIGH
2010,11092,Trim Rural,Meath,True,DAIRY_COW,176,CENSUS_2000,0.25,False,16.6,HIGH
2010,12006,Broughal,Offaly,True,DAIRY_COW,111,NATIONAL,0.25,False,12.3,HIGH
2010,12007,Cloghan,Offaly,True,DAIRY_COW,88,CENSUS_2000,0.25,False,16.6,HIGH
2010,12011,Doon,Offaly,True,DAIRY_COW,104,CENSUS_2000,0.25,False,16.6,HIGH
2010,12015,Ferbane,Offaly,True,DAIRY_COW,88,CENSUS_2000,0.25,False,16.6,HIGH
2010,12017,Hinds,Offaly,True,DAIRY_COW,99,NATIONAL,0.25,False,12.3,HIGH
2010,12022,Kinnitty,Offaly,True,DAIRY_COW,114,NATIONAL,0.25,False,12.3,HIGH
2010,12023,Knockbarron,Offaly,True,DAIRY_COW,103,NATIONAL,0.25,False,12.3,HIGH
2010,12024,Lea,Offaly,True,DAIRY_COW,117,NATIONAL,0.25,False,12.3,HIGH
2010,12025,Letter,Offaly,True,DAIRY_COW,97,NATIONAL,0.25,False,12.3,HIGH
2010,12026,Lumcloon,Offaly,True,DAIRY_COW,103,NATIONAL,0.25,False,12.3,HIGH
2010,12028,Mounterin,Offaly,True,DAIRY_COW,103,CENSUS_2020,0.25,False,18.6,HIGH
2010,12029,Moyclare,Offaly,True,DAIRY_COW,89,CENSUS_2000,0.25,False,16.6,HIGH
2010,12031,Shannonbridge,Offaly,True,DAIRY_COW,105,NATIONAL,0.25,False,12.3,HIGH
2010,12036,Ballymacwilliam,Offaly,True,DAIRY_COW,108,NATIONAL,0.25,False,12.3,HIGH
2010,12037,Bracknagh,Offaly,True,DAIRY_COW,103,CENSUS_2000,0.25,False,16.6,HIGH
2010,12038,Clonbulloge,Offaly,True,DAIRY_COW,122,NATIONAL,0.25,False,12.3,HIGH
2010,12034/12043,Esker / Ballaghassaan,Offaly,True,DAIRY_COW,92,CENSUS_2000,0.25,False,16.6,HIGH
2010,12045,Monasteroris,Offaly,True,DAIRY_COW,122,CENSUS_2000,0.25,False,16.6,HIGH
2010,12047,Ballincor,Offaly,True,DAIRY_COW,105,NATIONAL,0.25,False,12.3,HIGH
2010,12052,Ettagh,Offaly,True,DAIRY_COW,105,CENSUS_2000,0.25,False,16.6,HIGH
2010,12053,Gorteen,Offaly,True,DAIRY_COW,103,CENSUS_2020,0.25,False,18.6,HIGH
2010,12055,Roscomroe,Offaly,True,DAIRY_COW,92,CENSUS_2000,0.25,False,16.6,HIGH
2010,12058,Tulla,Offaly,True,DAIRY_COW,102,NATIONAL,0.25,False,12.3,HIGH
2010,12059,Ballycommon,Offaly,True,DAIRY_COW,137,NATIONAL,0.25,False,12.3,HIGH
2010,12060,Ballyshear,Offaly,True,DAIRY_COW,114,NATIONAL,0.25,False,12.3,HIGH
2010,12061,Bawn,Offaly,True,DAIRY_COW,95,CENSUS_2000,0.25,False,16.6,HIGH
2010,12064,Clonygowan,Offaly,True,DAIRY_COW,97,CENSUS_2000,0.25,False,16.6,HIGH
2010,12065,Daingean,Offaly,True,DAIRY_COW,109,NATIONAL,0.25,False,12.3,HIGH
2010,12066,Derrycooley,Offaly,True,DAIRY_COW,108,NATIONAL,0.25,False,12.3,HIGH
2010,12067,Durrow,Offaly,True,DAIRY_COW,104,CENSUS_2000,0.25,False,16.6,HIGH
2010,12069,Gorteen,Offaly,True,DAIRY_COW,104,NATIONAL,0.25,False,12.3,HIGH
2010,12070,Hammerlane,Offaly,True,DAIRY_COW,122,NATIONAL,0.25,False,12.3,HIGH
2010,12076,Mountbriscoe,Offaly,True,DAIRY_COW,101,NATIONAL,0.25,False,12.3,HIGH
2010,12077,O'Dempsey,Offaly,True,DAIRY_COW,99,NATIONAL,0.25,False,12.3,HIGH
2010,12078,Portarlington North,Offaly,True,DAIRY_COW,91,CENSUS_2000,0.25,False,16.6,HIGH
2010,12085,Tinamuck,Offaly,True,DAIRY_COW,104,NATIONAL,0.25,False,12.3,HIGH
2010,12087,Tullamore Rural,Offaly,True,DAIRY_COW,91,CENSUS_2000,0.25,False,16.6,HIGH
2010,13003,Athlone East Rural,Westmeath,True,DAIRY_COW,88,CENSUS_2000,0.25,False,16.6,HIGH
2010,13004,Auburn,Westmeath,True,DAIRY_COW,214,CENSUS_2020,0.25,False,18.6,HIGH
2010,13007,Carn,Westmeath,True,DAIRY_COW,147,CENSUS_2000,0.25,False,16.6,HIGH
2010,13008,Castledaly,Westmeath,True,DAIRY_COW,158,CENSUS_2000,0.25,False,16.6,HIGH
2010,13010,Kilcumreragh,Westmeath,True,DAIRY_COW,203,NATIONAL,0.25,False,12.3,HIGH
2010,13011,Killinure,Westmeath,True,DAIRY_COW,147,NATIONAL,0.25,False,12.3,HIGH
2010,13012,Moate,Westmeath,True,DAIRY_COW,144,CENSUS_2000,0.25,False,16.6,HIGH
2010,13013,Mount Temple,Westmeath,True,DAIRY_COW,149,CENSUS_2000,0.25,False,16.6,HIGH
2010,13014,Moydrum,Westmeath,True,DAIRY_COW,122,CENSUS_2000,0.25,False,16.6,HIGH
2010,13018,Ardnagragh,Westmeath,True,DAIRY_COW,194,NATIONAL,0.25,False,12.3,HIGH
2010,13019,Ballymore,Westmeath,True,DAIRY_COW,153,CENSUS_2000,0.25,False,16.6,HIGH
2010,13023,Piercetown,Westmeath,True,DAIRY_COW,138,NATIONAL,0.25,False,12.3,HIGH
2010,13024,Templepatrick,Westmeath,True,DAIRY_COW,134,CENSUS_2000,0.25,False,16.6,HIGH
2010,13025,Winetown,Westmeath,True,DAIRY_COW,175,CENSUS_2000,0.25,False,16.6,HIGH
2010,13027,Coole,Westmeath,True,DAIRY_COW,152,CENSUS_2020,0.25,False,18.6,HIGH
2010,13028,Coolure,Westmeath,True,DAIRY_COW,180,NATIONAL,0.25,False,12.3,HIGH
2010,13029,Finnea,Westmeath,True,DAIRY_COW,115,CENSUS_2000,0.25,False,16.6,HIGH
2010,13030,Glore,Westmeath,True,DAIRY_COW,153,NATIONAL,0.25,False,12.3,HIGH
2010,13031,Knockarrow,Westmeath,True,DAIRY_COW,159,NATIONAL,0.25,False,12.3,HIGH
2010,13032,Rathowen,Westmeath,True,DAIRY_COW,162,NATIONAL,0.25,False,12.3,HIGH
2010,13033,Street,Westmeath,True,DAIRY_COW,153,CENSUS_2000,0.25,False,16.6,HIGH
2010,13034,Ballinlough,Westmeath,True,DAIRY_COW,208,CENSUS_2020,0.25,False,18.6,HIGH
2010,13036,Ballynaskeagh,Westmeath,True,DAIRY_COW,202,NATIONAL,0.25,False,12.3,HIGH
2010,13037,Bracklin,Westmeath,True,DAIRY_COW,149,NATIONAL,0.25,False,12.3,HIGH
2010,13038,Clonarney,Westmeath,True,DAIRY_COW,179,CENSUS_2000,0.25,False,16.6,HIGH
2010,13041,Delvin,Westmeath,True,DAIRY_COW,155,NATIONAL,0.25,False,12.3,HIGH
2010,13043,Fore East,Westmeath,True,DAIRY_COW,171,NATIONAL,0.25,False,12.3,HIGH
2010,13044,Fore West,Westmeath,True,DAIRY_COW,177,NATIONAL,0.25,False,12.3,HIGH
2010,13045,Hilltown,Westmeath,True,DAIRY_COW,182,CENSUS_2000,0.25,False,16.6,HIGH
2010,13046,Kilcumny,Westmeath,True,DAIRY_COW,141,NATIONAL,0.25,False,12.3,HIGH
2010,13047,Killua,Westmeath,True,DAIRY_COW,145,CENSUS_2000,0.25,False,16.6,HIGH
2010,13048,Killulagh,Westmeath,True,DAIRY_COW,203,NATIONAL,0.25,False,12.3,HIGH
2010,13049,Kilpatrick,Westmeath,True,DAIRY_COW,172,NATIONAL,0.25,False,12.3,HIGH
2010,13050,Kinturk,Westmeath,True,DAIRY_COW,134,CENSUS_2000,0.25,False,16.6,HIGH
2010,13054/13085,Ballinalack / Lackan,Westmeath,True,DAIRY_COW,187,NATIONAL,0.25,False,12.3,HIGH
2010,13055,Ballykilmore,Westmeath,True,DAIRY_COW,142,CENSUS_2000,0.25,False,16.6,HIGH
2010,13056,Ballymorin,Westmeath,True,DAIRY_COW,148,CENSUS_2000,0.25,False,16.6,HIGH
2010,13059,Carrick,Westmeath,True,DAIRY_COW,184,NATIONAL,0.25,False,12.3,HIGH
2010,13060,Castle,Westmeath,True,DAIRY_COW,156,NATIONAL,0.25,False,12.3,HIGH
2010,13061,Castlelost,Westmeath,True,DAIRY_COW,179,NATIONAL,0.25,False,12.3,HIGH
2010,13063,Churchtown,Westmeath,True,DAIRY_COW,147,CENSUS_2000,0.25,False,16.6,HIGH
2010,13064,Cloghan,Westmeath,True,DAIRY_COW,154,NATIONAL,0.25,False,12.3,HIGH
2010,13065,Clonfad,Westmeath,True,DAIRY_COW,143,CENSUS_2000,0.25,False,16.6,HIGH
2010,13066,Clonlost,Westmeath,True,DAIRY_COW,137,CENSUS_2000,0.25,False,16.6,HIGH
2010,13067,Derrymore,Westmeath,True,DAIRY_COW,141,CENSUS_2000,0.25,False,16.6,HIGH
2010,13069,Emper,Westmeath,True,DAIRY_COW,138,CENSUS_2000,0.25,False,16.6,HIGH
2010,13070,Enniscoffey,Westmeath,True,DAIRY_COW,142,CENSUS_2000,0.25,False,16.6,HIGH
2010,13073,Greenpark,Westmeath,True,DAIRY_COW,126,CENSUS_2000,0.25,False,16.6,HIGH
2010,13075,Heathstown,Westmeath,True,DAIRY_COW,129,CENSUS_2000,0.25,False,16.6,HIGH
2010,13077,Huntingdon,Westmeath,True,DAIRY_COW,115,CENSUS_2020,0.25,False,18.6,HIGH
2010,13079,Kilbeggan,Westmeath,True,DAIRY_COW,127,CENSUS_2000,0.25,False,16.6,HIGH
2010,13082,Killucan,Westmeath,True,DAIRY_COW,132,CENSUS_2000,0.25,False,16.6,HIGH
2010,13083,Kinnegad,Westmeath,True,DAIRY_COW,168,NATIONAL,0.25,False,12.3,HIGH
2010,13084,Knockdrin,Westmeath,True,DAIRY_COW,115,CENSUS_2000,0.25,False,16.6,HIGH
2010,13086,Lauree,Westmeath,True,DAIRY_COW,142,CENSUS_2000,0.25,False,16.6,HIGH
2010,13089,Mullingar Rural,Westmeath,True,DAIRY_COW,161,NATIONAL,0.25,False,12.3,HIGH
2010,13093,Newtown,Westmeath,True,DAIRY_COW,150,CENSUS_2020,0.25,False,18.6,HIGH
2010,13094,Owel,Westmeath,True,DAIRY_COW,136,CENSUS_2000,0.25,False,16.6,HIGH
2010,13095,Portloman,Westmeath,True,DAIRY_COW,159,CENSUS_2000,0.25,False,16.6,HIGH
2010,13096,Raharney,Westmeath,True,DAIRY_COW,176,NATIONAL,0.25,False,12.3,HIGH
2010,13098,Rathconrath,Westmeath,True,DAIRY_COW,149,CENSUS_2000,0.25,False,16.6,HIGH
2010,13099,Russellstown,Westmeath,True,DAIRY_COW,172,NATIONAL,0.25,False,12.3,HIGH
2010,13101,Sonna,Westmeath,True,DAIRY_COW,132,CENSUS_2000,0.25,False,16.6,HIGH
2010,13102,Stonehall,Westmeath,True,DAIRY_COW,167,NATIONAL,0.25,False,12.3,HIGH
2010,13103,Streamstown,Westmeath,True,DAIRY_COW,148,CENSUS_2000,0.25,False,16.6,HIGH
2010,13104,Taghmon,Westmeath,True,DAIRY_COW,115,CENSUS_2020,0.25,False,18.6,HIGH
2010,13106,Woodland,Westmeath,True,DAIRY_COW,134,NATIONAL,0.25,False,12.3,HIGH
2010,14008,Ballycarney,Wexford,True,DAIRY_COW,227,CENSUS_2000,0.25,False,16.6,HIGH
2010,14011,Ballymore,Wexford,True,DAIRY_COW,215,CENSUS_2000,0.25,False,16.6,HIGH
2010,14022,Ferns,Wexford,True,DAIRY_COW,225,CENSUS_2000,0.25,False,16.6,HIGH
2010,14023,Kilbora,Wexford,True,DAIRY_COW,207,CENSUS_2000,0.25,False,16.6,HIGH
2010,14029,Kiltealy,Wexford,True,DAIRY_COW,214,NATIONAL,0.25,False,12.3,HIGH
2010,14032,Newtownbarry,Wexford,True,DAIRY_COW,148,CENSUS_2020,0.25,False,18.6,HIGH
2010,14034,St. Mary's,Wexford,True,DAIRY_COW,237,NATIONAL,0.25,False,12.3,HIGH
2010,14038,Tombrack,Wexford,True,DAIRY_COW,210,CENSUS_2000,0.25,False,16.6,HIGH
2010,14043,Ballyellis,Wexford,True,DAIRY_COW,228,NATIONAL,0.25,False,12.3,HIGH
2010,14054,Kilcomb,Wexford,True,DAIRY_COW,207,CENSUS_2000,0.25,False,16.6,HIGH
2010,14062,Rossminoge,Wexford,True,DAIRY_COW,183,CENSUS_2000,0.25,False,16.6,HIGH
2010,14067,Ballyhack,Wexford,True,DAIRY_COW,228,CENSUS_2000,0.25,False,16.6,HIGH
2010,14070,Carnagh,Wexford,True,DAIRY_COW,217,CENSUS_2000,0.25,False,16.6,HIGH
2010,14074,Dunmain,Wexford,True,DAIRY_COW,210,NATIONAL,0.25,False,12.3,HIGH
2010,14078,Kilgarvan,Wexford,True,DAIRY_COW,189,NATIONAL,0.25,False,12.3,HIGH
2010,14080,Kilmokea,Wexford,True,DAIRY_COW,189,CENSUS_2000,0.25,False,16.6,HIGH
2010,14086,Rochestown,Wexford,True,DAIRY_COW,181,CENSUS_2000,0.25,False,16.6,HIGH
2010,14092,Ardcavan,Wexford,True,DAIRY_COW,185,CENSUS_2000,0.25,False,16.6,HIGH
2010,14093,Ardcolm,Wexford,True,DAIRY_COW,212,CENSUS_2000,0.25,False,16.6,HIGH
2010,14098,Bridgetown,Wexford,True,DAIRY_COW,185,CENSUS_2000,0.25,False,16.6,HIGH
2010,14099,Carrick,Wexford,True,DAIRY_COW,183,CENSUS_2000,0.25,False,16.6,HIGH
2010,14100,Drinagh,Wexford,True,DAIRY_COW,204,CENSUS_2000,0.25,False,16.6,HIGH
2010,14101,Duncormick,Wexford,True,DAIRY_COW,184,CENSUS_2000,0.25,False,16.6,HIGH
2010,14104,Harperstown,Wexford,True,DAIRY_COW,194,NATIONAL,0.25,False,12.3,HIGH
2010,14105,Harristown,Wexford,True,DAIRY_COW,182,CENSUS_2000,0.25,False,16.6,HIGH
2010,14106,Kilbride,Wexford,True,DAIRY_COW,197,CENSUS_2000,0.25,False,16.6,HIGH
2010,14114,Lady's Island,Wexford,True,DAIRY_COW,174,CENSUS_2000,0.25,False,16.6,HIGH
2010,14115,Mayglass,Wexford,True,DAIRY_COW,180,CENSUS_2000,0.25,False,16.6,HIGH
2010,14116,Newcastle,Wexford,True,DAIRY_COW,147,CENSUS_2020,0.25,False,18.6,HIGH
2010,14118,Rosslare,Wexford,True,DAIRY_COW,197,NATIONAL,0.25,False,12.3,HIGH
2010,14119,St. Helen's,Wexford,True,DAIRY_COW,194,NATIONAL,0.25,False,12.3,HIGH
2010,14123,Wexford Rural,Wexford,True,DAIRY_COW,163,NATIONAL,0.25,False,12.3,HIGH
2010,15001,Arklow No. 1 Urban,Wicklow,False,DAIRY_COW,30,NATIONAL,0.25,False,12.3,HIGH
2010,15008,Ballinguile,Wicklow,True,DAIRY_COW,168,NATIONAL,0.25,False,12.3,HIGH
2010,15011,Burgage,Wicklow,True,DAIRY_COW,163,NATIONAL,0.25,False,12.3,HIGH
2010,15013,Donard,Wicklow,True,DAIRY_COW,172,CENSUS_2000,0.25,False,16.6,HIGH
2010,15015,Eadestown,Wicklow,True,DAIRY_COW,158,NATIONAL,0.25,False,12.3,HIGH
2010,15016,Hartstown,Wicklow,True,DAIRY_COW,190,CENSUS_2000,0.25,False,16.6,HIGH
2010,15017,Hollywood,Wicklow,True,DAIRY_COW,156,NATIONAL,0.25,False,12.3,HIGH
2010,15019,Imael North,Wicklow,True,DAIRY_COW,153,NATIONAL,0.25,False,12.3,HIGH
2010,15020,Imael South,Wicklow,True,DAIRY_COW,155,NATIONAL,0.25,False,12.3,HIGH
2010,15021,Kilbride,Wicklow,True,DAIRY_COW,154,CENSUS_2000,0.25,False,16.6,HIGH
2010,15022,Lackan,Wicklow,True,DAIRY_COW,120,CENSUS_2020,0.25,False,18.6,HIGH
2010,15026,Stratford,Wicklow,True,DAIRY_COW,271,CENSUS_2020,0.25,False,18.6,HIGH
2010,15028,The Grange,Wicklow,True,DAIRY_COW,155,CENSUS_2000,0.25,False,16.6,HIGH
2010,15032,Delgany,Wicklow,True,DAIRY_COW,120,CENSUS_2000,0.25,False,16.6,HIGH
2010,15033,Enniskerry,Wicklow,True,DAIRY_COW,96,NATIONAL,0.25,False,12.3,HIGH
2010,15035,Kilmacanoge,Wicklow,True,DAIRY_COW,144,NATIONAL,0.25,False,12.3,HIGH
2010,15037,Altidore,Wicklow,True,DAIRY_COW,163,NATIONAL,0.25,False,12.3,HIGH
2010,15040,Avoca,Wicklow,True,DAIRY_COW,161,NATIONAL,0.25,False,12.3,HIGH
2010,15042,Ballinacor,Wicklow,True,DAIRY_COW,170,NATIONAL,0.25,False,12.3,HIGH
2010,15043,Ballinderry,Wicklow,True,DAIRY_COW,142,CENSUS_2000,0.25,False,16.6,HIGH
2010,15044,Ballyarthur,Wicklow,True,DAIRY_COW,167,CENSUS_2000,0.25,False,16.6,HIGH
2010,15045,Ballycullen,Wicklow,True,DAIRY_COW,139,NATIONAL,0.25,False,12.3,HIGH
2010,15048,Cronebane,Wicklow,True,DAIRY_COW,165,NATIONAL,0.25,False,12.3,HIGH
2010,15049,Dunganstown East,Wicklow,True,DAIRY_COW,175,CENSUS_2000,0.25,False,16.6,HIGH
2010,15052,Ennereilly,Wicklow,True,DAIRY_COW,173,CENSUS_2000,0.25,False,16.6,HIGH
2010,15054,Glenealy,Wicklow,True,DAIRY_COW,198,CENSUS_2000,0.25,False,16.6,HIGH
2010,15055,Kilbride,Wicklow,True,DAIRY_COW,172,CENSUS_2000,0.25,False,16.6,HIGH
2010,15057,Killiskey,Wicklow,True,DAIRY_COW,141,NATIONAL,0.25,False,12.3,HIGH
2010,15059,Moneystown,Wicklow,True,DAIRY_COW,155,CENSUS_2020,0.25,False,18.6,HIGH
2010,15060,Newcastle Lower,Wicklow,True,DAIRY_COW,181,NATIONAL,0.25,False,12.3,HIGH
2010,15061,Newcastle Upper,Wicklow,True,DAIRY_COW,169,NATIONAL,0.25,False,12.3,HIGH
2010,15064,Togher,Wicklow,True,DAIRY_COW,78,NATIONAL,0.25,False,12.3,HIGH
2010,15066,Wicklow Rural,Wicklow,True,DAIRY_COW,164,CENSUS_2000,0.25,False,16.6,HIGH
2010,15068,Ballingate,Wicklow,True,DAIRY_COW,150,CENSUS_2000,0.25,False,16.6,HIGH
2010,15070,Ballybeg,Wicklow,True,DAIRY_COW,142,CENSUS_2000,0.25,False,16.6,HIGH
2010,15072,Coolattin,Wicklow,True,DAIRY_COW,164,NATIONAL,0.25,False,12.3,HIGH
2010,15073,Coolballintaggart,Wicklow,True,DAIRY_COW,170,NATIONAL,0.25,False,12.3,HIGH
2010,15074,Coolboy,Wicklow,True,DAIRY_COW,145,CENSUS_2000,0.25,False,16.6,HIGH
2010,15075,Cronelea,Wicklow,True,DAIRY_COW,155,NATIONAL,0.25,False,12.3,HIGH
2010,15077,Killinure,Wicklow,True,DAIRY_COW,170,NATIONAL,0.25,False,12.3,HIGH
2010,16005,Kilrush Urban,Clare,True,DAIRY_COW,27,NATIONAL,0.25,False,12.3,HIGH
2010,16010,Drumcreehy,Clare,True,DAIRY_COW,98,CENSUS_2000,0.25,False,16.6,HIGH
2010,16008/16014,Noughaval / Castletown,Clare,True,DAIRY_COW,105,CENSUS_2000,0.25,False,16.6,HIGH
2010,16015,Oughtmama,Clare,True,DAIRY_COW,154,NATIONAL,0.25,False,12.3,HIGH
2010,16016,Rathborney,Clare,True,DAIRY_COW,105,NATIONAL,0.25,False,12.3,HIGH
2010,16018,Boston,Clare,True,DAIRY_COW,112,CENSUS_2000,0.25,False,16.6,HIGH
2010,16021,Killinaboy,Clare,True,DAIRY_COW,94,CENSUS_2000,0.25,False,16.6,HIGH
2010,16022,Kiltoraght,Clare,True,DAIRY_COW,94,CENSUS_2000,0.25,False,16.6,HIGH
2010,16024,Rath,Clare,True,DAIRY_COW,93,CENSUS_2000,0.25,False,16.6,HIGH
2010,16025,Ruan,Clare,True,DAIRY_COW,93,CENSUS_2000,0.25,False,16.6,HIGH
2010,16026,Clareabbey,Clare,True,DAIRY_COW,98,CENSUS_2000,0.25,False,16.6,HIGH
2010,16027,Clenagh,Clare,True,DAIRY_COW,130,NATIONAL,0.25,False,12.3,HIGH
2010,16028,Crusheen,Clare,True,DAIRY_COW,93,CENSUS_2000,0.25,False,16.6,HIGH
2010,16030,Drumline,Clare,True,DAIRY_COW,95,CENSUS_2000,0.25,False,16.6,HIGH
2010,16031,Dysert,Clare,True,DAIRY_COW,115,NATIONAL,0.25,False,12.3,HIGH
2010,16032,Ennis Rural,Clare,True,DAIRY_COW,89,CENSUS_2000,0.25,False,16.6,HIGH
2010,16033,Furroor,Clare,True,DAIRY_COW,101,NATIONAL,0.25,False,12.3,HIGH
2010,16034,Kilcloher,Clare,True,DAIRY_COW,97,CENSUS_2000,0.25,False,16.6,HIGH
2010,16035,Killanniv,Clare,True,DAIRY_COW,101,CENSUS_2000,0.25,False,16.6,HIGH
2010,16037,Kilnamona,Clare,True,DAIRY_COW,115,CENSUS_2000,0.25,False,16.6,HIGH
2010,16038,Kilraghtis,Clare,True,DAIRY_COW,102,CENSUS_2000,0.25,False,16.6,HIGH
2010,16045,Urlan,Clare,True,DAIRY_COW,159,NATIONAL,0.25,False,12.3,HIGH
2010,16047,Ballagh,Clare,True,DAIRY_COW,109,NATIONAL,0.25,False,12.3,HIGH
2010,16048,Ballyea,Clare,True,DAIRY_COW,91,CENSUS_2000,0.25,False,16.6,HIGH
2010,16050,Ballyvaskin,Clare,True,DAIRY_COW,95,CENSUS_2000,0.25,False,16.6,HIGH
2010,16053,Clooney,Clare,True,DAIRY_COW,92,CENSUS_2000,0.25,False,16.6,HIGH
2010,16056,Kilfenora,Clare,True,DAIRY_COW,120,NATIONAL,0.25,False,12.3,HIGH
2010,16057,Killaspuglonane,Clare,True,DAIRY_COW,102,CENSUS_2000,0.25,False,16.6,HIGH
2010,16059,Kilshanny,Clare,True,DAIRY_COW,85,CENSUS_2000,0.25,False,16.6,HIGH
2010,16062,Magherareagh,Clare,True,DAIRY_COW,99,CENSUS_2000,0.25,False,16.6,HIGH
2010,16063,Milltown Malbay,Clare,True,DAIRY_COW,91,CENSUS_2000,0.25,False,16.6,HIGH
2010,16065,Smithstown,Clare,True,DAIRY_COW,90,CENSUS_2000,0.25,False,16.6,HIGH
2010,16066,Ballynacally,Clare,True,DAIRY_COW,96,CENSUS_2000,0.25,False,16.6,HIGH
2010,16069,Kilchreest,Clare,True,DAIRY_COW,102,CENSUS_2000,0.25,False,16.6,HIGH
2010,16074,Liscasey,Clare,True,DAIRY_COW,79,CENSUS_2000,0.25,False,16.6,HIGH
2010,16075,Lisheen,Clare,True,DAIRY_COW,94,CENSUS_2000,0.25,False,16.6,HIGH
2010,16077,Cahermurphy,Clare,True,DAIRY_COW,103,CENSUS_2000,0.25,False,16.6,HIGH
2010,16088,Kilkee,Clare,True,DAIRY_COW,74,CENSUS_2020,0.25,False,18.6,HIGH
2010,16091,Kilmihil,Clare,True,DAIRY_COW,98,CENSUS_2000,0.25,False,16.6,HIGH
2010,16094,Knock,Clare,True,DAIRY_COW,100,CENSUS_2000,0.25,False,16.6,HIGH
2010,16095,Knocknaboley,Clare,True,DAIRY_COW,87,CENSUS_2000,0.25,False,16.6,HIGH
2010,16102,St. Martin's,Clare,True,DAIRY_COW,112,CENSUS_2000,0.25,False,16.6,HIGH
2010,16105,Ballycannan,Clare,True,DAIRY_COW,87,CENSUS_2000,0.25,False,16.6,HIGH
2010,16106,Ballyglass,Clare,True,DAIRY_COW,99,CENSUS_2000,0.25,False,16.6,HIGH
2010,16107,Cappavilla,Clare,True,DAIRY_COW,104,NATIONAL,0.25,False,12.3,HIGH
2010,16108,Castlecrine,Clare,True,DAIRY_COW,94,CENSUS_2000,0.25,False,16.6,HIGH
2010,16110,Cloontra,Clare,True,DAIRY_COW,95,CENSUS_2000,0.25,False,16.6,HIGH
2010,16111,Cratloe,Clare,True,DAIRY_COW,104,CENSUS_2000,0.25,False,16.6,HIGH
2010,16112,Fahymore,Clare,True,DAIRY_COW,125,CENSUS_2000,0.25,False,16.6,HIGH
2010,16113,Killeely,Clare,True,DAIRY_COW,99,NATIONAL,0.25,False,12.3,HIGH
2010,16114,Killokennedy,Clare,True,DAIRY_COW,102,CENSUS_2000,0.25,False,16.6,HIGH
2010,16115,Kilseily,Clare,True,DAIRY_COW,83,CENSUS_2000,0.25,False,16.6,HIGH
2010,16117,Lackareagh,Clare,True,DAIRY_COW,74,CENSUS_2020,0.25,False,18.6,HIGH
2010,16118,Mountievers,Clare,True,DAIRY_COW,93,CENSUS_2000,0.25,False,16.6,HIGH
2010,16119,O'Briensbridge,Clare,True,DAIRY_COW,82,CENSUS_2000,0.25,False,16.6,HIGH
2010,16120,Ayle,Clare,True,DAIRY_COW,74,CENSUS_2020,0.25,False,18.6,HIGH
2010,16121,Boherglass,Clare,True,DAIRY_COW,103,NATIONAL,0.25,False,12.3,HIGH
2010,16122,Caherhurley,Clare,True,DAIRY_COW,102,NATIONAL,0.25,False,12.3,HIGH
2010,16124,Cappaghabaun,Clare,True,DAIRY_COW,74,CENSUS_2020,0.25,False,18.6,HIGH
2010,16125,Carrowbaun,Clare,True,DAIRY_COW,74,CENSUS_2020,0.25,False,18.6,HIGH
2010,16126,Cloonusker,Clare,True,DAIRY_COW,94,CENSUS_2000,0.25,False,16.6,HIGH
2010,16127,Coolreagh,Clare,True,DAIRY_COW,89,CENSUS_2000,0.25,False,16.6,HIGH
2010,16129,Derrynagittagh,Clare,True,DAIRY_COW,100,NATIONAL,0.25,False,12.3,HIGH
2010,16131,Feakle,Clare,True,DAIRY_COW,81,CENSUS_2000,0.25,False,16.6,HIGH
2010,16132/16133,Inishcaltra North / Inishcaltra South,Clare,True,DAIRY_COW,108,CENSUS_2000,0.25,False,16.6,HIGH
2010,16135,Mountshannon,Clare,True,DAIRY_COW,37,NATIONAL,0.25,False,12.3,HIGH
2010,16138,Ballyblood,Clare,True,DAIRY_COW,90,CENSUS_2000,0.25,False,16.6,HIGH
2010,16139,Ballynahinch,Clare,True,DAIRY_COW,109,CENSUS_2000,0.25,False,16.6,HIGH
2010,16140,Caher,Clare,True,DAIRY_COW,90,CENSUS_2000,0.25,False,16.6,HIGH
2010,16142,Dangan,Clare,True,DAIRY_COW,136,NATIONAL,0.25,False,12.3,HIGH
2010,16143,Glendree,Clare,True,DAIRY_COW,85,CENSUS_2000,0.25,False,16.6,HIGH
2010,16145,Killanena,Clare,True,DAIRY_COW,90,CENSUS_2000,0.25,False,16.6,HIGH
2010,16148,Kyle,Clare,True,DAIRY_COW,126,NATIONAL,0.25,False,12.3,HIGH
2010,16149,Loughea,Clare,True,DAIRY_COW,89,NATIONAL,0.25,False,12.3,HIGH
2010,16150,Newgrove,Clare,True,DAIRY_COW,82,CENSUS_2000,0.25,False,16.6,HIGH
2010,16152,Rathclooney,Clare,True,DAIRY_COW,73,CENSUS_2020,0.25,False,18.6,HIGH
2010,16153,Rossroe,Clare,True,DAIRY_COW,107,CENSUS_2000,0.25,False,16.6,HIGH
2010,16154,Toberbreeda,Clare,True,DAIRY_COW,103,NATIONAL,0.25,False,12.3,HIGH
2010,18005,Macroom Urban,Cork,True,DAIRY_COW,154,CENSUS_2000,0.25,False,16.6,HIGH
2010,18006,Mallow North Urban,Cork,False,DAIRY_COW,23,NATIONAL,0.25,False,12.3,HIGH
2010,18009,Skibbereen Urban,Cork,True,DAIRY_COW,117,NATIONAL,0.25,False,12.3,HIGH
2010,18010,Youghal Urban,Cork,False,DAIRY_COW,118,NATIONAL,0.25,False,12.3,HIGH
2010,18015,Bandon,Cork,False,DAIRY_COW,50,NATIONAL,0.25,False,12.3,HIGH
2010,18032,Ahil,Cork,True,DAIRY_COW,108,CENSUS_2000,0.25,False,16.6,HIGH
2010,18034,Bantry Urban,Cork,True,DAIRY_COW,106,NATIONAL,0.25,False,12.3,HIGH
2010,18035,Douce,Cork,True,DAIRY_COW,117,CENSUS_2000,0.25,False,16.6,HIGH
2010,18038,Glanlough,Cork,True,DAIRY_COW,113,CENSUS_2000,0.25,False,16.6,HIGH
2010,18039,Glengarriff,Cork,True,DAIRY_COW,146,NATIONAL,0.25,False,12.3,HIGH
2010,18041,Kilcaskan,Cork,True,DAIRY_COW,113,CENSUS_2000,0.25,False,16.6,HIGH
2010,18042,Mealagh,Cork,True,DAIRY_COW,177,CENSUS_2000,0.25,False,16.6,HIGH
2010,18044,Seefin,Cork,True,DAIRY_COW,145,CENSUS_2000,0.25,False,16.6,HIGH
2010,18050,Curryglass,Cork,True,DAIRY_COW,19,CENSUS_2000,0.25,False,16.6,HIGH
2010,18051,Kilcatherine,Cork,True,DAIRY_COW,80,CENSUS_2000,0.25,False,16.6,HIGH
2010,18052,Killaconenagh,Cork,True,DAIRY_COW,103,CENSUS_2000,0.25,False,16.6,HIGH
2010,18071,Rosscarbery,Cork,True,DAIRY_COW,149,CENSUS_2000,0.25,False,16.6,HIGH
2010,18098,Monkstown Rural,Cork,True,DAIRY_COW,128,NATIONAL,0.25,False,12.3,HIGH
2010,18099,Monkstown Urban,Cork,True,DAIRY_COW,23,NATIONAL,0.25,False,12.3,HIGH
2010,18108,Béal Átha an Ghaorthaidh,Cork,True,DAIRY_COW,115,CENSUS_2000,0.25,False,16.6,HIGH
2010,18160,Gortmore,Cork,True,DAIRY_COW,123,CENSUS_2000,0.25,False,16.6,HIGH
2010,18169,Nad,Cork,True,DAIRY_COW,124,CENSUS_2000,0.25,False,16.6,HIGH
2010,18190,Kinure,Cork,True,DAIRY_COW,183,CENSUS_2000,0.25,False,16.6,HIGH
2010,18199,Béal Átha an Ghaorthaidh (Bealanageary),Cork,True,DAIRY_COW,162,CENSUS_2000,0.25,False,16.6,HIGH
2010,18202,Claonráth,Cork,True,DAIRY_COW,162,CENSUS_2000,0.25,False,16.6,HIGH
2010,18206,Gort na Tiobratan,Cork,True,DAIRY_COW,187,CENSUS_2000,0.25,False,16.6,HIGH
2010,18243,Streamhill,Cork,True,DAIRY_COW,147,CENSUS_2020,0.25,False,18.6,HIGH
2010,18248,Ballyspillane,Cork,True,DAIRY_COW,182,CENSUS_2000,0.25,False,16.6,HIGH
2010,18253,Corkbeg,Cork,True,DAIRY_COW,152,NATIONAL,0.25,False,12.3,HIGH
2010,18290,Cléire,Cork,True,DAIRY_COW,124,CENSUS_2000,0.25,False,16.6,HIGH
2010,18307,Tullagh,Cork,True,DAIRY_COW,159,NATIONAL,0.25,False,12.3,HIGH
2010,18315,Goleen,Cork,True,DAIRY_COW,131,CENSUS_2000,0.25,False,16.6,HIGH
2010,18319,Toormore,Cork,True,DAIRY_COW,139,CENSUS_2000,0.25,False,16.6,HIGH
2010,19001,Killarney Urban,Kerry,True,DAIRY_COW,53,NATIONAL,0.25,False,12.3,HIGH
2010,19002,Listowel Urban,Kerry,True,DAIRY_COW,60,CENSUS_2000,0.25,False,16.6,HIGH
2010,19007,Caher,Kerry,True,DAIRY_COW,76,CENSUS_2000,0.25,False,16.6,HIGH
2010,19009/19020,Ceannúigh / Máistir Gaoithe,Kerry,True,DAIRY_COW,58,CENSUS_2020,0.25,False,18.6,HIGH
2010,19015,An tImleach,Kerry,True,DAIRY_COW,77,CENSUS_2000,0.25,False,16.6,HIGH
2010,19016,Glanbehy,Kerry,True,DAIRY_COW,68,CENSUS_2000,0.25,False,16.6,HIGH
2010,19019,Loch Luíoch,Kerry,True,DAIRY_COW,77,NATIONAL,0.25,False,12.3,HIGH
2010,19021,Maum,Kerry,True,DAIRY_COW,90,CENSUS_2000,0.25,False,16.6,HIGH
2010,19022,Portmagee,Kerry,True,DAIRY_COW,73,CENSUS_2000,0.25,False,16.6,HIGH
2010,19023,Toghroinn Fhíonáin,Kerry,True,DAIRY_COW,63,CENSUS_2000,0.25,False,16.6,HIGH
2010,19027,An Baile Dubh,Kerry,True,DAIRY_COW,72,NATIONAL,0.25,False,12.3,HIGH
2010,19030,Castlegregory,Kerry,True,DAIRY_COW,82,CENSUS_2000,0.25,False,16.6,HIGH
2010,19031,An Clochán,Kerry,True,DAIRY_COW,72,CENSUS_2000,0.25,False,16.6,HIGH
2010,19034,Dún Chaoin,Kerry,True,DAIRY_COW,70,CENSUS_2000,0.25,False,16.6,HIGH
2010,19037,Inch,Kerry,True,DAIRY_COW,77,CENSUS_2000,0.25,False,16.6,HIGH
2010,19039,Cill Chuáin,Kerry,True,DAIRY_COW,95,CENSUS_2000,0.25,False,16.6,HIGH
2010,19041,Lack,Kerry,True,DAIRY_COW,85,CENSUS_2000,0.25,False,16.6,HIGH
2010,19042,Márthain,Kerry,True,DAIRY_COW,76,CENSUS_2000,0.25,False,16.6,HIGH
2010,19047,Banawn,Kerry,True,DAIRY_COW,83,CENSUS_2000,0.25,False,16.6,HIGH
2010,19048,Cappagh,Kerry,True,DAIRY_COW,82,CENSUS_2000,0.25,False,16.6,HIGH
2010,19050,Dawros,Kerry,True,DAIRY_COW,84,NATIONAL,0.25,False,12.3,HIGH
2010,19052,Glanlee,Kerry,True,DAIRY_COW,71,NATIONAL,0.25,False,12.3,HIGH
2010,19068,Clydagh,Kerry,True,DAIRY_COW,58,CENSUS_2020,0.25,False,18.6,HIGH
2010,19075,Dunloe,Kerry,True,DAIRY_COW,79,CENSUS_2000,0.25,False,16.6,HIGH
2010,19076,Flesk,Kerry,True,DAIRY_COW,84,CENSUS_2000,0.25,False,16.6,HIGH
2010,19105,Duagh,Kerry,True,DAIRY_COW,93,CENSUS_2000,0.25,False,16.6,HIGH
2010,19113,Kilshenane,Kerry,True,DAIRY_COW,77,CENSUS_2000,0.25,False,16.6,HIGH
2010,19135,Ballyseedy,Kerry,True,DAIRY_COW,94,CENSUS_2000,0.25,False,16.6,HIGH
2010,19137,Baurtregaum,Kerry,True,DAIRY_COW,78,CENSUS_2000,0.25,False,16.6,HIGH
2010,19138,Blennerville,Kerry,True,DAIRY_COW,74,NATIONAL,0.25,False,12.3,HIGH
2010,19150,Kilflyn,Kerry,True,DAIRY_COW,113,CENSUS_2000,0.25,False,16.6,HIGH
2010,19151,Kilgarrylander,Kerry,True,DAIRY_COW,78,CENSUS_2000,0.25,False,16.6,HIGH
2010,19152,Kilgobban,Kerry,True,DAIRY_COW,67,CENSUS_2000,0.25,False,16.6,HIGH
2010,19156,Knockglass,Kerry,True,DAIRY_COW,67,NATIONAL,0.25,False,12.3,HIGH
2010,21045,Particles,Limerick,True,DAIRY_COW,163,CENSUS_2000,0.25,False,16.6,HIGH
2010,21051,Ballycummin,Limerick,True,DAIRY_COW,169,CENSUS_2000,0.25,False,16.6,HIGH
2010,21056,Caherelly,Limerick,True,DAIRY_COW,148,CENSUS_2000,0.25,False,16.6,HIGH
2010,21066,Limerick South Rural,Limerick,True,DAIRY_COW,143,CENSUS_2000,0.25,False,16.6,HIGH
2010,21094,Glensharrold,Limerick,True,DAIRY_COW,142,CENSUS_2000,0.25,False,16.6,HIGH
2010,21105,Rooskagh,Limerick,True,DAIRY_COW,157,CENSUS_2000,0.25,False,16.6,HIGH
2010,21107,Askeaton East,Limerick,True,DAIRY_COW,167,CENSUS_2000,0.25,False,16.6,HIGH
2010,21109,Aughinish,Limerick,True,DAIRY_COW,130,NATIONAL,0.25,False,12.3,HIGH
2010,21120,Kildimo,Limerick,True,DAIRY_COW,162,CENSUS_2000,0.25,False,16.6,HIGH
2010,21124,Mohernagh,Limerick,True,DAIRY_COW,146,CENSUS_2000,0.25,False,16.6,HIGH
2010,21128,Rathkeale Urban,Limerick,True,DAIRY_COW,133,NATIONAL,0.25,False,12.3,HIGH
2010,21130,Shanagolden,Limerick,True,DAIRY_COW,206,CENSUS_2000,0.25,False,16.6,HIGH
2010,22001,Nenagh East Urban,Tipperary,True,DAIRY_COW,65,CENSUS_2000,0.25,False,16.6,HIGH
2010,22002,Nenagh West Urban,Tipperary,True,DAIRY_COW,63,NATIONAL,0.25,False,12.3,HIGH
2010,22003,Templemore,Tipperary,True,DAIRY_COW,97,CENSUS_2020,0.25,False,18.6,HIGH
2010,22012,Clohaskin,Tipperary,True,DAIRY_COW,128,CENSUS_2000,0.25,False,16.6,HIGH
2010,22037/22045,Greenhall / Lackagh,Tipperary,True,DAIRY_COW,132,CENSUS_2000,0.25,False,16.6,HIGH
2010,22040,Killoscully,Tipperary,True,DAIRY_COW,151,CENSUS_2000,0.25,False,16.6,HIGH
2010,22043,Kilnarath,Tipperary,True,DAIRY_COW,116,CENSUS_2000,0.25,False,16.6,HIGH
2010,22047,Monsea,Tipperary,True,DAIRY_COW,138,CENSUS_2000,0.25,False,16.6,HIGH
2010,22053,Borrisnoe,Tipperary,True,DAIRY_COW,114,CENSUS_2000,0.25,False,16.6,HIGH
2010,22081,Upperchurch,Tipperary,True,DAIRY_COW,149,CENSUS_2000,0.25,False,16.6,HIGH
2010,23082,Carrickbeg Urban,Tipperary,True,DAIRY_COW,119,NATIONAL,0.25,False,12.3,HIGH
2010,23084,Cashel Urban,Tipperary,False,DAIRY_COW,68,NATIONAL,0.25,False,12.3,HIGH
2010,23088,Tipperary West Urban,Tipperary,False,DAIRY_COW,26,NATIONAL,0.25,False,12.3,HIGH
2010,23098,Cloneen,Tipperary,True,DAIRY_COW,162,CENSUS_2000,0.25,False,16.6,HIGH
2010,23107,Greystown,Tipperary,True,DAIRY_COW,155,CENSUS_2000,0.25,False,16.6,HIGH
2010,23125,Kilcommon,Tipperary,True,DAIRY_COW,131,CENSUS_2000,0.25,False,16.6,HIGH
2010,23138,Kiltinan,Tipperary,True,DAIRY_COW,150,NATIONAL,0.25,False,12.3,HIGH
2010,23151,New Birmingham,Tipperary,True,DAIRY_COW,166,CENSUS_2020,0.25,False,18.6,HIGH
2010,23152,Poyntstown,Tipperary,True,DAIRY_COW,151,CENSUS_2000,0.25,False,16.6,HIGH
2010,24002/24006,Ballybeg South / Ballynaneashagh,Waterford,False,DAIRY_COW,44,NATIONAL,0.25,False,12.3,HIGH
2010,24007,Ballytruckle,Waterford,False,DAIRY_COW,44,NATIONAL,0.25,False,12.3,HIGH
2010,24014,Farranshoneen,Waterford,False,DAIRY_COW,44,NATIONAL,0.25,False,12.3,HIGH
2010,24016,Gracedieu,Waterford,True,DAIRY_COW,132,NATIONAL,0.25,False,12.3,HIGH
2010,24018,Grange South,Waterford,True,DAIRY_COW,43,NATIONAL,0.25,False,12.3,HIGH
2010,25001,Dungarvan No. 1 Urban,Waterford,False,DAIRY_COW,210,NATIONAL,0.25,False,12.3,HIGH
2010,25010,Portlaw,Waterford,True,DAIRY_COW,264,CENSUS_2020,0.25,False,18.6,HIGH
2010,25016,Kilmacomma,Waterford,True,DAIRY_COW,207,CENSUS_2000,0.25,False,16.6,HIGH
2010,25017,Kilronan,Waterford,True,DAIRY_COW,208,NATIONAL,0.25,False,12.3,HIGH
2010,25033,Mountstuart,Waterford,True,DAIRY_COW,257,NATIONAL,0.25,False,12.3,HIGH
2010,25039,Carrigcastle,Waterford,True,DAIRY_COW,233,CENSUS_2000,0.25,False,16.6,HIGH
2010,25045,Georgestown,Waterford,True,DAIRY_COW,222,NATIONAL,0.25,False,12.3,HIGH
2010,25046,Kilbarrymeaden,Waterford,True,DAIRY_COW,230,CENSUS_2000,0.25,False,16.6,HIGH
2010,25052,Tinnasaggart,Waterford,True,DAIRY_COW,220,CENSUS_2000,0.25,False,16.6,HIGH
2010,25061,Gortnapeaky,Waterford,True,DAIRY_COW,236,CENSUS_2000,0.25,False,16.6,HIGH
2010,25070,Ballynakill (Part Rural),Waterford,True,DAIRY_COW,249,CENSUS_2000,0.25,False,16.6,HIGH
2010,25071,Drumcannon,Waterford,True,DAIRY_COW,234,NATIONAL,0.25,False,12.3,HIGH
2010,25074,Kilbarry (Part Rural),Waterford,True,DAIRY_COW,191,NATIONAL,0.25,False,12.3,HIGH
2010,25083,Tramore,Waterford,True,DAIRY_COW,227,CENSUS_2000,0.25,False,16.6,HIGH
2010,25085,Ardmore,Waterford,True,DAIRY_COW,268,CENSUS_2000,0.25,False,16.6,HIGH
2010,25088,Glenwilliam,Waterford,True,DAIRY_COW,258,CENSUS_2000,0.25,False,16.6,HIGH
2010,26012,Murroogh,Galway,False,DAIRY_COW,12,NATIONAL,0.25,False,12.3,HIGH
2010,26015,Rahoon,Galway,True,DAIRY_COW,78,CENSUS_2020,0.25,False,18.6,HIGH
2010,27002,Abbeygormacan,Galway,True,DAIRY_COW,106,CENSUS_2000,0.25,False,16.6,HIGH
2010,27004,Aughrim,Galway,True,DAIRY_COW,104,CENSUS_2000,0.25,False,16.6,HIGH
2010,27005,Ballinasloe Rural,Galway,True,DAIRY_COW,87,CENSUS_2000,0.25,False,16.6,HIGH
2010,27006,Ballymacward,Galway,True,DAIRY_COW,121,NATIONAL,0.25,False,12.3,HIGH
2010,27007,Clonfert,Galway,True,DAIRY_COW,90,CENSUS_2000,0.25,False,16.6,HIGH
2010,27008,Clontuskert,Galway,True,DAIRY_COW,125,NATIONAL,0.25,False,12.3,HIGH
2010,27009,Kellysgrove,Galway,True,DAIRY_COW,106,CENSUS_2020,0.25,False,18.6,HIGH
2010,27012,Killallaghtan,Galway,True,DAIRY_COW,88,CENSUS_2000,0.25,False,16.6,HIGH
2010,27013,Killoran,Galway,True,DAIRY_COW,78,CENSUS_2020,0.25,False,18.6,HIGH
2010,27014,Killure,Galway,True,DAIRY_COW,139,NATIONAL,0.25,False,12.3,HIGH
2010,27015,Kilmacshane,Galway,True,DAIRY_COW,121,NATIONAL,0.25,False,12.3,HIGH
2010,27016,Kiltormer,Galway,True,DAIRY_COW,98,CENSUS_2000,0.25,False,16.6,HIGH
2010,27017,Kylemore,Galway,True,DAIRY_COW,130,NATIONAL,0.25,False,12.3,HIGH
2010,27018,Laurencetown,Galway,True,DAIRY_COW,139,NATIONAL,0.25,False,12.3,HIGH
2010,27019,Lismanny,Galway,True,DAIRY_COW,98,CENSUS_2000,0.25,False,16.6,HIGH
2010,27020,Oatfield,Galway,True,DAIRY_COW,101,CENSUS_2000,0.25,False,16.6,HIGH
2010,27040,Eanach Dhúin,Galway,True,DAIRY_COW,94,CENSUS_2000,0.25,False,16.6,HIGH
2010,27042,Baile an Teampaill (Part Rural),Galway,True,DAIRY_COW,95,CENSUS_2000,0.25,False,16.6,HIGH
2010,27043,Ballynacourty,Galway,True,DAIRY_COW,91,CENSUS_2000,0.25,False,16.6,HIGH
2010,27045,Belleville,Galway,True,DAIRY_COW,149,NATIONAL,0.25,False,12.3,HIGH
2010,27056,Leacach Beag,Galway,True,DAIRY_COW,89,CENSUS_2000,0.25,False,16.6,HIGH
2010,27058,Lisín an Bhealaigh,Galway,True,DAIRY_COW,91,CENSUS_2000,0.25,False,16.6,HIGH
2010,27059,Maigh Cuilinn,Galway,True,DAIRY_COW,78,CENSUS_2020,0.25,False,18.6,HIGH
2010,27066,Ballinastack,Galway,True,DAIRY_COW,94,CENSUS_2000,0.25,False,16.6,HIGH
2010,27068,Ballynakill,Galway,True,DAIRY_COW,97,CENSUS_2000,0.25,False,16.6,HIGH
2010,27069,Boyounagh,Galway,True,DAIRY_COW,110,CENSUS_2000,0.25,False,16.6,HIGH
2010,27070,Creggs,Galway,True,DAIRY_COW,122,NATIONAL,0.25,False,12.3,HIGH
2010,27072,Glennamaddy,Galway,True,DAIRY_COW,95,CENSUS_2000,0.25,False,16.6,HIGH
2010,27073,Island,Galway,True,DAIRY_COW,125,NATIONAL,0.25,False,12.3,HIGH
2010,27075,Kiltullagh,Galway,True,DAIRY_COW,78,CENSUS_2020,0.25,False,18.6,HIGH
2010,27076,Raheen,Galway,True,DAIRY_COW,101,CENSUS_2000,0.25,False,16.6,HIGH
2010,27078,Shankill,Galway,True,DAIRY_COW,78,CENSUS_2020,0.25,False,18.6,HIGH
2010,27079,Templetogher,Galway,True,DAIRY_COW,102,CENSUS_2000,0.25,False,16.6,HIGH
2010,27080,Toberroe,Galway,True,DAIRY_COW,91,CENSUS_2000,0.25,False,16.6,HIGH
2010,27081,Ardamullivan,Galway,True,DAIRY_COW,90,CENSUS_2000,0.25,False,16.6,HIGH
2010,27083,Ballycahalan,Galway,True,DAIRY_COW,110,CENSUS_2020,0.25,False,18.6,HIGH
2010,27084,Beagh,Galway,True,DAIRY_COW,91,CENSUS_2000,0.25,False,16.6,HIGH
2010,27087,Castletaylor,Galway,True,DAIRY_COW,107,CENSUS_2020,0.25,False,18.6,HIGH
2010,27088,Doorus,Galway,True,DAIRY_COW,93,CENSUS_2000,0.25,False,16.6,HIGH
2010,27089,Drumacoo,Galway,True,DAIRY_COW,91,CENSUS_2000,0.25,False,16.6,HIGH
2010,27091,Kilbeacanty,Galway,True,DAIRY_COW,106,NATIONAL,0.25,False,12.3,HIGH
2010,27092,Killeely,Galway,True,DAIRY_COW,102,CENSUS_2000,0.25,False,16.6,HIGH
2010,27093,Killeenavarra,Galway,True,DAIRY_COW,132,NATIONAL,0.25,False,12.3,HIGH
2010,27094,Killinny,Galway,True,DAIRY_COW,78,CENSUS_2020,0.25,False,18.6,HIGH
2010,27097,Kinvarra,Galway,True,DAIRY_COW,78,CENSUS_2020,0.25,False,18.6,HIGH
2010,27098,Rahasane,Galway,True,DAIRY_COW,140,NATIONAL,0.25,False,12.3,HIGH
2010,27099,Skehanagh,Galway,True,DAIRY_COW,91,CENSUS_2000,0.25,False,16.6,HIGH
2010,27101,Athenry,Galway,True,DAIRY_COW,114,CENSUS_2000,0.25,False,16.6,HIGH
2010,27102,Ballynagar,Galway,True,DAIRY_COW,110,NATIONAL,0.25,False,12.3,HIGH
2010,27105,Cappalusk,Galway,True,DAIRY_COW,131,NATIONAL,0.25,False,12.3,HIGH
2010,27107,Cloonkeen,Galway,True,DAIRY_COW,104,NATIONAL,0.25,False,12.3,HIGH
2010,27108,Colmanstown,Galway,True,DAIRY_COW,90,NATIONAL,0.25,False,12.3,HIGH
2010,27111,Drumkeary,Galway,True,DAIRY_COW,94,CENSUS_2000,0.25,False,16.6,HIGH
2010,27112,Graigabbey,Galway,True,DAIRY_COW,114,NATIONAL,0.25,False,12.3,HIGH
2010,27115,Kilchreest,Galway,True,DAIRY_COW,100,CENSUS_2000,0.25,False,16.6,HIGH
2010,27117,Kilconierin,Galway,True,DAIRY_COW,114,CENSUS_2000,0.25,False,16.6,HIGH
2010,27121,Kilreekill,Galway,True,DAIRY_COW,125,NATIONAL,0.25,False,12.3,HIGH
2010,27127,Loughrea Rural,Galway,True,DAIRY_COW,135,NATIONAL,0.25,False,12.3,HIGH
2010,27126/27129,Marblehill / Loughatorick,Galway,True,DAIRY_COW,86,CENSUS_2000,0.25,False,16.6,HIGH
2010,27133,Tiaquin,Galway,True,DAIRY_COW,122,NATIONAL,0.25,False,12.3,HIGH
2010,27134,Woodford,Galway,True,DAIRY_COW,56,NATIONAL,0.25,False,12.3,HIGH
2010,27139,Castleffrench,Galway,True,DAIRY_COW,90,CENSUS_2000,0.25,False,16.6,HIGH
2010,27140,Clonbrock,Galway,True,DAIRY_COW,109,CENSUS_2000,0.25,False,16.6,HIGH
2010,27141,Cloonkeen,Galway,True,DAIRY_COW,110,NATIONAL,0.25,False,12.3,HIGH
2010,27145,Killian,Galway,True,DAIRY_COW,102,CENSUS_2000,0.25,False,16.6,HIGH
2010,27147,Mounthazel,Galway,True,DAIRY_COW,95,CENSUS_2000,0.25,False,16.6,HIGH
2010,27148,Taghboy,Galway,True,DAIRY_COW,78,CENSUS_2020,0.25,False,18.6,HIGH
2010,27173,Moat,Galway,True,DAIRY_COW,102,CENSUS_2000,0.25,False,16.6,HIGH
2010,27176,Tiranascragh,Galway,True,DAIRY_COW,106,CENSUS_2000,0.25,False,16.6,HIGH
2010,27178,Abbey East,Galway,True,DAIRY_COW,85,CENSUS_2000,0.25,False,16.6,HIGH
2010,27179,Abbey West,Galway,True,DAIRY_COW,95,CENSUS_2000,0.25,False,16.6,HIGH
2010,27181,Annaghdown,Galway,True,DAIRY_COW,98,CENSUS_2000,0.25,False,16.6,HIGH
2010,27184,Ballynapark,Galway,True,DAIRY_COW,87,CENSUS_2000,0.25,False,16.6,HIGH
2010,27185,Beaghmore,Galway,True,DAIRY_COW,78,CENSUS_2000,0.25,False,16.6,HIGH
2010,27187,Carrownagur,Galway,True,DAIRY_COW,110,CENSUS_2000,0.25,False,16.6,HIGH
2010,27188,Carrowrevagh,Galway,True,DAIRY_COW,131,CENSUS_2020,0.25,False,18.6,HIGH
2010,27190,Clonbern,Galway,True,DAIRY_COW,105,CENSUS_2000,0.25,False,16.6,HIGH
2010,27192,Cummer,Galway,True,DAIRY_COW,89,CENSUS_2000,0.25,False,16.6,HIGH
2010,27193,Donaghpatrick,Galway,True,DAIRY_COW,112,CENSUS_2000,0.25,False,16.6,HIGH
2010,27194,Doonbally,Galway,True,DAIRY_COW,107,CENSUS_2000,0.25,False,16.6,HIGH
2010,27195,Dunmore North,Galway,True,DAIRY_COW,78,CENSUS_2020,0.25,False,18.6,HIGH
2010,27197,Foxhall,Galway,True,DAIRY_COW,132,CENSUS_2000,0.25,False,16.6,HIGH
2010,27198,Headford,Galway,True,DAIRY_COW,107,CENSUS_2000,0.25,False,16.6,HIGH
2010,27199,Hillsbrook,Galway,True,DAIRY_COW,90,CENSUS_2000,0.25,False,16.6,HIGH
2010,27201,Kilcoona,Galway,True,DAIRY_COW,130,NATIONAL,0.25,False,12.3,HIGH
2010,27202,Killeany,Galway,True,DAIRY_COW,89,CENSUS_2000,0.25,False,16.6,HIGH
2010,27203,Killeen,Galway,True,DAIRY_COW,111,CENSUS_2000,0.25,False,16.6,HIGH
2010,27205,Killower,Galway,True,DAIRY_COW,165,NATIONAL,0.25,False,12.3,HIGH
2010,27207,Kilmoylan,Galway,True,DAIRY_COW,102,CENSUS_2000,0.25,False,16.6,HIGH
2010,27208,Kilshanvy,Galway,True,DAIRY_COW,90,CENSUS_2000,0.25,False,16.6,HIGH
2010,27210,Milltown,Galway,True,DAIRY_COW,122,CENSUS_2000,0.25,False,16.6,HIGH
2010,27211,Monivea,Galway,True,DAIRY_COW,99,CENSUS_2000,0.25,False,16.6,HIGH
2010,27212,Moyne,Galway,True,DAIRY_COW,97,CENSUS_2000,0.25,False,16.6,HIGH
2010,27213,Ryehill,Galway,True,DAIRY_COW,112,CENSUS_2000,0.25,False,16.6,HIGH
2010,27214,Toberadosh,Galway,True,DAIRY_COW,139,NATIONAL,0.25,False,12.3,HIGH
2010,27215,Tuam Rural,Galway,True,DAIRY_COW,127,CENSUS_2000,0.25,False,16.6,HIGH
2010,28001,Ballinamore,Leitrim,True,DAIRY_COW,67,CENSUS_2000,0.25,False,16.6,HIGH
2010,28002,Cloverhill,Leitrim,True,DAIRY_COW,20,NATIONAL,0.25,False,12.3,HIGH
2010,28003,Corrala,Leitrim,True,DAIRY_COW,59,CENSUS_2000,0.25,False,16.6,HIGH
2010,28004,Drumreilly North,Leitrim,True,DAIRY_COW,51,CENSUS_2000,0.25,False,16.6,HIGH
2010,28006,Garadice,Leitrim,True,DAIRY_COW,56,CENSUS_2000,0.25,False,16.6,HIGH
2010,28008,Killygar,Leitrim,True,DAIRY_COW,52,CENSUS_2000,0.25,False,16.6,HIGH
2010,28026,Yugan,Leitrim,True,DAIRY_COW,62,NATIONAL,0.25,False,12.3,HIGH
2010,28039,Drumahaire,Leitrim,True,DAIRY_COW,52,CENSUS_2000,0.25,False,16.6,HIGH
2010,28056,Aghavas,Leitrim,True,DAIRY_COW,44,CENSUS_2020,0.25,False,18.6,HIGH
2010,28057,Beihy,Leitrim,True,DAIRY_COW,44,CENSUS_2020,0.25,False,18.6,HIGH
2010,28061,Carrigallen West,Leitrim,True,DAIRY_COW,65,NATIONAL,0.25,False,12.3,HIGH
2010,28062,Cashel,Leitrim,True,DAIRY_COW,63,NATIONAL,0.25,False,12.3,HIGH
2010,28065,Cloone,Leitrim,True,DAIRY_COW,83,NATIONAL,0.25,False,12.3,HIGH
2010,28066,Corriga,Leitrim,True,DAIRY_COW,57,CENSUS_2000,0.25,False,16.6,HIGH
2010,28067,Drumard,Leitrim,True,DAIRY_COW,44,CENSUS_2020,0.25,False,18.6,HIGH
2010,28068,Drumdoo,Leitrim,True,DAIRY_COW,65,NATIONAL,0.25,False,12.3,HIGH
2010,28069,Drumod,Leitrim,True,DAIRY_COW,53,CENSUS_2000,0.25,False,16.6,HIGH
2010,28070,Fenagh,Leitrim,True,DAIRY_COW,54,CENSUS_2000,0.25,False,16.6,HIGH
2010,28071,Gortermone,Leitrim,True,DAIRY_COW,68,CENSUS_2000,0.25,False,16.6,HIGH
2010,28072,Keeldra,Leitrim,True,DAIRY_COW,75,NATIONAL,0.25,False,12.3,HIGH
2010,28073,Lisgillock,Leitrim,True,DAIRY_COW,44,CENSUS_2020,0.25,False,18.6,HIGH
2010,28075,Rinn,Leitrim,True,DAIRY_COW,74,NATIONAL,0.25,False,12.3,HIGH
2010,28077,Roosky,Leitrim,True,DAIRY_COW,63,NATIONAL,0.25,False,12.3,HIGH
2010,29005,Ardagh,Mayo,True,DAIRY_COW,94,CENSUS_2000,0.25,False,16.6,HIGH
2010,29007,Ardnaree South Rural,Mayo,True,DAIRY_COW,95,CENSUS_2000,0.25,False,16.6,HIGH
2010,29009,Attymass West,Mayo,True,DAIRY_COW,74,CENSUS_2000,0.25,False,16.6,HIGH
2010,29011,Ballycastle,Mayo,True,DAIRY_COW,103,CENSUS_2000,0.25,False,16.6,HIGH
2010,29015,Carrowmore,Mayo,True,DAIRY_COW,99,CENSUS_2000,0.25,False,16.6,HIGH
2010,29017,Crossmolina South,Mayo,True,DAIRY_COW,101,CENSUS_2000,0.25,False,16.6,HIGH
2010,29018,Deel,Mayo,True,DAIRY_COW,125,NATIONAL,0.25,False,12.3,HIGH
2010,29021,Kilfian East,Mayo,True,DAIRY_COW,98,CENSUS_2000,0.25,False,16.6,HIGH
2010,29022,Kilfian South,Mayo,True,DAIRY_COW,81,CENSUS_2000,0.25,False,16.6,HIGH
2010,29024,Kilgarvan,Mayo,True,DAIRY_COW,84,CENSUS_2000,0.25,False,16.6,HIGH
2010,29026,Lackan North,Mayo,True,DAIRY_COW,86,CENSUS_2000,0.25,False,16.6,HIGH
2010,29032,Sraheen,Mayo,True,DAIRY_COW,67,CENSUS_2020,0.25,False,18.6,HIGH
2010,29036,Burriscarra,Mayo,True,DAIRY_COW,93,CENSUS_2000,0.25,False,16.6,HIGH
2010,29038,Cong,Mayo,True,DAIRY_COW,111,NATIONAL,0.25,False,12.3,HIGH
2010,29048,Partraí,Mayo,True,DAIRY_COW,99,NATIONAL,0.25,False,12.3,HIGH
2010,29049,Roslee,Mayo,True,DAIRY_COW,108,CENSUS_2000,0.25,False,16.6,HIGH
2010,29055,Béal an Mhuirthead,Mayo,True,DAIRY_COW,11,CENSUS_2000,0.25,False,16.6,HIGH
2010,29064,Cnoc na Ráithe,Mayo,True,DAIRY_COW,20,CENSUS_2000,0.25,False,16.6,HIGH
2010,29066,Addergoole,Mayo,True,DAIRY_COW,72,CENSUS_2000,0.25,False,16.6,HIGH
2010,29067,Balla,Mayo,True,DAIRY_COW,135,CENSUS_2000,0.25,False,16.6,HIGH
2010,29068,Ballinafad,Mayo,True,DAIRY_COW,129,NATIONAL,0.25,False,12.3,HIGH
2010,29069,Ballyhean,Mayo,True,DAIRY_COW,84,CENSUS_2000,0.25,False,16.6,HIGH
2010,29071,Bellavary,Mayo,True,DAIRY_COW,79,CENSUS_2000,0.25,False,16.6,HIGH
2010,29074,Castlebar Rural,Mayo,True,DAIRY_COW,80,CENSUS_2000,0.25,False,16.6,HIGH
2010,29075,Clogher,Mayo,True,DAIRY_COW,92,CENSUS_2000,0.25,False,16.6,HIGH
2010,29076,Cloonkeen,Mayo,True,DAIRY_COW,87,CENSUS_2000,0.25,False,16.6,HIGH
2010,29079,Manulla,Mayo,True,DAIRY_COW,78,CENSUS_2000,0.25,False,16.6,HIGH
2010,29081,Strade,Mayo,True,DAIRY_COW,81,CENSUS_2000,0.25,False,16.6,HIGH
2010,29082,Tamhnaigh na Graí,Mayo,True,DAIRY_COW,74,CENSUS_2000,0.25,False,16.6,HIGH
2010,29083,Turlough,Mayo,True,DAIRY_COW,88,CENSUS_2000,0.25,False,16.6,HIGH
2010,29085,Ballyhaunis,Mayo,True,DAIRY_COW,89,CENSUS_2000,0.25,False,16.6,HIGH
2010,29086,Ballyhowly,Mayo,True,DAIRY_COW,105,CENSUS_2000,0.25,False,16.6,HIGH
2010,29092,Crossboyne,Mayo,True,DAIRY_COW,114,NATIONAL,0.25,False,12.3,HIGH
2010,29097,Knock North,Mayo,True,DAIRY_COW,79,CENSUS_2000,0.25,False,16.6,HIGH
2010,29098,Knock South,Mayo,True,DAIRY_COW,98,CENSUS_2000,0.25,False,16.6,HIGH
2010,29099,Loughanboy,Mayo,True,DAIRY_COW,74,CENSUS_2000,0.25,False,16.6,HIGH
2010,29101,Murneen,Mayo,True,DAIRY_COW,89,CENSUS_2000,0.25,False,16.6,HIGH
2010,29102,Tagheen,Mayo,True,DAIRY_COW,98,NATIONAL,0.25,False,12.3,HIGH
2010,29107,Callow,Mayo,True,DAIRY_COW,75,CENSUS_2000,0.25,False,16.6,HIGH
2010,29109,Coolnaha,Mayo,True,DAIRY_COW,118,NATIONAL,0.25,False,12.3,HIGH
2010,29111,Doocastle,Mayo,True,DAIRY_COW,73,CENSUS_2000,0.25,False,16.6,HIGH
2010,29113,Kilkelly,Mayo,True,DAIRY_COW,72,CENSUS_2000,0.25,False,16.6,HIGH
2010,29116,Kiltamagh,Mayo,True,DAIRY_COW,71,CENSUS_2000,0.25,False,16.6,HIGH
2010,29117,Meelick,Mayo,True,DAIRY_COW,107,CENSUS_2000,0.25,False,16.6,HIGH
2010,29118,Sonnagh,Mayo,True,DAIRY_COW,81,CENSUS_2000,0.25,False,16.6,HIGH
2010,29119,Swineford,Mayo,True,DAIRY_COW,84,CENSUS_2000,0.25,False,16.6,HIGH
2010,29122,Tumgesh,Mayo,True,DAIRY_COW,76,CENSUS_2000,0.25,False,16.6,HIGH
2010,29125,Aghagower North,Mayo,True,DAIRY_COW,93,CENSUS_2000,0.25,False,16.6,HIGH
2010,29127,Aillemore,Mayo,True,DAIRY_COW,80,CENSUS_2000,0.25,False,16.6,HIGH
2010,29135,Derryloughan,Mayo,True,DAIRY_COW,78,CENSUS_2000,0.25,False,16.6,HIGH
2010,29141,Islandeady,Mayo,True,DAIRY_COW,78,CENSUS_2000,0.25,False,16.6,HIGH
2010,29143,Kilmaclasser,Mayo,True,DAIRY_COW,82,CENSUS_2000,0.25,False,16.6,HIGH
2010,29148,Newport East,Mayo,True,DAIRY_COW,66,CENSUS_2000,0.25,False,16.6,HIGH
2010,29154,Westport Rural,Mayo,True,DAIRY_COW,70,CENSUS_2000,0.25,False,16.6,HIGH
2010,30001,Athlone West Rural,Roscommon,True,DAIRY_COW,82,NATIONAL,0.25,False,12.3,HIGH
2010,30002,Ballydangan,Roscommon,True,DAIRY_COW,67,CENSUS_2000,0.25,False,16.6,HIGH
2010,30003,Ballynamona,Roscommon,True,DAIRY_COW,84,NATIONAL,0.25,False,12.3,HIGH
2010,30004,Caltragh,Roscommon,True,DAIRY_COW,87,NATIONAL,0.25,False,12.3,HIGH
2010,30005,Carnagh,Roscommon,True,DAIRY_COW,113,NATIONAL,0.25,False,12.3,HIGH
2010,30006,Carrowreagh,Roscommon,True,DAIRY_COW,73,CENSUS_2000,0.25,False,16.6,HIGH
2010,30007,Castlesampson,Roscommon,True,DAIRY_COW,103,NATIONAL,0.25,False,12.3,HIGH
2010,30008,Cloonburren,Roscommon,True,DAIRY_COW,58,CENSUS_2020,0.25,False,18.6,HIGH
2010,3001,Ballinascorney,Dublin,True,DAIRY_COW,169,NATIONAL,0.25,False,12.3,HIGH
2010,30011,Creagh,Roscommon,True,DAIRY_COW,118,NATIONAL,0.25,False,12.3,HIGH
2010,30012,Culliagh,Roscommon,True,DAIRY_COW,84,NATIONAL,0.25,False,12.3,HIGH
2010,30016,Kiltoom,Roscommon,True,DAIRY_COW,58,CENSUS_2020,0.25,False,18.6,HIGH
2010,30017,Lecarrow,Roscommon,True,DAIRY_COW,58,CENSUS_2000,0.25,False,16.6,HIGH
2010,30019,Rockhill,Roscommon,True,DAIRY_COW,88,CENSUS_2020,0.25,False,18.6,HIGH
2010,30020,Taghboy,Roscommon,True,DAIRY_COW,71,CENSUS_2000,0.25,False,16.6,HIGH
2010,30021,Taghmaconnell,Roscommon,True,DAIRY_COW,107,NATIONAL,0.25,False,12.3,HIGH
2010,30022,Thomastown,Roscommon,True,DAIRY_COW,58,CENSUS_2020,0.25,False,18.6,HIGH
2010,30023,Turrock,Roscommon,True,DAIRY_COW,72,CENSUS_2000,0.25,False,16.6,HIGH
2010,30024,Aghafin,Roscommon,True,DAIRY_COW,55,CENSUS_2020,0.25,False,18.6,HIGH
2010,30027,Aughrim West,Roscommon,True,DAIRY_COW,75,CENSUS_2000,0.25,False,16.6,HIGH
2010,30032,Breedoge,Roscommon,True,DAIRY_COW,78,CENSUS_2000,0.25,False,16.6,HIGH
2010,30033,Cloonteen,Roscommon,True,DAIRY_COW,96,NATIONAL,0.25,False,12.3,HIGH
2010,30034,Creeve,Roscommon,True,DAIRY_COW,58,CENSUS_2020,0.25,False,18.6,HIGH
2010,30035,Croghan,Roscommon,True,DAIRY_COW,101,NATIONAL,0.25,False,12.3,HIGH
2010,30036,Crossna,Roscommon,True,DAIRY_COW,78,NATIONAL,0.25,False,12.3,HIGH
2010,30037,Danesfort,Roscommon,True,DAIRY_COW,66,CENSUS_2000,0.25,False,16.6,HIGH
2010,30042,Killukin,Roscommon,True,DAIRY_COW,58,CENSUS_2000,0.25,False,16.6,HIGH
2010,30046/30048,Lisgarve / Mantua,Roscommon,True,DAIRY_COW,67,CENSUS_2000,0.25,False,16.6,HIGH
2010,30051,Rushfield,Roscommon,True,DAIRY_COW,91,CENSUS_2000,0.25,False,16.6,HIGH
2010,30054,Tumna South,Roscommon,True,DAIRY_COW,75,NATIONAL,0.25,False,12.3,HIGH
2010,30055,Artagh North,Roscommon,True,DAIRY_COW,67,CENSUS_2000,0.25,False,16.6,HIGH
2010,30057,Ballaghaderreen,Roscommon,True,DAIRY_COW,76,CENSUS_2000,0.25,False,16.6,HIGH
2010,30058,Ballinlough,Roscommon,True,DAIRY_COW,71,CENSUS_2000,0.25,False,16.6,HIGH
2010,30061,Bellanagare,Roscommon,True,DAIRY_COW,72,CENSUS_2000,0.25,False,16.6,HIGH
2010,30064,Castleplunket,Roscommon,True,DAIRY_COW,66,CENSUS_2000,0.25,False,16.6,HIGH
2010,30065,Castlereagh,Roscommon,True,DAIRY_COW,78,CENSUS_2000,0.25,False,16.6,HIGH
2010,30066,Castleteheen,Roscommon,True,DAIRY_COW,70,CENSUS_2000,0.25,False,16.6,HIGH
2010,30067,Cloonfower,Roscommon,True,DAIRY_COW,58,CENSUS_2020,0.25,False,18.6,HIGH
2010,30069,Edmondstown,Roscommon,True,DAIRY_COW,92,NATIONAL,0.25,False,12.3,HIGH
2010,30071,Frenchpark,Roscommon,True,DAIRY_COW,62,CENSUS_2000,0.25,False,16.6,HIGH
2010,30072,Kiltullagh,Roscommon,True,DAIRY_COW,71,CENSUS_2000,0.25,False,16.6,HIGH
2010,30073,Loughglinn,Roscommon,True,DAIRY_COW,67,CENSUS_2000,0.25,False,16.6,HIGH
2010,30075,Athleague East,Roscommon,True,DAIRY_COW,86,CENSUS_2000,0.25,False,16.6,HIGH
2010,30076,Athleague West,Roscommon,True,DAIRY_COW,76,CENSUS_2000,0.25,False,16.6,HIGH
2010,30079,Cams,Roscommon,True,DAIRY_COW,58,CENSUS_2020,0.25,False,18.6,HIGH
2010,30083,Cloonyquin,Roscommon,True,DAIRY_COW,73,CENSUS_2000,0.25,False,16.6,HIGH
2010,30085,Cregga,Roscommon,True,DAIRY_COW,86,NATIONAL,0.25,False,12.3,HIGH
2010,30090,Fuerty,Roscommon,True,DAIRY_COW,95,CENSUS_2000,0.25,False,16.6,HIGH
2010,30091,Kilbride North,Roscommon,True,DAIRY_COW,99,NATIONAL,0.25,False,12.3,HIGH
2010,30092,Kilbride South,Roscommon,True,DAIRY_COW,73,CENSUS_2000,0.25,False,16.6,HIGH
2010,30099,Lackan,Roscommon,True,DAIRY_COW,99,NATIONAL,0.25,False,12.3,HIGH
2010,3010,Clondalkin Village,Dublin,False,DAIRY_COW,31,NATIONAL,0.25,False,12.3,HIGH
2010,30102,Mote,Roscommon,True,DAIRY_COW,77,CENSUS_2000,0.25,False,16.6,HIGH
2010,30103,Ogulla,Roscommon,True,DAIRY_COW,101,NATIONAL,0.25,False,12.3,HIGH
2010,30105,Roscommon Rural,Roscommon,True,DAIRY_COW,73,CENSUS_2000,0.25,False,16.6,HIGH
2010,30108,Rossmore,Roscommon,True,DAIRY_COW,73,CENSUS_2000,0.25,False,16.6,HIGH
2010,30109,Scregg,Roscommon,True,DAIRY_COW,62,CENSUS_2000,0.25,False,16.6,HIGH
2010,30110,Strokestown,Roscommon,True,DAIRY_COW,94,NATIONAL,0.25,False,12.3,HIGH
2010,3018,Newcastle,Dublin,True,DAIRY_COW,187,CENSUS_2000,0.25,False,16.6,HIGH
2010,3021,Rathcoole,Dublin,True,DAIRY_COW,107,CENSUS_2020,0.25,False,18.6,HIGH
2010,3027,Saggart,Dublin,True,DAIRY_COW,163,NATIONAL,0.25,False,12.3,HIGH
2010,31003,Sligo West,Sligo,False,DAIRY_COW,73,NATIONAL,0.25,False,12.3,HIGH
2010,31004,Aghanagh,Sligo,True,DAIRY_COW,91,NATIONAL,0.25,False,12.3,HIGH
2010,31007,Cuilmore,Sligo,True,DAIRY_COW,86,CENSUS_2000,0.25,False,16.6,HIGH
2010,31008,Drumrat,Sligo,True,DAIRY_COW,83,CENSUS_2000,0.25,False,16.6,HIGH
2010,31011,Killaraght,Sligo,True,DAIRY_COW,90,CENSUS_2000,0.25,False,16.6,HIGH
2010,31012,Kilmactranny,Sligo,True,DAIRY_COW,74,CENSUS_2000,0.25,False,16.6,HIGH
2010,31013,Kilshalvy,Sligo,True,DAIRY_COW,100,CENSUS_2000,0.25,False,16.6,HIGH
2010,31015,Templevanny,Sligo,True,DAIRY_COW,74,CENSUS_2000,0.25,False,16.6,HIGH
2010,31016,Toomour,Sligo,True,DAIRY_COW,75,CENSUS_2000,0.25,False,16.6,HIGH
2010,31017,Aughris,Sligo,True,DAIRY_COW,138,CENSUS_2000,0.25,False,16.6,HIGH
2010,31018,Buncrowey,Sligo,True,DAIRY_COW,88,NATIONAL,0.25,False,12.3,HIGH
2010,31019,Castleconor East,Sligo,True,DAIRY_COW,81,CENSUS_2000,0.25,False,16.6,HIGH
2010,31022,Dromard West,Sligo,True,DAIRY_COW,84,NATIONAL,0.25,False,12.3,HIGH
2010,31023,Dromore,Sligo,True,DAIRY_COW,80,NATIONAL,0.25,False,12.3,HIGH
2010,31028,Rathmacurkey,Sligo,True,DAIRY_COW,83,CENSUS_2000,0.25,False,16.6,HIGH
2010,31029,Skreen,Sligo,True,DAIRY_COW,73,CENSUS_2000,0.25,False,16.6,HIGH
2010,31027/31031,Templeboy South / Mullagheruse,Sligo,True,DAIRY_COW,72,CENSUS_2000,0.25,False,16.6,HIGH
2010,31032,Toberpatrick East,Sligo,True,DAIRY_COW,102,NATIONAL,0.25,False,12.3,HIGH
2010,31033,Toberpatrick West,Sligo,True,DAIRY_COW,84,CENSUS_2000,0.25,False,16.6,HIGH
2010,31035,Ballintogher West,Sligo,True,DAIRY_COW,75,CENSUS_2000,0.25,False,16.6,HIGH
2010,31037,Ballynakill,Sligo,True,DAIRY_COW,62,CENSUS_2020,0.25,False,18.6,HIGH
2010,31039,Ballysadare West,Sligo,True,DAIRY_COW,89,NATIONAL,0.25,False,12.3,HIGH
2010,31040,Bricklieve,Sligo,True,DAIRY_COW,83,CENSUS_2000,0.25,False,16.6,HIGH
2010,31041,Calry,Sligo,True,DAIRY_COW,78,CENSUS_2000,0.25,False,16.6,HIGH
2010,31043,Carrickbanagher,Sligo,True,DAIRY_COW,92,CENSUS_2000,0.25,False,16.6,HIGH
2010,31046,Collooney,Sligo,True,DAIRY_COW,74,CENSUS_2000,0.25,False,16.6,HIGH
2010,31047,Drumcliff East,Sligo,True,DAIRY_COW,78,CENSUS_2000,0.25,False,16.6,HIGH
2010,31050,Drumfin,Sligo,True,DAIRY_COW,71,CENSUS_2000,0.25,False,16.6,HIGH
2010,31053,Knockaree,Sligo,True,DAIRY_COW,103,CENSUS_2000,0.25,False,16.6,HIGH
2010,31054,Lakeview,Sligo,True,DAIRY_COW,76,CENSUS_2000,0.25,False,16.6,HIGH
2010,31055,Lisconny,Sligo,True,DAIRY_COW,77,CENSUS_2000,0.25,False,16.6,HIGH
2010,31057,Lissadill North,Sligo,True,DAIRY_COW,80,CENSUS_2000,0.25,False,16.6,HIGH
2010,31059,Riverstown,Sligo,True,DAIRY_COW,77,CENSUS_2000,0.25,False,16.6,HIGH
2010,31061,Rossinver West,Sligo,True,DAIRY_COW,75,NATIONAL,0.25,False,12.3,HIGH
2010,31062,Achonry East,Sligo,True,DAIRY_COW,91,CENSUS_2000,0.25,False,16.6,HIGH
2010,31063,Achonry West,Sligo,True,DAIRY_COW,112,NATIONAL,0.25,False,12.3,HIGH
2010,31065,Annagh,Sligo,True,DAIRY_COW,73,CENSUS_2000,0.25,False,16.6,HIGH
2010,31067/31069,Branchfield / Carrownaskeagh,Sligo,True,DAIRY_COW,70,CENSUS_2000,0.25,False,16.6,HIGH
2010,31068,Breencorragh,Sligo,True,DAIRY_COW,73,NATIONAL,0.25,False,12.3,HIGH
2010,31070,Cartron,Sligo,True,DAIRY_COW,81,CENSUS_2000,0.25,False,16.6,HIGH
2010,31072,Cloonoghill,Sligo,True,DAIRY_COW,72,CENSUS_2000,0.25,False,16.6,HIGH
2010,31075,Kilmacteige,Sligo,True,DAIRY_COW,62,CENSUS_2020,0.25,False,18.6,HIGH
2010,31076,Kilturra,Sligo,True,DAIRY_COW,99,CENSUS_2000,0.25,False,16.6,HIGH
2010,31077,Leitrim,Sligo,True,DAIRY_COW,84,CENSUS_2000,0.25,False,16.6,HIGH
2010,31071/31078,Loughill / Cloonacool,Sligo,True,DAIRY_COW,73,CENSUS_2000,0.25,False,16.6,HIGH
2010,31079,Owenmore,Sligo,True,DAIRY_COW,89,NATIONAL,0.25,False,12.3,HIGH
2010,31081,Temple,Sligo,True,DAIRY_COW,84,NATIONAL,0.25,False,12.3,HIGH
2010,32005,Drumanespick,Cavan,True,DAIRY_COW,127,CENSUS_2000,0.25,False,16.6,HIGH
2010,32009,Lisagoan,Cavan,True,DAIRY_COW,124,CENSUS_2000,0.25,False,16.6,HIGH
2010,32019,Bilberry,Cavan,True,DAIRY_COW,80,CENSUS_2000,0.25,False,16.6,HIGH
2010,32020,Carn,Cavan,True,DAIRY_COW,108,NATIONAL,0.25,False,12.3,HIGH
2010,32021,Diamond,Cavan,True,DAIRY_COW,112,NATIONAL,0.25,False,12.3,HIGH
2010,32022,Doogary,Cavan,True,DAIRY_COW,111,CENSUS_2020,0.25,False,18.6,HIGH
2010,32026,Swanlinbar,Cavan,True,DAIRY_COW,86,CENSUS_2000,0.25,False,16.6,HIGH
2010,32042,Belturbet Urban,Cavan,True,DAIRY_COW,109,NATIONAL,0.25,False,12.3,HIGH
2010,32043,Bruce Hall,Cavan,True,DAIRY_COW,126,CENSUS_2000,0.25,False,16.6,HIGH
2010,32044,Butler's Bridge,Cavan,True,DAIRY_COW,116,CENSUS_2000,0.25,False,16.6,HIGH
2010,32052,Corr,Cavan,True,DAIRY_COW,129,CENSUS_2000,0.25,False,16.6,HIGH
2010,32063,Grilly,Cavan,True,DAIRY_COW,109,CENSUS_2000,0.25,False,16.6,HIGH
2010,32064,Kilconny,Cavan,True,DAIRY_COW,97,CENSUS_2000,0.25,False,16.6,HIGH
2010,32075,Redhill,Cavan,True,DAIRY_COW,100,CENSUS_2000,0.25,False,16.6,HIGH
2010,32079,Tullyvin West,Cavan,True,DAIRY_COW,145,CENSUS_2000,0.25,False,16.6,HIGH
2010,32085,Eskey,Cavan,True,DAIRY_COW,107,NATIONAL,0.25,False,12.3,HIGH
2010,32090,Kilcogy,Cavan,True,DAIRY_COW,131,CENSUS_2000,0.25,False,16.6,HIGH
2010,32091,Kilgolagh,Cavan,True,DAIRY_COW,103,CENSUS_2000,0.25,False,16.6,HIGH
2010,32092,Loughdawan,Cavan,True,DAIRY_COW,121,CENSUS_2000,0.25,False,16.6,HIGH
2010,32093,Scrabby,Cavan,True,DAIRY_COW,117,CENSUS_2000,0.25,False,16.6,HIGH
2010,33005,Ballyshannon Rural,Donegal,True,DAIRY_COW,82,CENSUS_2000,0.25,False,16.6,HIGH
2010,33007,Bundoran Rural,Donegal,True,DAIRY_COW,99,CENSUS_2000,0.25,False,16.6,HIGH
2010,33008,Carrickboy,Donegal,True,DAIRY_COW,79,CENSUS_2000,0.25,False,16.6,HIGH
2010,33009,Cavangarden,Donegal,True,DAIRY_COW,117,NATIONAL,0.25,False,12.3,HIGH
2010,33011,Ballintra,Donegal,True,DAIRY_COW,103,CENSUS_2000,0.25,False,16.6,HIGH
2010,33022,Laghy,Donegal,True,DAIRY_COW,96,NATIONAL,0.25,False,12.3,HIGH
2010,33027,Templecarn,Donegal,True,DAIRY_COW,20,CENSUS_2020,0.25,False,18.6,HIGH
2010,33029,Ards,Donegal,True,DAIRY_COW,95,NATIONAL,0.25,False,12.3,HIGH
2010,33034,Dún Fionnachaidh,Donegal,True,DAIRY_COW,89,CENSUS_2000,0.25,False,16.6,HIGH
2010,33066,Ardmalin,Donegal,True,DAIRY_COW,117,NATIONAL,0.25,False,12.3,HIGH
2010,33068,Birdstown,Donegal,True,DAIRY_COW,98,CENSUS_2000,0.25,False,16.6,HIGH
2010,33069,Buncrana Rural,Donegal,True,DAIRY_COW,102,NATIONAL,0.25,False,12.3,HIGH
2010,33070,Burt,Donegal,True,DAIRY_COW,158,NATIONAL,0.25,False,12.3,HIGH
2010,33072,Carthage,Donegal,True,DAIRY_COW,113,NATIONAL,0.25,False,12.3,HIGH
2010,33073,Castlecary,Donegal,True,DAIRY_COW,120,NATIONAL,0.25,False,12.3,HIGH
2010,33079,Glennagannon,Donegal,True,DAIRY_COW,98,CENSUS_2000,0.25,False,16.6,HIGH
2010,33080,Gleneely,Donegal,True,DAIRY_COW,85,CENSUS_2000,0.25,False,16.6,HIGH
2010,33082,Greencastle,Donegal,True,DAIRY_COW,103,NATIONAL,0.25,False,12.3,HIGH
2010,33087,Malin,Donegal,True,DAIRY_COW,91,CENSUS_2000,0.25,False,16.6,HIGH
2010,33089,Moville,Donegal,True,DAIRY_COW,76,CENSUS_2020,0.25,False,18.6,HIGH
2010,33090,Newtown Cunningham,Donegal,True,DAIRY_COW,143,NATIONAL,0.25,False,12.3,HIGH
2010,33093,Three Trees,Donegal,True,DAIRY_COW,96,NATIONAL,0.25,False,12.3,HIGH
2010,33094,Turmone,Donegal,True,DAIRY_COW,85,CENSUS_2000,0.25,False,16.6,HIGH
2010,33095,Whitecastle,Donegal,True,DAIRY_COW,98,CENSUS_2000,0.25,False,16.6,HIGH
2010,33097,Castlewray,Donegal,True,DAIRY_COW,97,CENSUS_2000,0.25,False,16.6,HIGH
2010,33099,Corravaddy,Donegal,True,DAIRY_COW,80,CENSUS_2000,0.25,False,16.6,HIGH
2010,33100,Edenacarnan,Donegal,True,DAIRY_COW,85,CENSUS_2000,0.25,False,16.6,HIGH
2010,33102,Gortnavern,Donegal,True,DAIRY_COW,102,NATIONAL,0.25,False,12.3,HIGH
2010,33103,Killymasny,Donegal,True,DAIRY_COW,102,NATIONAL,0.25,False,12.3,HIGH
2010,33107,Manorcunningham,Donegal,True,DAIRY_COW,101,CENSUS_2000,0.25,False,16.6,HIGH
2010,33109,Templedouglas,Donegal,True,DAIRY_COW,91,CENSUS_2000,0.25,False,16.6,HIGH
2010,33110,Ballyarr,Donegal,True,DAIRY_COW,76,CENSUS_2000,0.25,False,16.6,HIGH
2010,33115,Fánaid Thiar,Donegal,True,DAIRY_COW,127,NATIONAL,0.25,False,12.3,HIGH
2010,33116,Glen,Donegal,True,DAIRY_COW,23,CENSUS_2020,0.25,False,18.6,HIGH
2010,33117,Glenalla,Donegal,True,DAIRY_COW,103,CENSUS_2000,0.25,False,16.6,HIGH
2010,33120,Kilmacrenan,Donegal,True,DAIRY_COW,86,CENSUS_2000,0.25,False,16.6,HIGH
2010,33121,Cnoc Colbha,Donegal,True,DAIRY_COW,96,NATIONAL,0.25,False,12.3,HIGH
2010,33122,Loch Caol,Donegal,True,DAIRY_COW,109,CENSUS_2000,0.25,False,16.6,HIGH
2010,33123,Millford,Donegal,True,DAIRY_COW,93,CENSUS_2020,0.25,False,18.6,HIGH
2010,33125,Rathmullan,Donegal,True,DAIRY_COW,101,CENSUS_2000,0.25,False,16.6,HIGH
2010,33126,Ros Goill,Donegal,True,DAIRY_COW,64,CENSUS_2000,0.25,False,16.6,HIGH
2010,33127,Rosnakill,Donegal,True,DAIRY_COW,118,NATIONAL,0.25,False,12.3,HIGH
2010,33128,An Tearmann,Donegal,True,DAIRY_COW,102,NATIONAL,0.25,False,12.3,HIGH
2010,33131,An Clochán,Donegal,True,DAIRY_COW,84,CENSUS_2000,0.25,False,16.6,HIGH
2010,33138,Figart,Donegal,True,DAIRY_COW,131,CENSUS_2000,0.25,False,16.6,HIGH
2010,33143,Lettermore,Donegal,True,DAIRY_COW,107,NATIONAL,0.25,False,12.3,HIGH
2010,33145,Raphoe,Donegal,True,DAIRY_COW,160,NATIONAL,0.25,False,12.3,HIGH
2010,33147,Stranorlar,Donegal,True,DAIRY_COW,105,CENSUS_2000,0.25,False,16.6,HIGH
2010,34009,Crossalare,Monaghan,True,DAIRY_COW,163,CENSUS_2000,0.25,False,16.6,HIGH
2010,34011,Drumboory,Monaghan,True,DAIRY_COW,158,CENSUS_2000,0.25,False,16.6,HIGH
2010,34014,Enagh,Monaghan,True,DAIRY_COW,146,CENSUS_2000,0.25,False,16.6,HIGH
2010,34018,Loughfea,Monaghan,True,DAIRY_COW,133,CENSUS_2000,0.25,False,16.6,HIGH
2010,34020,Annayalla,Monaghan,True,DAIRY_COW,118,CENSUS_2000,0.25,False,16.6,HIGH
2010,34054,Derrygorry,Monaghan,True,DAIRY_COW,133,CENSUS_2000,0.25,False,16.6,HIGH
2010,34066,Shanmullagh,Monaghan,True,DAIRY_COW,126,CENSUS_2000,0.25,False,16.6,HIGH
2010,4002,Balbriggan Rural,Dublin,True,DAIRY_COW,158,NATIONAL,0.25,False,12.3,HIGH
2010,4006,Ballyboghil,Dublin,True,DAIRY_COW,159,NATIONAL,0.25,False,12.3,HIGH
2010,4007,Balscadden,Dublin,True,DAIRY_COW,107,CENSUS_2020,0.25,False,18.6,HIGH
2010,4008,Blanchardstown-Abbotstown,Dublin,False,DAIRY_COW,31,NATIONAL,0.25,False,12.3,HIGH
2010,4016,Castleknock-Knockmaroon,Dublin,True,DAIRY_COW,74,NATIONAL,0.25,False,12.3,HIGH
2010,4018,Clonmethan,Dublin,True,DAIRY_COW,107,CENSUS_2020,0.25,False,18.6,HIGH
2010,4020,Dubber,Dublin,True,DAIRY_COW,141,NATIONAL,0.25,False,12.3,HIGH
2010,4022,Hollywood,Dublin,True,DAIRY_COW,222,CENSUS_2000,0.25,False,16.6,HIGH
2010,4025,Kilsallaghan,Dublin,True,DAIRY_COW,149,NATIONAL,0.25,False,12.3,HIGH
2010,4028,Lusk,Dublin,True,DAIRY_COW,196,NATIONAL,0.25,False,12.3,HIGH
2010,4037,Swords-Glasmore,Dublin,False,DAIRY_COW,31,NATIONAL,0.25,False,12.3,HIGH
2010,4038,Swords-Lissenhall,Dublin,True,DAIRY_COW,149,CENSUS_2000,0.25,False,16.6,HIGH
2010,5060,Shankill-Rathmichael,Dublin,True,DAIRY_COW,107,CENSUS_2020,0.25,False,18.6,HIGH
2010,6003,Naas Urban,Kildare,True,DAIRY_COW,104,NATIONAL,0.25,False,12.3,HIGH
2010,6004,Athy Rural,Kildare,True,DAIRY_COW,135,NATIONAL,0.25,False,12.3,HIGH
2010,6005,Ballaghmoon,Kildare,True,DAIRY_COW,109,NATIONAL,0.25,False,12.3,HIGH
2010,6006,Ballitore,Kildare,True,DAIRY_COW,136,CENSUS_2000,0.25,False,16.6,HIGH
2010,6007,Ballybrackan,Kildare,True,DAIRY_COW,109,NATIONAL,0.25,False,12.3,HIGH
2010,6008,Ballyshannon,Kildare,True,DAIRY_COW,118,CENSUS_2000,0.25,False,16.6,HIGH
2010,6010,Bert,Kildare,True,DAIRY_COW,88,NATIONAL,0.25,False,12.3,HIGH
2010,6011,Burtown,Kildare,True,DAIRY_COW,139,NATIONAL,0.25,False,12.3,HIGH
2010,6014,Churchtown,Kildare,True,DAIRY_COW,87,CENSUS_2020,0.25,False,18.6,HIGH
2010,6016,Fontstown,Kildare,True,DAIRY_COW,127,NATIONAL,0.25,False,12.3,HIGH
2010,6017,Graney,Kildare,True,DAIRY_COW,141,CENSUS_2000,0.25,False,16.6,HIGH
2010,6018,Grangemellon,Kildare,True,DAIRY_COW,118,NATIONAL,0.25,False,12.3,HIGH
2010,6019,Harristown,Kildare,True,DAIRY_COW,87,CENSUS_2020,0.25,False,18.6,HIGH
2010,6020,Inchaquire,Kildare,True,DAIRY_COW,87,CENSUS_2000,0.25,False,16.6,HIGH
2010,6021,Johnstown,Kildare,True,DAIRY_COW,127,CENSUS_2000,0.25,False,16.6,HIGH
2010,6022,Kilberry,Kildare,True,DAIRY_COW,110,NATIONAL,0.25,False,12.3,HIGH
2010,6023,Kildangan,Kildare,True,DAIRY_COW,120,CENSUS_2000,0.25,False,16.6,HIGH
2010,6024,Kilkea,Kildare,True,DAIRY_COW,87,CENSUS_2000,0.25,False,16.6,HIGH
2010,6025,Kilrush,Kildare,True,DAIRY_COW,126,NATIONAL,0.25,False,12.3,HIGH
2010,6027,Monasterevin,Kildare,True,DAIRY_COW,114,CENSUS_2000,0.25,False,16.6,HIGH
2010,6028,Moone,Kildare,True,DAIRY_COW,121,CENSUS_2000,0.25,False,16.6,HIGH
2010,6029,Narraghmore,Kildare,True,DAIRY_COW,148,NATIONAL,0.25,False,12.3,HIGH
2010,6030,Nurney,Kildare,True,DAIRY_COW,131,NATIONAL,0.25,False,12.3,HIGH
2010,6031,Quinsborough,Kildare,True,DAIRY_COW,111,NATIONAL,0.25,False,12.3,HIGH
2010,6032,Skerries,Kildare,True,DAIRY_COW,117,NATIONAL,0.25,False,12.3,HIGH
2010,6034,Celbridge,Kildare,True,DAIRY_COW,113,NATIONAL,0.25,False,12.3,HIGH
2010,6036,Donadea,Kildare,True,DAIRY_COW,120,NATIONAL,0.25,False,12.3,HIGH
2010,6037,Donaghcumper,Kildare,True,DAIRY_COW,125,NATIONAL,0.25,False,12.3,HIGH
2010,6040,Maynooth,Kildare,True,DAIRY_COW,116,CENSUS_2000,0.25,False,16.6,HIGH
2010,6041,Straffan,Kildare,True,DAIRY_COW,116,CENSUS_2000,0.25,False,16.6,HIGH
2010,6042,Ballynadrumny,Kildare,True,DAIRY_COW,135,NATIONAL,0.25,False,12.3,HIGH
2010,6044,Carbury,Kildare,True,DAIRY_COW,153,CENSUS_2000,0.25,False,16.6,HIGH
2010,6045,Carrick,Kildare,True,DAIRY_COW,147,NATIONAL,0.25,False,12.3,HIGH
2010,6046,Cloncurry,Kildare,True,DAIRY_COW,87,CENSUS_2000,0.25,False,16.6,HIGH
2010,6048,Dunfierth,Kildare,True,DAIRY_COW,115,CENSUS_2000,0.25,False,16.6,HIGH
2010,6051,Kilrainy,Kildare,True,DAIRY_COW,87,CENSUS_2020,0.25,False,18.6,HIGH
2010,6053,Rathangan,Kildare,True,DAIRY_COW,109,CENSUS_2000,0.25,False,16.6,HIGH
2010,6055,Windmill Cross,Kildare,True,DAIRY_COW,87,CENSUS_2020,0.25,False,18.6,HIGH
2010,6057,Ballysax East,Kildare,True,DAIRY_COW,102,NATIONAL,0.25,False,12.3,HIGH
2010,6058,Ballysax West,Kildare,True,DAIRY_COW,117,NATIONAL,0.25,False,12.3,HIGH
2010,6059,Bodenstown,Kildare,True,DAIRY_COW,112,CENSUS_2000,0.25,False,16.6,HIGH
2010,6060,Carnalway,Kildare,True,DAIRY_COW,157,NATIONAL,0.25,False,12.3,HIGH
2010,6062,Clane,Kildare,True,DAIRY_COW,119,NATIONAL,0.25,False,12.3,HIGH
2010,6063,Donore,Kildare,True,DAIRY_COW,117,NATIONAL,0.25,False,12.3,HIGH
2010,6064,Downings,Kildare,True,DAIRY_COW,132,NATIONAL,0.25,False,12.3,HIGH
2010,6067,Dunmurry,Kildare,True,DAIRY_COW,137,CENSUS_2020,0.25,False,18.6,HIGH
2010,6068,Feighcullen,Kildare,True,DAIRY_COW,107,NATIONAL,0.25,False,12.3,HIGH
2010,6071,Kildare,Kildare,True,DAIRY_COW,122,CENSUS_2000,0.25,False,16.6,HIGH
2010,6072,Kill,Kildare,True,DAIRY_COW,107,CENSUS_2000,0.25,False,16.6,HIGH
2010,6076,Kilteel,Kildare,True,DAIRY_COW,126,NATIONAL,0.25,False,12.3,HIGH
2010,6077,Ladytown,Kildare,True,DAIRY_COW,111,CENSUS_2000,0.25,False,16.6,HIGH
2010,6078,Morristownbiller,Kildare,True,DAIRY_COW,87,CENSUS_2020,0.25,False,18.6,HIGH
2010,6079,Naas Rural,Kildare,True,DAIRY_COW,87,CENSUS_2020,0.25,False,18.6,HIGH
2010,6080,Newtown,Kildare,True,DAIRY_COW,128,NATIONAL,0.25,False,12.3,HIGH
2010,6081,Oldconnell,Kildare,True,DAIRY_COW,113,NATIONAL,0.25,False,12.3,HIGH
2010,6082,Oughterard,Kildare,True,DAIRY_COW,104,NATIONAL,0.25,False,12.3,HIGH
2010,6084,Rathernan,Kildare,True,DAIRY_COW,129,NATIONAL,0.25,False,12.3,HIGH
2010,6085,Rathmore,Kildare,True,DAIRY_COW,123,NATIONAL,0.25,False,12.3,HIGH
2010,6086,Robertstown,Kildare,True,DAIRY_COW,109,CENSUS_2000,0.25,False,16.6,HIGH
2010,6089,Usk,Kildare,True,DAIRY_COW,133,CENSUS_2000,0.25,False,16.6,HIGH
2010,7022,Tullahought,Kilkenny,True,DAIRY_COW,198,CENSUS_2000,0.25,False,16.6,HIGH
2010,7033,Brownsford,Kilkenny,True,DAIRY_COW,176,CENSUS_2000,0.25,False,16.6,HIGH
2010,7037,Rosbercon Rural,Kilkenny,True,DAIRY_COW,174,CENSUS_2000,0.25,False,16.6,HIGH
2010,7063,Ballyvool,Kilkenny,True,DAIRY_COW,192,NATIONAL,0.25,False,12.3,HIGH
2010,7064,Bennettsbridge,Kilkenny,True,DAIRY_COW,231,CENSUS_2020,0.25,False,18.6,HIGH
2010,7065,Bramblestown,Kilkenny,True,DAIRY_COW,152,CENSUS_2000,0.25,False,16.6,HIGH
2010,7066,Castlebanny,Kilkenny,True,DAIRY_COW,183,NATIONAL,0.25,False,12.3,HIGH
2010,7069,Danesfort,Kilkenny,True,DAIRY_COW,207,NATIONAL,0.25,False,12.3,HIGH
2010,7070,Ennisnag,Kilkenny,True,DAIRY_COW,163,CENSUS_2000,0.25,False,16.6,HIGH
2010,7071,Famma,Kilkenny,True,DAIRY_COW,190,NATIONAL,0.25,False,12.3,HIGH
2010,7073,Goresbridge,Kilkenny,True,DAIRY_COW,171,CENSUS_2000,0.25,False,16.6,HIGH
2010,7074,Graiguenamanagh,Kilkenny,True,DAIRY_COW,173,CENSUS_2000,0.25,False,16.6,HIGH
2010,7076,Jerpoint Church,Kilkenny,True,DAIRY_COW,233,CENSUS_2020,0.25,False,18.6,HIGH
2010,7077,Kilfane,Kilkenny,True,DAIRY_COW,180,NATIONAL,0.25,False,12.3,HIGH
2010,7081,Pleberstown,Kilkenny,True,DAIRY_COW,159,CENSUS_2000,0.25,False,16.6,HIGH
2010,7084,Thomastown,Kilkenny,True,DAIRY_COW,182,NATIONAL,0.25,False,12.3,HIGH
2010,7085,Tullaherin,Kilkenny,True,DAIRY_COW,174,NATIONAL,0.25,False,12.3,HIGH
2010,7087,Woolengrange,Kilkenny,True,DAIRY_COW,178,NATIONAL,0.25,False,12.3,HIGH
2010,7091,Clomantagh,Kilkenny,True,DAIRY_COW,206,CENSUS_2000,0.25,False,16.6,HIGH
2010,7106,Kilculliheen (part),Kilkenny,True,DAIRY_COW,171,NATIONAL,0.25,False,12.3,HIGH
2010,7111,Rathpatrick,Kilkenny,True,DAIRY_COW,173,CENSUS_2000,0.25,False,16.6,HIGH
2010,8006,Caher,Laois,True,DAIRY_COW,131,NATIONAL,0.25,False,12.3,HIGH
2010,8010,Colt,Laois,True,DAIRY_COW,138,CENSUS_2000,0.25,False,16.6,HIGH
2010,8012,Cullahill,Laois,True,DAIRY_COW,158,CENSUS_2000,0.25,False,16.6,HIGH
2010,8013,Cullenagh,Laois,True,DAIRY_COW,156,CENSUS_2000,0.25,False,16.6,HIGH
2010,8014,Donaghmore,Laois,True,DAIRY_COW,132,CENSUS_2000,0.25,False,16.6,HIGH
2010,8016,Dunmore,Laois,True,DAIRY_COW,129,CENSUS_2000,0.25,False,16.6,HIGH
2010,8019,Fossy,Laois,True,DAIRY_COW,168,CENSUS_2000,0.25,False,16.6,HIGH
2010,8021,Kilcoke,Laois,True,DAIRY_COW,153,NATIONAL,0.25,False,12.3,HIGH
2010,8028,Ballyadams,Laois,True,DAIRY_COW,130,CENSUS_2000,0.25,False,16.6,HIGH
2010,8030,Barrowhouse,Laois,True,DAIRY_COW,175,CENSUS_2020,0.25,False,18.6,HIGH
2010,8032,Killabban,Laois,True,DAIRY_COW,169,CENSUS_2020,0.25,False,18.6,HIGH
2010,8035,Rathaspick,Laois,True,DAIRY_COW,150,CENSUS_2000,0.25,False,16.6,HIGH
2010,8036,Stradbally,Laois,True,DAIRY_COW,158,NATIONAL,0.25,False,12.3,HIGH
2010,8038,Timogue,Laois,True,DAIRY_COW,154,CENSUS_2000,0.25,False,16.6,HIGH
2010,8040,Arderin,Laois,True,DAIRY_COW,162,NATIONAL,0.25,False,12.3,HIGH
2010,8041,Ballybrittas,Laois,True,DAIRY_COW,142,CENSUS_2000,0.25,False,16.6,HIGH
2010,8042,Ballycarroll,Laois,True,DAIRY_COW,148,NATIONAL,0.25,False,12.3,HIGH
2010,8044,Borris,Laois,True,DAIRY_COW,151,CENSUS_2000,0.25,False,16.6,HIGH
2010,8047,Cappalough,Laois,True,DAIRY_COW,187,CENSUS_2020,0.25,False,18.6,HIGH
2010,8049,Castlecuffe,Laois,True,DAIRY_COW,137,CENSUS_2000,0.25,False,16.6,HIGH
2010,8052,Clonin,Laois,True,DAIRY_COW,157,NATIONAL,0.25,False,12.3,HIGH
2010,8053,Coolrain,Laois,True,DAIRY_COW,167,NATIONAL,0.25,False,12.3,HIGH
2010,8054,Dangans,Laois,True,DAIRY_COW,123,CENSUS_2000,0.25,False,16.6,HIGH
2010,8056,Garrymore,Laois,True,DAIRY_COW,151,NATIONAL,0.25,False,12.3,HIGH
2010,8058,Jamestown,Laois,True,DAIRY_COW,130,CENSUS_2000,0.25,False,16.6,HIGH
2010,8059,Kilcolmanbane,Laois,True,DAIRY_COW,137,CENSUS_2000,0.25,False,16.6,HIGH
2010,8060,Kilmullen,Laois,True,DAIRY_COW,157,NATIONAL,0.25,False,12.3,HIGH
2010,8064,Meelick,Laois,True,DAIRY_COW,153,CENSUS_2000,0.25,False,16.6,HIGH
2010,8070,Portarlington South,Laois,True,DAIRY_COW,123,NATIONAL,0.25,False,12.3,HIGH
2010,8075,Sallyford,Laois,True,DAIRY_COW,129,CENSUS_2000,0.25,False,16.6,HIGH
2010,8077,Tinnahinch,Laois,True,DAIRY_COW,143,NATIONAL,0.25,False,12.3,HIGH
2010,8078,Trumra,Laois,True,DAIRY_COW,136,CENSUS_2000,0.25,False,16.6,HIGH
2010,8079,Ballybrophy,Laois,True,DAIRY_COW,150,CENSUS_2000,0.25,False,16.6,HIGH
2010,8081,Clonmore,Laois,True,DAIRY_COW,133,CENSUS_2000,0.25,False,16.6,HIGH
2010,8083,Kyle,Laois,True,DAIRY_COW,132,CENSUS_2000,0.25,False,16.6,HIGH
2010,8086,Moneymore,Laois,True,DAIRY_COW,170,CENSUS_2000,0.25,False,16.6,HIGH
2010,8091,Ballylehane,Laois,True,DAIRY_COW,143,CENSUS_2000,0.25,False,16.6,HIGH
2010,8093,Farnans,Laois,True,DAIRY_COW,149,NATIONAL,0.25,False,12.3,HIGH
2010,8094,Graigue Rural,Laois,True,DAIRY_COW,139,NATIONAL,0.25,False,12.3,HIGH
2010,8096,Rossmore,Laois,True,DAIRY_COW,148,NATIONAL,0.25,False,12.3,HIGH
2010,8097,Shrule,Laois,True,DAIRY_COW,150,NATIONAL,0.25,False,12.3,HIGH
2010,8098,Turra,Laois,True,DAIRY_COW,147,CENSUS_2000,0.25,False,16.6,HIGH
2010,9002,Longford No. 2 Urban,Longford,False,DAIRY_COW,98,NATIONAL,0.25,False,12.3,HIGH
2010,9003,Agharra,Longford,True,DAIRY_COW,129,CENSUS_2000,0.25,False,16.6,HIGH
2010,9004,Ballymahon,Longford,True,DAIRY_COW,101,CENSUS_2000,0.25,False,16.6,HIGH
2010,9005,Cashel East,Longford,True,DAIRY_COW,118,CENSUS_2000,0.25,False,16.6,HIGH
2010,9010,Kilcommock,Longford,True,DAIRY_COW,123,CENSUS_2000,0.25,False,16.6,HIGH
2010,9011,Kilglass,Longford,True,DAIRY_COW,118,CENSUS_2000,0.25,False,16.6,HIGH
2010,9013,Abbeylara,Longford,True,DAIRY_COW,108,CENSUS_2000,0.25,False,16.6,HIGH
2010,9014,Ballinalee,Longford,True,DAIRY_COW,124,CENSUS_2000,0.25,False,16.6,HIGH
2010,9015,Ballymuigh,Longford,True,DAIRY_COW,124,NATIONAL,0.25,False,12.3,HIGH
2010,9016,Bunlahy,Longford,True,DAIRY_COW,129,NATIONAL,0.25,False,12.3,HIGH
2010,9019,Creevy,Longford,True,DAIRY_COW,111,CENSUS_2000,0.25,False,16.6,HIGH
2010,9020,Crosagstown,Longford,True,DAIRY_COW,138,NATIONAL,0.25,False,12.3,HIGH
2010,9023,Drummeel,Longford,True,DAIRY_COW,124,NATIONAL,0.25,False,12.3,HIGH
2010,9025,Gelshagh,Longford,True,DAIRY_COW,112,CENSUS_2000,0.25,False,16.6,HIGH
2010,9026,Granard Rural,Longford,True,DAIRY_COW,111,CENSUS_2000,0.25,False,16.6,HIGH
2010,9027,Granard Urban,Longford,True,DAIRY_COW,117,CENSUS_2020,0.25,False,18.6,HIGH
2010,9028,Knockanbaun,Longford,True,DAIRY_COW,118,NATIONAL,0.25,False,12.3,HIGH
2010,9031,Milltown,Longford,True,DAIRY_COW,110,CENSUS_2000,0.25,False,16.6,HIGH
2010,9032,Moatfarrell,Longford,True,DAIRY_COW,87,CENSUS_2020,0.25,False,18.6,HIGH
2010,9036,Sonnagh,Longford,True,DAIRY_COW,98,CENSUS_2000,0.25,False,16.6,HIGH
2010,9038,Ardagh East,Longford,True,DAIRY_COW,136,CENSUS_2000,0.25,False,16.6,HIGH
2010,9039,Ardagh West,Longford,True,DAIRY_COW,116,CENSUS_2000,0.25,False,16.6,HIGH
2010,9040,Ballinamuck East,Longford,True,DAIRY_COW,123,CENSUS_2000,0.25,False,16.6,HIGH
2010,9044,Cloondara,Longford,True,DAIRY_COW,127,CENSUS_2000,0.25,False,16.6,HIGH
2010,9046,Corboy,Longford,True,DAIRY_COW,124,CENSUS_2000,0.25,False,16.6,HIGH
2010,9048,Drumlish,Longford,True,DAIRY_COW,99,CENSUS_2000,0.25,False,16.6,HIGH
2010,9049,Killashee,Longford,True,DAIRY_COW,152,NATIONAL,0.25,False,12.3,HIGH
2010,9050,Killoe,Longford,True,DAIRY_COW,96,CENSUS_2000,0.25,False,16.6,HIGH
2010,9051,Longford Rural,Longford,True,DAIRY_COW,119,CENSUS_2000,0.25,False,16.6,HIGH
2010,9052,Mountdavis,Longford,True,DAIRY_COW,118,NATIONAL,0.25,False,12.3,HIGH
2010,10009,Ardee Urban,Louth,True,OTHER_COW,18,NATIONAL,0.5,False,47.3,MODERATE
2010,10034,Mansfieldstown,Louth,True,OTHER_COW,155,CENSUS_2020,0.5,False,24.8,HIGH
2010,1034,Muinebeag (Bagenalstown) Urban,Carlow,False,OTHER_COW,8,COUNTY_RESIDUAL,,True,0.0,EXACT
2010,11003,Trim Urban,Meath,False,OTHER_COW,7,COUNTY_RESIDUAL,,False,0.0,EXACT
2010,12001,Birr Urban,Offaly,True,OTHER_COW,22,NATIONAL,0.5,False,47.3,MODERATE
2010,12002,Tullamore Urban,Offaly,False,OTHER_COW,23,NATIONAL,0.5,False,47.3,MODERATE
2010,13001,Athlone East Urban,Westmeath,False,OTHER_COW,34,NATIONAL,0.5,True,47.3,MODERATE
2010,13002,Athlone West Urban,Westmeath,False,OTHER_COW,33,NATIONAL,0.5,True,47.3,MODERATE
2010,14114,Lady's Island,Wexford,True,OTHER_COW,43,NATIONAL,0.5,True,47.3,MODERATE
2010,14123,Wexford Rural,Wexford,True,OTHER_COW,24,NATIONAL,0.5,True,47.3,MODERATE
2010,15001,Arklow No. 1 Urban,Wicklow,False,OTHER_COW,0,NATIONAL,0.5,False,47.3,MODERATE
2010,15007,Wicklow Urban,Wicklow,False,OTHER_COW,30,NATIONAL,0.5,False,47.3,MODERATE
2010,15032,Delgany,Wicklow,True,OTHER_COW,28,NATIONAL,0.5,False,47.3,MODERATE
2010,15033,Enniskerry,Wicklow,True,OTHER_COW,0,CENSUS_2000,0.5,False,20.2,HIGH
2010,15036,Powerscourt,Wicklow,True,OTHER_COW,62,CENSUS_2000,0.5,False,20.2,HIGH
2010,15065,Trooperstown,Wicklow,True,OTHER_COW,87,CENSUS_2000,0.5,False,20.2,HIGH
2010,16005,Kilrush Urban,Clare,True,OTHER_COW,16,CENSUS_2000,0.5,True,20.2,HIGH
2010,16088,Kilkee,Clare,True,OTHER_COW,52,CENSUS_2000,0.5,True,20.2,HIGH
2010,17041,Knockrea B,Cork,False,OTHER_COW,8,NATIONAL,0.5,False,47.3,MODERATE
2010,18001,Clonakilty Urban,Cork,False,OTHER_COW,8,NATIONAL,0.5,False,47.3,MODERATE
2010,18007,Mallow South Urban,Cork,False,OTHER_COW,8,NATIONAL,0.5,False,47.3,MODERATE
2010,18008,Midleton Urban,Cork,False,OTHER_COW,8,NATIONAL,0.5,False,47.3,MODERATE
2010,18010,Youghal Urban,Cork,False,OTHER_COW,20,NATIONAL,0.5,False,47.3,MODERATE
2010,18015,Bandon,Cork,False,OTHER_COW,0,NATIONAL,0.5,False,47.3,MODERATE
2010,18099,Monkstown Urban,Cork,True,OTHER_COW,0,NATIONAL,0.5,False,47.3,MODERATE
2010,18253,Corkbeg,Cork,True,OTHER_COW,30,CENSUS_2000,0.5,False,20.2,HIGH
2010,19027,An Baile Dubh,Kerry,True,OTHER_COW,79,CENSUS_2000,0.5,False,20.2,HIGH
2010,19029,Cé Bhréanainn,Kerry,True,OTHER_COW,32,CENSUS_2000,0.5,False,20.2,HIGH
2010,19033,An Daingean,Kerry,False,OTHER_COW,30,NATIONAL,0.5,False,47.3,MODERATE
2010,19138,Blennerville,Kerry,True,OTHER_COW,54,CENSUS_2020,0.5,False,24.8,HIGH
2010,19156,Knockglass,Kerry,True,OTHER_COW,45,NATIONAL,0.5,False,47.3,MODERATE
2010,20011,Castle D,Limerick,False,OTHER_COW,36,NATIONAL,0.5,False,47.3,MODERATE
2010,21066,Limerick South Rural,Limerick,True,OTHER_COW,69,NATIONAL,0.5,False,47.3,MODERATE
2010,21102,Newcastle Urban,Limerick,False,OTHER_COW,62,NATIONAL,0.5,False,47.3,MODERATE
2010,21128,Rathkeale Urban,Limerick,True,OTHER_COW,24,CENSUS_2020,0.5,False,24.8,HIGH
2010,22001,Nenagh East Urban,Tipperary,True,OTHER_COW,0,NATIONAL,0.5,False,47.3,MODERATE
2010,22002,Nenagh West Urban,Tipperary,True,OTHER_COW,0,NATIONAL,0.5,False,47.3,MODERATE
2010,22003,Templemore,Tipperary,True,OTHER_COW,41,CENSUS_2000,0.5,False,20.2,HIGH
2010,23082,Carrickbeg Urban,Tipperary,True,OTHER_COW,28,CENSUS_2020,0.5,False,24.8,HIGH
2010,23083,Carrick-on-Suir Urban,Tipperary,False,OTHER_COW,33,NATIONAL,0.5,False,47.3,MODERATE
2010,23086,Clonmel West Urban,Tipperary,False,OTHER_COW,19,NATIONAL,0.5,False,47.3,MODERATE
2010,23087,Tipperary East Urban,Tipperary,False,OTHER_COW,19,NATIONAL,0.5,False,47.3,MODERATE
2010,23088,Tipperary West Urban,Tipperary,False,OTHER_COW,0,NATIONAL,0.5,False,47.3,MODERATE
2010,24001,Ballybeg North,Waterford,False,OTHER_COW,19,NATIONAL,0.5,False,47.3,MODERATE
2010,24002/24006,Ballybeg South / Ballynaneashagh,Waterford,False,OTHER_COW,0,NATIONAL,0.5,False,47.3,MODERATE
2010,24003,Ballybricken West,Waterford,False,OTHER_COW,19,NATIONAL,0.5,False,47.3,MODERATE
2010,24007,Ballytruckle,Waterford,False,OTHER_COW,0,NATIONAL,0.5,False,47.3,MODERATE
2010,24014,Farranshoneen,Waterford,False,OTHER_COW,0,NATIONAL,0.5,False,47.3,MODERATE
2010,24018,Grange South,Waterford,True,OTHER_COW,0,NATIONAL,0.5,False,47.3,MODERATE
2010,24020,Kilbarry,Waterford,True,OTHER_COW,19,NATIONAL,0.5,False,47.3,MODERATE
2010,25002,Dungarvan No. 2 Urban,Waterford,False,OTHER_COW,19,NATIONAL,0.5,False,47.3,MODERATE
2010,25052,Tinnasaggart,Waterford,True,OTHER_COW,30,CENSUS_2000,0.5,False,20.2,HIGH
2010,25066,Lismore Urban,Waterford,False,OTHER_COW,19,NATIONAL,0.5,False,47.3,MODERATE
2010,25074,Kilbarry (Part Rural),Waterford,True,OTHER_COW,58,NATIONAL,0.5,False,47.3,MODERATE
2010,26001,Ballybaan,Galway,False,OTHER_COW,19,NATIONAL,0.5,False,47.3,MODERATE
2010,26004,An Caisleán Gearr,Galway,False,OTHER_COW,16,NATIONAL,0.5,False,47.3,MODERATE
2010,26010,Mionlach,Galway,True,OTHER_COW,25,CENSUS_2020,0.5,False,24.8,HIGH
2010,26012,Murroogh,Galway,False,OTHER_COW,0,NATIONAL,0.5,False,47.3,MODERATE
2010,26013,Newcastle,Galway,False,OTHER_COW,11,NATIONAL,0.5,False,47.3,MODERATE
2010,27128,Loughrea Urban,Galway,False,OTHER_COW,11,NATIONAL,0.5,False,47.3,MODERATE
2010,27156,Leitir Breacáin,Galway,True,OTHER_COW,40,CENSUS_2000,0.5,False,20.2,HIGH
2010,27216,Tuam Urban,Galway,False,OTHER_COW,11,NATIONAL,0.5,False,47.3,MODERATE
2010,29002,Ballina Urban,Mayo,False,OTHER_COW,30,NATIONAL,0.5,False,47.3,MODERATE
2010,29003,Castlebar Urban,Mayo,False,OTHER_COW,35,CENSUS_2000,0.5,False,20.2,HIGH
2010,29139,Erriff,Mayo,True,OTHER_COW,33,CENSUS_2000,0.5,False,20.2,HIGH
2010,30031,Boyle Urban,Roscommon,True,OTHER_COW,54,CENSUS_2000,0.5,False,20.2,HIGH
2010,3005,Clondalkin-Cappaghmore,Dublin,False,OTHER_COW,31,NATIONAL,0.5,False,47.3,MODERATE
2010,30106,Roscommon Urban,Roscommon,False,OTHER_COW,21,NATIONAL,0.5,False,47.3,MODERATE
2010,3011,Edmondstown,Dublin,False,OTHER_COW,59,NATIONAL,0.5,False,47.3,MODERATE
2010,3017,Lucan-St. Helen's,Dublin,False,OTHER_COW,103,NATIONAL,0.5,False,47.3,MODERATE
2010,3032,Tallaght-Jobstown,Dublin,False,OTHER_COW,31,NATIONAL,0.5,False,47.3,MODERATE
2010,31001,Sligo East,Sligo,False,OTHER_COW,2,NATIONAL,0.5,False,47.3,MODERATE
2010,31003,Sligo West,Sligo,False,OTHER_COW,106,CENSUS_2000,0.5,False,20.2,HIGH
2010,32051,Cootehill Urban,Cavan,False,OTHER_COW,49,COUNTY_RESIDUAL,,True,0.0,EXACT
2010,33001,Buncrana Urban,Donegal,True,OTHER_COW,29,CENSUS_2000,0.5,False,20.2,HIGH
2010,33002,Bundoran Urban,Donegal,True,OTHER_COW,8,CENSUS_2020,0.5,False,24.8,HIGH
2010,33003,Letterkenny Urban,Donegal,False,OTHER_COW,8,NATIONAL,0.5,False,47.3,MODERATE
2010,33040,Ard an Rátha,Donegal,True,OTHER_COW,8,NATIONAL,0.5,False,47.3,MODERATE
2010,33046,An Dúchoraidh,Donegal,True,OTHER_COW,13,CENSUS_2000,0.5,False,20.2,HIGH
2010,33054,Inis Caoil,Donegal,True,OTHER_COW,15,CENSUS_2000,0.5,False,20.2,HIGH
2010,33108,Suí Corr,Donegal,True,OTHER_COW,30,CENSUS_2020,0.5,False,24.8,HIGH
2010,4001,Airport,Dublin,False,OTHER_COW,31,NATIONAL,0.5,False,47.3,MODERATE
2010,4005,Balgriffin,Dublin,True,OTHER_COW,31,NATIONAL,0.5,False,47.3,MODERATE
2010,4008,Blanchardstown-Abbotstown,Dublin,False,OTHER_COW,0,NATIONAL,0.5,False,47.3,MODERATE
2010,4009,Blanchardstown-Blakestown,Dublin,False,OTHER_COW,86,NATIONAL,0.5,False,47.3,MODERATE
2010,4016,Castleknock-Knockmaroon,Dublin,True,OTHER_COW,0,NATIONAL,0.5,False,47.3,MODERATE
2010,4026,Kinsaley,Dublin,False,OTHER_COW,79,NATIONAL,0.5,False,47.3,MODERATE
2010,4036,Swords-Forrest,Dublin,False,OTHER_COW,31,NATIONAL,0.5,False,47.3,MODERATE
2010,4037,Swords-Glasmore,Dublin,False,OTHER_COW,0,NATIONAL,0.5,False,47.3,MODERATE
2010,4041,The Ward,Dublin,True,OTHER_COW,92,NATIONAL,0.5,False,47.3,MODERATE
2010,5038,Dundrum-Kilmacud,Dublin,False,OTHER_COW,31,NATIONAL,0.5,False,47.3,MODERATE
2010,5069,Tibradden,Dublin,True,OTHER_COW,38,NATIONAL,0.5,False,47.3,MODERATE
2010,6003,Naas Urban,Kildare,True,OTHER_COW,39,CENSUS_2000,0.5,False,20.2,HIGH
2010,6039,Leixlip,Kildare,True,OTHER_COW,37,NATIONAL,0.5,False,47.3,MODERATE
2010,6052,Lullymore,Kildare,True,OTHER_COW,54,NATIONAL,0.5,False,47.3,MODERATE
2010,6058,Ballysax West,Kildare,True,OTHER_COW,34,CENSUS_2000,0.5,False,20.2,HIGH
2010,6073,Killashee,Kildare,True,OTHER_COW,38,CENSUS_2020,0.5,False,24.8,HIGH
2010,6083,Pollardstown,Kildare,True,OTHER_COW,30,CENSUS_2020,0.5,False,24.8,HIGH
2010,6088,Timahoe South,Kildare,True,OTHER_COW,31,NATIONAL,0.5,False,47.3,MODERATE
2010,7001,Kilkenny No. 1 Urban,Kilkenny,False,OTHER_COW,18,NATIONAL,0.5,False,47.3,MODERATE
2010,7106,Kilculliheen (part),Kilkenny,True,OTHER_COW,34,NATIONAL,0.5,False,47.3,MODERATE
2010,8066,Mountmellick Urban,Laois,False,OTHER_COW,13,CENSUS_2000,0.5,False,20.2,HIGH
2010,8091,Ballylehane,Laois,True,OTHER_COW,115,CENSUS_2000,0.5,False,20.2,HIGH
2010,9002,Longford No. 2 Urban,Longford,False,OTHER_COW,4,COUNTY_RESIDUAL,,False,0.0,EXACT
2010,10014,Dromiskin,Louth,True,TOTAL_SHEEP,385,CENSUS_2000,0.25,False,27.5,MODERATE
2010,10017,Stabannan,Louth,True,TOTAL_SHEEP,471,CENSUS_2020,0.25,False,31.8,MODERATE
2010,10020,Barronstown,Louth,True,TOTAL_SHEEP,435,CENSUS_2000,0.25,False,27.5,MODERATE
2010,10023,Castletown,Louth,True,TOTAL_SHEEP,447,CENSUS_2000,0.25,False,27.5,MODERATE
2010,10027,Dundalk Rural,Louth,True,TOTAL_SHEEP,351,NONE,0.25,False,36.0,MODERATE
2010,10030,Haggardstown,Louth,True,TOTAL_SHEEP,448,CENSUS_2000,0.25,False,27.5,MODERATE
2010,10038,Dysart,Louth,True,TOTAL_SHEEP,468,CENSUS_2000,0.25,False,27.5,MODERATE
2010,10040,Mullary,Louth,True,TOTAL_SHEEP,610,CENSUS_2000,0.25,False,27.5,MODERATE
2010,10041,St. Peter's,Louth,True,TOTAL_SHEEP,652,CENSUS_2000,0.25,False,27.5,MODERATE
2010,10042,Termonfeckin,Louth,True,TOTAL_SHEEP,412,CENSUS_2000,0.25,False,27.5,MODERATE
2010,1018,Burton Hall,Carlow,True,TOTAL_SHEEP,195,NONE,0.25,False,36.0,MODERATE
2010,1031,Killerrig,Carlow,True,TOTAL_SHEEP,342,CENSUS_2000,0.25,False,27.5,MODERATE
2010,1041,Ridge,Carlow,True,TOTAL_SHEEP,244,CENSUS_2020,0.25,False,31.8,MODERATE
2010,11002,Navan Urban,Meath,False,TOTAL_SHEEP,396,CENSUS_2000,0.25,False,27.5,MODERATE
2010,11003,Trim Urban,Meath,False,TOTAL_SHEEP,396,CENSUS_2000,0.25,False,27.5,MODERATE
2010,11008,Donaghmore,Meath,True,TOTAL_SHEEP,629,CENSUS_2000,0.25,False,27.5,MODERATE
2010,11030,Kilskeer,Meath,True,TOTAL_SHEEP,687,CENSUS_2000,0.25,False,27.5,MODERATE
2010,11037,Newtown,Meath,True,TOTAL_SHEEP,488,CENSUS_2000,0.25,False,27.5,MODERATE
2010,11047,St. Mary's (Part Rural),Meath,True,TOTAL_SHEEP,462,CENSUS_2000,0.25,False,27.5,MODERATE
2010,11058,Slane,Meath,True,TOTAL_SHEEP,591,CENSUS_2000,0.25,False,27.5,MODERATE
2010,11070,Baile Átha Buí,Meath,True,TOTAL_SHEEP,572,CENSUS_2000,0.25,False,27.5,MODERATE
2010,12001,Birr Urban,Offaly,True,TOTAL_SHEEP,660,CENSUS_2000,0.25,False,27.5,MODERATE
2010,12020,Kilcormac,Offaly,True,TOTAL_SHEEP,504,CENSUS_2000,0.25,False,27.5,MODERATE
2010,12021,Killyon,Offaly,True,TOTAL_SHEEP,482,CENSUS_2000,0.25,False,27.5,MODERATE
2010,12025,Letter,Offaly,True,TOTAL_SHEEP,501,CENSUS_2020,0.25,False,31.8,MODERATE
2010,12026,Lumcloon,Offaly,True,TOTAL_SHEEP,520,CENSUS_2000,0.25,False,27.5,MODERATE
2010,12031,Shannonbridge,Offaly,True,TOTAL_SHEEP,465,CENSUS_2000,0.25,False,27.5,MODERATE
2010,12032,Shannonharbour,Offaly,True,TOTAL_SHEEP,584,CENSUS_2000,0.25,False,27.5,MODERATE
2010,12036,Ballymacwilliam,Offaly,True,TOTAL_SHEEP,943,CENSUS_2000,0.25,False,27.5,MODERATE
2010,12041,Edenderry Rural,Offaly,True,TOTAL_SHEEP,913,CENSUS_2000,0.25,False,27.5,MODERATE
2010,12042,Edenderry Urban,Offaly,True,TOTAL_SHEEP,405,NONE,0.25,False,36.0,MODERATE
2010,12044,Knockdrin,Offaly,True,TOTAL_SHEEP,769,CENSUS_2000,0.25,False,27.5,MODERATE
2010,12047,Ballincor,Offaly,True,TOTAL_SHEEP,404,NONE,0.25,False,36.0,MODERATE
2010,12049,Cangort,Offaly,True,TOTAL_SHEEP,404,NONE,0.25,False,36.0,MODERATE
2010,12051,Dunkerrin,Offaly,True,TOTAL_SHEEP,513,CENSUS_2000,0.25,False,27.5,MODERATE
2010,12056,Shinrone,Offaly,True,TOTAL_SHEEP,485,CENSUS_2000,0.25,False,27.5,MODERATE
2010,12057,Templeharry,Offaly,True,TOTAL_SHEEP,583,CENSUS_2000,0.25,False,27.5,MODERATE
2010,12060,Ballyshear,Offaly,True,TOTAL_SHEEP,472,CENSUS_2000,0.25,False,27.5,MODERATE
2010,12063,Clara,Offaly,True,TOTAL_SHEEP,602,CENSUS_2000,0.25,False,27.5,MODERATE
2010,12070,Hammerlane,Offaly,True,TOTAL_SHEEP,404,NONE,0.25,False,36.0,MODERATE
2010,12076,Mountbriscoe,Offaly,True,TOTAL_SHEEP,523,CENSUS_2020,0.25,False,31.8,MODERATE
2010,12077,O'Dempsey,Offaly,True,TOTAL_SHEEP,404,NONE,0.25,False,36.0,MODERATE
2010,12078,Portarlington North,Offaly,True,TOTAL_SHEEP,461,CENSUS_2020,0.25,False,31.8,MODERATE
2010,12080,Raheenakeeran,Offaly,True,TOTAL_SHEEP,626,CENSUS_2000,0.25,False,27.5,MODERATE
2010,12081,Rathfeston,Offaly,True,TOTAL_SHEEP,513,CENSUS_2000,0.25,False,27.5,MODERATE
2010,12083,Screggan,Offaly,True,TOTAL_SHEEP,475,CENSUS_2000,0.25,False,27.5,MODERATE
2010,12087,Tullamore Rural,Offaly,True,TOTAL_SHEEP,404,NONE,0.25,False,36.0,MODERATE
2010,13003,Athlone East Rural,Westmeath,True,TOTAL_SHEEP,302,CENSUS_2000,0.25,False,27.5,MODERATE
2010,13005,Ballybroder,Westmeath,True,TOTAL_SHEEP,309,CENSUS_2000,0.25,False,27.5,MODERATE
2010,13014,Moydrum,Westmeath,True,TOTAL_SHEEP,352,CENSUS_2000,0.25,False,27.5,MODERATE
2010,13016,Tubbrit,Westmeath,True,TOTAL_SHEEP,332,CENSUS_2000,0.25,False,27.5,MODERATE
2010,13023,Piercetown,Westmeath,True,TOTAL_SHEEP,350,CENSUS_2000,0.25,False,27.5,MODERATE
2010,13027,Coole,Westmeath,True,TOTAL_SHEEP,326,CENSUS_2020,0.25,False,31.8,MODERATE
2010,13034,Ballinlough,Westmeath,True,TOTAL_SHEEP,423,CENSUS_2020,0.25,False,31.8,MODERATE
2010,13036,Ballynaskeagh,Westmeath,True,TOTAL_SHEEP,442,CENSUS_2000,0.25,False,27.5,MODERATE
2010,13046,Kilcumny,Westmeath,True,TOTAL_SHEEP,327,CENSUS_2000,0.25,False,27.5,MODERATE
2010,13060,Castle,Westmeath,True,TOTAL_SHEEP,276,CENSUS_2000,0.25,False,27.5,MODERATE
2010,13061,Castlelost,Westmeath,True,TOTAL_SHEEP,317,CENSUS_2000,0.25,False,27.5,MODERATE
2010,13067,Derrymore,Westmeath,True,TOTAL_SHEEP,349,CENSUS_2000,0.25,False,27.5,MODERATE
2010,13071,Gaybrook,Westmeath,True,TOTAL_SHEEP,336,CENSUS_2020,0.25,False,31.8,MODERATE
2010,13076,Hopestown,Westmeath,True,TOTAL_SHEEP,300,CENSUS_2000,0.25,False,27.5,MODERATE
2010,13079,Kilbeggan,Westmeath,True,TOTAL_SHEEP,558,CENSUS_2000,0.25,False,27.5,MODERATE
2010,13083,Kinnegad,Westmeath,True,TOTAL_SHEEP,389,CENSUS_2000,0.25,False,27.5,MODERATE
2010,13086,Lauree,Westmeath,True,TOTAL_SHEEP,277,CENSUS_2000,0.25,False,27.5,MODERATE
2010,13088,Milltown,Westmeath,True,TOTAL_SHEEP,263,NONE,0.25,False,36.0,MODERATE
2010,13089,Mullingar Rural,Westmeath,True,TOTAL_SHEEP,431,CENSUS_2000,0.25,False,27.5,MODERATE
2010,13094,Owel,Westmeath,True,TOTAL_SHEEP,348,CENSUS_2000,0.25,False,27.5,MODERATE
2010,13098,Rathconrath,Westmeath,True,TOTAL_SHEEP,394,CENSUS_2000,0.25,False,27.5,MODERATE
2010,13106,Woodland,Westmeath,True,TOTAL_SHEEP,308,CENSUS_2000,0.25,False,27.5,MODERATE
2010,14001,Enniscorthy Urban,Wexford,False,TOTAL_SHEEP,265,CENSUS_2000,0.25,False,27.5,MODERATE
2010,14008,Ballycarney,Wexford,True,TOTAL_SHEEP,317,CENSUS_2000,0.25,False,27.5,MODERATE
2010,14042,Ballycanew,Wexford,True,TOTAL_SHEEP,600,CENSUS_2000,0.25,False,27.5,MODERATE
2010,14045,Ballylarkin,Wexford,True,TOTAL_SHEEP,306,CENSUS_2000,0.25,False,27.5,MODERATE
2010,14052,Gorey Urban,Wexford,False,TOTAL_SHEEP,265,CENSUS_2020,0.25,False,31.8,MODERATE
2010,14053,Huntingtown,Wexford,True,TOTAL_SHEEP,417,CENSUS_2000,0.25,False,27.5,MODERATE
2010,14067,Ballyhack,Wexford,True,TOTAL_SHEEP,416,CENSUS_2000,0.25,False,27.5,MODERATE
2010,14075,Fethard,Wexford,True,TOTAL_SHEEP,373,CENSUS_2000,0.25,False,27.5,MODERATE
2010,14078,Kilgarvan,Wexford,True,TOTAL_SHEEP,411,CENSUS_2000,0.25,False,27.5,MODERATE
2010,14084,Old Ross,Wexford,True,TOTAL_SHEEP,349,CENSUS_2000,0.25,False,27.5,MODERATE
2010,14086,Rochestown,Wexford,True,TOTAL_SHEEP,402,CENSUS_2000,0.25,False,27.5,MODERATE
2010,14088,Templetown,Wexford,True,TOTAL_SHEEP,343,CENSUS_2000,0.25,False,27.5,MODERATE
2010,14096,Ballymitty,Wexford,True,TOTAL_SHEEP,354,CENSUS_2000,0.25,False,27.5,MODERATE
2010,14102,Forth,Wexford,True,TOTAL_SHEEP,265,NONE,0.25,False,36.0,MODERATE
2010,14103,Glynn,Wexford,True,TOTAL_SHEEP,423,CENSUS_2000,0.25,False,27.5,MODERATE
2010,14104,Harperstown,Wexford,True,TOTAL_SHEEP,315,CENSUS_2000,0.25,False,27.5,MODERATE
2010,14106,Kilbride,Wexford,True,TOTAL_SHEEP,428,CENSUS_2000,0.25,False,27.5,MODERATE
2010,14109,Killinick,Wexford,True,TOTAL_SHEEP,307,CENSUS_2000,0.25,False,27.5,MODERATE
2010,14112,Kilpatrick,Wexford,True,TOTAL_SHEEP,471,CENSUS_2000,0.25,False,27.5,MODERATE
2010,14113,Kilscoran,Wexford,True,TOTAL_SHEEP,354,CENSUS_2000,0.25,False,27.5,MODERATE
2010,14114,Lady's Island,Wexford,True,TOTAL_SHEEP,265,NONE,0.25,False,36.0,MODERATE
2010,14116,Newcastle,Wexford,True,TOTAL_SHEEP,396,CENSUS_2000,0.25,False,27.5,MODERATE
2010,14118,Rosslare,Wexford,True,TOTAL_SHEEP,265,NONE,0.25,False,36.0,MODERATE
2010,14119,St. Helen's,Wexford,True,TOTAL_SHEEP,265,NONE,0.25,False,36.0,MODERATE
2010,14123,Wexford Rural,Wexford,True,TOTAL_SHEEP,265,NONE,0.25,False,36.0,MODERATE
2010,15001,Arklow No. 1 Urban,Wicklow,False,TOTAL_SHEEP,464,CENSUS_2020,0.25,False,31.8,MODERATE
2010,15004,Bray No. 2,Wicklow,False,TOTAL_SHEEP,464,CENSUS_2000,0.25,False,27.5,MODERATE
2010,15025,Rathsallagh,Wicklow,True,TOTAL_SHEEP,671,CENSUS_2000,0.25,False,27.5,MODERATE
2010,15026,Stratford,Wicklow,True,TOTAL_SHEEP,1028,CENSUS_2000,0.25,False,27.5,MODERATE
2010,15034,Greystones,Wicklow,False,TOTAL_SHEEP,464,CENSUS_2000,0.25,False,27.5,MODERATE
2010,16006,Abbey,Clare,True,TOTAL_SHEEP,193,CENSUS_2000,0.25,False,27.5,MODERATE
2010,16007,Carran,Clare,True,TOTAL_SHEEP,112,CENSUS_2000,0.25,False,27.5,MODERATE
2010,16009,Derreen,Clare,True,TOTAL_SHEEP,166,CENSUS_2000,0.25,False,27.5,MODERATE
2010,16012,Lisdoonvarna,Clare,True,TOTAL_SHEEP,106,CENSUS_2020,0.25,False,31.8,MODERATE
2010,16016,Rathborney,Clare,True,TOTAL_SHEEP,124,CENSUS_2000,0.25,False,27.5,MODERATE
2010,16022,Kiltoraght,Clare,True,TOTAL_SHEEP,111,CENSUS_2000,0.25,False,27.5,MODERATE
2010,16024,Rath,Clare,True,TOTAL_SHEEP,122,CENSUS_2000,0.25,False,27.5,MODERATE
2010,16030,Drumline,Clare,True,TOTAL_SHEEP,149,CENSUS_2000,0.25,False,27.5,MODERATE
2010,16031,Dysert,Clare,True,TOTAL_SHEEP,158,CENSUS_2000,0.25,False,27.5,MODERATE
2010,16035,Killanniv,Clare,True,TOTAL_SHEEP,150,CENSUS_2000,0.25,False,27.5,MODERATE
2010,16038,Kilraghtis,Clare,True,TOTAL_SHEEP,124,CENSUS_2000,0.25,False,27.5,MODERATE
2010,16041,Sixmilebridge,Clare,True,TOTAL_SHEEP,161,CENSUS_2000,0.25,False,27.5,MODERATE
2010,16046,Annagh,Clare,True,TOTAL_SHEEP,82,NONE,0.25,False,36.0,MODERATE
2010,16047,Ballagh,Clare,True,TOTAL_SHEEP,82,NONE,0.25,False,36.0,MODERATE
2010,16048,Ballyea,Clare,True,TOTAL_SHEEP,158,CENSUS_2020,0.25,False,31.8,MODERATE
2010,16050,Ballyvaskin,Clare,True,TOTAL_SHEEP,93,CENSUS_2000,0.25,False,27.5,MODERATE
2010,16051,Cloghaun,Clare,True,TOTAL_SHEEP,103,CENSUS_2020,0.25,False,31.8,MODERATE
2010,16052,Cloonanaha,Clare,True,TOTAL_SHEEP,82,NONE,0.25,False,36.0,MODERATE
2010,16053,Clooney,Clare,True,TOTAL_SHEEP,82,NONE,0.25,False,36.0,MODERATE
2010,16057,Killaspuglonane,Clare,True,TOTAL_SHEEP,98,CENSUS_2000,0.25,False,27.5,MODERATE
2010,16058,Killilagh,Clare,True,TOTAL_SHEEP,89,CENSUS_2000,0.25,False,27.5,MODERATE
2010,16059,Kilshanny,Clare,True,TOTAL_SHEEP,129,CENSUS_2000,0.25,False,27.5,MODERATE
2010,16060,Liscannor,Clare,True,TOTAL_SHEEP,100,CENSUS_2000,0.25,False,27.5,MODERATE
2010,16061,Lurraga,Clare,True,TOTAL_SHEEP,82,NONE,0.25,False,36.0,MODERATE
2010,16062,Magherareagh,Clare,True,TOTAL_SHEEP,129,CENSUS_2000,0.25,False,27.5,MODERATE
2010,16063,Milltown Malbay,Clare,True,TOTAL_SHEEP,82,NONE,0.25,False,36.0,MODERATE
2010,16064,Moy,Clare,True,TOTAL_SHEEP,121,CENSUS_2000,0.25,False,27.5,MODERATE
2010,16065,Smithstown,Clare,True,TOTAL_SHEEP,82,NONE,0.25,False,36.0,MODERATE
2010,16068,Coolmeen,Clare,True,TOTAL_SHEEP,133,CENSUS_2000,0.25,False,27.5,MODERATE
2010,16070,Kilfiddane,Clare,True,TOTAL_SHEEP,99,CENSUS_2000,0.25,False,27.5,MODERATE
2010,16072,Killofin,Clare,True,TOTAL_SHEEP,102,CENSUS_2000,0.25,False,27.5,MODERATE
2010,16073,Kilmurry,Clare,True,TOTAL_SHEEP,82,CENSUS_2000,0.25,False,27.5,MODERATE
2010,16074,Liscasey,Clare,True,TOTAL_SHEEP,106,CENSUS_2000,0.25,False,27.5,MODERATE
2010,16076,Rinealon,Clare,True,TOTAL_SHEEP,113,CENSUS_2000,0.25,False,27.5,MODERATE
2010,16077,Cahermurphy,Clare,True,TOTAL_SHEEP,82,CENSUS_2020,0.25,False,31.8,MODERATE
2010,16078,Cloonadrum,Clare,True,TOTAL_SHEEP,82,NONE,0.25,False,36.0,MODERATE
2010,16079,Clooncoorha,Clare,True,TOTAL_SHEEP,82,CENSUS_2020,0.25,False,31.8,MODERATE
2010,16080,Cooraclare,Clare,True,TOTAL_SHEEP,82,CENSUS_2000,0.25,False,27.5,MODERATE
2010,16081,Creegh,Clare,True,TOTAL_SHEEP,82,NONE,0.25,False,36.0,MODERATE
2010,16085,Glenmore,Clare,True,TOTAL_SHEEP,101,CENSUS_2000,0.25,False,27.5,MODERATE
2010,16086,Kilballyowen,Clare,True,TOTAL_SHEEP,82,CENSUS_2000,0.25,False,27.5,MODERATE
2010,16087,Kilfearagh,Clare,True,TOTAL_SHEEP,82,CENSUS_2000,0.25,False,27.5,MODERATE
2010,16088,Kilkee,Clare,True,TOTAL_SHEEP,82,NONE,0.25,False,36.0,MODERATE
2010,16089,Killard,Clare,True,TOTAL_SHEEP,82,NONE,0.25,False,36.0,MODERATE
2010,16091,Kilmihil,Clare,True,TOTAL_SHEEP,82,CENSUS_2020,0.25,False,31.8,MODERATE
2010,16092,Kilmurry,Clare,True,TOTAL_SHEEP,82,NONE,0.25,False,36.0,MODERATE
2010,16097,Moveen,Clare,True,TOTAL_SHEEP,82,NONE,0.25,False,36.0,MODERATE
2010,16098,Moyarta,Clare,True,TOTAL_SHEEP,82,NONE,0.25,False,36.0,MODERATE
2010,16099,Mullagh,Clare,True,TOTAL_SHEEP,82,NONE,0.25,False,36.0,MODERATE
2010,16101,Rahona,Clare,True,TOTAL_SHEEP,82,CENSUS_2020,0.25,False,31.8,MODERATE
2010,16104,Tullycreen,Clare,True,TOTAL_SHEEP,82,NONE,0.25,False,36.0,MODERATE
2010,16107,Cappavilla,Clare,True,TOTAL_SHEEP,82,NONE,0.25,False,36.0,MODERATE
2010,16108,Castlecrine,Clare,True,TOTAL_SHEEP,81,NONE,0.25,False,36.0,MODERATE
2010,16109,Cloghera,Clare,True,TOTAL_SHEEP,81,NONE,0.25,False,36.0,MODERATE
2010,16110,Cloontra,Clare,True,TOTAL_SHEEP,81,NONE,0.25,False,36.0,MODERATE
2010,16111,Cratloe,Clare,True,TOTAL_SHEEP,316,CENSUS_2000,0.25,False,27.5,MODERATE
2010,16112,Fahymore,Clare,True,TOTAL_SHEEP,81,NONE,0.25,False,36.0,MODERATE
2010,16114,Killokennedy,Clare,True,TOTAL_SHEEP,81,NONE,0.25,False,36.0,MODERATE
2010,16116,Kiltenanlea,Clare,True,TOTAL_SHEEP,81,NONE,0.25,False,36.0,MODERATE
2010,16117,Lackareagh,Clare,True,TOTAL_SHEEP,172,CENSUS_2000,0.25,False,27.5,MODERATE
2010,16118,Mountievers,Clare,True,TOTAL_SHEEP,107,CENSUS_2000,0.25,False,27.5,MODERATE
2010,16119,O'Briensbridge,Clare,True,TOTAL_SHEEP,132,CENSUS_2000,0.25,False,27.5,MODERATE
2010,16120,Ayle,Clare,True,TOTAL_SHEEP,160,CENSUS_2000,0.25,False,27.5,MODERATE
2010,16121,Boherglass,Clare,True,TOTAL_SHEEP,95,CENSUS_2000,0.25,False,27.5,MODERATE
2010,16122,Caherhurley,Clare,True,TOTAL_SHEEP,81,CENSUS_2000,0.25,False,27.5,MODERATE
2010,16124,Cappaghabaun,Clare,True,TOTAL_SHEEP,81,NONE,0.25,False,36.0,MODERATE
2010,16125,Carrowbaun,Clare,True,TOTAL_SHEEP,81,NONE,0.25,False,36.0,MODERATE
2010,16126,Cloonusker,Clare,True,TOTAL_SHEEP,111,CENSUS_2000,0.25,False,27.5,MODERATE
2010,16127,Coolreagh,Clare,True,TOTAL_SHEEP,116,CENSUS_2000,0.25,False,27.5,MODERATE
2010,16123/16128,Corlea / Cahermurphy,Clare,True,TOTAL_SHEEP,81,NONE,0.25,False,36.0,MODERATE
2010,16129,Derrynagittagh,Clare,True,TOTAL_SHEEP,81,NONE,0.25,False,36.0,MODERATE
2010,16132/16133,Inishcaltra North / Inishcaltra South,Clare,True,TOTAL_SHEEP,123,CENSUS_2000,0.25,False,27.5,MODERATE
2010,16135,Mountshannon,Clare,True,TOTAL_SHEEP,81,NONE,0.25,False,36.0,MODERATE
2010,16136,Ogonnelloe,Clare,True,TOTAL_SHEEP,107,CENSUS_2000,0.25,False,27.5,MODERATE
2010,16139,Ballynahinch,Clare,True,TOTAL_SHEEP,173,CENSUS_2000,0.25,False,27.5,MODERATE
2010,16142,Dangan,Clare,True,TOTAL_SHEEP,115,CENSUS_2020,0.25,False,31.8,MODERATE
2010,16143,Glendree,Clare,True,TOTAL_SHEEP,81,NONE,0.25,False,36.0,MODERATE
2010,16145,Killanena,Clare,True,TOTAL_SHEEP,99,CENSUS_2000,0.25,False,27.5,MODERATE
2010,16147,Kiltannon,Clare,True,TOTAL_SHEEP,81,CENSUS_2020,0.25,False,31.8,MODERATE
2010,16148,Kyle,Clare,True,TOTAL_SHEEP,213,CENSUS_2000,0.25,False,27.5,MODERATE
2010,16152,Rathclooney,Clare,True,TOTAL_SHEEP,115,CENSUS_2020,0.25,False,31.8,MODERATE
2010,16153,Rossroe,Clare,True,TOTAL_SHEEP,259,CENSUS_2000,0.25,False,27.5,MODERATE
2010,16154,Toberbreeda,Clare,True,TOTAL_SHEEP,81,NONE,0.25,False,36.0,MODERATE
2010,18011,Ballinadee,Cork,True,TOTAL_SHEEP,349,CENSUS_2000,0.25,False,27.5,MODERATE
2010,18012,Ballygroman,Cork,True,TOTAL_SHEEP,174,CENSUS_2000,0.25,False,27.5,MODERATE
2010,18013,Ballymodan,Cork,True,TOTAL_SHEEP,174,NONE,0.25,False,36.0,MODERATE
2010,18014,Ballymurphy,Cork,True,TOTAL_SHEEP,237,CENSUS_2000,0.25,False,27.5,MODERATE
2010,18015,Bandon,Cork,False,TOTAL_SHEEP,174,CENSUS_2000,0.25,False,27.5,MODERATE
2010,18016,Baurleigh,Cork,True,TOTAL_SHEEP,174,NONE,0.25,False,36.0,MODERATE
2010,18018,Boulteen,Cork,True,TOTAL_SHEEP,174,NONE,0.25,False,36.0,MODERATE
2010,18019,Brinny,Cork,True,TOTAL_SHEEP,247,CENSUS_2000,0.25,False,27.5,MODERATE
2010,18020,Cashel,Cork,True,TOTAL_SHEEP,174,CENSUS_2020,0.25,False,31.8,MODERATE
2010,18022,Kilbonane,Cork,True,TOTAL_SHEEP,174,NONE,0.25,False,36.0,MODERATE
2010,18023,Kilbrittain,Cork,True,TOTAL_SHEEP,174,NONE,0.25,False,36.0,MODERATE
2010,18026,Knockroe,Cork,True,TOTAL_SHEEP,174,NONE,0.25,False,36.0,MODERATE
2010,18027,Moviddy,Cork,True,TOTAL_SHEEP,174,NONE,0.25,False,36.0,MODERATE
2010,18028,Murragh,Cork,True,TOTAL_SHEEP,219,CENSUS_2000,0.25,False,27.5,MODERATE
2010,18029,Rathclarin,Cork,True,TOTAL_SHEEP,174,NONE,0.25,False,36.0,MODERATE
2010,18031,Templemartin,Cork,True,TOTAL_SHEEP,422,CENSUS_2000,0.25,False,27.5,MODERATE
2010,18054,Abbeymahon,Cork,True,TOTAL_SHEEP,174,NONE,0.25,False,36.0,MODERATE
2010,18055,Ardfield,Cork,True,TOTAL_SHEEP,174,NONE,0.25,False,36.0,MODERATE
2010,18056,Argideen,Cork,True,TOTAL_SHEEP,211,CENSUS_2000,0.25,False,27.5,MODERATE
2010,18057,Butlerstown,Cork,True,TOTAL_SHEEP,174,CENSUS_2000,0.25,False,27.5,MODERATE
2010,18058,Cahermore,Cork,True,TOTAL_SHEEP,174,NONE,0.25,False,36.0,MODERATE
2010,18059,Castleventry,Cork,True,TOTAL_SHEEP,174,NONE,0.25,False,36.0,MODERATE
2010,18060,Clonakilty Rural,Cork,True,TOTAL_SHEEP,233,CENSUS_2000,0.25,False,27.5,MODERATE
2010,18061,Coolcraheen,Cork,True,TOTAL_SHEEP,329,CENSUS_2000,0.25,False,27.5,MODERATE
2010,18062,Courtmacsherry,Cork,True,TOTAL_SHEEP,174,NONE,0.25,False,36.0,MODERATE
2010,18063,Derry,Cork,True,TOTAL_SHEEP,237,CENSUS_2000,0.25,False,27.5,MODERATE
2010,18065,Kilmaloda East,Cork,True,TOTAL_SHEEP,207,CENSUS_2000,0.25,False,27.5,MODERATE
2010,18066,Kilmaloda West,Cork,True,TOTAL_SHEEP,174,NONE,0.25,False,36.0,MODERATE
2010,18070,Rathbarry,Cork,True,TOTAL_SHEEP,174,NONE,0.25,False,36.0,MODERATE
2010,18071,Rosscarbery,Cork,True,TOTAL_SHEEP,174,CENSUS_2000,0.25,False,27.5,MODERATE
2010,18072,Rossmore,Cork,True,TOTAL_SHEEP,174,NONE,0.25,False,36.0,MODERATE
2010,18073,Templeomalus,Cork,True,TOTAL_SHEEP,174,NONE,0.25,False,36.0,MODERATE
2010,18074,Timoleague,Cork,True,TOTAL_SHEEP,174,NONE,0.25,False,36.0,MODERATE
2010,18075,Ballincollig,Cork,True,TOTAL_SHEEP,323,CENSUS_2000,0.25,False,27.5,MODERATE
2010,18076,Ballygarvan,Cork,True,TOTAL_SHEEP,174,CENSUS_2000,0.25,False,27.5,MODERATE
2010,18079,Blackpool,Cork,True,TOTAL_SHEEP,281,CENSUS_2000,0.25,False,27.5,MODERATE
2010,18081,Caherlag,Cork,True,TOTAL_SHEEP,174,NONE,0.25,False,36.0,MODERATE
2010,18084,Carrigrohane Beg,Cork,True,TOTAL_SHEEP,174,NONE,0.25,False,36.0,MODERATE
2010,18085,Cobh Rural,Cork,True,TOTAL_SHEEP,174,NONE,0.25,False,36.0,MODERATE
2010,18086,Douglas,Cork,True,TOTAL_SHEEP,174,NONE,0.25,False,36.0,MODERATE
2010,18087,Dripsey,Cork,True,TOTAL_SHEEP,194,CENSUS_2000,0.25,False,27.5,MODERATE
2010,18088,Dunderrow,Cork,True,TOTAL_SHEEP,174,NONE,0.25,False,36.0,MODERATE
2010,18090,Glenville,Cork,True,TOTAL_SHEEP,174,NONE,0.25,False,36.0,MODERATE
2010,18091,Greenfort,Cork,True,TOTAL_SHEEP,304,CENSUS_2000,0.25,False,27.5,MODERATE
2010,18093,Killeagh,Cork,True,TOTAL_SHEEP,174,NONE,0.25,False,36.0,MODERATE
2010,18094,Knockantota,Cork,True,TOTAL_SHEEP,216,CENSUS_2000,0.25,False,27.5,MODERATE
2010,18095,Knockraha,Cork,True,TOTAL_SHEEP,174,CENSUS_2020,0.25,False,31.8,MODERATE
2010,18097,Matehy,Cork,True,TOTAL_SHEEP,306,CENSUS_2000,0.25,False,27.5,MODERATE
2010,18098,Monkstown Rural,Cork,True,TOTAL_SHEEP,174,NONE,0.25,False,36.0,MODERATE
2010,18101,Rathcooney (Part Rural),Cork,True,TOTAL_SHEEP,505,CENSUS_2000,0.25,False,27.5,MODERATE
2010,18103,St. Mary's (Part Rural),Cork,True,TOTAL_SHEEP,174,NONE,0.25,False,36.0,MODERATE
2010,18104,Whitechurch,Cork,True,TOTAL_SHEEP,379,CENSUS_2000,0.25,False,27.5,MODERATE
2010,18106,Ballingurteen,Cork,True,TOTAL_SHEEP,174,NONE,0.25,False,36.0,MODERATE
2010,18107,Ballymoney,Cork,True,TOTAL_SHEEP,174,NONE,0.25,False,36.0,MODERATE
2010,18113,Drinagh,Cork,True,TOTAL_SHEEP,174,NONE,0.25,False,36.0,MODERATE
2010,18117,Kinneigh,Cork,True,TOTAL_SHEEP,200,CENSUS_2000,0.25,False,27.5,MODERATE
2010,18118,Manch,Cork,True,TOTAL_SHEEP,174,NONE,0.25,False,36.0,MODERATE
2010,18122,Ballyhooly,Cork,True,TOTAL_SHEEP,253,CENSUS_2000,0.25,False,27.5,MODERATE
2010,18124,Carrig,Cork,True,TOTAL_SHEEP,220,CENSUS_2000,0.25,False,27.5,MODERATE
2010,18127,Castlelyons,Cork,True,TOTAL_SHEEP,174,NONE,0.25,False,36.0,MODERATE
2010,18130,Curraglass,Cork,True,TOTAL_SHEEP,539,CENSUS_2000,0.25,False,27.5,MODERATE
2010,18134,Gortnaskehy,Cork,True,TOTAL_SHEEP,207,CENSUS_2000,0.25,False,27.5,MODERATE
2010,18137,Kilcummer,Cork,True,TOTAL_SHEEP,174,NONE,0.25,False,36.0,MODERATE
2010,18138,Kildinan,Cork,True,TOTAL_SHEEP,235,CENSUS_2000,0.25,False,27.5,MODERATE
2010,18140,Kilworth,Cork,True,TOTAL_SHEEP,444,CENSUS_2020,0.25,False,31.8,MODERATE
2010,18141,Knockmourne,Cork,True,TOTAL_SHEEP,341,CENSUS_2000,0.25,False,27.5,MODERATE
2010,18142,Leitrim,Cork,True,TOTAL_SHEEP,174,NONE,0.25,False,36.0,MODERATE
2010,18144,Watergrasshill,Cork,True,TOTAL_SHEEP,232,CENSUS_2000,0.25,False,27.5,MODERATE
2010,18145,Allow,Cork,True,TOTAL_SHEEP,174,NONE,0.25,False,36.0,MODERATE
2010,18146,Ballyhoolahan,Cork,True,TOTAL_SHEEP,174,NONE,0.25,False,36.0,MODERATE
2010,18148,Barleyhill,Cork,True,TOTAL_SHEEP,283,CENSUS_2020,0.25,False,31.8,MODERATE
2010,18150,Bawncross,Cork,True,TOTAL_SHEEP,277,CENSUS_2000,0.25,False,27.5,MODERATE
2010,18151,Boherboy,Cork,True,TOTAL_SHEEP,174,NONE,0.25,False,36.0,MODERATE
2010,18152,Castlecor,Cork,True,TOTAL_SHEEP,267,CENSUS_2000,0.25,False,27.5,MODERATE
2010,18153,Castlemagner,Cork,True,TOTAL_SHEEP,174,NONE,0.25,False,36.0,MODERATE
2010,18155,Clonfert West,Cork,True,TOTAL_SHEEP,174,NONE,0.25,False,36.0,MODERATE
2010,18156,Clonmeen,Cork,True,TOTAL_SHEEP,174,NONE,0.25,False,36.0,MODERATE
2010,18157,Coolclogh,Cork,True,TOTAL_SHEEP,174,NONE,0.25,False,36.0,MODERATE
2010,18159,Glenlara,Cork,True,TOTAL_SHEEP,245,CENSUS_2000,0.25,False,27.5,MODERATE
2010,18162,Kanturk,Cork,True,TOTAL_SHEEP,292,CENSUS_2000,0.25,False,27.5,MODERATE
2010,18163,Kilbrin,Cork,True,TOTAL_SHEEP,173,NONE,0.25,False,36.0,MODERATE
2010,18164,Kilmeen,Cork,True,TOTAL_SHEEP,173,CENSUS_2020,0.25,False,31.8,MODERATE
2010,18165,Knockatooan,Cork,True,TOTAL_SHEEP,173,CENSUS_2000,0.25,False,27.5,MODERATE
2010,18167,Meens,Cork,True,TOTAL_SHEEP,282,CENSUS_2000,0.25,False,27.5,MODERATE
2010,18168,Milford,Cork,True,TOTAL_SHEEP,304,CENSUS_2000,0.25,False,27.5,MODERATE
2010,18169,Nad,Cork,True,TOTAL_SHEEP,233,CENSUS_2020,0.25,False,31.8,MODERATE
2010,18170,Newmarket,Cork,True,TOTAL_SHEEP,270,CENSUS_2000,0.25,False,27.5,MODERATE
2010,18172,Roskeen,Cork,True,TOTAL_SHEEP,173,NONE,0.25,False,36.0,MODERATE
2010,18173,Rosnalee,Cork,True,TOTAL_SHEEP,553,CENSUS_2000,0.25,False,27.5,MODERATE
2010,18174,Rowls,Cork,True,TOTAL_SHEEP,173,NONE,0.25,False,36.0,MODERATE
2010,18175,Tincoora,Cork,True,TOTAL_SHEEP,335,CENSUS_2000,0.25,False,27.5,MODERATE
2010,18176,Tullylease,Cork,True,TOTAL_SHEEP,261,CENSUS_2000,0.25,False,27.5,MODERATE
2010,18179,Ballyfeard,Cork,True,TOTAL_SHEEP,173,NONE,0.25,False,36.0,MODERATE
2010,18180,Ballyfoyle,Cork,True,TOTAL_SHEEP,173,NONE,0.25,False,36.0,MODERATE
2010,18182,Ballymartle,Cork,True,TOTAL_SHEEP,173,CENSUS_2020,0.25,False,31.8,MODERATE
2010,18184,Coolmain,Cork,True,TOTAL_SHEEP,173,NONE,0.25,False,36.0,MODERATE
2010,18185,Cullen,Cork,True,TOTAL_SHEEP,173,NONE,0.25,False,36.0,MODERATE
2010,18186,Farranbrien,Cork,True,TOTAL_SHEEP,173,CENSUS_2020,0.25,False,31.8,MODERATE
2010,18187,Kilmonoge,Cork,True,TOTAL_SHEEP,173,NONE,0.25,False,36.0,MODERATE
2010,18188,Kilpatrick,Cork,True,TOTAL_SHEEP,173,CENSUS_2020,0.25,False,31.8,MODERATE
2010,18191,Laherne,Cork,True,TOTAL_SHEEP,173,CENSUS_2000,0.25,False,27.5,MODERATE
2010,18194,Nohaval,Cork,True,TOTAL_SHEEP,173,CENSUS_2020,0.25,False,31.8,MODERATE
2010,18196,Templemichael,Cork,True,TOTAL_SHEEP,246,CENSUS_2000,0.25,False,27.5,MODERATE
2010,18197,Aghinagh,Cork,True,TOTAL_SHEEP,357,CENSUS_2000,0.25,False,27.5,MODERATE
2010,18200,Ceann Droma,Cork,True,TOTAL_SHEEP,239,CENSUS_2000,0.25,False,27.5,MODERATE
2010,18201,Cannaway,Cork,True,TOTAL_SHEEP,621,CENSUS_2000,0.25,False,27.5,MODERATE
2010,18204,Clonmoyle,Cork,True,TOTAL_SHEEP,173,NONE,0.25,False,36.0,MODERATE
2010,18207,Gowlane,Cork,True,TOTAL_SHEEP,201,CENSUS_2000,0.25,False,27.5,MODERATE
2010,18208,Greenville,Cork,True,TOTAL_SHEEP,173,NONE,0.25,False,36.0,MODERATE
2010,18211,Kilcullen,Cork,True,TOTAL_SHEEP,378,CENSUS_2000,0.25,False,27.5,MODERATE
2010,18215,Mashanaglass,Cork,True,TOTAL_SHEEP,535,CENSUS_2000,0.25,False,27.5,MODERATE
2010,18220,Warrenscourt,Cork,True,TOTAL_SHEEP,413,CENSUS_2000,0.25,False,27.5,MODERATE
2010,18221,Ardskeagh,Cork,True,TOTAL_SHEEP,173,NONE,0.25,False,36.0,MODERATE
2010,18222,Ballyclogh,Cork,True,TOTAL_SHEEP,173,NONE,0.25,False,36.0,MODERATE
2010,18225,Caherduggan,Cork,True,TOTAL_SHEEP,378,CENSUS_2000,0.25,False,27.5,MODERATE
2010,18226,Carrig,Cork,True,TOTAL_SHEEP,173,CENSUS_2020,0.25,False,31.8,MODERATE
2010,18227,Churchtown,Cork,True,TOTAL_SHEEP,378,CENSUS_2000,0.25,False,27.5,MODERATE
2010,18228,Clenor,Cork,True,TOTAL_SHEEP,173,NONE,0.25,False,36.0,MODERATE
2010,18230,Dromore,Cork,True,TOTAL_SHEEP,271,CENSUS_2000,0.25,False,27.5,MODERATE
2010,18231,Imphrick,Cork,True,TOTAL_SHEEP,173,NONE,0.25,False,36.0,MODERATE
2010,18232,Kilmaclenine,Cork,True,TOTAL_SHEEP,285,CENSUS_2000,0.25,False,27.5,MODERATE
2010,18234,Liscarroll,Cork,True,TOTAL_SHEEP,173,NONE,0.25,False,36.0,MODERATE
2010,18236,Milltown,Cork,True,TOTAL_SHEEP,293,CENSUS_2000,0.25,False,27.5,MODERATE
2010,18239,Rathluirc,Cork,True,TOTAL_SHEEP,173,NONE,0.25,False,36.0,MODERATE
2010,18240,Shanballymore,Cork,True,TOTAL_SHEEP,509,CENSUS_2000,0.25,False,27.5,MODERATE
2010,18241,Skahanagh,Cork,True,TOTAL_SHEEP,292,CENSUS_2000,0.25,False,27.5,MODERATE
2010,18242,Springfort,Cork,True,TOTAL_SHEEP,173,NONE,0.25,False,36.0,MODERATE
2010,18244,Templemary,Cork,True,TOTAL_SHEEP,173,NONE,0.25,False,36.0,MODERATE
2010,18245,Wallstown,Cork,True,TOTAL_SHEEP,173,NONE,0.25,False,36.0,MODERATE
2010,18246,Ballintemple,Cork,True,TOTAL_SHEEP,173,CENSUS_2020,0.25,False,31.8,MODERATE
2010,18247,Ballycottin,Cork,True,TOTAL_SHEEP,287,CENSUS_2000,0.25,False,27.5,MODERATE
2010,18248,Ballyspillane,Cork,True,TOTAL_SHEEP,173,NONE,0.25,False,36.0,MODERATE
2010,18251,Clonmult,Cork,True,TOTAL_SHEEP,173,NONE,0.25,False,36.0,MODERATE
2010,18253,Corkbeg,Cork,True,TOTAL_SHEEP,483,CENSUS_2000,0.25,False,27.5,MODERATE
2010,18254,Dangan,Cork,True,TOTAL_SHEEP,173,NONE,0.25,False,36.0,MODERATE
2010,18255,Dungourney,Cork,True,TOTAL_SHEEP,358,CENSUS_2000,0.25,False,27.5,MODERATE
2010,18256,Garryvoe,Cork,True,TOTAL_SHEEP,301,CENSUS_2000,0.25,False,27.5,MODERATE
2010,18261,Mogeely,Cork,True,TOTAL_SHEEP,173,CENSUS_2000,0.25,False,27.5,MODERATE
2010,18267,Crinnaloo,Cork,True,TOTAL_SHEEP,173,NONE,0.25,False,36.0,MODERATE
2010,18268,Cullen,Cork,True,TOTAL_SHEEP,173,NONE,0.25,False,36.0,MODERATE
2010,18269,Derragh,Cork,True,TOTAL_SHEEP,303,CENSUS_2000,0.25,False,27.5,MODERATE
2010,18272,Keale,Cork,True,TOTAL_SHEEP,297,CENSUS_2000,0.25,False,27.5,MODERATE
2010,18273,Kilcorney,Cork,True,TOTAL_SHEEP,256,CENSUS_2000,0.25,False,27.5,MODERATE
2010,18274,Knocknagree,Cork,True,TOTAL_SHEEP,173,NONE,0.25,False,36.0,MODERATE
2010,18275,Rathcool,Cork,True,TOTAL_SHEEP,431,CENSUS_2000,0.25,False,27.5,MODERATE
2010,18276,Skagh,Cork,True,TOTAL_SHEEP,173,NONE,0.25,False,36.0,MODERATE
2010,18278,Derryvillane,Cork,True,TOTAL_SHEEP,416,CENSUS_2000,0.25,False,27.5,MODERATE
2010,18280,Kildorrery,Cork,True,TOTAL_SHEEP,236,CENSUS_2000,0.25,False,27.5,MODERATE
2010,18283,Marshalstown,Cork,True,TOTAL_SHEEP,173,NONE,0.25,False,36.0,MODERATE
2010,18286,Aghadown North,Cork,True,TOTAL_SHEEP,173,NONE,0.25,False,36.0,MODERATE
2010,18287,Aghadown South,Cork,True,TOTAL_SHEEP,173,NONE,0.25,False,36.0,MODERATE
2010,18289,Caheragh,Cork,True,TOTAL_SHEEP,309,CENSUS_2000,0.25,False,27.5,MODERATE
2010,18290,Cléire,Cork,True,TOTAL_SHEEP,246,CENSUS_2020,0.25,False,31.8,MODERATE
2010,18291,Carrigbaun,Cork,True,TOTAL_SHEEP,173,CENSUS_2000,0.25,False,27.5,MODERATE
2010,18292,Castlehaven North,Cork,True,TOTAL_SHEEP,253,CENSUS_2000,0.25,False,27.5,MODERATE
2010,18294,Cloghdonnell,Cork,True,TOTAL_SHEEP,173,NONE,0.25,False,36.0,MODERATE
2010,18295,Cloonkeen,Cork,True,TOTAL_SHEEP,233,CENSUS_2000,0.25,False,27.5,MODERATE
2010,18299,Garranes,Cork,True,TOTAL_SHEEP,173,NONE,0.25,False,36.0,MODERATE
2010,18301,Kilfaughnabeg,Cork,True,TOTAL_SHEEP,173,NONE,0.25,False,36.0,MODERATE
2010,18302,Killeenleagh,Cork,True,TOTAL_SHEEP,216,CENSUS_2000,0.25,False,27.5,MODERATE
2010,18303,Knockskagh,Cork,True,TOTAL_SHEEP,251,CENSUS_2000,0.25,False,27.5,MODERATE
2010,18304,Myross,Cork,True,TOTAL_SHEEP,173,NONE,0.25,False,36.0,MODERATE
2010,18305,Shreelane,Cork,True,TOTAL_SHEEP,239,CENSUS_2000,0.25,False,27.5,MODERATE
2010,18307,Tullagh,Cork,True,TOTAL_SHEEP,173,NONE,0.25,False,36.0,MODERATE
2010,18308,Woodfort,Cork,True,TOTAL_SHEEP,173,NONE,0.25,False,36.0,MODERATE
2010,18310,Ballydehob,Cork,True,TOTAL_SHEEP,215,CENSUS_2000,0.25,False,27.5,MODERATE
2010,18316,Kilcoe,Cork,True,TOTAL_SHEEP,173,NONE,0.25,False,36.0,MODERATE
2010,18317,Lowertown,Cork,True,TOTAL_SHEEP,173,NONE,0.25,False,36.0,MODERATE
2010,18319,Toormore,Cork,True,TOTAL_SHEEP,302,CENSUS_2000,0.25,False,27.5,MODERATE
2010,18325,Youghal Rural,Cork,True,TOTAL_SHEEP,173,NONE,0.25,False,36.0,MODERATE
2010,19002,Listowel Urban,Kerry,True,TOTAL_SHEEP,120,CENSUS_2000,0.25,False,27.5,MODERATE
2010,19062,Aghadoe,Kerry,True,TOTAL_SHEEP,281,CENSUS_2000,0.25,False,27.5,MODERATE
2010,19064,Ballyhar,Kerry,True,TOTAL_SHEEP,344,CENSUS_2000,0.25,False,27.5,MODERATE
2010,19070,Coom,Kerry,True,TOTAL_SHEEP,252,CENSUS_2000,0.25,False,27.5,MODERATE
2010,19072,Currans,Kerry,True,TOTAL_SHEEP,119,NONE,0.25,False,36.0,MODERATE
2010,19077,Headfort,Kerry,True,TOTAL_SHEEP,255,CENSUS_2020,0.25,False,31.8,MODERATE
2010,19080,Kilfelim,Kerry,True,TOTAL_SHEEP,210,CENSUS_2020,0.25,False,31.8,MODERATE
2010,19083,Killeentierna,Kerry,True,TOTAL_SHEEP,295,CENSUS_2000,0.25,False,27.5,MODERATE
2010,19086,Knocknahoe,Kerry,True,TOTAL_SHEEP,119,CENSUS_2000,0.25,False,27.5,MODERATE
2010,19089,Molahiffe,Kerry,True,TOTAL_SHEEP,452,CENSUS_2000,0.25,False,27.5,MODERATE
2010,19092,Rockfield,Kerry,True,TOTAL_SHEEP,194,CENSUS_2000,0.25,False,27.5,MODERATE
2010,19099,Ballyhorgan,Kerry,True,TOTAL_SHEEP,119,NONE,0.25,False,36.0,MODERATE
2010,19100,Beal,Kerry,True,TOTAL_SHEEP,119,CENSUS_2000,0.25,False,27.5,MODERATE
2010,19102,Causeway,Kerry,True,TOTAL_SHEEP,119,NONE,0.25,False,36.0,MODERATE
2010,19104,Drommartin,Kerry,True,TOTAL_SHEEP,119,NONE,0.25,False,36.0,MODERATE
2010,19105,Duagh,Kerry,True,TOTAL_SHEEP,119,NONE,0.25,False,36.0,MODERATE
2010,19106,Ennismore,Kerry,True,TOTAL_SHEEP,119,NONE,0.25,False,36.0,MODERATE
2010,19107,Gullane,Kerry,True,TOTAL_SHEEP,119,CENSUS_2000,0.25,False,27.5,MODERATE
2010,19108,Gunsborough,Kerry,True,TOTAL_SHEEP,119,CENSUS_2000,0.25,False,27.5,MODERATE
2010,19109,Kilfeighny,Kerry,True,TOTAL_SHEEP,119,NONE,0.25,False,36.0,MODERATE
2010,19112,Kilmeany,Kerry,True,TOTAL_SHEEP,119,NONE,0.25,False,36.0,MODERATE
2010,19114,Kiltomy,Kerry,True,TOTAL_SHEEP,119,CENSUS_2020,0.25,False,31.8,MODERATE
2010,19115,Leitrim,Kerry,True,TOTAL_SHEEP,119,CENSUS_2020,0.25,False,31.8,MODERATE
2010,19116,Lislaughtin,Kerry,True,TOTAL_SHEEP,119,NONE,0.25,False,36.0,MODERATE
2010,19117,Lisselton,Kerry,True,TOTAL_SHEEP,119,NONE,0.25,False,36.0,MODERATE
2010,19118,Listowel Rural,Kerry,True,TOTAL_SHEEP,218,CENSUS_2000,0.25,False,27.5,MODERATE
2010,19119,Lixnaw,Kerry,True,TOTAL_SHEEP,119,NONE,0.25,False,36.0,MODERATE
2010,19120,Moynsha,Kerry,True,TOTAL_SHEEP,119,CENSUS_2000,0.25,False,27.5,MODERATE
2010,19121,Newtownsandes,Kerry,True,TOTAL_SHEEP,119,NONE,0.25,False,36.0,MODERATE
2010,19122,Rathea,Kerry,True,TOTAL_SHEEP,175,CENSUS_2000,0.25,False,27.5,MODERATE
2010,19125,Tarmon,Kerry,True,TOTAL_SHEEP,119,NONE,0.25,False,36.0,MODERATE
2010,19126,Trienearagh,Kerry,True,TOTAL_SHEEP,119,NONE,0.25,False,36.0,MODERATE
2010,19127,Urlee,Kerry,True,TOTAL_SHEEP,119,NONE,0.25,False,36.0,MODERATE
2010,19128,Abbeydorney,Kerry,True,TOTAL_SHEEP,270,CENSUS_2000,0.25,False,27.5,MODERATE
2010,19130,Ardfert,Kerry,True,TOTAL_SHEEP,119,CENSUS_2000,0.25,False,27.5,MODERATE
2010,19131,Ballyegan,Kerry,True,TOTAL_SHEEP,119,NONE,0.25,False,36.0,MODERATE
2010,19132,Ballyheige,Kerry,True,TOTAL_SHEEP,119,CENSUS_2020,0.25,False,31.8,MODERATE
2010,19133,Ballynahaglish,Kerry,True,TOTAL_SHEEP,119,CENSUS_2020,0.25,False,31.8,MODERATE
2010,19136,Banna,Kerry,True,TOTAL_SHEEP,119,CENSUS_2020,0.25,False,31.8,MODERATE
2010,19140,Brosna,Kerry,True,TOTAL_SHEEP,119,NONE,0.25,False,36.0,MODERATE
2010,19141,Carker,Kerry,True,TOTAL_SHEEP,119,NONE,0.25,False,36.0,MODERATE
2010,19146,Derreen,Kerry,True,TOTAL_SHEEP,119,NONE,0.25,False,36.0,MODERATE
2010,19148,Gneeves,Kerry,True,TOTAL_SHEEP,119,NONE,0.25,False,36.0,MODERATE
2010,19150,Kilflyn,Kerry,True,TOTAL_SHEEP,119,NONE,0.25,False,36.0,MODERATE
2010,19153,Killahan,Kerry,True,TOTAL_SHEEP,229,CENSUS_2020,0.25,False,31.8,MODERATE
2010,19157,Knocknagashel,Kerry,True,TOTAL_SHEEP,119,CENSUS_2000,0.25,False,27.5,MODERATE
2010,19158,Lackabaun,Kerry,True,TOTAL_SHEEP,177,CENSUS_2000,0.25,False,27.5,MODERATE
2010,19159,Millbrook,Kerry,True,TOTAL_SHEEP,119,NONE,0.25,False,36.0,MODERATE
2010,19160,Mount Eagle,Kerry,True,TOTAL_SHEEP,119,CENSUS_2000,0.25,False,27.5,MODERATE
2010,19161,Nohaval,Kerry,True,TOTAL_SHEEP,345,CENSUS_2000,0.25,False,27.5,MODERATE
2010,19162,O'Brennan,Kerry,True,TOTAL_SHEEP,239,CENSUS_2020,0.25,False,31.8,MODERATE
2010,19163,Ratass,Kerry,True,TOTAL_SHEEP,119,NONE,0.25,False,36.0,MODERATE
2010,19164,Scartaglin,Kerry,True,TOTAL_SHEEP,119,NONE,0.25,False,36.0,MODERATE
2010,19166,Tubrid,Kerry,True,TOTAL_SHEEP,119,NONE,0.25,False,36.0,MODERATE
2010,21005,Ballyagran,Limerick,True,TOTAL_SHEEP,133,NONE,0.25,False,36.0,MODERATE
2010,21006,Ballygrennan,Limerick,True,TOTAL_SHEEP,133,NONE,0.25,False,36.0,MODERATE
2010,21011,Crean,Limerick,True,TOTAL_SHEEP,133,CENSUS_2000,0.25,False,27.5,MODERATE
2010,21013,Croom,Limerick,True,TOTAL_SHEEP,133,CENSUS_2020,0.25,False,31.8,MODERATE
2010,21016,Garrane,Limerick,True,TOTAL_SHEEP,133,NONE,0.25,False,36.0,MODERATE
2010,21017,Grange,Limerick,True,TOTAL_SHEEP,133,NONE,0.25,False,36.0,MODERATE
2010,21018,Kilfinny,Limerick,True,TOTAL_SHEEP,133,NONE,0.25,False,36.0,MODERATE
2010,21020,Rathmore,Limerick,True,TOTAL_SHEEP,133,NONE,0.25,False,36.0,MODERATE
2010,21022,Glin,Limerick,True,TOTAL_SHEEP,133,CENSUS_2020,0.25,False,31.8,MODERATE
2010,21024,Kilmoylan,Limerick,True,TOTAL_SHEEP,133,NONE,0.25,False,36.0,MODERATE
2010,21025,Ardpatrick,Limerick,True,TOTAL_SHEEP,133,CENSUS_2020,0.25,False,31.8,MODERATE
2010,21026,Athlacca,Limerick,True,TOTAL_SHEEP,133,NONE,0.25,False,36.0,MODERATE
2010,21027,Ballymacshaneboy,Limerick,True,TOTAL_SHEEP,133,NONE,0.25,False,36.0,MODERATE
2010,21028,Bruff,Limerick,True,TOTAL_SHEEP,132,NONE,0.25,False,36.0,MODERATE
2010,21029,Bruree,Limerick,True,TOTAL_SHEEP,132,NONE,0.25,False,36.0,MODERATE
2010,21030,Bulgaden,Limerick,True,TOTAL_SHEEP,132,CENSUS_2020,0.25,False,31.8,MODERATE
2010,21031,Cahercorney,Limerick,True,TOTAL_SHEEP,271,CENSUS_2000,0.25,False,27.5,MODERATE
2010,21032,Colmanswell,Limerick,True,TOTAL_SHEEP,176,CENSUS_2000,0.25,False,27.5,MODERATE
2010,21033,Darragh,Limerick,True,TOTAL_SHEEP,132,CENSUS_2020,0.25,False,31.8,MODERATE
2010,21034,Dromin,Limerick,True,TOTAL_SHEEP,383,CENSUS_2000,0.25,False,27.5,MODERATE
2010,21035,Emlygrennan,Limerick,True,TOTAL_SHEEP,132,NONE,0.25,False,36.0,MODERATE
2010,21036,Glenbrohane,Limerick,True,TOTAL_SHEEP,439,CENSUS_2000,0.25,False,27.5,MODERATE
2010,21037,Griston,Limerick,True,TOTAL_SHEEP,132,NONE,0.25,False,36.0,MODERATE
2010,21038,Hospital,Limerick,True,TOTAL_SHEEP,132,NONE,0.25,False,36.0,MODERATE
2010,21039,Kilfinnane,Limerick,True,TOTAL_SHEEP,132,CENSUS_2000,0.25,False,27.5,MODERATE
2010,21041,Kilmallock,Limerick,True,TOTAL_SHEEP,402,CENSUS_2000,0.25,False,27.5,MODERATE
2010,21042,Kilteely,Limerick,True,TOTAL_SHEEP,132,NONE,0.25,False,36.0,MODERATE
2010,21043,Knockainy,Limerick,True,TOTAL_SHEEP,132,NONE,0.25,False,36.0,MODERATE
2010,21045,Particles,Limerick,True,TOTAL_SHEEP,132,NONE,0.25,False,36.0,MODERATE
2010,21047,Tobernea,Limerick,True,TOTAL_SHEEP,132,NONE,0.25,False,36.0,MODERATE
2010,21048,Uregare,Limerick,True,TOTAL_SHEEP,132,NONE,0.25,False,36.0,MODERATE
2010,21049,Abington,Limerick,True,TOTAL_SHEEP,132,NONE,0.25,False,36.0,MODERATE
2010,21050,Ballybricken,Limerick,True,TOTAL_SHEEP,219,CENSUS_2000,0.25,False,27.5,MODERATE
2010,21053,Ballyvarra,Limerick,True,TOTAL_SHEEP,132,NONE,0.25,False,36.0,MODERATE
2010,21055,Caherconlish West,Limerick,True,TOTAL_SHEEP,132,NONE,0.25,False,36.0,MODERATE
2010,21056,Caherelly,Limerick,True,TOTAL_SHEEP,132,NONE,0.25,False,36.0,MODERATE
2010,21057,Cappamore,Limerick,True,TOTAL_SHEEP,132,NONE,0.25,False,36.0,MODERATE
2010,21059,Castleconnell,Limerick,True,TOTAL_SHEEP,356,CENSUS_2000,0.25,False,27.5,MODERATE
2010,21060,Clarina,Limerick,True,TOTAL_SHEEP,498,CENSUS_2000,0.25,False,27.5,MODERATE
2010,21063,Glenstal,Limerick,True,TOTAL_SHEEP,132,CENSUS_2020,0.25,False,31.8,MODERATE
2010,21064,Kilmurry,Limerick,True,TOTAL_SHEEP,132,NONE,0.25,False,36.0,MODERATE
2010,21070,Ballylanders,Limerick,True,TOTAL_SHEEP,132,CENSUS_2020,0.25,False,31.8,MODERATE
2010,21072,Duntryleague,Limerick,True,TOTAL_SHEEP,332,CENSUS_2000,0.25,False,27.5,MODERATE
2010,21077,Riversdale,Limerick,True,TOTAL_SHEEP,132,NONE,0.25,False,36.0,MODERATE
2010,21079,Ardagh,Limerick,True,TOTAL_SHEEP,132,NONE,0.25,False,36.0,MODERATE
2010,21080,Ballintober,Limerick,True,TOTAL_SHEEP,132,NONE,0.25,False,36.0,MODERATE
2010,21087,Danganbeg,Limerick,True,TOTAL_SHEEP,132,NONE,0.25,False,36.0,MODERATE
2010,21089,Dromtrasna,Limerick,True,TOTAL_SHEEP,132,NONE,0.25,False,36.0,MODERATE
2010,21090,Feenagh,Limerick,True,TOTAL_SHEEP,132,NONE,0.25,False,36.0,MODERATE
2010,21092,Glenagower,Limerick,True,TOTAL_SHEEP,132,NONE,0.25,False,36.0,MODERATE
2010,21094,Glensharrold,Limerick,True,TOTAL_SHEEP,132,CENSUS_2000,0.25,False,27.5,MODERATE
2010,21095,Kilmeedy,Limerick,True,TOTAL_SHEEP,132,NONE,0.25,False,36.0,MODERATE
2010,21096,Knockaderry,Limerick,True,TOTAL_SHEEP,132,NONE,0.25,False,36.0,MODERATE
2010,21099,Mountcollins,Limerick,True,TOTAL_SHEEP,132,NONE,0.25,False,36.0,MODERATE
2010,21100,Mountplummer,Limerick,True,TOTAL_SHEEP,132,NONE,0.25,False,36.0,MODERATE
2010,21104,Rathronan,Limerick,True,TOTAL_SHEEP,330,CENSUS_2020,0.25,False,31.8,MODERATE
2010,21105,Rooskagh,Limerick,True,TOTAL_SHEEP,132,CENSUS_2020,0.25,False,31.8,MODERATE
2010,21106,Templeglentan,Limerick,True,TOTAL_SHEEP,213,CENSUS_2000,0.25,False,27.5,MODERATE
2010,21107,Askeaton East,Limerick,True,TOTAL_SHEEP,298,CENSUS_2000,0.25,False,27.5,MODERATE
2010,21108,Askeaton West,Limerick,True,TOTAL_SHEEP,591,CENSUS_2000,0.25,False,27.5,MODERATE
2010,21109,Aughinish,Limerick,True,TOTAL_SHEEP,132,CENSUS_2000,0.25,False,27.5,MODERATE
2010,21110,Ballyallinan,Limerick,True,TOTAL_SHEEP,132,NONE,0.25,False,36.0,MODERATE
2010,21111,Ballynacarriga,Limerick,True,TOTAL_SHEEP,132,CENSUS_2000,0.25,False,27.5,MODERATE
2010,21113,Craggs,Limerick,True,TOTAL_SHEEP,132,NONE,0.25,False,36.0,MODERATE
2010,21114,Croagh,Limerick,True,TOTAL_SHEEP,236,CENSUS_2000,0.25,False,27.5,MODERATE
2010,21115,Dromard,Limerick,True,TOTAL_SHEEP,132,NONE,0.25,False,36.0,MODERATE
2010,21116,Dunmoylan East,Limerick,True,TOTAL_SHEEP,132,NONE,0.25,False,36.0,MODERATE
2010,21117,Dunmoylan West,Limerick,True,TOTAL_SHEEP,132,CENSUS_2000,0.25,False,27.5,MODERATE
2010,21118,Iveruss,Limerick,True,TOTAL_SHEEP,288,CENSUS_2000,0.25,False,27.5,MODERATE
2010,21120,Kildimo,Limerick,True,TOTAL_SHEEP,132,NONE,0.25,False,36.0,MODERATE
2010,21121,Kilscannell,Limerick,True,TOTAL_SHEEP,132,NONE,0.25,False,36.0,MODERATE
2010,21122,Lismakeery,Limerick,True,TOTAL_SHEEP,241,CENSUS_2000,0.25,False,27.5,MODERATE
2010,21126,Pallaskenry,Limerick,True,TOTAL_SHEEP,132,NONE,0.25,False,36.0,MODERATE
2010,21129,Riddlestown,Limerick,True,TOTAL_SHEEP,132,NONE,0.25,False,36.0,MODERATE
2010,21131,Shanid,Limerick,True,TOTAL_SHEEP,420,CENSUS_2000,0.25,False,27.5,MODERATE
2010,21133,Doon South,Limerick,True,TOTAL_SHEEP,132,NONE,0.25,False,36.0,MODERATE
2010,21134,Grean,Limerick,True,TOTAL_SHEEP,132,NONE,0.25,False,36.0,MODERATE
2010,21135,Oola,Limerick,True,TOTAL_SHEEP,132,NONE,0.25,False,36.0,MODERATE
2010,2133,Rathfarnham,Dublin,False,TOTAL_SHEEP,53,CENSUS_2000,0.25,False,27.5,MODERATE
2010,22002,Nenagh West Urban,Tipperary,True,TOTAL_SHEEP,360,NONE,0.25,False,36.0,MODERATE
2010,22009,Carrig,Tipperary,True,TOTAL_SHEEP,602,CENSUS_2000,0.25,False,27.5,MODERATE
2010,22012,Clohaskin,Tipperary,True,TOTAL_SHEEP,648,CENSUS_2000,0.25,False,27.5,MODERATE
2010,22013,Finnoe,Tipperary,True,TOTAL_SHEEP,563,CENSUS_2000,0.25,False,27.5,MODERATE
2010,22014,Graigue,Tipperary,True,TOTAL_SHEEP,773,CENSUS_2000,0.25,False,27.5,MODERATE
2010,22018,Mertonhall,Tipperary,True,TOTAL_SHEEP,512,CENSUS_2000,0.25,False,27.5,MODERATE
2010,22023,Uskane,Tipperary,True,TOTAL_SHEEP,594,CENSUS_2000,0.25,False,27.5,MODERATE
2010,22026,Ardcrony,Tipperary,True,TOTAL_SHEEP,530,CENSUS_2000,0.25,False,27.5,MODERATE
2010,22027,Ballina,Tipperary,True,TOTAL_SHEEP,401,CENSUS_2000,0.25,False,27.5,MODERATE
2010,22029,Ballymackey,Tipperary,True,TOTAL_SHEEP,632,CENSUS_2000,0.25,False,27.5,MODERATE
2010,22030,Ballynaclogh,Tipperary,True,TOTAL_SHEEP,563,CENSUS_2000,0.25,False,27.5,MODERATE
2010,22038,Kilcomenty,Tipperary,True,TOTAL_SHEEP,360,NONE,0.25,False,36.0,MODERATE
2010,22041,Kilmore,Tipperary,True,TOTAL_SHEEP,415,CENSUS_2000,0.25,False,27.5,MODERATE
2010,22043,Kilnarath,Tipperary,True,TOTAL_SHEEP,397,CENSUS_2000,0.25,False,27.5,MODERATE
2010,22050,Templederry,Tipperary,True,TOTAL_SHEEP,443,CENSUS_2000,0.25,False,27.5,MODERATE
2010,22053,Borrisnoe,Tipperary,True,TOTAL_SHEEP,360,NONE,0.25,False,36.0,MODERATE
2010,22054,Bourney East,Tipperary,True,TOTAL_SHEEP,360,NONE,0.25,False,36.0,MODERATE
2010,22061,Ballycahill,Tipperary,True,TOTAL_SHEEP,464,CENSUS_2000,0.25,False,27.5,MODERATE
2010,22062,Ballymurreen,Tipperary,True,TOTAL_SHEEP,360,CENSUS_2000,0.25,False,27.5,MODERATE
2010,22065,Foilnaman,Tipperary,True,TOTAL_SHEEP,360,NONE,0.25,False,36.0,MODERATE
2010,22067,Gortkelly,Tipperary,True,TOTAL_SHEEP,424,CENSUS_2000,0.25,False,27.5,MODERATE
2010,22069,Inch,Tipperary,True,TOTAL_SHEEP,360,NONE,0.25,False,36.0,MODERATE
2010,22070,Kilrush,Tipperary,True,TOTAL_SHEEP,360,NONE,0.25,False,36.0,MODERATE
2010,22071,Littleton,Tipperary,True,TOTAL_SHEEP,452,CENSUS_2000,0.25,False,27.5,MODERATE
2010,22072,Longfordpass,Tipperary,True,TOTAL_SHEEP,360,CENSUS_2020,0.25,False,31.8,MODERATE
2010,22073,Loughmoe,Tipperary,True,TOTAL_SHEEP,413,CENSUS_2000,0.25,False,27.5,MODERATE
2010,22075,Moycarky,Tipperary,True,TOTAL_SHEEP,360,NONE,0.25,False,36.0,MODERATE
2010,22079,Thurles Rural,Tipperary,True,TOTAL_SHEEP,360,NONE,0.25,False,36.0,MODERATE
2010,22080,Twomileborris,Tipperary,True,TOTAL_SHEEP,437,CENSUS_2000,0.25,False,27.5,MODERATE
2010,23082,Carrickbeg Urban,Tipperary,True,TOTAL_SHEEP,360,CENSUS_2000,0.25,False,27.5,MODERATE
2010,23083,Carrick-on-Suir Urban,Tipperary,False,TOTAL_SHEEP,360,CENSUS_2000,0.25,False,27.5,MODERATE
2010,23089,Carrick-on-Suir Rural,Tipperary,True,TOTAL_SHEEP,468,CENSUS_2000,0.25,False,27.5,MODERATE
2010,23091,Kilmurry,Tipperary,True,TOTAL_SHEEP,615,CENSUS_2000,0.25,False,27.5,MODERATE
2010,23092,Newtown,Tipperary,True,TOTAL_SHEEP,410,CENSUS_2000,0.25,False,27.5,MODERATE
2010,23093,Ardmayle,Tipperary,True,TOTAL_SHEEP,360,NONE,0.25,False,36.0,MODERATE
2010,23095,Ballysheehan,Tipperary,True,TOTAL_SHEEP,543,CENSUS_2000,0.25,False,27.5,MODERATE
2010,23098,Cloneen,Tipperary,True,TOTAL_SHEEP,650,CENSUS_2000,0.25,False,27.5,MODERATE
2010,23100,Clonoulty West,Tipperary,True,TOTAL_SHEEP,554,CENSUS_2000,0.25,False,27.5,MODERATE
2010,23102,Cooleagh,Tipperary,True,TOTAL_SHEEP,886,CENSUS_2000,0.25,False,27.5,MODERATE
2010,23105,Gaile,Tipperary,True,TOTAL_SHEEP,360,NONE,0.25,False,36.0,MODERATE
2010,23109,Killenaule,Tipperary,True,TOTAL_SHEEP,649,CENSUS_2000,0.25,False,27.5,MODERATE
2010,23110,Kilpatrick,Tipperary,True,TOTAL_SHEEP,448,CENSUS_2000,0.25,False,27.5,MODERATE
2010,23113,Nodstown,Tipperary,True,TOTAL_SHEEP,572,CENSUS_2000,0.25,False,27.5,MODERATE
2010,23114,Oughterleague,Tipperary,True,TOTAL_SHEEP,489,CENSUS_2000,0.25,False,27.5,MODERATE
2010,23116,Tullamain,Tipperary,True,TOTAL_SHEEP,884,CENSUS_2000,0.25,False,27.5,MODERATE
2010,23121,Caher,Tipperary,True,TOTAL_SHEEP,684,CENSUS_2000,0.25,False,27.5,MODERATE
2010,23127,Mortlestown,Tipperary,True,TOTAL_SHEEP,711,CENSUS_2000,0.25,False,27.5,MODERATE
2010,23132,Ballyclerahan,Tipperary,True,TOTAL_SHEEP,841,CENSUS_2000,0.25,False,27.5,MODERATE
2010,23133,Clonmel Rural,Tipperary,True,TOTAL_SHEEP,360,NONE,0.25,False,36.0,MODERATE
2010,23140,Anner,Tipperary,True,TOTAL_SHEEP,720,CENSUS_2000,0.25,False,27.5,MODERATE
2010,23142,Ballyphilip,Tipperary,True,TOTAL_SHEEP,360,NONE,0.25,False,36.0,MODERATE
2010,23143,Buolick,Tipperary,True,TOTAL_SHEEP,779,CENSUS_2000,0.25,False,27.5,MODERATE
2010,23144,Crohane,Tipperary,True,TOTAL_SHEEP,594,CENSUS_2000,0.25,False,27.5,MODERATE
2010,23145,Farranrory,Tipperary,True,TOTAL_SHEEP,535,CENSUS_2000,0.25,False,27.5,MODERATE
2010,23146,Fennor,Tipperary,True,TOTAL_SHEEP,360,NONE,0.25,False,36.0,MODERATE
2010,23147,Kilcooly,Tipperary,True,TOTAL_SHEEP,360,CENSUS_2020,0.25,False,31.8,MODERATE
2010,23149,Modeshil,Tipperary,True,TOTAL_SHEEP,634,CENSUS_2000,0.25,False,27.5,MODERATE
2010,23150,Mullinahone,Tipperary,True,TOTAL_SHEEP,360,NONE,0.25,False,36.0,MODERATE
2010,23152,Poyntstown,Tipperary,True,TOTAL_SHEEP,360,CENSUS_2020,0.25,False,31.8,MODERATE
2010,23155,Ballykisteen,Tipperary,True,TOTAL_SHEEP,360,NONE,0.25,False,36.0,MODERATE
2010,23156,Bansha,Tipperary,True,TOTAL_SHEEP,360,NONE,0.25,False,36.0,MODERATE
2010,23157,Bruis,Tipperary,True,TOTAL_SHEEP,360,CENSUS_2000,0.25,False,27.5,MODERATE
2010,23158,Cappagh,Tipperary,True,TOTAL_SHEEP,360,CENSUS_2020,0.25,False,31.8,MODERATE
2010,23163,Drumwood,Tipperary,True,TOTAL_SHEEP,386,CENSUS_2000,0.25,False,27.5,MODERATE
2010,23165,Glengar,Tipperary,True,TOTAL_SHEEP,360,CENSUS_2000,0.25,False,27.5,MODERATE
2010,23166,Golden,Tipperary,True,TOTAL_SHEEP,485,CENSUS_2000,0.25,False,27.5,MODERATE
2010,23167,Kilfeakle,Tipperary,True,TOTAL_SHEEP,467,CENSUS_2000,0.25,False,27.5,MODERATE
2010,23169,Kilmucklin,Tipperary,True,TOTAL_SHEEP,360,CENSUS_2020,0.25,False,31.8,MODERATE
2010,23171,Rathlynin,Tipperary,True,TOTAL_SHEEP,360,NONE,0.25,False,36.0,MODERATE
2010,23172,Rodus,Tipperary,True,TOTAL_SHEEP,360,NONE,0.25,False,36.0,MODERATE
2010,23173,Shronell,Tipperary,True,TOTAL_SHEEP,360,NONE,0.25,False,36.0,MODERATE
2010,24002/24006,Ballybeg South / Ballynaneashagh,Waterford,False,TOTAL_SHEEP,320,CENSUS_2000,0.25,False,27.5,MODERATE
2010,25002,Dungarvan No. 2 Urban,Waterford,False,TOTAL_SHEEP,320,CENSUS_2000,0.25,False,27.5,MODERATE
2010,25004,Carrickbeg Rural,Waterford,True,TOTAL_SHEEP,320,NONE,0.25,False,36.0,MODERATE
2010,25005,Clonea,Waterford,True,TOTAL_SHEEP,320,NONE,0.25,False,36.0,MODERATE
2010,25006,Fenoagh,Waterford,True,TOTAL_SHEEP,447,CENSUS_2000,0.25,False,27.5,MODERATE
2010,25009,Mothel,Waterford,True,TOTAL_SHEEP,430,CENSUS_2000,0.25,False,27.5,MODERATE
2010,25010,Portlaw,Waterford,True,TOTAL_SHEEP,1241,CENSUS_2000,0.25,False,27.5,MODERATE
2010,25012,Ross,Waterford,True,TOTAL_SHEEP,760,CENSUS_2000,0.25,False,27.5,MODERATE
2010,25016,Kilmacomma,Waterford,True,TOTAL_SHEEP,411,CENSUS_2000,0.25,False,27.5,MODERATE
2010,25017,Kilronan,Waterford,True,TOTAL_SHEEP,320,NONE,0.25,False,36.0,MODERATE
2010,25019,Aird Mhór,Waterford,True,TOTAL_SHEEP,320,NONE,0.25,False,36.0,MODERATE
2010,25022,Cappagh,Waterford,True,TOTAL_SHEEP,320,NONE,0.25,False,36.0,MODERATE
2010,25023,Carriglea,Waterford,True,TOTAL_SHEEP,504,CENSUS_2000,0.25,False,27.5,MODERATE
2010,25028,Dromore,Waterford,True,TOTAL_SHEEP,428,CENSUS_2000,0.25,False,27.5,MODERATE
2010,25029,Dungarvan Rural,Waterford,True,TOTAL_SHEEP,453,CENSUS_2000,0.25,False,27.5,MODERATE
2010,25030,Keereen,Waterford,True,TOTAL_SHEEP,320,NONE,0.25,False,36.0,MODERATE
2010,25032,Modelligo,Waterford,True,TOTAL_SHEEP,320,NONE,0.25,False,36.0,MODERATE
2010,25036,Whitechurch,Waterford,True,TOTAL_SHEEP,320,NONE,0.25,False,36.0,MODERATE
2010,25037,Annestown,Waterford,True,TOTAL_SHEEP,725,CENSUS_2000,0.25,False,27.5,MODERATE
2010,25038,Ballylaneen,Waterford,True,TOTAL_SHEEP,320,CENSUS_2020,0.25,False,31.8,MODERATE
2010,25039,Carrigcastle,Waterford,True,TOTAL_SHEEP,320,NONE,0.25,False,36.0,MODERATE
2010,25041,Dunhill,Waterford,True,TOTAL_SHEEP,320,NONE,0.25,False,36.0,MODERATE
2010,25044,Gardenmorris,Waterford,True,TOTAL_SHEEP,320,NONE,0.25,False,36.0,MODERATE
2010,25045,Georgestown,Waterford,True,TOTAL_SHEEP,320,NONE,0.25,False,36.0,MODERATE
2010,25047,Kilmacthomas,Waterford,True,TOTAL_SHEEP,527,CENSUS_2000,0.25,False,27.5,MODERATE
2010,25048,Knockmahon,Waterford,True,TOTAL_SHEEP,391,CENSUS_2020,0.25,False,31.8,MODERATE
2010,25050,Newtown,Waterford,True,TOTAL_SHEEP,320,NONE,0.25,False,36.0,MODERATE
2010,25051,Stradbally,Waterford,True,TOTAL_SHEEP,518,CENSUS_2000,0.25,False,27.5,MODERATE
2010,25052,Tinnasaggart,Waterford,True,TOTAL_SHEEP,730,CENSUS_2000,0.25,False,27.5,MODERATE
2010,25056,Ballynamult,Waterford,True,TOTAL_SHEEP,783,CENSUS_2000,0.25,False,27.5,MODERATE
2010,25061,Gortnapeaky,Waterford,True,TOTAL_SHEEP,399,CENSUS_2000,0.25,False,27.5,MODERATE
2010,25062,Kilcockan,Waterford,True,TOTAL_SHEEP,434,CENSUS_2000,0.25,False,27.5,MODERATE
2010,25063,Kilwatermoy East,Waterford,True,TOTAL_SHEEP,319,NONE,0.25,False,36.0,MODERATE
2010,25064,Kilwatermoy West,Waterford,True,TOTAL_SHEEP,319,NONE,0.25,False,36.0,MODERATE
2010,25067,Mocollop,Waterford,True,TOTAL_SHEEP,399,CENSUS_2000,0.25,False,27.5,MODERATE
2010,25068,Modelligo,Waterford,True,TOTAL_SHEEP,319,NONE,0.25,False,36.0,MODERATE
2010,25069,Tallow,Waterford,True,TOTAL_SHEEP,497,CENSUS_2000,0.25,False,27.5,MODERATE
2010,25072,Faithlegg (Part Rural),Waterford,True,TOTAL_SHEEP,319,NONE,0.25,False,36.0,MODERATE
2010,25073,Islandikane,Waterford,True,TOTAL_SHEEP,462,CENSUS_2000,0.25,False,27.5,MODERATE
2010,25074,Kilbarry (Part Rural),Waterford,True,TOTAL_SHEEP,319,NONE,0.25,False,36.0,MODERATE
2010,25075,Killea,Waterford,True,TOTAL_SHEEP,486,CENSUS_2000,0.25,False,27.5,MODERATE
2010,25078,Kilmeadan,Waterford,True,TOTAL_SHEEP,319,NONE,0.25,False,36.0,MODERATE
2010,25080,Pembrokestown,Waterford,True,TOTAL_SHEEP,319,CENSUS_2020,0.25,False,31.8,MODERATE
2010,25081,Rathmoylan,Waterford,True,TOTAL_SHEEP,319,NONE,0.25,False,36.0,MODERATE
2010,25083,Tramore,Waterford,True,TOTAL_SHEEP,319,NONE,0.25,False,36.0,MODERATE
2010,25084,Woodstown,Waterford,True,TOTAL_SHEEP,492,CENSUS_2000,0.25,False,27.5,MODERATE
2010,25085,Ardmore,Waterford,True,TOTAL_SHEEP,547,CENSUS_2000,0.25,False,27.5,MODERATE
2010,25086,Ballyheeny,Waterford,True,TOTAL_SHEEP,481,CENSUS_2000,0.25,False,27.5,MODERATE
2010,25087,Clashmore,Waterford,True,TOTAL_SHEEP,319,NONE,0.25,False,36.0,MODERATE
2010,25088,Glenwilliam,Waterford,True,TOTAL_SHEEP,451,CENSUS_2000,0.25,False,27.5,MODERATE
2010,26001,Ballybaan,Galway,False,TOTAL_SHEEP,127,CENSUS_2000,0.25,False,27.5,MODERATE
2010,26010,Mionlach,Galway,True,TOTAL_SHEEP,127,CENSUS_2000,0.25,False,27.5,MODERATE
2010,26012,Murroogh,Galway,False,TOTAL_SHEEP,127,CENSUS_2000,0.25,False,27.5,MODERATE
2010,27029,Doonloughan,Galway,True,TOTAL_SHEEP,195,CENSUS_2020,0.25,False,31.8,MODERATE
2010,27030,Errislannan,Galway,True,TOTAL_SHEEP,223,CENSUS_2000,0.25,False,27.5,MODERATE
2010,27044,Bearna (Part Rural),Galway,True,TOTAL_SHEEP,159,CENSUS_2000,0.25,False,27.5,MODERATE
2010,27047,Ceathrú an Bhrúnaigh (Part Rural),Galway,True,TOTAL_SHEEP,127,NONE,0.25,False,36.0,MODERATE
2010,27051,Na Forbacha,Galway,True,TOTAL_SHEEP,127,NONE,0.25,False,36.0,MODERATE
2010,27059,Maigh Cuilinn,Galway,True,TOTAL_SHEEP,149,CENSUS_2020,0.25,False,31.8,MODERATE
2010,27063,An Spidéal,Galway,True,TOTAL_SHEEP,176,CENSUS_2020,0.25,False,31.8,MODERATE
2010,27065,Tulaigh Mhic Aodháin,Galway,True,TOTAL_SHEEP,176,CENSUS_2000,0.25,False,27.5,MODERATE
2010,27069,Boyounagh,Galway,True,TOTAL_SHEEP,247,CENSUS_2000,0.25,False,27.5,MODERATE
2010,27086,Cappard,Galway,True,TOTAL_SHEEP,127,NONE,0.25,False,36.0,MODERATE
2010,27088,Doorus,Galway,True,TOTAL_SHEEP,194,CENSUS_2000,0.25,False,27.5,MODERATE
2010,27091,Kilbeacanty,Galway,True,TOTAL_SHEEP,163,CENSUS_2000,0.25,False,27.5,MODERATE
2010,27096,Kilthomas,Galway,True,TOTAL_SHEEP,234,CENSUS_2000,0.25,False,27.5,MODERATE
2010,27128,Loughrea Urban,Galway,False,TOTAL_SHEEP,127,CENSUS_2020,0.25,False,31.8,MODERATE
2010,27130,Mountain,Galway,True,TOTAL_SHEEP,295,CENSUS_2000,0.25,False,27.5,MODERATE
2010,27152,An Crompán,Galway,True,TOTAL_SHEEP,139,CENSUS_2000,0.25,False,27.5,MODERATE
2010,27154,Garmna,Galway,True,TOTAL_SHEEP,185,CENSUS_2000,0.25,False,27.5,MODERATE
2010,27216,Tuam Urban,Galway,False,TOTAL_SHEEP,127,CENSUS_2000,0.25,False,27.5,MODERATE
2010,28001,Ballinamore,Leitrim,True,TOTAL_SHEEP,399,CENSUS_2000,0.25,False,27.5,MODERATE
2010,28003,Corrala,Leitrim,True,TOTAL_SHEEP,212,CENSUS_2000,0.25,False,27.5,MODERATE
2010,28004,Drumreilly North,Leitrim,True,TOTAL_SHEEP,220,CENSUS_2020,0.25,False,31.8,MODERATE
2010,28005,Drumreilly South,Leitrim,True,TOTAL_SHEEP,147,NONE,0.25,False,36.0,MODERATE
2010,28008,Killygar,Leitrim,True,TOTAL_SHEEP,215,CENSUS_2000,0.25,False,27.5,MODERATE
2010,28010,Oughteragh,Leitrim,True,TOTAL_SHEEP,147,NONE,0.25,False,36.0,MODERATE
2010,28013,Annaduff,Leitrim,True,TOTAL_SHEEP,147,NONE,0.25,False,36.0,MODERATE
2010,28018,Drumshanbo,Leitrim,True,TOTAL_SHEEP,269,CENSUS_2000,0.25,False,27.5,MODERATE
2010,28019,Drumsna,Leitrim,True,TOTAL_SHEEP,233,CENSUS_2020,0.25,False,31.8,MODERATE
2010,28020,Gortnagullion,Leitrim,True,TOTAL_SHEEP,147,NONE,0.25,False,36.0,MODERATE
2010,28021,Gowel,Leitrim,True,TOTAL_SHEEP,172,CENSUS_2000,0.25,False,27.5,MODERATE
2010,28022,Keshcarrigan,Leitrim,True,TOTAL_SHEEP,196,CENSUS_2000,0.25,False,27.5,MODERATE
2010,28023,Kiltubbrid,Leitrim,True,TOTAL_SHEEP,147,NONE,0.25,False,36.0,MODERATE
2010,28030,Gubacreeny,Leitrim,True,TOTAL_SHEEP,276,CENSUS_2000,0.25,False,27.5,MODERATE
2010,28033,Tullaghan,Leitrim,True,TOTAL_SHEEP,206,CENSUS_2000,0.25,False,27.5,MODERATE
2010,28056,Aghavas,Leitrim,True,TOTAL_SHEEP,211,CENSUS_2020,0.25,False,31.8,MODERATE
2010,28057,Beihy,Leitrim,True,TOTAL_SHEEP,180,CENSUS_2000,0.25,False,27.5,MODERATE
2010,28058,Breandrum,Leitrim,True,TOTAL_SHEEP,190,CENSUS_2020,0.25,False,31.8,MODERATE
2010,28059,Bunnybeg,Leitrim,True,TOTAL_SHEEP,147,NONE,0.25,False,36.0,MODERATE
2010,28061,Carrigallen West,Leitrim,True,TOTAL_SHEEP,211,CENSUS_2000,0.25,False,27.5,MODERATE
2010,28062,Cashel,Leitrim,True,TOTAL_SHEEP,170,CENSUS_2000,0.25,False,27.5,MODERATE
2010,28063,Castlefore,Leitrim,True,TOTAL_SHEEP,147,NONE,0.25,False,36.0,MODERATE
2010,28064,Cattan,Leitrim,True,TOTAL_SHEEP,205,CENSUS_2020,0.25,False,31.8,MODERATE
2010,28067,Drumard,Leitrim,True,TOTAL_SHEEP,147,NONE,0.25,False,36.0,MODERATE
2010,28068,Drumdoo,Leitrim,True,TOTAL_SHEEP,147,NONE,0.25,False,36.0,MODERATE
2010,28069,Drumod,Leitrim,True,TOTAL_SHEEP,229,CENSUS_2000,0.25,False,27.5,MODERATE
2010,28070,Fenagh,Leitrim,True,TOTAL_SHEEP,208,CENSUS_2020,0.25,False,31.8,MODERATE
2010,28071,Gortermone,Leitrim,True,TOTAL_SHEEP,242,CENSUS_2000,0.25,False,27.5,MODERATE
2010,28072,Keeldra,Leitrim,True,TOTAL_SHEEP,147,NONE,0.25,False,36.0,MODERATE
2010,28074,Mohill,Leitrim,True,TOTAL_SHEEP,181,CENSUS_2020,0.25,False,31.8,MODERATE
2010,28075,Rinn,Leitrim,True,TOTAL_SHEEP,147,NONE,0.25,False,36.0,MODERATE
2010,28077,Roosky,Leitrim,True,TOTAL_SHEEP,239,CENSUS_2020,0.25,False,31.8,MODERATE
2010,29002,Ballina Urban,Mayo,False,TOTAL_SHEEP,113,NONE,0.25,False,36.0,MODERATE
2010,29003,Castlebar Urban,Mayo,False,TOTAL_SHEEP,113,CENSUS_2020,0.25,False,31.8,MODERATE
2010,29032,Sraheen,Mayo,True,TOTAL_SHEEP,157,CENSUS_2000,0.25,False,27.5,MODERATE
2010,29095,Kilcolman,Mayo,True,TOTAL_SHEEP,171,CENSUS_2000,0.25,False,27.5,MODERATE
2010,29112,Kilbeagh,Mayo,True,TOTAL_SHEEP,176,CENSUS_2000,0.25,False,27.5,MODERATE
2010,29115,Kilmovee,Mayo,True,TOTAL_SHEEP,112,CENSUS_2000,0.25,False,27.5,MODERATE
2010,29118,Sonnagh,Mayo,True,TOTAL_SHEEP,148,CENSUS_2020,0.25,False,31.8,MODERATE
2010,29123,Urlaur,Mayo,True,TOTAL_SHEEP,212,CENSUS_2020,0.25,False,31.8,MODERATE
2010,30009,Cloonown,Roscommon,True,TOTAL_SHEEP,135,CENSUS_2020,0.25,False,31.8,MODERATE
2010,30010,Crannagh,Roscommon,True,TOTAL_SHEEP,280,CENSUS_2000,0.25,False,27.5,MODERATE
2010,30028,Ballyfarnan,Roscommon,True,TOTAL_SHEEP,348,CENSUS_2000,0.25,False,27.5,MODERATE
2010,30029,Ballyfermoyle,Roscommon,True,TOTAL_SHEEP,135,NONE,0.25,False,36.0,MODERATE
2010,30031,Boyle Urban,Roscommon,True,TOTAL_SHEEP,135,NONE,0.25,False,36.0,MODERATE
2010,30032,Breedoge,Roscommon,True,TOTAL_SHEEP,135,NONE,0.25,False,36.0,MODERATE
2010,30036,Crossna,Roscommon,True,TOTAL_SHEEP,207,CENSUS_2020,0.25,False,31.8,MODERATE
2010,30037,Danesfort,Roscommon,True,TOTAL_SHEEP,243,CENSUS_2020,0.25,False,31.8,MODERATE
2010,30038,Estersnow,Roscommon,True,TOTAL_SHEEP,135,CENSUS_2000,0.25,False,27.5,MODERATE
2010,30041,Kilcolagh,Roscommon,True,TOTAL_SHEEP,135,CENSUS_2000,0.25,False,27.5,MODERATE
2010,30044,Kilmacumsy,Roscommon,True,TOTAL_SHEEP,203,CENSUS_2000,0.25,False,27.5,MODERATE
2010,3005,Clondalkin-Cappaghmore,Dublin,False,TOTAL_SHEEP,53,CENSUS_2020,0.25,False,31.8,MODERATE
2010,30053,Tumna North,Roscommon,True,TOTAL_SHEEP,135,NONE,0.25,False,36.0,MODERATE
2010,30054,Tumna South,Roscommon,True,TOTAL_SHEEP,135,NONE,0.25,False,36.0,MODERATE
2010,30060,Baslick,Roscommon,True,TOTAL_SHEEP,161,CENSUS_2000,0.25,False,27.5,MODERATE
2010,30073,Loughglinn,Roscommon,True,TOTAL_SHEEP,195,CENSUS_2000,0.25,False,27.5,MODERATE
2010,30088,Elia,Roscommon,True,TOTAL_SHEEP,180,CENSUS_2000,0.25,False,27.5,MODERATE
2010,30101,Lissonuffy,Roscommon,True,TOTAL_SHEEP,198,CENSUS_2000,0.25,False,27.5,MODERATE
2010,30104,Roosky,Roscommon,True,TOTAL_SHEEP,195,CENSUS_2000,0.25,False,27.5,MODERATE
2010,30106,Roscommon Urban,Roscommon,False,TOTAL_SHEEP,135,NONE,0.25,False,36.0,MODERATE
2010,3011,Edmondstown,Dublin,False,TOTAL_SHEEP,176,CENSUS_2000,0.25,False,27.5,MODERATE
2010,3033,Tallaght-Killinardan,Dublin,False,TOTAL_SHEEP,53,CENSUS_2020,0.25,False,31.8,MODERATE
2010,3035,Tallaght-Kiltipper,Dublin,False,TOTAL_SHEEP,53,NONE,0.25,False,36.0,MODERATE
2010,31001,Sligo East,Sligo,False,TOTAL_SHEEP,57,CENSUS_2000,0.25,False,27.5,MODERATE
2010,31002,Sligo North,Sligo,False,TOTAL_SHEEP,57,CENSUS_2000,0.25,False,27.5,MODERATE
2010,31003,Sligo West,Sligo,False,TOTAL_SHEEP,57,NONE,0.25,False,36.0,MODERATE
2010,31013,Kilshalvy,Sligo,True,TOTAL_SHEEP,106,CENSUS_2000,0.25,False,27.5,MODERATE
2010,31016,Toomour,Sligo,True,TOTAL_SHEEP,101,CENSUS_2000,0.25,False,27.5,MODERATE
2010,32005,Drumanespick,Cavan,True,TOTAL_SHEEP,193,CENSUS_2000,0.25,False,27.5,MODERATE
2010,32009,Lisagoan,Cavan,True,TOTAL_SHEEP,222,CENSUS_2000,0.25,False,27.5,MODERATE
2010,32010,Mullagh,Cavan,True,TOTAL_SHEEP,241,CENSUS_2000,0.25,False,27.5,MODERATE
2010,32012,Skeagh,Cavan,True,TOTAL_SHEEP,202,CENSUS_2000,0.25,False,27.5,MODERATE
2010,32013,Taghart,Cavan,True,TOTAL_SHEEP,262,CENSUS_2000,0.25,False,27.5,MODERATE
2010,32014,Termon,Cavan,True,TOTAL_SHEEP,195,CENSUS_2000,0.25,False,27.5,MODERATE
2010,32019,Bilberry,Cavan,True,TOTAL_SHEEP,213,CENSUS_2000,0.25,False,27.5,MODERATE
2010,32020,Carn,Cavan,True,TOTAL_SHEEP,195,CENSUS_2000,0.25,False,27.5,MODERATE
2010,32022,Doogary,Cavan,True,TOTAL_SHEEP,195,CENSUS_2000,0.25,False,27.5,MODERATE
2010,32024,Lissanover,Cavan,True,TOTAL_SHEEP,271,CENSUS_2020,0.25,False,31.8,MODERATE
2010,32037,Ashfield,Cavan,True,TOTAL_SHEEP,200,CENSUS_2000,0.25,False,27.5,MODERATE
2010,32038,Ballintemple,Cavan,True,TOTAL_SHEEP,322,CENSUS_2020,0.25,False,31.8,MODERATE
2010,32039,Ballyhaise,Cavan,True,TOTAL_SHEEP,253,CENSUS_2020,0.25,False,31.8,MODERATE
2010,32041,Bellananagh,Cavan,True,TOTAL_SHEEP,175,CENSUS_2000,0.25,False,27.5,MODERATE
2010,32044,Butler's Bridge,Cavan,True,TOTAL_SHEEP,164,CENSUS_2000,0.25,False,27.5,MODERATE
2010,32049,Clonervy,Cavan,True,TOTAL_SHEEP,205,CENSUS_2000,0.25,False,27.5,MODERATE
2010,32052,Corr,Cavan,True,TOTAL_SHEEP,213,CENSUS_2000,0.25,False,27.5,MODERATE
2010,32053,Corraneary,Cavan,True,TOTAL_SHEEP,235,CENSUS_2000,0.25,False,27.5,MODERATE
2010,32056,Cuttragh,Cavan,True,TOTAL_SHEEP,164,NONE,0.25,False,36.0,MODERATE
2010,32057,Denn,Cavan,True,TOTAL_SHEEP,220,CENSUS_2000,0.25,False,27.5,MODERATE
2010,32058,Derrin,Cavan,True,TOTAL_SHEEP,188,CENSUS_2000,0.25,False,27.5,MODERATE
2010,32059,Drumcarban,Cavan,True,TOTAL_SHEEP,197,CENSUS_2000,0.25,False,27.5,MODERATE
2010,32060,Drumcarn,Cavan,True,TOTAL_SHEEP,304,CENSUS_2020,0.25,False,31.8,MODERATE
2010,32061,Drung,Cavan,True,TOTAL_SHEEP,231,CENSUS_2000,0.25,False,27.5,MODERATE
2010,32064,Kilconny,Cavan,True,TOTAL_SHEEP,201,CENSUS_2020,0.25,False,31.8,MODERATE
2010,32065,Kill,Cavan,True,TOTAL_SHEEP,164,NONE,0.25,False,36.0,MODERATE
2010,32067,Killykeen,Cavan,True,TOTAL_SHEEP,176,CENSUS_2000,0.25,False,27.5,MODERATE
2010,32070,Larah North,Cavan,True,TOTAL_SHEEP,264,CENSUS_2000,0.25,False,27.5,MODERATE
2010,32075,Redhill,Cavan,True,TOTAL_SHEEP,334,CENSUS_2020,0.25,False,31.8,MODERATE
2010,32078,Tullyvin East,Cavan,True,TOTAL_SHEEP,191,CENSUS_2000,0.25,False,27.5,MODERATE
2010,32080,Waterloo,Cavan,True,TOTAL_SHEEP,235,CENSUS_2000,0.25,False,27.5,MODERATE
2010,32089,Drumlumman,Cavan,True,TOTAL_SHEEP,223,CENSUS_2000,0.25,False,27.5,MODERATE
2010,32092,Loughdawan,Cavan,True,TOTAL_SHEEP,164,NONE,0.25,False,36.0,MODERATE
2010,33001,Buncrana Urban,Donegal,True,TOTAL_SHEEP,51,CENSUS_2000,0.25,False,27.5,MODERATE
2010,33008,Carrickboy,Donegal,True,TOTAL_SHEEP,31,CENSUS_2000,0.25,False,27.5,MODERATE
2010,33010,Cliff,Donegal,True,TOTAL_SHEEP,28,NONE,0.25,False,36.0,MODERATE
2010,34006,Bocks,Monaghan,True,TOTAL_SHEEP,327,CENSUS_2000,0.25,False,27.5,MODERATE
2010,34008,Corracharra,Monaghan,True,TOTAL_SHEEP,286,NONE,0.25,False,36.0,MODERATE
2010,34009,Crossalare,Monaghan,True,TOTAL_SHEEP,376,CENSUS_2000,0.25,False,27.5,MODERATE
2010,34010,Donaghmoyne,Monaghan,True,TOTAL_SHEEP,516,CENSUS_2000,0.25,False,27.5,MODERATE
2010,34013,Drumgurra,Monaghan,True,TOTAL_SHEEP,359,CENSUS_2000,0.25,False,27.5,MODERATE
2010,34015,Inishkeen,Monaghan,True,TOTAL_SHEEP,286,NONE,0.25,False,36.0,MODERATE
2010,34016,Kilmurry,Monaghan,True,TOTAL_SHEEP,286,NONE,0.25,False,36.0,MODERATE
2010,34017,Kiltybegs,Monaghan,True,TOTAL_SHEEP,319,CENSUS_2000,0.25,False,27.5,MODERATE
2010,34023,Bellatrain,Monaghan,True,TOTAL_SHEEP,363,CENSUS_2020,0.25,False,31.8,MODERATE
2010,34024,Broomfield,Monaghan,True,TOTAL_SHEEP,346,CENSUS_2000,0.25,False,27.5,MODERATE
2010,34030,Cremartin,Monaghan,True,TOTAL_SHEEP,419,CENSUS_2000,0.25,False,27.5,MODERATE
2010,34031,Greagh,Monaghan,True,TOTAL_SHEEP,368,CENSUS_2020,0.25,False,31.8,MODERATE
2010,34032,Laragh,Monaghan,True,TOTAL_SHEEP,346,CENSUS_2000,0.25,False,27.5,MODERATE
2010,34035,Anny,Monaghan,True,TOTAL_SHEEP,361,CENSUS_2000,0.25,False,27.5,MODERATE
2010,34037,Cormeen,Monaghan,True,TOTAL_SHEEP,402,CENSUS_2000,0.25,False,27.5,MODERATE
2010,34038,Currin,Monaghan,True,TOTAL_SHEEP,512,CENSUS_2000,0.25,False,27.5,MODERATE
2010,34039,Dawsongrove,Monaghan,True,TOTAL_SHEEP,458,CENSUS_2020,0.25,False,31.8,MODERATE
2010,34040,Drum,Monaghan,True,TOTAL_SHEEP,403,CENSUS_2000,0.25,False,27.5,MODERATE
2010,34042,Killeevan,Monaghan,True,TOTAL_SHEEP,427,CENSUS_2020,0.25,False,31.8,MODERATE
2010,34044,Lisnaveane,Monaghan,True,TOTAL_SHEEP,507,CENSUS_2000,0.25,False,27.5,MODERATE
2010,34045,Newbliss,Monaghan,True,TOTAL_SHEEP,356,CENSUS_2000,0.25,False,27.5,MODERATE
2010,34046,St. Tierney,Monaghan,True,TOTAL_SHEEP,286,NONE,0.25,False,36.0,MODERATE
2010,34047,Anketell Grove,Monaghan,True,TOTAL_SHEEP,432,CENSUS_2000,0.25,False,27.5,MODERATE
2010,34048,Bellanode,Monaghan,True,TOTAL_SHEEP,477,CENSUS_2000,0.25,False,27.5,MODERATE
2010,34049,Bragan,Monaghan,True,TOTAL_SHEEP,370,CENSUS_2020,0.25,False,31.8,MODERATE
2010,34055,Drumhillagh,Monaghan,True,TOTAL_SHEEP,356,CENSUS_2000,0.25,False,27.5,MODERATE
2010,34056,Drumsnat,Monaghan,True,TOTAL_SHEEP,348,CENSUS_2000,0.25,False,27.5,MODERATE
2010,34062,Kilmore,Monaghan,True,TOTAL_SHEEP,325,CENSUS_2000,0.25,False,27.5,MODERATE
2010,34066,Shanmullagh,Monaghan,True,TOTAL_SHEEP,383,CENSUS_2020,0.25,False,31.8,MODERATE
2010,34069,Tehallan,Monaghan,True,TOTAL_SHEEP,432,CENSUS_2000,0.25,False,27.5,MODERATE
2010,4001,Airport,Dublin,False,TOTAL_SHEEP,53,CENSUS_2000,0.25,False,27.5,MODERATE
2010,4020,Dubber,Dublin,True,TOTAL_SHEEP,53,CENSUS_2020,0.25,False,31.8,MODERATE
2010,4027,Lucan North,Dublin,False,TOTAL_SHEEP,53,CENSUS_2020,0.25,False,31.8,MODERATE
2010,4036,Swords-Forrest,Dublin,False,TOTAL_SHEEP,53,NONE,0.25,False,36.0,MODERATE
2010,4038,Swords-Lissenhall,Dublin,True,TOTAL_SHEEP,140,CENSUS_2000,0.25,False,27.5,MODERATE
2010,5038,Dundrum-Kilmacud,Dublin,False,TOTAL_SHEEP,52,CENSUS_2000,0.25,False,27.5,MODERATE
2010,5060,Shankill-Rathmichael,Dublin,True,TOTAL_SHEEP,52,CENSUS_2000,0.25,False,27.5,MODERATE
2010,6001,Athy East Urban,Kildare,False,TOTAL_SHEEP,345,CENSUS_2020,0.25,False,31.8,MODERATE
2010,6007,Ballybrackan,Kildare,True,TOTAL_SHEEP,345,NONE,0.25,False,36.0,MODERATE
2010,6009,Belan,Kildare,True,TOTAL_SHEEP,450,CENSUS_2000,0.25,False,27.5,MODERATE
2010,6010,Bert,Kildare,True,TOTAL_SHEEP,345,NONE,0.25,False,36.0,MODERATE
2010,6011,Burtown,Kildare,True,TOTAL_SHEEP,516,CENSUS_2000,0.25,False,27.5,MODERATE
2010,6015,Dunmanoge,Kildare,True,TOTAL_SHEEP,345,NONE,0.25,False,36.0,MODERATE
2010,6018,Grangemellon,Kildare,True,TOTAL_SHEEP,345,NONE,0.25,False,36.0,MODERATE
2010,6019,Harristown,Kildare,True,TOTAL_SHEEP,527,CENSUS_2000,0.25,False,27.5,MODERATE
2010,6020,Inchaquire,Kildare,True,TOTAL_SHEEP,345,NONE,0.25,False,36.0,MODERATE
2010,6021,Johnstown,Kildare,True,TOTAL_SHEEP,548,CENSUS_2000,0.25,False,27.5,MODERATE
2010,6024,Kilkea,Kildare,True,TOTAL_SHEEP,345,NONE,0.25,False,36.0,MODERATE
2010,6030,Nurney,Kildare,True,TOTAL_SHEEP,345,NONE,0.25,False,36.0,MODERATE
2010,6031,Quinsborough,Kildare,True,TOTAL_SHEEP,345,NONE,0.25,False,36.0,MODERATE
2010,6032,Skerries,Kildare,True,TOTAL_SHEEP,450,CENSUS_2020,0.25,False,31.8,MODERATE
2010,6034,Celbridge,Kildare,True,TOTAL_SHEEP,436,CENSUS_2020,0.25,False,31.8,MODERATE
2010,6037,Donaghcumper,Kildare,True,TOTAL_SHEEP,838,CENSUS_2000,0.25,False,27.5,MODERATE
2010,6038,Kilcock,Kildare,True,TOTAL_SHEEP,610,CENSUS_2000,0.25,False,27.5,MODERATE
2010,6039,Leixlip,Kildare,True,TOTAL_SHEEP,345,NONE,0.25,False,36.0,MODERATE
2010,6040,Maynooth,Kildare,True,TOTAL_SHEEP,718,CENSUS_2000,0.25,False,27.5,MODERATE
2010,6041,Straffan,Kildare,True,TOTAL_SHEEP,678,CENSUS_2000,0.25,False,27.5,MODERATE
2010,6045,Carrick,Kildare,True,TOTAL_SHEEP,457,CENSUS_2000,0.25,False,27.5,MODERATE
2010,6049,Killinthomas,Kildare,True,TOTAL_SHEEP,345,NONE,0.25,False,36.0,MODERATE
2010,6050,Kilpatrick,Kildare,True,TOTAL_SHEEP,402,CENSUS_2020,0.25,False,31.8,MODERATE
2010,6053,Rathangan,Kildare,True,TOTAL_SHEEP,726,CENSUS_2000,0.25,False,27.5,MODERATE
2010,6054,Thomastown,Kildare,True,TOTAL_SHEEP,345,NONE,0.25,False,36.0,MODERATE
2010,6055,Windmill Cross,Kildare,True,TOTAL_SHEEP,471,CENSUS_2020,0.25,False,31.8,MODERATE
2010,6058,Ballysax West,Kildare,True,TOTAL_SHEEP,499,CENSUS_2000,0.25,False,27.5,MODERATE
2010,6067,Dunmurry,Kildare,True,TOTAL_SHEEP,737,CENSUS_2000,0.25,False,27.5,MODERATE
2010,6068,Feighcullen,Kildare,True,TOTAL_SHEEP,345,NONE,0.25,False,36.0,MODERATE
2010,6074,Kilmeage North,Kildare,True,TOTAL_SHEEP,393,CENSUS_2020,0.25,False,31.8,MODERATE
2010,6078,Morristownbiller,Kildare,True,TOTAL_SHEEP,345,NONE,0.25,False,36.0,MODERATE
2010,6081,Oldconnell,Kildare,True,TOTAL_SHEEP,465,CENSUS_2000,0.25,False,27.5,MODERATE
2010,6083,Pollardstown,Kildare,True,TOTAL_SHEEP,550,CENSUS_2020,0.25,False,31.8,MODERATE
2010,6088,Timahoe South,Kildare,True,TOTAL_SHEEP,345,NONE,0.25,False,36.0,MODERATE
2010,7003,Burnchurch,Kilkenny,True,TOTAL_SHEEP,432,CENSUS_2000,0.25,False,27.5,MODERATE
2010,7005,Callan Urban,Kilkenny,False,TOTAL_SHEEP,285,CENSUS_2020,0.25,False,31.8,MODERATE
2010,7006,Coolaghmore,Kilkenny,True,TOTAL_SHEEP,508,CENSUS_2000,0.25,False,27.5,MODERATE
2010,7008,Earlstown,Kilkenny,True,TOTAL_SHEEP,351,CENSUS_2000,0.25,False,27.5,MODERATE
2010,7012,Kilmanagh,Kilkenny,True,TOTAL_SHEEP,616,CENSUS_2000,0.25,False,27.5,MODERATE
2010,7013,Mallardstown,Kilkenny,True,TOTAL_SHEEP,285,NONE,0.25,False,36.0,MODERATE
2010,7014,Scotsborough,Kilkenny,True,TOTAL_SHEEP,445,CENSUS_2000,0.25,False,27.5,MODERATE
2010,7015,Tullaghanbrogue,Kilkenny,True,TOTAL_SHEEP,432,CENSUS_2000,0.25,False,27.5,MODERATE
2010,7016,Boolyglass,Kilkenny,True,TOTAL_SHEEP,285,NONE,0.25,False,36.0,MODERATE
2010,7018,Muckalee,Kilkenny,True,TOTAL_SHEEP,366,CENSUS_2000,0.25,False,27.5,MODERATE
2010,7019,Pilltown,Kilkenny,True,TOTAL_SHEEP,285,NONE,0.25,False,36.0,MODERATE
2010,7022,Tullahought,Kilkenny,True,TOTAL_SHEEP,285,NONE,0.25,False,36.0,MODERATE
2010,7023,Whitechurch,Kilkenny,True,TOTAL_SHEEP,285,NONE,0.25,False,36.0,MODERATE
2010,7030,Moneenroe,Kilkenny,True,TOTAL_SHEEP,388,CENSUS_2000,0.25,False,27.5,MODERATE
2010,7031,Mothell,Kilkenny,True,TOTAL_SHEEP,419,CENSUS_2000,0.25,False,27.5,MODERATE
2010,7034,Dysartmoon,Kilkenny,True,TOTAL_SHEEP,285,NONE,0.25,False,36.0,MODERATE
2010,7036,Listerlin,Kilkenny,True,TOTAL_SHEEP,376,CENSUS_2000,0.25,False,27.5,MODERATE
2010,7037,Rosbercon Rural,Kilkenny,True,TOTAL_SHEEP,328,CENSUS_2000,0.25,False,27.5,MODERATE
2010,7038,Shanbogh,Kilkenny,True,TOTAL_SHEEP,466,CENSUS_2000,0.25,False,27.5,MODERATE
2010,7040,Ballinamara,Kilkenny,True,TOTAL_SHEEP,434,CENSUS_2000,0.25,False,27.5,MODERATE
2010,7041,Ballybeagh,Kilkenny,True,TOTAL_SHEEP,391,CENSUS_2000,0.25,False,27.5,MODERATE
2010,7046,Dunmore,Kilkenny,True,TOTAL_SHEEP,627,CENSUS_2000,0.25,False,27.5,MODERATE
2010,7050,Kilkenny Rural,Kilkenny,True,TOTAL_SHEEP,514,CENSUS_2000,0.25,False,27.5,MODERATE
2010,7052,Odagh,Kilkenny,True,TOTAL_SHEEP,393,CENSUS_2000,0.25,False,27.5,MODERATE
2010,7055,Rathcoole,Kilkenny,True,TOTAL_SHEEP,441,CENSUS_2000,0.25,False,27.5,MODERATE
2010,7059,Tiscoffin,Kilkenny,True,TOTAL_SHEEP,316,CENSUS_2000,0.25,False,27.5,MODERATE
2010,7060,Tullaroan,Kilkenny,True,TOTAL_SHEEP,285,NONE,0.25,False,36.0,MODERATE
2010,7062,Ballyhale,Kilkenny,True,TOTAL_SHEEP,377,CENSUS_2000,0.25,False,27.5,MODERATE
2010,7066,Castlebanny,Kilkenny,True,TOTAL_SHEEP,285,CENSUS_2000,0.25,False,27.5,MODERATE
2010,7070,Ennisnag,Kilkenny,True,TOTAL_SHEEP,322,CENSUS_2000,0.25,False,27.5,MODERATE
2010,7078,Kilkeasy,Kilkenny,True,TOTAL_SHEEP,366,CENSUS_2000,0.25,False,27.5,MODERATE
2010,7079,Kiltorcan,Kilkenny,True,TOTAL_SHEEP,285,NONE,0.25,False,36.0,MODERATE
2010,7080,Knocktopher,Kilkenny,True,TOTAL_SHEEP,381,CENSUS_2000,0.25,False,27.5,MODERATE
2010,7081,Pleberstown,Kilkenny,True,TOTAL_SHEEP,445,CENSUS_2000,0.25,False,27.5,MODERATE
2010,7083,Stonyford,Kilkenny,True,TOTAL_SHEEP,449,CENSUS_2000,0.25,False,27.5,MODERATE
2010,7085,Tullaherin,Kilkenny,True,TOTAL_SHEEP,531,CENSUS_2000,0.25,False,27.5,MODERATE
2010,7090,Baunmore,Kilkenny,True,TOTAL_SHEEP,285,NONE,0.25,False,36.0,MODERATE
2010,7092,Galmoy,Kilkenny,True,TOTAL_SHEEP,607,CENSUS_2000,0.25,False,27.5,MODERATE
2010,7096,Rathbeagh,Kilkenny,True,TOTAL_SHEEP,285,NONE,0.25,False,36.0,MODERATE
2010,7097,Tubbridbrittain,Kilkenny,True,TOTAL_SHEEP,521,CENSUS_2000,0.25,False,27.5,MODERATE
2010,7098,Urlingford,Kilkenny,True,TOTAL_SHEEP,410,CENSUS_2000,0.25,False,27.5,MODERATE
2010,7100,Ballincrea,Kilkenny,True,TOTAL_SHEEP,284,CENSUS_2000,0.25,False,27.5,MODERATE
2010,7101,Dunkitt,Kilkenny,True,TOTAL_SHEEP,284,NONE,0.25,False,36.0,MODERATE
2010,7102,Farnoge,Kilkenny,True,TOTAL_SHEEP,407,CENSUS_2000,0.25,False,27.5,MODERATE
2010,7103,Kilbeacon,Kilkenny,True,TOTAL_SHEEP,284,NONE,0.25,False,36.0,MODERATE
2010,7104,Kilbride,Kilkenny,True,TOTAL_SHEEP,284,NONE,0.25,False,36.0,MODERATE
2010,7107,Killahy,Kilkenny,True,TOTAL_SHEEP,356,CENSUS_2000,0.25,False,27.5,MODERATE
2010,7110,Portnascully,Kilkenny,True,TOTAL_SHEEP,284,CENSUS_2000,0.25,False,27.5,MODERATE
2010,7112,Rossinan,Kilkenny,True,TOTAL_SHEEP,434,CENSUS_2000,0.25,False,27.5,MODERATE
2010,7113,Ullid,Kilkenny,True,TOTAL_SHEEP,284,CENSUS_2000,0.25,False,27.5,MODERATE
2010,8006,Caher,Laois,True,TOTAL_SHEEP,204,NONE,0.25,False,36.0,MODERATE
2010,8007,Castletown,Laois,True,TOTAL_SHEEP,388,CENSUS_2000,0.25,False,27.5,MODERATE
2010,8013,Cullenagh,Laois,True,TOTAL_SHEEP,204,NONE,0.25,False,36.0,MODERATE
2010,8014,Donaghmore,Laois,True,TOTAL_SHEEP,258,CENSUS_2000,0.25,False,27.5,MODERATE
2010,8016,Dunmore,Laois,True,TOTAL_SHEEP,274,CENSUS_2000,0.25,False,27.5,MODERATE
2010,8018,Dysartgallen,Laois,True,TOTAL_SHEEP,361,CENSUS_2000,0.25,False,27.5,MODERATE
2010,8019,Fossy,Laois,True,TOTAL_SHEEP,246,CENSUS_2000,0.25,False,27.5,MODERATE
2010,8025,Raheen,Laois,True,TOTAL_SHEEP,363,CENSUS_2000,0.25,False,27.5,MODERATE
2010,8030,Barrowhouse,Laois,True,TOTAL_SHEEP,292,CENSUS_2000,0.25,False,27.5,MODERATE
2010,8031,Curraclone,Laois,True,TOTAL_SHEEP,303,CENSUS_2000,0.25,False,27.5,MODERATE
2010,8034,Moyanna,Laois,True,TOTAL_SHEEP,204,NONE,0.25,False,36.0,MODERATE
2010,8038,Timogue,Laois,True,TOTAL_SHEEP,249,CENSUS_2000,0.25,False,27.5,MODERATE
2010,8039,Vicarstown,Laois,True,TOTAL_SHEEP,480,CENSUS_2020,0.25,False,31.8,MODERATE
2010,8041,Ballybrittas,Laois,True,TOTAL_SHEEP,204,NONE,0.25,False,36.0,MODERATE
2010,8042,Ballycarroll,Laois,True,TOTAL_SHEEP,452,CENSUS_2000,0.25,False,27.5,MODERATE
2010,8044,Borris,Laois,True,TOTAL_SHEEP,258,CENSUS_2000,0.25,False,27.5,MODERATE
2010,8047,Cappalough,Laois,True,TOTAL_SHEEP,289,CENSUS_2000,0.25,False,27.5,MODERATE
2010,8051,Clondarrig,Laois,True,TOTAL_SHEEP,204,NONE,0.25,False,36.0,MODERATE
2010,8053,Coolrain,Laois,True,TOTAL_SHEEP,287,CENSUS_2000,0.25,False,27.5,MODERATE
2010,8056,Garrymore,Laois,True,TOTAL_SHEEP,204,NONE,0.25,False,36.0,MODERATE
2010,8057,Graigue,Laois,True,TOTAL_SHEEP,204,NONE,0.25,False,36.0,MODERATE
2010,8059,Kilcolmanbane,Laois,True,TOTAL_SHEEP,319,CENSUS_2000,0.25,False,27.5,MODERATE
2010,8060,Kilmullen,Laois,True,TOTAL_SHEEP,204,NONE,0.25,False,36.0,MODERATE
2010,8062,Lacka,Laois,True,TOTAL_SHEEP,285,CENSUS_2000,0.25,False,27.5,MODERATE
2010,8064,Meelick,Laois,True,TOTAL_SHEEP,272,CENSUS_2000,0.25,False,27.5,MODERATE
2010,8066,Mountmellick Urban,Laois,False,TOTAL_SHEEP,204,CENSUS_2020,0.25,False,31.8,MODERATE
2010,8067,Mountrath,Laois,True,TOTAL_SHEEP,250,CENSUS_2000,0.25,False,27.5,MODERATE
2010,8068,Nealstown,Laois,True,TOTAL_SHEEP,257,CENSUS_2000,0.25,False,27.5,MODERATE
2010,8069,O'More's Forest,Laois,True,TOTAL_SHEEP,307,CENSUS_2000,0.25,False,27.5,MODERATE
2010,8070,Portarlington South,Laois,True,TOTAL_SHEEP,204,CENSUS_2020,0.25,False,31.8,MODERATE
2010,8071,Portlaoighise (Maryborough) Rural,Laois,True,TOTAL_SHEEP,204,NONE,0.25,False,36.0,MODERATE
2010,8073,Rearymore,Laois,True,TOTAL_SHEEP,318,CENSUS_2000,0.25,False,27.5,MODERATE
2010,8075,Sallyford,Laois,True,TOTAL_SHEEP,204,NONE,0.25,False,36.0,MODERATE
2010,8077,Tinnahinch,Laois,True,TOTAL_SHEEP,260,CENSUS_2000,0.25,False,27.5,MODERATE
2010,8078,Trumra,Laois,True,TOTAL_SHEEP,216,CENSUS_2000,0.25,False,27.5,MODERATE
2010,8079,Ballybrophy,Laois,True,TOTAL_SHEEP,204,CENSUS_2020,0.25,False,31.8,MODERATE
2010,8080,Borris-in-Ossory,Laois,True,TOTAL_SHEEP,299,CENSUS_2000,0.25,False,27.5,MODERATE
2010,8081,Clonmore,Laois,True,TOTAL_SHEEP,378,CENSUS_2000,0.25,False,27.5,MODERATE
2010,8082,Errill,Laois,True,TOTAL_SHEEP,204,NONE,0.25,False,36.0,MODERATE
2010,8084,Kyle South,Laois,True,TOTAL_SHEEP,249,CENSUS_2000,0.25,False,27.5,MODERATE
2010,8085,Moneenalassa,Laois,True,TOTAL_SHEEP,292,CENSUS_2000,0.25,False,27.5,MODERATE
2010,8086,Moneymore,Laois,True,TOTAL_SHEEP,204,NONE,0.25,False,36.0,MODERATE
2010,8090,Ballickmoyler,Laois,True,TOTAL_SHEEP,338,CENSUS_2000,0.25,False,27.5,MODERATE
2010,8091,Ballylehane,Laois,True,TOTAL_SHEEP,204,NONE,0.25,False,36.0,MODERATE
2010,8093,Farnans,Laois,True,TOTAL_SHEEP,373,CENSUS_2000,0.25,False,27.5,MODERATE
2010,8095,Newtown,Laois,True,TOTAL_SHEEP,204,NONE,0.25,False,36.0,MODERATE
2010,8096,Rossmore,Laois,True,TOTAL_SHEEP,263,CENSUS_2000,0.25,False,27.5,MODERATE
2010,8098,Turra,Laois,True,TOTAL_SHEEP,415,CENSUS_2000,0.25,False,27.5,MODERATE
2010,9009,Foxhall,Longford,True,TOTAL_SHEEP,383,CENSUS_2000,0.25,False,27.5,MODERATE
2010,9013,Abbeylara,Longford,True,TOTAL_SHEEP,365,CENSUS_2000,0.25,False,27.5,MODERATE
2010,9015,Ballymuigh,Longford,True,TOTAL_SHEEP,338,CENSUS_2000,0.25,False,27.5,MODERATE
2010,9016,Bunlahy,Longford,True,TOTAL_SHEEP,299,CENSUS_2000,0.25,False,27.5,MODERATE
2010,9017,Columbkille,Longford,True,TOTAL_SHEEP,327,CENSUS_2000,0.25,False,27.5,MODERATE
2010,9020,Crosagstown,Longford,True,TOTAL_SHEEP,321,CENSUS_2000,0.25,False,27.5,MODERATE
2010,9021,Currygrane,Longford,True,TOTAL_SHEEP,222,NONE,0.25,False,36.0,MODERATE
2010,9023,Drummeel,Longford,True,TOTAL_SHEEP,287,CENSUS_2000,0.25,False,27.5,MODERATE
2010,9025,Gelshagh,Longford,True,TOTAL_SHEEP,300,CENSUS_2000,0.25,False,27.5,MODERATE
2010,9027,Granard Urban,Longford,True,TOTAL_SHEEP,343,CENSUS_2020,0.25,False,31.8,MODERATE
2010,9029,Lislea,Longford,True,TOTAL_SHEEP,270,CENSUS_2000,0.25,False,27.5,MODERATE
2010,9032,Moatfarrell,Longford,True,TOTAL_SHEEP,254,CENSUS_2000,0.25,False,27.5,MODERATE
2010,9033,Moyne,Longford,True,TOTAL_SHEEP,275,CENSUS_2000,0.25,False,27.5,MODERATE
2010,9036,Sonnagh,Longford,True,TOTAL_SHEEP,294,CENSUS_2000,0.25,False,27.5,MODERATE
2010,9040,Ballinamuck East,Longford,True,TOTAL_SHEEP,222,NONE,0.25,False,36.0,MODERATE
2010,9041,Ballinamuck West,Longford,True,TOTAL_SHEEP,337,CENSUS_2020,0.25,False,31.8,MODERATE
2010,9042,Breanrisk,Longford,True,TOTAL_SHEEP,306,CENSUS_2000,0.25,False,27.5,MODERATE
2010,9047,Drumgort,Longford,True,TOTAL_SHEEP,222,NONE,0.25,False,36.0,MODERATE
2010,9050,Killoe,Longford,True,TOTAL_SHEEP,222,NONE,0.25,False,36.0,MODERATE
2010,9052,Mountdavis,Longford,True,TOTAL_SHEEP,298,CENSUS_2000,0.25,False,27.5,MODERATE
2010,9054,Newtown Forbes,Longford,True,TOTAL_SHEEP,337,CENSUS_2000,0.25,False,27.5,MODERATE
2020,10005,Dundalk Urban No. 2,Louth,False,TOTAL_CATTLE,59,NONE,0.5,False,42.2,MODERATE
2020,10009,Ardee Urban,Louth,True,TOTAL_CATTLE,59,CENSUS_2000,0.5,False,56.3,LOW
2020,1034,Muinebeag (Bagenalstown) Urban,Carlow,False,TOTAL_CATTLE,73,NONE,0.5,False,42.2,MODERATE
2020,1048,Tullow Urban,Carlow,False,TOTAL_CATTLE,72,NONE,0.5,False,42.2,MODERATE
2020,11001,Ceannanus Mór (Kells) Urban,Meath,False,TOTAL_CATTLE,74,COUNTY_RESIDUAL,,False,0.0,EXACT
2020,12001,Birr Urban,Offaly,True,TOTAL_CATTLE,309,AIM_LOCAL,0.5,False,49.6,MODERATE
2020,12002,Tullamore Urban,Offaly,False,TOTAL_CATTLE,304,AIM_LOCAL,0.5,False,49.6,MODERATE
2020,13001,Athlone East Urban,Westmeath,False,TOTAL_CATTLE,184,NONE,0.5,False,42.2,MODERATE
2020,13002,Athlone West Urban,Westmeath,False,TOTAL_CATTLE,183,CENSUS_2000,0.5,False,56.3,LOW
2020,13091,Mullingar South Urban,Westmeath,False,TOTAL_CATTLE,183,NONE,0.5,False,42.2,MODERATE
2020,14123,Wexford Rural,Wexford,True,TOTAL_CATTLE,432,COUNTY_RESIDUAL,,False,0.0,EXACT
2020,15001,Arklow No. 1 Urban,Wicklow,False,TOTAL_CATTLE,91,NONE,0.5,False,42.2,MODERATE
2020,15007,Wicklow Urban,Wicklow,False,TOTAL_CATTLE,91,NONE,0.5,False,42.2,MODERATE
2020,15032,Delgany,Wicklow,True,TOTAL_CATTLE,363,CENSUS_2010,0.5,False,18.0,HIGH
2020,17054,Shanakiel,Cork,False,TOTAL_CATTLE,114,CENSUS_2010,0.5,False,18.0,HIGH
2020,18004,Kinsale Urban,Cork,False,TOTAL_CATTLE,114,CENSUS_2010,0.5,False,18.0,HIGH
2020,18007,Mallow South Urban,Cork,False,TOTAL_CATTLE,114,NONE,0.5,False,42.2,MODERATE
2020,18010,Youghal Urban,Cork,False,TOTAL_CATTLE,799,CENSUS_2000,0.5,False,56.3,LOW
2020,18078,Bishopstown (Part Rural),Cork,False,TOTAL_CATTLE,114,CENSUS_2010,0.5,False,18.0,HIGH
2020,18099,Monkstown Urban,Cork,True,TOTAL_CATTLE,114,NONE,0.5,False,42.2,MODERATE
2020,19033,An Daingean,Kerry,False,TOTAL_CATTLE,102,COUNTY_RESIDUAL,,False,0.0,EXACT
2020,20001,Abbey A,Limerick,False,TOTAL_CATTLE,47,CENSUS_2010,0.5,False,18.0,HIGH
2020,20005,Ballinacurra A,Limerick,False,TOTAL_CATTLE,47,CENSUS_2010,0.5,False,18.0,HIGH
2020,2079,Phoenix Park,Dublin,False,TOTAL_CATTLE,48,CENSUS_2010,0.5,False,18.0,HIGH
2020,21102,Newcastle Urban,Limerick,False,TOTAL_CATTLE,187,CENSUS_2000,0.5,False,56.3,LOW
2020,22002,Nenagh West Urban,Tipperary,True,TOTAL_CATTLE,254,CENSUS_2000,0.5,False,56.3,LOW
2020,23083,Carrick-on-Suir Urban,Tipperary,False,TOTAL_CATTLE,362,CENSUS_2000,0.5,False,56.3,LOW
2020,23086,Clonmel West Urban,Tipperary,False,TOTAL_CATTLE,103,CENSUS_2000,0.5,False,56.3,LOW
2020,23088,Tipperary West Urban,Tipperary,False,TOTAL_CATTLE,103,NONE,0.5,False,42.2,MODERATE
2020,24002/24006,Ballybeg South / Ballynaneashagh,Waterford,False,TOTAL_CATTLE,553,CENSUS_2000,0.5,False,56.3,LOW
2020,24007,Ballytruckle,Waterford,False,TOTAL_CATTLE,553,CENSUS_2000,0.5,False,56.3,LOW
2020,24014,Farranshoneen,Waterford,False,TOTAL_CATTLE,553,CENSUS_2000,0.5,False,56.3,LOW
2020,24018,Grange South,Waterford,True,TOTAL_CATTLE,553,CENSUS_2000,0.5,False,56.3,LOW
2020,24020,Kilbarry,Waterford,True,TOTAL_CATTLE,553,CENSUS_2000,0.5,False,56.3,LOW
2020,25002,Dungarvan No. 2 Urban,Waterford,False,TOTAL_CATTLE,553,NONE,0.5,False,42.2,MODERATE
2020,26001,Ballybaan,Galway,False,TOTAL_CATTLE,107,CENSUS_2010,0.5,False,18.0,HIGH
2020,26002,Baile an Bhriotaihg,Galway,False,TOTAL_CATTLE,24,CENSUS_2000,0.5,False,56.3,LOW
2020,26004,An Caisleán Gearr,Galway,False,TOTAL_CATTLE,87,CENSUS_2010,0.5,False,18.0,HIGH
2020,26009,Lough Atalia,Galway,False,TOTAL_CATTLE,24,CENSUS_2010,0.5,False,18.0,HIGH
2020,26012,Murroogh,Galway,False,TOTAL_CATTLE,24,CENSUS_2000,0.5,False,56.3,LOW
2020,27128,Loughrea Urban,Galway,False,TOTAL_CATTLE,24,NONE,0.5,False,42.2,MODERATE
2020,27156,Leitir Breacáin,Galway,True,TOTAL_CATTLE,72,CENSUS_2000,0.5,False,56.3,LOW
2020,27216,Tuam Urban,Galway,False,TOTAL_CATTLE,24,NONE,0.5,False,42.2,MODERATE
2020,29001,Ardnaree South Urban,Mayo,False,TOTAL_CATTLE,51,CENSUS_2010,0.5,False,18.0,HIGH
2020,29003,Castlebar Urban,Mayo,False,TOTAL_CATTLE,191,CENSUS_2000,0.5,False,56.3,LOW
2020,29136,Dumha Éige,Mayo,True,TOTAL_CATTLE,66,CENSUS_2010,0.5,False,18.0,HIGH
2020,3004,Clondalkin-Ballymount,Dublin,False,TOTAL_CATTLE,48,CENSUS_2010,0.5,False,18.0,HIGH
2020,30106,Roscommon Urban,Roscommon,False,TOTAL_CATTLE,5,COUNTY_RESIDUAL,,False,0.0,EXACT
2020,3011,Edmondstown,Dublin,False,TOTAL_CATTLE,116,CENSUS_2000,0.5,False,56.3,LOW
2020,3017,Lucan-St. Helen's,Dublin,False,TOTAL_CATTLE,296,CENSUS_2000,0.5,False,56.3,LOW
2020,3028,Tallaght-Avonbeg,Dublin,True,TOTAL_CATTLE,48,CENSUS_2010,0.5,False,18.0,HIGH
2020,3034,Tallaght-Kilnamanagh,Dublin,False,TOTAL_CATTLE,48,CENSUS_2010,0.5,False,18.0,HIGH
2020,3035,Tallaght-Kiltipper,Dublin,False,TOTAL_CATTLE,48,CENSUS_2010,0.5,False,18.0,HIGH
2020,31003,Sligo West,Sligo,False,TOTAL_CATTLE,194,COUNTY_RESIDUAL,,False,0.0,EXACT
2020,32051,Cootehill Urban,Cavan,False,TOTAL_CATTLE,79,COUNTY_RESIDUAL,,False,0.0,EXACT
2020,33001,Buncrana Urban,Donegal,True,TOTAL_CATTLE,75,CENSUS_2000,0.5,False,56.3,LOW
2020,33003,Letterkenny Urban,Donegal,False,TOTAL_CATTLE,16,CENSUS_2000,0.5,False,56.3,LOW
2020,33040,Ard an Rátha,Donegal,True,TOTAL_CATTLE,16,NONE,0.5,False,42.2,MODERATE
2020,33046,An Dúchoraidh,Donegal,True,TOTAL_CATTLE,25,CENSUS_2000,0.5,False,56.3,LOW
2020,33054,Inis Caoil,Donegal,True,TOTAL_CATTLE,28,CENSUS_2000,0.5,False,56.3,LOW
2020,33062,Málainn Bhig,Donegal,True,TOTAL_CATTLE,29,CENSUS_2010,0.5,False,18.0,HIGH
2020,34001,Carrickmacross Urban,Monaghan,False,TOTAL_CATTLE,163,CENSUS_2010,0.5,False,18.0,HIGH
2020,34003,Clones Urban,Monaghan,False,TOTAL_CATTLE,41,CENSUS_2010,0.5,False,18.0,HIGH
2020,34022,Ballybay Urban,Monaghan,False,TOTAL_CATTLE,41,CENSUS_2010,0.5,False,18.0,HIGH
2020,4001,Airport,Dublin,False,TOTAL_CATTLE,48,CENSUS_2000,0.5,False,56.3,LOW
2020,4008,Blanchardstown-Abbotstown,Dublin,False,TOTAL_CATTLE,48,NONE,0.5,False,42.2,MODERATE
2020,4009,Blanchardstown-Blakestown,Dublin,False,TOTAL_CATTLE,143,CENSUS_2010,0.5,False,18.0,HIGH
2020,4020,Dubber,Dublin,True,TOTAL_CATTLE,271,CENSUS_2010,0.5,False,18.0,HIGH
2020,4026,Kinsaley,Dublin,False,TOTAL_CATTLE,195,CENSUS_2000,0.5,False,56.3,LOW
2020,4027,Lucan North,Dublin,False,TOTAL_CATTLE,48,NONE,0.5,False,42.2,MODERATE
2020,4029,Malahide East,Dublin,False,TOTAL_CATTLE,48,CENSUS_2010,0.5,False,18.0,HIGH
2020,4036,Swords-Forrest,Dublin,False,TOTAL_CATTLE,48,NONE,0.5,False,42.2,MODERATE
2020,4037,Swords-Glasmore,Dublin,False,TOTAL_CATTLE,48,NONE,0.5,False,42.2,MODERATE
2020,4041,The Ward,Dublin,True,TOTAL_CATTLE,250,CENSUS_2000,0.5,False,56.3,LOW
2020,5007,Ballybrack,Dublin,False,TOTAL_CATTLE,48,CENSUS_2010,0.5,False,18.0,HIGH
2020,5020,Cabinteely-Loughlinstown,Dublin,False,TOTAL_CATTLE,48,NONE,0.5,False,42.2,MODERATE
2020,5038,Dundrum-Kilmacud,Dublin,False,TOTAL_CATTLE,48,CENSUS_2000,0.5,False,56.3,LOW
2020,5069,Tibradden,Dublin,True,TOTAL_CATTLE,76,CENSUS_2010,0.5,False,18.0,HIGH
2020,6002,Athy West Urban,Kildare,False,TOTAL_CATTLE,11,COUNTY_RESIDUAL,,False,0.0,EXACT
2020,7005,Callan Urban,Kilkenny,False,TOTAL_CATTLE,139,COUNTY_RESIDUAL,,False,0.0,EXACT
2020,8066,Mountmellick Urban,Laois,False,TOTAL_CATTLE,276,CENSUS_2000,0.5,False,56.3,LOW
2020,8072,Portlaoighise (Maryborough) Urban,Laois,False,TOTAL_CATTLE,92,NONE,0.5,False,42.2,MODERATE
2020,9001,Longford No. 1 Urban,Longford,False,TOTAL_CATTLE,13,CENSUS_2010,0.5,False,18.0,HIGH
2020,9002,Longford No. 2 Urban,Longford,False,TOTAL_CATTLE,12,NONE,0.5,False,42.2,MODERATE
2020,8045/8046,Brisha / Capard,Laois,True,DAIRY_COW,245,CENSUS_2000,0.25,False,14.7,HIGH
2020,9024/9035,Firry / Newgrove,Longford,True,DAIRY_COW,140,CENSUS_2000,0.25,False,14.7,HIGH
2020,10010,Castlebellingham,Louth,True,DAIRY_COW,338,AIM_LOCAL,0.25,False,26.1,MODERATE
2020,10014,Dromiskin,Louth,True,DAIRY_COW,198,AIM_LOCAL,0.25,False,26.1,MODERATE
2020,10016,Dunleer,Louth,True,DAIRY_COW,239,AIM_LOCAL,0.25,False,26.1,MODERATE
2020,10017,Stabannan,Louth,True,DAIRY_COW,141,CENSUS_2010,0.25,False,15.7,HIGH
2020,10018,Tallanstown,Louth,True,DAIRY_COW,171,AIM_LOCAL,0.25,False,26.1,MODERATE
2020,10019,Ballymascanlan,Louth,True,DAIRY_COW,161,CENSUS_2010,0.25,False,15.7,HIGH
2020,10021,Carlingford,Louth,True,DAIRY_COW,141,CENSUS_2010,0.25,False,15.7,HIGH
2020,10025,Darver,Louth,True,DAIRY_COW,194,AIM_LOCAL,0.25,False,26.1,MODERATE
2020,10029,Greenore,Louth,True,DAIRY_COW,173,AIM_LOCAL,0.25,False,26.1,MODERATE
2020,1003,Clonmore,Carlow,True,DAIRY_COW,295,AIM_LOCAL,0.25,False,26.1,MODERATE
2020,10031,Jenkinstown,Louth,True,DAIRY_COW,196,AIM_LOCAL,0.25,False,26.1,MODERATE
2020,10034,Mansfieldstown,Louth,True,DAIRY_COW,148,AIM_LOCAL,0.25,False,26.1,MODERATE
2020,10035,Rathcor,Louth,True,DAIRY_COW,157,CENSUS_2010,0.25,False,15.7,HIGH
2020,1005,Haroldstown,Carlow,True,DAIRY_COW,260,AIM_LOCAL,0.25,False,26.1,MODERATE
2020,1006,Kineagh,Carlow,True,DAIRY_COW,323,AIM_LOCAL,0.25,False,26.1,MODERATE
2020,1008,Rathvilly,Carlow,True,DAIRY_COW,294,AIM_LOCAL,0.25,False,26.1,MODERATE
2020,1009,Tiknock,Carlow,True,DAIRY_COW,257,AIM_COUNTY,0.25,False,42.4,MODERATE
2020,1010,Williamstown,Carlow,True,DAIRY_COW,200,CENSUS_2010,0.25,False,15.7,HIGH
2020,1011,Agha,Carlow,True,DAIRY_COW,259,AIM_LOCAL,0.25,False,26.1,MODERATE
2020,1012,Ballinacarrig,Carlow,True,DAIRY_COW,288,AIM_LOCAL,0.25,False,26.1,MODERATE
2020,1013,Ballintemple,Carlow,True,DAIRY_COW,241,CENSUS_2010,0.25,False,15.7,HIGH
2020,1014,Ballon,Carlow,True,DAIRY_COW,271,AIM_LOCAL,0.25,False,26.1,MODERATE
2020,1015,Ballyellin,Carlow,True,DAIRY_COW,304,AIM_LOCAL,0.25,False,26.1,MODERATE
2020,1017,Borris,Carlow,True,DAIRY_COW,221,CENSUS_2010,0.25,False,15.7,HIGH
2020,1019,Carlow Rural,Carlow,True,DAIRY_COW,212,CENSUS_2000,0.25,False,14.7,HIGH
2020,1020,Clogrenan,Carlow,True,DAIRY_COW,263,CENSUS_2000,0.25,False,14.7,HIGH
2020,1021,Clonegall,Carlow,True,DAIRY_COW,295,AIM_LOCAL,0.25,False,26.1,MODERATE
2020,1023,Cranemore,Carlow,True,DAIRY_COW,244,AIM_LOCAL,0.25,False,26.1,MODERATE
2020,1024,Fennagh,Carlow,True,DAIRY_COW,284,AIM_COUNTY,0.25,False,42.4,MODERATE
2020,1025,Garryhill,Carlow,True,DAIRY_COW,249,AIM_LOCAL,0.25,False,26.1,MODERATE
2020,1026,Grangeford,Carlow,True,DAIRY_COW,263,AIM_LOCAL,0.25,False,26.1,MODERATE
2020,1027,Johnstown,Carlow,True,DAIRY_COW,287,AIM_LOCAL,0.25,False,26.1,MODERATE
2020,1028,Kellistown,Carlow,True,DAIRY_COW,241,CENSUS_2010,0.25,False,15.7,HIGH
2020,1030,Killedmond,Carlow,True,DAIRY_COW,227,AIM_LOCAL,0.25,False,26.1,MODERATE
2020,1031,Killerrig,Carlow,True,DAIRY_COW,221,AIM_LOCAL,0.25,False,26.1,MODERATE
2020,1035,Myshall,Carlow,True,DAIRY_COW,286,AIM_LOCAL,0.25,False,26.1,MODERATE
2020,1037,Oldleighlin,Carlow,True,DAIRY_COW,300,AIM_LOCAL,0.25,False,26.1,MODERATE
2020,1038,Rathanna,Carlow,True,DAIRY_COW,224,AIM_LOCAL,0.25,False,26.1,MODERATE
2020,1041,Ridge,Carlow,True,DAIRY_COW,328,AIM_LOCAL,0.25,False,26.1,MODERATE
2020,1042,Shangarry,Carlow,True,DAIRY_COW,396,AIM_LOCAL,0.25,False,26.1,MODERATE
2020,1043,Sliguff,Carlow,True,DAIRY_COW,239,AIM_LOCAL,0.25,False,26.1,MODERATE
2020,1045,Templepeter,Carlow,True,DAIRY_COW,256,AIM_LOCAL,0.25,False,26.1,MODERATE
2020,1046,Tullowbeg,Carlow,True,DAIRY_COW,227,AIM_LOCAL,0.25,False,26.1,MODERATE
2020,1047,Tullow Rural,Carlow,True,DAIRY_COW,265,CENSUS_2010,0.25,False,15.7,HIGH
2020,1054,Tinnahinch,Carlow,True,DAIRY_COW,262,AIM_LOCAL,0.25,False,26.1,MODERATE
2020,11005,Grangegeeth,Meath,True,DAIRY_COW,360,CENSUS_2010,0.25,False,15.7,HIGH
2020,11008,Donaghmore,Meath,True,DAIRY_COW,299,AIM_LOCAL,0.25,False,26.1,MODERATE
2020,11017,Rodanstown,Meath,True,DAIRY_COW,355,AIM_LOCAL,0.25,False,26.1,MODERATE
2020,11021,Balrathboyne,Meath,True,DAIRY_COW,388,AIM_LOCAL,0.25,False,26.1,MODERATE
2020,11022,Boherboy,Meath,True,DAIRY_COW,414,AIM_LOCAL,0.25,False,26.1,MODERATE
2020,11023,Burry,Meath,True,DAIRY_COW,316,AIM_LOCAL,0.25,False,26.1,MODERATE
2020,11026,Ceannanus Mór (Kells) Rural,Meath,True,DAIRY_COW,303,AIM_COUNTY,0.25,False,42.4,MODERATE
2020,11028,Girley,Meath,True,DAIRY_COW,255,CENSUS_2010,0.25,False,15.7,HIGH
2020,11031,Loughan,Meath,True,DAIRY_COW,310,AIM_LOCAL,0.25,False,26.1,MODERATE
2020,11032,Maperath,Meath,True,DAIRY_COW,404,AIM_LOCAL,0.25,False,26.1,MODERATE
2020,11034,Moybolgue,Meath,True,DAIRY_COW,284,AIM_COUNTY,0.25,False,42.4,MODERATE
2020,11037,Newtown,Meath,True,DAIRY_COW,248,AIM_LOCAL,0.25,False,26.1,MODERATE
2020,11039,Posseckstown,Meath,True,DAIRY_COW,263,AIM_LOCAL,0.25,False,26.1,MODERATE
2020,11047,St. Mary's (Part Rural),Meath,True,DAIRY_COW,272,AIM_LOCAL,0.25,False,26.1,MODERATE
2020,11062,Crosskeys,Meath,True,DAIRY_COW,243,AIM_LOCAL,0.25,False,26.1,MODERATE
2020,11065,Knocklough,Meath,True,DAIRY_COW,282,AIM_LOCAL,0.25,False,26.1,MODERATE
2020,11066,Moylagh,Meath,True,DAIRY_COW,279,AIM_LOCAL,0.25,False,26.1,MODERATE
2020,11069,Ardnamullan,Meath,True,DAIRY_COW,257,CENSUS_2010,0.25,False,15.7,HIGH
2020,11073,Castlejordan,Meath,True,DAIRY_COW,317,AIM_LOCAL,0.25,False,26.1,MODERATE
2020,11076,Clonmacduff,Meath,True,DAIRY_COW,269,CENSUS_2010,0.25,False,15.7,HIGH
2020,11080,Hill of Down,Meath,True,DAIRY_COW,320,AIM_LOCAL,0.25,False,26.1,MODERATE
2020,11082,Cill Bhríde,Meath,True,DAIRY_COW,268,CENSUS_2000,0.25,False,14.7,HIGH
2020,11083,Kilcooly,Meath,True,DAIRY_COW,374,AIM_LOCAL,0.25,False,26.1,MODERATE
2020,11084,Kildalky,Meath,True,DAIRY_COW,270,CENSUS_2000,0.25,False,14.7,HIGH
2020,11087,Laracor,Meath,True,DAIRY_COW,277,CENSUS_2010,0.25,False,15.7,HIGH
2020,11088,Rahinstown,Meath,True,DAIRY_COW,308,AIM_LOCAL,0.25,False,26.1,MODERATE
2020,11091,Summerhill,Meath,True,DAIRY_COW,277,AIM_LOCAL,0.25,False,26.1,MODERATE
2020,12006,Broughal,Offaly,True,DAIRY_COW,275,AIM_LOCAL,0.25,False,26.1,MODERATE
2020,12007,Cloghan,Offaly,True,DAIRY_COW,234,AIM_LOCAL,0.25,False,26.1,MODERATE
2020,12011,Doon,Offaly,True,DAIRY_COW,259,AIM_LOCAL,0.25,False,26.1,MODERATE
2020,12014,Eglish,Offaly,True,DAIRY_COW,244,CENSUS_2010,0.25,False,15.7,HIGH
2020,12015,Ferbane,Offaly,True,DAIRY_COW,210,AIM_LOCAL,0.25,False,26.1,MODERATE
2020,12016,Gallen,Offaly,True,DAIRY_COW,183,CENSUS_2010,0.25,False,15.7,HIGH
2020,12017,Hinds,Offaly,True,DAIRY_COW,187,AIM_LOCAL,0.25,False,26.1,MODERATE
2020,12022,Kinnitty,Offaly,True,DAIRY_COW,285,AIM_LOCAL,0.25,False,26.1,MODERATE
2020,12023,Knockbarron,Offaly,True,DAIRY_COW,248,AIM_LOCAL,0.25,False,26.1,MODERATE
2020,12024,Lea,Offaly,True,DAIRY_COW,297,AIM_LOCAL,0.25,False,26.1,MODERATE
2020,12025,Letter,Offaly,True,DAIRY_COW,225,AIM_LOCAL,0.25,False,26.1,MODERATE
2020,12026,Lumcloon,Offaly,True,DAIRY_COW,264,AIM_LOCAL,0.25,False,26.1,MODERATE
2020,12029,Moyclare,Offaly,True,DAIRY_COW,212,AIM_LOCAL,0.25,False,26.1,MODERATE
2020,12031,Shannonbridge,Offaly,True,DAIRY_COW,226,AIM_LOCAL,0.25,False,26.1,MODERATE
2020,12032,Shannonharbour,Offaly,True,DAIRY_COW,183,CENSUS_2010,0.25,False,15.7,HIGH
2020,12035,Ballyburly,Offaly,True,DAIRY_COW,209,CENSUS_2010,0.25,False,15.7,HIGH
2020,12036,Ballymacwilliam,Offaly,True,DAIRY_COW,231,AIM_LOCAL,0.25,False,26.1,MODERATE
2020,12037,Bracknagh,Offaly,True,DAIRY_COW,389,AIM_LOCAL,0.25,False,26.1,MODERATE
2020,12038,Clonbulloge,Offaly,True,DAIRY_COW,235,AIM_LOCAL,0.25,False,26.1,MODERATE
2020,12039,Clonmore,Offaly,True,DAIRY_COW,183,CENSUS_2010,0.25,False,15.7,HIGH
2020,12044,Knockdrin,Offaly,True,DAIRY_COW,183,CENSUS_2010,0.25,False,15.7,HIGH
2020,12045,Monasteroris,Offaly,True,DAIRY_COW,267,AIM_LOCAL,0.25,False,26.1,MODERATE
2020,12047,Ballincor,Offaly,True,DAIRY_COW,246,AIM_LOCAL,0.25,False,26.1,MODERATE
2020,12052,Ettagh,Offaly,True,DAIRY_COW,297,AIM_LOCAL,0.25,False,26.1,MODERATE
2020,12055,Roscomroe,Offaly,True,DAIRY_COW,272,AIM_LOCAL,0.25,False,26.1,MODERATE
2020,12057,Templeharry,Offaly,True,DAIRY_COW,238,CENSUS_2010,0.25,False,15.7,HIGH
2020,12058,Tulla,Offaly,True,DAIRY_COW,284,AIM_LOCAL,0.25,False,26.1,MODERATE
2020,12059,Ballycommon,Offaly,True,DAIRY_COW,323,AIM_LOCAL,0.25,False,26.1,MODERATE
2020,12060,Ballyshear,Offaly,True,DAIRY_COW,200,AIM_LOCAL,0.25,False,26.1,MODERATE
2020,12061,Bawn,Offaly,True,DAIRY_COW,235,AIM_LOCAL,0.25,False,26.1,MODERATE
2020,12063,Clara,Offaly,True,DAIRY_COW,202,CENSUS_2010,0.25,False,15.7,HIGH
2020,12064,Clonygowan,Offaly,True,DAIRY_COW,377,AIM_LOCAL,0.25,False,26.1,MODERATE
2020,12065,Daingean,Offaly,True,DAIRY_COW,259,AIM_LOCAL,0.25,False,26.1,MODERATE
2020,12066,Derrycooley,Offaly,True,DAIRY_COW,264,AIM_COUNTY,0.25,False,42.4,MODERATE
2020,12067,Durrow,Offaly,True,DAIRY_COW,285,AIM_LOCAL,0.25,False,26.1,MODERATE
2020,12069,Gorteen,Offaly,True,DAIRY_COW,291,AIM_COUNTY,0.25,False,42.4,MODERATE
2020,12070,Hammerlane,Offaly,True,DAIRY_COW,253,AIM_LOCAL,0.25,False,26.1,MODERATE
2020,12074,Killooly,Offaly,True,DAIRY_COW,223,CENSUS_2010,0.25,False,15.7,HIGH
2020,12076,Mountbriscoe,Offaly,True,DAIRY_COW,266,AIM_COUNTY,0.25,False,42.4,MODERATE
2020,12077,O'Dempsey,Offaly,True,DAIRY_COW,255,AIM_COUNTY,0.25,False,42.4,MODERATE
2020,12078,Portarlington North,Offaly,True,DAIRY_COW,213,CENSUS_2000,0.25,False,14.7,HIGH
2020,12081,Rathfeston,Offaly,True,DAIRY_COW,183,CENSUS_2010,0.25,False,15.7,HIGH
2020,12083,Screggan,Offaly,True,DAIRY_COW,183,CENSUS_2010,0.25,False,15.7,HIGH
2020,12085,Tinamuck,Offaly,True,DAIRY_COW,219,AIM_LOCAL,0.25,False,26.1,MODERATE
2020,12086,Tinnycross,Offaly,True,DAIRY_COW,240,CENSUS_2010,0.25,False,15.7,HIGH
2020,12087,Tullamore Rural,Offaly,True,DAIRY_COW,198,AIM_LOCAL,0.25,False,26.1,MODERATE
2020,13007,Carn,Westmeath,True,DAIRY_COW,320,AIM_LOCAL,0.25,False,26.1,MODERATE
2020,13008,Castledaly,Westmeath,True,DAIRY_COW,260,AIM_LOCAL,0.25,False,26.1,MODERATE
2020,13010,Kilcumreragh,Westmeath,True,DAIRY_COW,261,AIM_LOCAL,0.25,False,26.1,MODERATE
2020,13011,Killinure,Westmeath,True,DAIRY_COW,226,AIM_LOCAL,0.25,False,26.1,MODERATE
2020,13012,Moate,Westmeath,True,DAIRY_COW,322,AIM_LOCAL,0.25,False,26.1,MODERATE
2020,13013,Mount Temple,Westmeath,True,DAIRY_COW,243,AIM_LOCAL,0.25,False,26.1,MODERATE
2020,13014,Moydrum,Westmeath,True,DAIRY_COW,183,AIM_LOCAL,0.25,False,26.1,MODERATE
2020,13018,Ardnagragh,Westmeath,True,DAIRY_COW,320,AIM_LOCAL,0.25,False,26.1,MODERATE
2020,13019,Ballymore,Westmeath,True,DAIRY_COW,276,AIM_LOCAL,0.25,False,26.1,MODERATE
2020,13020,Doonis,Westmeath,True,DAIRY_COW,164,CENSUS_2010,0.25,False,15.7,HIGH
2020,13022,Noughaval,Westmeath,True,DAIRY_COW,164,CENSUS_2010,0.25,False,15.7,HIGH
2020,13023,Piercetown,Westmeath,True,DAIRY_COW,207,AIM_LOCAL,0.25,False,26.1,MODERATE
2020,13024,Templepatrick,Westmeath,True,DAIRY_COW,196,AIM_LOCAL,0.25,False,26.1,MODERATE
2020,13026,Boherquill,Westmeath,True,DAIRY_COW,164,CENSUS_2010,0.25,False,15.7,HIGH
2020,13028,Coolure,Westmeath,True,DAIRY_COW,348,AIM_LOCAL,0.25,False,26.1,MODERATE
2020,13029,Finnea,Westmeath,True,DAIRY_COW,205,AIM_LOCAL,0.25,False,26.1,MODERATE
2020,13030,Glore,Westmeath,True,DAIRY_COW,241,AIM_LOCAL,0.25,False,26.1,MODERATE
2020,13031,Knockarrow,Westmeath,True,DAIRY_COW,182,AIM_LOCAL,0.25,False,26.1,MODERATE
2020,13032,Rathowen,Westmeath,True,DAIRY_COW,211,AIM_LOCAL,0.25,False,26.1,MODERATE
2020,13035,Ballyhealy,Westmeath,True,DAIRY_COW,194,CENSUS_2010,0.25,False,15.7,HIGH
2020,13036,Ballynaskeagh,Westmeath,True,DAIRY_COW,181,AIM_LOCAL,0.25,False,26.1,MODERATE
2020,13037,Bracklin,Westmeath,True,DAIRY_COW,218,AIM_LOCAL,0.25,False,26.1,MODERATE
2020,13038,Clonarney,Westmeath,True,DAIRY_COW,254,AIM_LOCAL,0.25,False,26.1,MODERATE
2020,13039,Collinstown,Westmeath,True,DAIRY_COW,164,CENSUS_2010,0.25,False,15.7,HIGH
2020,13041,Delvin,Westmeath,True,DAIRY_COW,192,AIM_LOCAL,0.25,False,26.1,MODERATE
2020,13043,Fore East,Westmeath,True,DAIRY_COW,220,AIM_LOCAL,0.25,False,26.1,MODERATE
2020,13044,Fore West,Westmeath,True,DAIRY_COW,195,AIM_LOCAL,0.25,False,26.1,MODERATE
2020,13046,Kilcumny,Westmeath,True,DAIRY_COW,223,AIM_LOCAL,0.25,False,26.1,MODERATE
2020,13048,Killulagh,Westmeath,True,DAIRY_COW,252,AIM_LOCAL,0.25,False,26.1,MODERATE
2020,13049,Kilpatrick,Westmeath,True,DAIRY_COW,218,AIM_LOCAL,0.25,False,26.1,MODERATE
2020,13051,Riverdale,Westmeath,True,DAIRY_COW,221,CENSUS_2010,0.25,False,15.7,HIGH
2020,13053,Ardnaglew,Westmeath,True,DAIRY_COW,164,CENSUS_2010,0.25,False,15.7,HIGH
2020,13054/13085,Ballinalack / Lackan,Westmeath,True,DAIRY_COW,270,AIM_COUNTY,0.25,False,42.4,MODERATE
2020,13055,Ballykilmore,Westmeath,True,DAIRY_COW,256,AIM_LOCAL,0.25,False,26.1,MODERATE
2020,13058,Belvidere,Westmeath,True,DAIRY_COW,164,CENSUS_2010,0.25,False,15.7,HIGH
2020,13059,Carrick,Westmeath,True,DAIRY_COW,190,AIM_LOCAL,0.25,False,26.1,MODERATE
2020,13060,Castle,Westmeath,True,DAIRY_COW,193,AIM_LOCAL,0.25,False,26.1,MODERATE
2020,13061,Castlelost,Westmeath,True,DAIRY_COW,250,AIM_LOCAL,0.25,False,26.1,MODERATE
2020,13064,Cloghan,Westmeath,True,DAIRY_COW,206,AIM_LOCAL,0.25,False,26.1,MODERATE
2020,13065,Clonfad,Westmeath,True,DAIRY_COW,267,AIM_LOCAL,0.25,False,26.1,MODERATE
2020,13067,Derrymore,Westmeath,True,DAIRY_COW,246,AIM_LOCAL,0.25,False,26.1,MODERATE
2020,13068,Dysart,Westmeath,True,DAIRY_COW,164,CENSUS_2010,0.25,False,15.7,HIGH
2020,13069,Emper,Westmeath,True,DAIRY_COW,214,AIM_LOCAL,0.25,False,26.1,MODERATE
2020,13070,Enniscoffey,Westmeath,True,DAIRY_COW,210,AIM_LOCAL,0.25,False,26.1,MODERATE
2020,13071,Gaybrook,Westmeath,True,DAIRY_COW,164,CENSUS_2010,0.25,False,15.7,HIGH
2020,13073,Greenpark,Westmeath,True,DAIRY_COW,274,AIM_LOCAL,0.25,False,26.1,MODERATE
2020,13075,Heathstown,Westmeath,True,DAIRY_COW,195,AIM_LOCAL,0.25,False,26.1,MODERATE
2020,13078,Jamestown,Westmeath,True,DAIRY_COW,216,CENSUS_2010,0.25,False,15.7,HIGH
2020,13079,Kilbeggan,Westmeath,True,DAIRY_COW,204,AIM_LOCAL,0.25,False,26.1,MODERATE
2020,13082,Killucan,Westmeath,True,DAIRY_COW,190,AIM_LOCAL,0.25,False,26.1,MODERATE
2020,13083,Kinnegad,Westmeath,True,DAIRY_COW,205,AIM_LOCAL,0.25,False,26.1,MODERATE
2020,13084,Knockdrin,Westmeath,True,DAIRY_COW,193,AIM_LOCAL,0.25,False,26.1,MODERATE
2020,13088,Milltown,Westmeath,True,DAIRY_COW,164,CENSUS_2010,0.25,False,15.7,HIGH
2020,13089,Mullingar Rural,Westmeath,True,DAIRY_COW,119,AIM_LOCAL,0.25,False,26.1,MODERATE
2020,13091,Mullingar South Urban,Westmeath,False,DAIRY_COW,98,AIM_COUNTY,0.25,False,42.4,MODERATE
2020,13095,Portloman,Westmeath,True,DAIRY_COW,359,AIM_LOCAL,0.25,False,26.1,MODERATE
2020,13096,Raharney,Westmeath,True,DAIRY_COW,248,AIM_LOCAL,0.25,False,26.1,MODERATE
2020,13098,Rathconrath,Westmeath,True,DAIRY_COW,235,AIM_LOCAL,0.25,False,26.1,MODERATE
2020,13099,Russellstown,Westmeath,True,DAIRY_COW,208,AIM_LOCAL,0.25,False,26.1,MODERATE
2020,13100,Skeagh,Westmeath,True,DAIRY_COW,164,CENSUS_2010,0.25,False,15.7,HIGH
2020,13101,Sonna,Westmeath,True,DAIRY_COW,210,AIM_LOCAL,0.25,False,26.1,MODERATE
2020,13102,Stonehall,Westmeath,True,DAIRY_COW,201,AIM_LOCAL,0.25,False,26.1,MODERATE
2020,13106,Woodland,Westmeath,True,DAIRY_COW,169,AIM_LOCAL,0.25,False,26.1,MODERATE
2020,14013,Bolaboy,Wexford,True,DAIRY_COW,263,CENSUS_2010,0.25,False,15.7,HIGH
2020,14016,Castledockrell,Wexford,True,DAIRY_COW,208,CENSUS_2010,0.25,False,15.7,HIGH
2020,14022,Ferns,Wexford,True,DAIRY_COW,297,AIM_LOCAL,0.25,False,26.1,MODERATE
2020,14023,Kilbora,Wexford,True,DAIRY_COW,307,AIM_LOCAL,0.25,False,26.1,MODERATE
2020,14027,Killoughrum,Wexford,True,DAIRY_COW,254,CENSUS_2010,0.25,False,15.7,HIGH
2020,14028,Kilrush,Wexford,True,DAIRY_COW,208,CENSUS_2010,0.25,False,15.7,HIGH
2020,14029,Kiltealy,Wexford,True,DAIRY_COW,292,AIM_LOCAL,0.25,False,26.1,MODERATE
2020,14033,Rossard,Wexford,True,DAIRY_COW,208,CENSUS_2010,0.25,False,15.7,HIGH
2020,14034,St. Mary's,Wexford,True,DAIRY_COW,304,AIM_LOCAL,0.25,False,26.1,MODERATE
2020,14038,Tombrack,Wexford,True,DAIRY_COW,402,AIM_LOCAL,0.25,False,26.1,MODERATE
2020,14041,Ballybeg,Wexford,True,DAIRY_COW,253,CENSUS_2010,0.25,False,15.7,HIGH
2020,14043,Ballyellis,Wexford,True,DAIRY_COW,244,AIM_LOCAL,0.25,False,26.1,MODERATE
2020,14057,Killincooly,Wexford,True,DAIRY_COW,237,CENSUS_2010,0.25,False,15.7,HIGH
2020,14067,Ballyhack,Wexford,True,DAIRY_COW,326,AIM_LOCAL,0.25,False,26.1,MODERATE
2020,14074,Dunmain,Wexford,True,DAIRY_COW,286,AIM_LOCAL,0.25,False,26.1,MODERATE
2020,14078,Kilgarvan,Wexford,True,DAIRY_COW,248,AIM_LOCAL,0.25,False,26.1,MODERATE
2020,14080,Kilmokea,Wexford,True,DAIRY_COW,358,AIM_LOCAL,0.25,False,26.1,MODERATE
2020,14086,Rochestown,Wexford,True,DAIRY_COW,308,AIM_LOCAL,0.25,False,26.1,MODERATE
2020,14092,Ardcavan,Wexford,True,DAIRY_COW,241,AIM_LOCAL,0.25,False,26.1,MODERATE
2020,14093,Ardcolm,Wexford,True,DAIRY_COW,283,AIM_LOCAL,0.25,False,26.1,MODERATE
2020,14098,Bridgetown,Wexford,True,DAIRY_COW,282,AIM_LOCAL,0.25,False,26.1,MODERATE
2020,14099,Carrick,Wexford,True,DAIRY_COW,304,AIM_LOCAL,0.25,False,26.1,MODERATE
2020,14100,Drinagh,Wexford,True,DAIRY_COW,329,AIM_LOCAL,0.25,False,26.1,MODERATE
2020,14101,Duncormick,Wexford,True,DAIRY_COW,294,AIM_LOCAL,0.25,False,26.1,MODERATE
2020,14103,Glynn,Wexford,True,DAIRY_COW,247,CENSUS_2010,0.25,False,15.7,HIGH
2020,14104,Harperstown,Wexford,True,DAIRY_COW,290,AIM_LOCAL,0.25,False,26.1,MODERATE
2020,14105,Harristown,Wexford,True,DAIRY_COW,265,AIM_LOCAL,0.25,False,26.1,MODERATE
2020,14106,Kilbride,Wexford,True,DAIRY_COW,302,AIM_LOCAL,0.25,False,26.1,MODERATE
2020,14113,Kilscoran,Wexford,True,DAIRY_COW,234,CENSUS_2010,0.25,False,15.7,HIGH
2020,14114,Lady's Island,Wexford,True,DAIRY_COW,318,AIM_LOCAL,0.25,False,26.1,MODERATE
2020,14115,Mayglass,Wexford,True,DAIRY_COW,290,AIM_LOCAL,0.25,False,26.1,MODERATE
2020,14118,Rosslare,Wexford,True,DAIRY_COW,258,AIM_LOCAL,0.25,False,26.1,MODERATE
2020,14119,St. Helen's,Wexford,True,DAIRY_COW,260,AIM_LOCAL,0.25,False,26.1,MODERATE
2020,14123,Wexford Rural,Wexford,True,DAIRY_COW,228,AIM_LOCAL,0.25,False,26.1,MODERATE
2020,15001,Arklow No. 1 Urban,Wicklow,False,DAIRY_COW,49,AIM_COUNTY,0.25,False,42.4,MODERATE
2020,15008,Ballinguile,Wicklow,True,DAIRY_COW,217,AIM_LOCAL,0.25,False,26.1,MODERATE
2020,15009,Baltinglass,Wicklow,True,DAIRY_COW,219,CENSUS_2010,0.25,False,15.7,HIGH
2020,15011,Burgage,Wicklow,True,DAIRY_COW,283,AIM_LOCAL,0.25,False,26.1,MODERATE
2020,15013,Donard,Wicklow,True,DAIRY_COW,311,AIM_LOCAL,0.25,False,26.1,MODERATE
2020,15015,Eadestown,Wicklow,True,DAIRY_COW,253,AIM_LOCAL,0.25,False,26.1,MODERATE
2020,15016,Hartstown,Wicklow,True,DAIRY_COW,294,AIM_LOCAL,0.25,False,26.1,MODERATE
2020,15017,Hollywood,Wicklow,True,DAIRY_COW,182,AIM_LOCAL,0.25,False,26.1,MODERATE
2020,15019,Imael North,Wicklow,True,DAIRY_COW,224,AIM_LOCAL,0.25,False,26.1,MODERATE
2020,15020,Imael South,Wicklow,True,DAIRY_COW,250,AIM_LOCAL,0.25,False,26.1,MODERATE
2020,15021,Kilbride,Wicklow,True,DAIRY_COW,212,CENSUS_2000,0.25,False,14.7,HIGH
2020,15027,Talbotstown,Wicklow,True,DAIRY_COW,228,CENSUS_2010,0.25,False,15.7,HIGH
2020,15031,Tuckmill,Wicklow,True,DAIRY_COW,172,CENSUS_2010,0.25,False,15.7,HIGH
2020,15033,Enniskerry,Wicklow,True,DAIRY_COW,174,AIM_LOCAL,0.25,False,26.1,MODERATE
2020,15035,Kilmacanoge,Wicklow,True,DAIRY_COW,193,AIM_LOCAL,0.25,False,26.1,MODERATE
2020,15037,Altidore,Wicklow,True,DAIRY_COW,263,AIM_LOCAL,0.25,False,26.1,MODERATE
2020,15039,Aughrim,Wicklow,True,DAIRY_COW,232,CENSUS_2010,0.25,False,15.7,HIGH
2020,15040,Avoca,Wicklow,True,DAIRY_COW,226,AIM_LOCAL,0.25,False,26.1,MODERATE
2020,15042,Ballinacor,Wicklow,True,DAIRY_COW,228,AIM_LOCAL,0.25,False,26.1,MODERATE
2020,15043,Ballinderry,Wicklow,True,DAIRY_COW,174,AIM_LOCAL,0.25,False,26.1,MODERATE
2020,15045,Ballycullen,Wicklow,True,DAIRY_COW,273,AIM_LOCAL,0.25,False,26.1,MODERATE
2020,15048,Cronebane,Wicklow,True,DAIRY_COW,254,AIM_LOCAL,0.25,False,26.1,MODERATE
2020,15052,Ennereilly,Wicklow,True,DAIRY_COW,307,AIM_LOCAL,0.25,False,26.1,MODERATE
2020,15054,Glenealy,Wicklow,True,DAIRY_COW,229,AIM_LOCAL,0.25,False,26.1,MODERATE
2020,15055,Kilbride,Wicklow,True,DAIRY_COW,239,CENSUS_2000,0.25,False,14.7,HIGH
2020,15057,Killiskey,Wicklow,True,DAIRY_COW,216,AIM_LOCAL,0.25,False,26.1,MODERATE
2020,15060,Newcastle Lower,Wicklow,True,DAIRY_COW,213,AIM_LOCAL,0.25,False,26.1,MODERATE
2020,15061,Newcastle Upper,Wicklow,True,DAIRY_COW,172,AIM_LOCAL,0.25,False,26.1,MODERATE
2020,15064,Togher,Wicklow,True,DAIRY_COW,91,AIM_COUNTY,0.25,False,42.4,MODERATE
2020,15067,Aghowle,Wicklow,True,DAIRY_COW,172,CENSUS_2010,0.25,False,15.7,HIGH
2020,15068,Ballingate,Wicklow,True,DAIRY_COW,253,AIM_LOCAL,0.25,False,26.1,MODERATE
2020,15070,Ballybeg,Wicklow,True,DAIRY_COW,278,AIM_LOCAL,0.25,False,26.1,MODERATE
2020,15071,Carnew,Wicklow,True,DAIRY_COW,241,CENSUS_2010,0.25,False,15.7,HIGH
2020,15072,Coolattin,Wicklow,True,DAIRY_COW,209,AIM_LOCAL,0.25,False,26.1,MODERATE
2020,15073,Coolballintaggart,Wicklow,True,DAIRY_COW,182,AIM_LOCAL,0.25,False,26.1,MODERATE
2020,15074,Coolboy,Wicklow,True,DAIRY_COW,232,AIM_LOCAL,0.25,False,26.1,MODERATE
2020,15075,Cronelea,Wicklow,True,DAIRY_COW,233,AIM_LOCAL,0.25,False,26.1,MODERATE
2020,15076,Kilballyowen,Wicklow,True,DAIRY_COW,172,CENSUS_2010,0.25,False,15.7,HIGH
2020,15077,Killinure,Wicklow,True,DAIRY_COW,324,AIM_LOCAL,0.25,False,26.1,MODERATE
2020,15079,Money,Wicklow,True,DAIRY_COW,172,CENSUS_2010,0.25,False,15.7,HIGH
2020,16005,Kilrush Urban,Clare,True,DAIRY_COW,123,AIM_COUNTY,0.25,False,42.4,MODERATE
2020,16007,Carran,Clare,True,DAIRY_COW,104,CENSUS_2010,0.25,False,15.7,HIGH
2020,16010,Drumcreehy,Clare,True,DAIRY_COW,191,AIM_LOCAL,0.25,False,26.1,MODERATE
2020,16008/16014,Noughaval / Castletown,Clare,True,DAIRY_COW,145,CENSUS_2000,0.25,False,14.7,HIGH
2020,16015,Oughtmama,Clare,True,DAIRY_COW,135,AIM_LOCAL,0.25,False,26.1,MODERATE
2020,16016,Rathborney,Clare,True,DAIRY_COW,104,AIM_LOCAL,0.25,False,26.1,MODERATE
2020,16018,Boston,Clare,True,DAIRY_COW,162,AIM_LOCAL,0.25,False,26.1,MODERATE
2020,16017/16020,Glenroe / Ballyeighter,Clare,True,DAIRY_COW,127,CENSUS_2010,0.25,False,15.7,HIGH
2020,16021,Killinaboy,Clare,True,DAIRY_COW,137,AIM_LOCAL,0.25,False,26.1,MODERATE
2020,16022,Kiltoraght,Clare,True,DAIRY_COW,122,AIM_LOCAL,0.25,False,26.1,MODERATE
2020,16024,Rath,Clare,True,DAIRY_COW,138,AIM_LOCAL,0.25,False,26.1,MODERATE
2020,16025,Ruan,Clare,True,DAIRY_COW,112,AIM_LOCAL,0.25,False,26.1,MODERATE
2020,16026,Clareabbey,Clare,True,DAIRY_COW,154,AIM_LOCAL,0.25,False,26.1,MODERATE
2020,16027,Clenagh,Clare,True,DAIRY_COW,139,AIM_LOCAL,0.25,False,26.1,MODERATE
2020,16028,Crusheen,Clare,True,DAIRY_COW,177,AIM_LOCAL,0.25,False,26.1,MODERATE
2020,16030,Drumline,Clare,True,DAIRY_COW,163,AIM_LOCAL,0.25,False,26.1,MODERATE
2020,16031,Dysert,Clare,True,DAIRY_COW,117,AIM_LOCAL,0.25,False,26.1,MODERATE
2020,16032,Ennis Rural,Clare,True,DAIRY_COW,106,AIM_LOCAL,0.25,False,26.1,MODERATE
2020,16033,Furroor,Clare,True,DAIRY_COW,106,AIM_LOCAL,0.25,False,26.1,MODERATE
2020,16034,Kilcloher,Clare,True,DAIRY_COW,127,AIM_LOCAL,0.25,False,26.1,MODERATE
2020,16035,Killanniv,Clare,True,DAIRY_COW,129,AIM_LOCAL,0.25,False,26.1,MODERATE
2020,16037,Kilnamona,Clare,True,DAIRY_COW,142,AIM_LOCAL,0.25,False,26.1,MODERATE
2020,16043,Templemaley,Clare,True,DAIRY_COW,128,CENSUS_2010,0.25,False,15.7,HIGH
2020,16045,Urlan,Clare,True,DAIRY_COW,113,AIM_LOCAL,0.25,False,26.1,MODERATE
2020,16047,Ballagh,Clare,True,DAIRY_COW,113,AIM_LOCAL,0.25,False,26.1,MODERATE
2020,16048,Ballyea,Clare,True,DAIRY_COW,132,AIM_LOCAL,0.25,False,26.1,MODERATE
2020,16049,Ballysteen,Clare,True,DAIRY_COW,123,CENSUS_2010,0.25,False,15.7,HIGH
2020,16050,Ballyvaskin,Clare,True,DAIRY_COW,119,AIM_LOCAL,0.25,False,26.1,MODERATE
2020,16052,Cloonanaha,Clare,True,DAIRY_COW,104,CENSUS_2010,0.25,False,15.7,HIGH
2020,16053,Clooney,Clare,True,DAIRY_COW,122,CENSUS_2000,0.25,False,14.7,HIGH
2020,16056,Kilfenora,Clare,True,DAIRY_COW,152,AIM_LOCAL,0.25,False,26.1,MODERATE
2020,16057,Killaspuglonane,Clare,True,DAIRY_COW,144,AIM_LOCAL,0.25,False,26.1,MODERATE
2020,16059,Kilshanny,Clare,True,DAIRY_COW,116,AIM_LOCAL,0.25,False,26.1,MODERATE
2020,16062,Magherareagh,Clare,True,DAIRY_COW,140,AIM_LOCAL,0.25,False,26.1,MODERATE
2020,16065,Smithstown,Clare,True,DAIRY_COW,109,AIM_LOCAL,0.25,False,26.1,MODERATE
2020,16066,Ballynacally,Clare,True,DAIRY_COW,202,AIM_LOCAL,0.25,False,26.1,MODERATE
2020,16067,Clondagad,Clare,True,DAIRY_COW,104,CENSUS_2010,0.25,False,15.7,HIGH
2020,16069,Kilchreest,Clare,True,DAIRY_COW,149,AIM_LOCAL,0.25,False,26.1,MODERATE
2020,16070,Kilfiddane,Clare,True,DAIRY_COW,133,CENSUS_2010,0.25,False,15.7,HIGH
2020,16075,Lisheen,Clare,True,DAIRY_COW,127,AIM_LOCAL,0.25,False,26.1,MODERATE
2020,16077,Cahermurphy,Clare,True,DAIRY_COW,147,CENSUS_2000,0.25,False,14.7,HIGH
2020,16091,Kilmihil,Clare,True,DAIRY_COW,147,AIM_LOCAL,0.25,False,26.1,MODERATE
2020,16094,Knock,Clare,True,DAIRY_COW,157,AIM_LOCAL,0.25,False,26.1,MODERATE
2020,16095,Knocknaboley,Clare,True,DAIRY_COW,108,AIM_LOCAL,0.25,False,26.1,MODERATE
2020,16099,Mullagh,Clare,True,DAIRY_COW,119,CENSUS_2010,0.25,False,15.7,HIGH
2020,16100,Querrin,Clare,True,DAIRY_COW,160,CENSUS_2010,0.25,False,15.7,HIGH
2020,16104,Tullycreen,Clare,True,DAIRY_COW,132,CENSUS_2010,0.25,False,15.7,HIGH
2020,16105,Ballycannan,Clare,True,DAIRY_COW,115,AIM_LOCAL,0.25,False,26.1,MODERATE
2020,16106,Ballyglass,Clare,True,DAIRY_COW,158,AIM_LOCAL,0.25,False,26.1,MODERATE
2020,16107,Cappavilla,Clare,True,DAIRY_COW,191,AIM_LOCAL,0.25,False,26.1,MODERATE
2020,16108,Castlecrine,Clare,True,DAIRY_COW,158,AIM_LOCAL,0.25,False,26.1,MODERATE
2020,16110,Cloontra,Clare,True,DAIRY_COW,152,AIM_LOCAL,0.25,False,26.1,MODERATE
2020,16112,Fahymore,Clare,True,DAIRY_COW,164,AIM_LOCAL,0.25,False,26.1,MODERATE
2020,16113,Killeely,Clare,True,DAIRY_COW,130,AIM_LOCAL,0.25,False,26.1,MODERATE
2020,16114,Killokennedy,Clare,True,DAIRY_COW,126,AIM_LOCAL,0.25,False,26.1,MODERATE
2020,16115,Kilseily,Clare,True,DAIRY_COW,169,AIM_LOCAL,0.25,False,26.1,MODERATE
2020,16116,Kiltenanlea,Clare,True,DAIRY_COW,167,CENSUS_2010,0.25,False,15.7,HIGH
2020,16118,Mountievers,Clare,True,DAIRY_COW,144,AIM_LOCAL,0.25,False,26.1,MODERATE
2020,16119,O'Briensbridge,Clare,True,DAIRY_COW,127,AIM_LOCAL,0.25,False,26.1,MODERATE
2020,16121,Boherglass,Clare,True,DAIRY_COW,127,AIM_LOCAL,0.25,False,26.1,MODERATE
2020,16122,Caherhurley,Clare,True,DAIRY_COW,177,AIM_COUNTY,0.25,False,42.4,MODERATE
2020,16126,Cloonusker,Clare,True,DAIRY_COW,162,AIM_LOCAL,0.25,False,26.1,MODERATE
2020,16123/16128,Corlea / Cahermurphy,Clare,True,DAIRY_COW,104,CENSUS_2010,0.25,False,15.7,HIGH
2020,16129,Derrynagittagh,Clare,True,DAIRY_COW,106,AIM_LOCAL,0.25,False,26.1,MODERATE
2020,16131,Feakle,Clare,True,DAIRY_COW,150,AIM_LOCAL,0.25,False,26.1,MODERATE
2020,16135,Mountshannon,Clare,True,DAIRY_COW,131,AIM_LOCAL,0.25,False,26.1,MODERATE
2020,16137,Scarriff,Clare,True,DAIRY_COW,141,CENSUS_2010,0.25,False,15.7,HIGH
2020,16138,Ballyblood,Clare,True,DAIRY_COW,197,AIM_LOCAL,0.25,False,26.1,MODERATE
2020,16139,Ballynahinch,Clare,True,DAIRY_COW,192,AIM_LOCAL,0.25,False,26.1,MODERATE
2020,16140,Caher,Clare,True,DAIRY_COW,135,AIM_LOCAL,0.25,False,26.1,MODERATE
2020,16141,Clooney,Clare,True,DAIRY_COW,104,CENSUS_2010,0.25,False,15.7,HIGH
2020,16142,Dangan,Clare,True,DAIRY_COW,194,AIM_LOCAL,0.25,False,26.1,MODERATE
2020,16143,Glendree,Clare,True,DAIRY_COW,121,AIM_LOCAL,0.25,False,26.1,MODERATE
2020,16145,Killanena,Clare,True,DAIRY_COW,139,AIM_LOCAL,0.25,False,26.1,MODERATE
2020,16148,Kyle,Clare,True,DAIRY_COW,216,AIM_LOCAL,0.25,False,26.1,MODERATE
2020,16149,Loughea,Clare,True,DAIRY_COW,114,AIM_LOCAL,0.25,False,26.1,MODERATE
2020,16150,Newgrove,Clare,True,DAIRY_COW,160,AIM_LOCAL,0.25,False,26.1,MODERATE
2020,16154,Toberbreeda,Clare,True,DAIRY_COW,114,AIM_LOCAL,0.25,False,26.1,MODERATE
2020,17054,Shanakiel,Cork,False,DAIRY_COW,61,AIM_COUNTY,0.25,False,42.4,MODERATE
2020,18004,Kinsale Urban,Cork,False,DAIRY_COW,61,AIM_COUNTY,0.25,False,42.4,MODERATE
2020,18005,Macroom Urban,Cork,True,DAIRY_COW,300,AIM_LOCAL,0.25,False,26.1,MODERATE
2020,18009,Skibbereen Urban,Cork,True,DAIRY_COW,214,AIM_COUNTY,0.25,False,42.4,MODERATE
2020,18032,Ahil,Cork,True,DAIRY_COW,187,AIM_LOCAL,0.25,False,26.1,MODERATE
2020,18034,Bantry Urban,Cork,True,DAIRY_COW,196,AIM_LOCAL,0.25,False,26.1,MODERATE
2020,18035,Douce,Cork,True,DAIRY_COW,155,AIM_LOCAL,0.25,False,26.1,MODERATE
2020,18036,Durrus East,Cork,True,DAIRY_COW,183,CENSUS_2010,0.25,False,15.7,HIGH
2020,18038,Glanlough,Cork,True,DAIRY_COW,178,AIM_LOCAL,0.25,False,26.1,MODERATE
2020,18039,Glengarriff,Cork,True,DAIRY_COW,177,AIM_LOCAL,0.25,False,26.1,MODERATE
2020,18041,Kilcaskan,Cork,True,DAIRY_COW,151,AIM_LOCAL,0.25,False,26.1,MODERATE
2020,18044,Seefin,Cork,True,DAIRY_COW,198,AIM_LOCAL,0.25,False,26.1,MODERATE
2020,18045,Sheepshead,Cork,True,DAIRY_COW,189,CENSUS_2010,0.25,False,15.7,HIGH
2020,18047,Adrigole,Cork,True,DAIRY_COW,150,CENSUS_2010,0.25,False,15.7,HIGH
2020,18049,Coulagh,Cork,True,DAIRY_COW,172,CENSUS_2010,0.25,False,15.7,HIGH
2020,18051,Kilcatherine,Cork,True,DAIRY_COW,156,AIM_LOCAL,0.25,False,26.1,MODERATE
2020,18052,Killaconenagh,Cork,True,DAIRY_COW,174,AIM_LOCAL,0.25,False,26.1,MODERATE
2020,18071,Rosscarbery,Cork,True,DAIRY_COW,217,CENSUS_2000,0.25,False,14.7,HIGH
2020,18078,Bishopstown (Part Rural),Cork,False,DAIRY_COW,61,AIM_COUNTY,0.25,False,42.4,MODERATE
2020,18098,Monkstown Rural,Cork,True,DAIRY_COW,250,AIM_COUNTY,0.25,False,42.4,MODERATE
2020,18099,Monkstown Urban,Cork,True,DAIRY_COW,61,AIM_COUNTY,0.25,False,42.4,MODERATE
2020,18108,Béal Átha an Ghaorthaidh,Cork,True,DAIRY_COW,197,CENSUS_2000,0.25,False,14.7,HIGH
2020,18169,Nad,Cork,True,DAIRY_COW,227,AIM_LOCAL,0.25,False,26.1,MODERATE
2020,18180,Ballyfoyle,Cork,True,DAIRY_COW,254,CENSUS_2010,0.25,False,15.7,HIGH
2020,18190,Kinure,Cork,True,DAIRY_COW,261,AIM_LOCAL,0.25,False,26.1,MODERATE
2020,18195,Templebreedy,Cork,True,DAIRY_COW,212,CENSUS_2010,0.25,False,15.7,HIGH
2020,18199,Béal Átha an Ghaorthaidh (Bealanageary),Cork,True,DAIRY_COW,197,CENSUS_2000,0.25,False,14.7,HIGH
2020,18202,Claonráth,Cork,True,DAIRY_COW,207,CENSUS_2000,0.25,False,14.7,HIGH
2020,18206,Gort na Tiobratan,Cork,True,DAIRY_COW,220,CENSUS_2000,0.25,False,14.7,HIGH
2020,18226,Carrig,Cork,True,DAIRY_COW,250,CENSUS_2010,0.25,False,15.7,HIGH
2020,18253,Corkbeg,Cork,True,DAIRY_COW,234,AIM_LOCAL,0.25,False,26.1,MODERATE
2020,18290,Cléire,Cork,True,DAIRY_COW,173,CENSUS_2000,0.25,False,14.7,HIGH
2020,18307,Tullagh,Cork,True,DAIRY_COW,192,AIM_LOCAL,0.25,False,26.1,MODERATE
2020,18318,Skull,Cork,True,DAIRY_COW,213,CENSUS_2010,0.25,False,15.7,HIGH
2020,18319,Toormore,Cork,True,DAIRY_COW,251,AIM_LOCAL,0.25,False,26.1,MODERATE
2020,19001,Killarney Urban,Kerry,True,DAIRY_COW,120,AIM_COUNTY,0.25,False,42.4,MODERATE
2020,19007,Caher,Kerry,True,DAIRY_COW,97,AIM_LOCAL,0.25,False,26.1,MODERATE
2020,19010,Castlequin,Kerry,True,DAIRY_COW,115,CENSUS_2010,0.25,False,15.7,HIGH
2020,19015,An tImleach,Kerry,True,DAIRY_COW,110,CENSUS_2000,0.25,False,14.7,HIGH
2020,19016,Glanbehy,Kerry,True,DAIRY_COW,107,AIM_LOCAL,0.25,False,26.1,MODERATE
2020,19019,Loch Luíoch,Kerry,True,DAIRY_COW,125,AIM_COUNTY,0.25,False,42.4,MODERATE
2020,19021,Maum,Kerry,True,DAIRY_COW,121,AIM_LOCAL,0.25,False,26.1,MODERATE
2020,19022,Portmagee,Kerry,True,DAIRY_COW,117,AIM_LOCAL,0.25,False,26.1,MODERATE
2020,19024,Teeranearagh,Kerry,True,DAIRY_COW,91,CENSUS_2010,0.25,False,15.7,HIGH
2020,19027,An Baile Dubh,Kerry,True,DAIRY_COW,130,AIM_COUNTY,0.25,False,42.4,MODERATE
2020,19030,Castlegregory,Kerry,True,DAIRY_COW,141,AIM_LOCAL,0.25,False,26.1,MODERATE
2020,19031,An Clochán,Kerry,True,DAIRY_COW,117,CENSUS_2000,0.25,False,14.7,HIGH
2020,19033,An Daingean,Kerry,False,DAIRY_COW,55,AIM_COUNTY,0.25,False,42.4,MODERATE
2020,19037,Inch,Kerry,True,DAIRY_COW,132,AIM_LOCAL,0.25,False,26.1,MODERATE
2020,19038,Cill Maoilchéadair,Kerry,True,DAIRY_COW,157,CENSUS_2010,0.25,False,15.7,HIGH
2020,19039,Cill Chuáin,Kerry,True,DAIRY_COW,128,CENSUS_2000,0.25,False,14.7,HIGH
2020,19041,Lack,Kerry,True,DAIRY_COW,111,AIM_LOCAL,0.25,False,26.1,MODERATE
2020,19042,Márthain,Kerry,True,DAIRY_COW,101,CENSUS_2000,0.25,False,14.7,HIGH
2020,19044,An Sráidbhaile,Kerry,True,DAIRY_COW,119,CENSUS_2010,0.25,False,15.7,HIGH
2020,19047,Banawn,Kerry,True,DAIRY_COW,106,AIM_LOCAL,0.25,False,26.1,MODERATE
2020,19048,Cappagh,Kerry,True,DAIRY_COW,133,AIM_LOCAL,0.25,False,26.1,MODERATE
2020,19050,Dawros,Kerry,True,DAIRY_COW,100,AIM_LOCAL,0.25,False,26.1,MODERATE
2020,19052,Glanlee,Kerry,True,DAIRY_COW,92,AIM_LOCAL,0.25,False,26.1,MODERATE
2020,19065,Brewsterfield,Kerry,True,DAIRY_COW,115,CENSUS_2010,0.25,False,15.7,HIGH
2020,19066,Caragh,Kerry,True,DAIRY_COW,102,CENSUS_2010,0.25,False,15.7,HIGH
2020,19069,Coolies,Kerry,True,DAIRY_COW,131,CENSUS_2010,0.25,False,15.7,HIGH
2020,19075,Dunloe,Kerry,True,DAIRY_COW,127,AIM_LOCAL,0.25,False,26.1,MODERATE
2020,19076,Flesk,Kerry,True,DAIRY_COW,197,AIM_LOCAL,0.25,False,26.1,MODERATE
2020,19105,Duagh,Kerry,True,DAIRY_COW,181,AIM_LOCAL,0.25,False,26.1,MODERATE
2020,19113,Kilshenane,Kerry,True,DAIRY_COW,109,AIM_LOCAL,0.25,False,26.1,MODERATE
2020,19137,Baurtregaum,Kerry,True,DAIRY_COW,109,AIM_LOCAL,0.25,False,26.1,MODERATE
2020,19138,Blennerville,Kerry,True,DAIRY_COW,131,AIM_LOCAL,0.25,False,26.1,MODERATE
2020,19150,Kilflyn,Kerry,True,DAIRY_COW,156,AIM_LOCAL,0.25,False,26.1,MODERATE
2020,19151,Kilgarrylander,Kerry,True,DAIRY_COW,111,AIM_LOCAL,0.25,False,26.1,MODERATE
2020,19152,Kilgobban,Kerry,True,DAIRY_COW,131,AIM_LOCAL,0.25,False,26.1,MODERATE
2020,19156,Knockglass,Kerry,True,DAIRY_COW,60,AIM_LOCAL,0.25,False,26.1,MODERATE
2020,20001,Abbey A,Limerick,False,DAIRY_COW,25,AIM_COUNTY,0.25,False,42.4,MODERATE
2020,20065,Limerick North Rural,Limerick,True,DAIRY_COW,185,AIM_COUNTY,0.25,False,42.4,MODERATE
2020,21012,Crecora,Limerick,True,DAIRY_COW,212,CENSUS_2010,0.25,False,15.7,HIGH
2020,21051,Ballycummin,Limerick,True,DAIRY_COW,233,AIM_LOCAL,0.25,False,26.1,MODERATE
2020,21056,Caherelly,Limerick,True,DAIRY_COW,284,AIM_LOCAL,0.25,False,26.1,MODERATE
2020,21066,Limerick South Rural,Limerick,True,DAIRY_COW,159,AIM_LOCAL,0.25,False,26.1,MODERATE
2020,21067,Patrickswell,Limerick,True,DAIRY_COW,211,CENSUS_2010,0.25,False,15.7,HIGH
2020,21085,Cleanglass,Limerick,True,DAIRY_COW,174,CENSUS_2010,0.25,False,15.7,HIGH
2020,21094,Glensharrold,Limerick,True,DAIRY_COW,191,AIM_LOCAL,0.25,False,26.1,MODERATE
2020,21105,Rooskagh,Limerick,True,DAIRY_COW,211,AIM_LOCAL,0.25,False,26.1,MODERATE
2020,21107,Askeaton East,Limerick,True,DAIRY_COW,249,AIM_LOCAL,0.25,False,26.1,MODERATE
2020,21109,Aughinish,Limerick,True,DAIRY_COW,183,AIM_LOCAL,0.25,False,26.1,MODERATE
2020,21118,Iveruss,Limerick,True,DAIRY_COW,186,CENSUS_2010,0.25,False,15.7,HIGH
2020,21124,Mohernagh,Limerick,True,DAIRY_COW,147,AIM_LOCAL,0.25,False,26.1,MODERATE
2020,21128,Rathkeale Urban,Limerick,True,DAIRY_COW,206,AIM_LOCAL,0.25,False,26.1,MODERATE
2020,21130,Shanagolden,Limerick,True,DAIRY_COW,250,AIM_LOCAL,0.25,False,26.1,MODERATE
2020,22001,Nenagh East Urban,Tipperary,True,DAIRY_COW,166,CENSUS_2000,0.25,False,14.7,HIGH
2020,22002,Nenagh West Urban,Tipperary,True,DAIRY_COW,137,AIM_COUNTY,0.25,False,42.4,MODERATE
2020,22012,Clohaskin,Tipperary,True,DAIRY_COW,306,AIM_LOCAL,0.25,False,26.1,MODERATE
2020,22016,Lorrha East,Tipperary,True,DAIRY_COW,213,CENSUS_2010,0.25,False,15.7,HIGH
2020,22020,Redwood,Tipperary,True,DAIRY_COW,195,CENSUS_2010,0.25,False,15.7,HIGH
2020,22031,Birdhill,Tipperary,True,DAIRY_COW,186,CENSUS_2010,0.25,False,15.7,HIGH
2020,22037/22045,Greenhall / Lackagh,Tipperary,True,DAIRY_COW,187,CENSUS_2000,0.25,False,14.7,HIGH
2020,22040,Killoscully,Tipperary,True,DAIRY_COW,220,AIM_LOCAL,0.25,False,26.1,MODERATE
2020,22043,Kilnarath,Tipperary,True,DAIRY_COW,189,AIM_LOCAL,0.25,False,26.1,MODERATE
2020,22047,Monsea,Tipperary,True,DAIRY_COW,226,AIM_LOCAL,0.25,False,26.1,MODERATE
2020,22053,Borrisnoe,Tipperary,True,DAIRY_COW,267,AIM_LOCAL,0.25,False,26.1,MODERATE
2020,23082,Carrickbeg Urban,Tipperary,True,DAIRY_COW,214,AIM_COUNTY,0.25,False,42.4,MODERATE
2020,23088,Tipperary West Urban,Tipperary,False,DAIRY_COW,55,AIM_COUNTY,0.25,False,42.4,MODERATE
2020,23098,Cloneen,Tipperary,True,DAIRY_COW,389,AIM_LOCAL,0.25,False,26.1,MODERATE
2020,23107,Greystown,Tipperary,True,DAIRY_COW,218,CENSUS_2000,0.25,False,14.7,HIGH
2020,23121,Caher,Tipperary,True,DAIRY_COW,211,CENSUS_2010,0.25,False,15.7,HIGH
2020,23125,Kilcommon,Tipperary,True,DAIRY_COW,250,AIM_LOCAL,0.25,False,26.1,MODERATE
2020,23138,Kiltinan,Tipperary,True,DAIRY_COW,200,AIM_LOCAL,0.25,False,26.1,MODERATE
2020,23152,Poyntstown,Tipperary,True,DAIRY_COW,232,AIM_LOCAL,0.25,False,26.1,MODERATE
2020,24002/24006,Ballybeg South / Ballynaneashagh,Waterford,False,DAIRY_COW,298,AIM_COUNTY,0.25,False,42.4,MODERATE
2020,24007,Ballytruckle,Waterford,False,DAIRY_COW,298,AIM_COUNTY,0.25,False,42.4,MODERATE
2020,24014,Farranshoneen,Waterford,False,DAIRY_COW,298,AIM_COUNTY,0.25,False,42.4,MODERATE
2020,24016,Gracedieu,Waterford,True,DAIRY_COW,240,AIM_COUNTY,0.25,False,42.4,MODERATE
2020,24018,Grange South,Waterford,True,DAIRY_COW,298,AIM_COUNTY,0.25,False,42.4,MODERATE
2020,24020,Kilbarry,Waterford,True,DAIRY_COW,298,AIM_COUNTY,0.25,False,42.4,MODERATE
2020,25016,Kilmacomma,Waterford,True,DAIRY_COW,317,AIM_LOCAL,0.25,False,26.1,MODERATE
2020,25017,Kilronan,Waterford,True,DAIRY_COW,283,AIM_LOCAL,0.25,False,26.1,MODERATE
2020,25028,Dromore,Waterford,True,DAIRY_COW,330,CENSUS_2010,0.25,False,15.7,HIGH
2020,25033,Mountstuart,Waterford,True,DAIRY_COW,426,AIM_LOCAL,0.25,False,26.1,MODERATE
2020,25045,Georgestown,Waterford,True,DAIRY_COW,433,AIM_LOCAL,0.25,False,26.1,MODERATE
2020,25046,Kilbarrymeaden,Waterford,True,DAIRY_COW,357,AIM_LOCAL,0.25,False,26.1,MODERATE
2020,25052,Tinnasaggart,Waterford,True,DAIRY_COW,377,AIM_LOCAL,0.25,False,26.1,MODERATE
2020,25061,Gortnapeaky,Waterford,True,DAIRY_COW,377,AIM_LOCAL,0.25,False,26.1,MODERATE
2020,25064,Kilwatermoy West,Waterford,True,DAIRY_COW,336,CENSUS_2010,0.25,False,15.7,HIGH
2020,25070,Ballynakill (Part Rural),Waterford,True,DAIRY_COW,324,CENSUS_2000,0.25,False,14.7,HIGH
2020,25071,Drumcannon,Waterford,True,DAIRY_COW,434,AIM_LOCAL,0.25,False,26.1,MODERATE
2020,25074,Kilbarry (Part Rural),Waterford,True,DAIRY_COW,355,AIM_COUNTY,0.25,False,42.4,MODERATE
2020,25083,Tramore,Waterford,True,DAIRY_COW,349,AIM_LOCAL,0.25,False,26.1,MODERATE
2020,25084,Woodstown,Waterford,True,DAIRY_COW,302,CENSUS_2010,0.25,False,15.7,HIGH
2020,25085,Ardmore,Waterford,True,DAIRY_COW,311,CENSUS_2000,0.25,False,14.7,HIGH
2020,25088,Glenwilliam,Waterford,True,DAIRY_COW,340,AIM_LOCAL,0.25,False,26.1,MODERATE
2020,27001,Ballinasloe Urban,Galway,True,DAIRY_COW,115,CENSUS_2010,0.25,False,15.7,HIGH
2020,27002,Abbeygormacan,Galway,True,DAIRY_COW,184,AIM_LOCAL,0.25,False,26.1,MODERATE
2020,27003,Ahascragh,Galway,True,DAIRY_COW,145,CENSUS_2010,0.25,False,15.7,HIGH
2020,27004,Aughrim,Galway,True,DAIRY_COW,144,CENSUS_2000,0.25,False,14.7,HIGH
2020,27005,Ballinasloe Rural,Galway,True,DAIRY_COW,124,CENSUS_2000,0.25,False,14.7,HIGH
2020,27006,Ballymacward,Galway,True,DAIRY_COW,129,AIM_LOCAL,0.25,False,26.1,MODERATE
2020,27008,Clontuskert,Galway,True,DAIRY_COW,157,AIM_LOCAL,0.25,False,26.1,MODERATE
2020,27010,Kilconnell,Galway,True,DAIRY_COW,132,CENSUS_2010,0.25,False,15.7,HIGH
2020,27011,Killaan,Galway,True,DAIRY_COW,115,CENSUS_2010,0.25,False,15.7,HIGH
2020,27012,Killallaghtan,Galway,True,DAIRY_COW,144,AIM_LOCAL,0.25,False,26.1,MODERATE
2020,27014,Killure,Galway,True,DAIRY_COW,156,AIM_LOCAL,0.25,False,26.1,MODERATE
2020,27015,Kilmacshane,Galway,True,DAIRY_COW,169,AIM_LOCAL,0.25,False,26.1,MODERATE
2020,27017,Kylemore,Galway,True,DAIRY_COW,120,AIM_LOCAL,0.25,False,26.1,MODERATE
2020,27018,Laurencetown,Galway,True,DAIRY_COW,188,AIM_LOCAL,0.25,False,26.1,MODERATE
2020,27019,Lismanny,Galway,True,DAIRY_COW,201,AIM_LOCAL,0.25,False,26.1,MODERATE
2020,27020,Oatfield,Galway,True,DAIRY_COW,182,AIM_LOCAL,0.25,False,26.1,MODERATE
2020,27042,Baile an Teampaill (Part Rural),Galway,True,DAIRY_COW,138,CENSUS_2000,0.25,False,14.7,HIGH
2020,27043,Ballynacourty,Galway,True,DAIRY_COW,144,AIM_LOCAL,0.25,False,26.1,MODERATE
2020,27045,Belleville,Galway,True,DAIRY_COW,178,AIM_LOCAL,0.25,False,26.1,MODERATE
2020,27052,Galway Rural (Part Rural),Galway,True,DAIRY_COW,111,CENSUS_2010,0.25,False,15.7,HIGH
2020,27056,Leacach Beag,Galway,True,DAIRY_COW,130,CENSUS_2000,0.25,False,14.7,HIGH
2020,27057,Liscananaun,Galway,True,DAIRY_COW,146,CENSUS_2010,0.25,False,15.7,HIGH
2020,27058,Lisín an Bhealaigh,Galway,True,DAIRY_COW,130,CENSUS_2000,0.25,False,14.7,HIGH
2020,27060,Oranmore,Galway,True,DAIRY_COW,151,CENSUS_2010,0.25,False,15.7,HIGH
2020,27065,Tulaigh Mhic Aodháin,Galway,True,DAIRY_COW,115,CENSUS_2010,0.25,False,15.7,HIGH
2020,27066,Ballinastack,Galway,True,DAIRY_COW,145,AIM_LOCAL,0.25,False,26.1,MODERATE
2020,27068,Ballynakill,Galway,True,DAIRY_COW,134,CENSUS_2000,0.25,False,14.7,HIGH
2020,27069,Boyounagh,Galway,True,DAIRY_COW,140,AIM_LOCAL,0.25,False,26.1,MODERATE
2020,27070,Creggs,Galway,True,DAIRY_COW,160,AIM_LOCAL,0.25,False,26.1,MODERATE
2020,27071,Curraghmore,Galway,True,DAIRY_COW,115,CENSUS_2010,0.25,False,15.7,HIGH
2020,27072,Glennamaddy,Galway,True,DAIRY_COW,141,AIM_LOCAL,0.25,False,26.1,MODERATE
2020,27073,Island,Galway,True,DAIRY_COW,142,AIM_LOCAL,0.25,False,26.1,MODERATE
2020,27074,Kilcroan,Galway,True,DAIRY_COW,134,CENSUS_2010,0.25,False,15.7,HIGH
2020,27076,Raheen,Galway,True,DAIRY_COW,177,AIM_LOCAL,0.25,False,26.1,MODERATE
2020,27077,Scregg,Galway,True,DAIRY_COW,171,CENSUS_2010,0.25,False,15.7,HIGH
2020,27079,Templetogher,Galway,True,DAIRY_COW,139,AIM_LOCAL,0.25,False,26.1,MODERATE
2020,27080,Toberroe,Galway,True,DAIRY_COW,156,AIM_LOCAL,0.25,False,26.1,MODERATE
2020,27081,Ardamullivan,Galway,True,DAIRY_COW,160,AIM_LOCAL,0.25,False,26.1,MODERATE
2020,27082,Ardrahan,Galway,True,DAIRY_COW,115,CENSUS_2010,0.25,False,15.7,HIGH
2020,27084,Beagh,Galway,True,DAIRY_COW,137,AIM_LOCAL,0.25,False,26.1,MODERATE
2020,27088,Doorus,Galway,True,DAIRY_COW,190,AIM_LOCAL,0.25,False,26.1,MODERATE
2020,27089,Drumacoo,Galway,True,DAIRY_COW,133,AIM_LOCAL,0.25,False,26.1,MODERATE
2020,27091,Kilbeacanty,Galway,True,DAIRY_COW,163,AIM_LOCAL,0.25,False,26.1,MODERATE
2020,27092,Killeely,Galway,True,DAIRY_COW,176,AIM_LOCAL,0.25,False,26.1,MODERATE
2020,27093,Killeenavarra,Galway,True,DAIRY_COW,205,AIM_LOCAL,0.25,False,26.1,MODERATE
2020,27098,Rahasane,Galway,True,DAIRY_COW,193,AIM_LOCAL,0.25,False,26.1,MODERATE
2020,27099,Skehanagh,Galway,True,DAIRY_COW,129,AIM_LOCAL,0.25,False,26.1,MODERATE
2020,27101,Athenry,Galway,True,DAIRY_COW,196,AIM_LOCAL,0.25,False,26.1,MODERATE
2020,27102,Ballynagar,Galway,True,DAIRY_COW,176,AIM_LOCAL,0.25,False,26.1,MODERATE
2020,27105,Cappalusk,Galway,True,DAIRY_COW,150,AIM_LOCAL,0.25,False,26.1,MODERATE
2020,27107,Cloonkeen,Galway,True,DAIRY_COW,142,AIM_COUNTY,0.25,False,42.4,MODERATE
2020,27108,Colmanstown,Galway,True,DAIRY_COW,141,AIM_LOCAL,0.25,False,26.1,MODERATE
2020,27112,Graigabbey,Galway,True,DAIRY_COW,127,AIM_LOCAL,0.25,False,26.1,MODERATE
2020,27113,Grange,Galway,True,DAIRY_COW,136,CENSUS_2010,0.25,False,15.7,HIGH
2020,27115,Kilchreest,Galway,True,DAIRY_COW,124,AIM_LOCAL,0.25,False,26.1,MODERATE
2020,27117,Kilconierin,Galway,True,DAIRY_COW,285,AIM_LOCAL,0.25,False,26.1,MODERATE
2020,27121,Kilreekill,Galway,True,DAIRY_COW,128,AIM_LOCAL,0.25,False,26.1,MODERATE
2020,27124,Lackalea,Galway,True,DAIRY_COW,115,CENSUS_2010,0.25,False,15.7,HIGH
2020,27127,Loughrea Rural,Galway,True,DAIRY_COW,178,AIM_COUNTY,0.25,False,42.4,MODERATE
2020,27126/27129,Marblehill / Loughatorick,Galway,True,DAIRY_COW,124,CENSUS_2000,0.25,False,14.7,HIGH
2020,27131,Movode,Galway,True,DAIRY_COW,147,CENSUS_2010,0.25,False,15.7,HIGH
2020,27133,Tiaquin,Galway,True,DAIRY_COW,146,AIM_LOCAL,0.25,False,26.1,MODERATE
2020,27134,Woodford,Galway,True,DAIRY_COW,119,AIM_LOCAL,0.25,False,26.1,MODERATE
2020,27136,Ballynakill,Galway,True,DAIRY_COW,115,CENSUS_2010,0.25,False,15.7,HIGH
2020,27137,Caltra,Galway,True,DAIRY_COW,115,CENSUS_2010,0.25,False,15.7,HIGH
2020,27139,Castleffrench,Galway,True,DAIRY_COW,192,AIM_LOCAL,0.25,False,26.1,MODERATE
2020,27140,Clonbrock,Galway,True,DAIRY_COW,151,AIM_LOCAL,0.25,False,26.1,MODERATE
2020,27141,Cloonkeen,Galway,True,DAIRY_COW,156,AIM_COUNTY,0.25,False,42.4,MODERATE
2020,27143,Derryglassaun,Galway,True,DAIRY_COW,134,CENSUS_2010,0.25,False,15.7,HIGH
2020,27144,Killeroran,Galway,True,DAIRY_COW,157,CENSUS_2010,0.25,False,15.7,HIGH
2020,27145,Killian,Galway,True,DAIRY_COW,166,AIM_LOCAL,0.25,False,26.1,MODERATE
2020,27147,Mounthazel,Galway,True,DAIRY_COW,168,AIM_LOCAL,0.25,False,26.1,MODERATE
2020,27164,Ballyglass,Galway,True,DAIRY_COW,139,CENSUS_2010,0.25,False,15.7,HIGH
2020,27166,Derrew,Galway,True,DAIRY_COW,160,CENSUS_2010,0.25,False,15.7,HIGH
2020,27173,Moat,Galway,True,DAIRY_COW,219,AIM_LOCAL,0.25,False,26.1,MODERATE
2020,27176,Tiranascragh,Galway,True,DAIRY_COW,239,AIM_LOCAL,0.25,False,26.1,MODERATE
2020,27178,Abbey East,Galway,True,DAIRY_COW,168,AIM_LOCAL,0.25,False,26.1,MODERATE
2020,27179,Abbey West,Galway,True,DAIRY_COW,156,AIM_LOCAL,0.25,False,26.1,MODERATE
2020,27180,Addergoole,Galway,True,DAIRY_COW,115,CENSUS_2010,0.25,False,15.7,HIGH
2020,27184,Ballynapark,Galway,True,DAIRY_COW,141,AIM_LOCAL,0.25,False,26.1,MODERATE
2020,27185,Beaghmore,Galway,True,DAIRY_COW,162,AIM_LOCAL,0.25,False,26.1,MODERATE
2020,27190,Clonbern,Galway,True,DAIRY_COW,170,AIM_LOCAL,0.25,False,26.1,MODERATE
2020,27192,Cummer,Galway,True,DAIRY_COW,127,AIM_LOCAL,0.25,False,26.1,MODERATE
2020,27196,Dunmore South,Galway,True,DAIRY_COW,115,CENSUS_2010,0.25,False,15.7,HIGH
2020,27197,Foxhall,Galway,True,DAIRY_COW,233,AIM_LOCAL,0.25,False,26.1,MODERATE
2020,27198,Headford,Galway,True,DAIRY_COW,183,AIM_LOCAL,0.25,False,26.1,MODERATE
2020,27199,Hillsbrook,Galway,True,DAIRY_COW,133,AIM_LOCAL,0.25,False,26.1,MODERATE
2020,27200,Kilbennan,Galway,True,DAIRY_COW,115,CENSUS_2010,0.25,False,15.7,HIGH
2020,27201,Kilcoona,Galway,True,DAIRY_COW,152,AIM_LOCAL,0.25,False,26.1,MODERATE
2020,27202,Killeany,Galway,True,DAIRY_COW,141,AIM_LOCAL,0.25,False,26.1,MODERATE
2020,27203,Killeen,Galway,True,DAIRY_COW,317,AIM_LOCAL,0.25,False,26.1,MODERATE
2020,27204,Killererin,Galway,True,DAIRY_COW,115,CENSUS_2010,0.25,False,15.7,HIGH
2020,27205,Killower,Galway,True,DAIRY_COW,119,AIM_LOCAL,0.25,False,26.1,MODERATE
2020,27207,Kilmoylan,Galway,True,DAIRY_COW,135,AIM_LOCAL,0.25,False,26.1,MODERATE
2020,27208,Kilshanvy,Galway,True,DAIRY_COW,179,AIM_LOCAL,0.25,False,26.1,MODERATE
2020,27209,Levally,Galway,True,DAIRY_COW,115,CENSUS_2010,0.25,False,15.7,HIGH
2020,27210,Milltown,Galway,True,DAIRY_COW,182,AIM_LOCAL,0.25,False,26.1,MODERATE
2020,27211,Monivea,Galway,True,DAIRY_COW,176,AIM_LOCAL,0.25,False,26.1,MODERATE
2020,27212,Moyne,Galway,True,DAIRY_COW,166,AIM_LOCAL,0.25,False,26.1,MODERATE
2020,27213,Ryehill,Galway,True,DAIRY_COW,154,AIM_LOCAL,0.25,False,26.1,MODERATE
2020,27214,Toberadosh,Galway,True,DAIRY_COW,133,AIM_LOCAL,0.25,False,26.1,MODERATE
2020,28001,Ballinamore,Leitrim,True,DAIRY_COW,101,AIM_LOCAL,0.25,False,26.1,MODERATE
2020,28002,Cloverhill,Leitrim,True,DAIRY_COW,74,AIM_LOCAL,0.25,False,26.1,MODERATE
2020,28003,Corrala,Leitrim,True,DAIRY_COW,79,CENSUS_2000,0.25,False,14.7,HIGH
2020,28004,Drumreilly North,Leitrim,True,DAIRY_COW,64,AIM_LOCAL,0.25,False,26.1,MODERATE
2020,28006,Garadice,Leitrim,True,DAIRY_COW,101,AIM_LOCAL,0.25,False,26.1,MODERATE
2020,28008,Killygar,Leitrim,True,DAIRY_COW,60,AIM_LOCAL,0.25,False,26.1,MODERATE
2020,28009,Newtowngore,Leitrim,True,DAIRY_COW,118,CENSUS_2010,0.25,False,15.7,HIGH
2020,28026,Yugan,Leitrim,True,DAIRY_COW,60,AIM_LOCAL,0.25,False,26.1,MODERATE
2020,28039,Drumahaire,Leitrim,True,DAIRY_COW,60,AIM_LOCAL,0.25,False,26.1,MODERATE
2020,28049,Kiltyclogher,Leitrim,True,DAIRY_COW,59,CENSUS_2010,0.25,False,15.7,HIGH
2020,28061,Carrigallen West,Leitrim,True,DAIRY_COW,73,AIM_LOCAL,0.25,False,26.1,MODERATE
2020,28062,Cashel,Leitrim,True,DAIRY_COW,81,AIM_LOCAL,0.25,False,26.1,MODERATE
2020,28065,Cloone,Leitrim,True,DAIRY_COW,61,AIM_LOCAL,0.25,False,26.1,MODERATE
2020,28066,Corriga,Leitrim,True,DAIRY_COW,79,AIM_LOCAL,0.25,False,26.1,MODERATE
2020,28068,Drumdoo,Leitrim,True,DAIRY_COW,87,AIM_LOCAL,0.25,False,26.1,MODERATE
2020,28069,Drumod,Leitrim,True,DAIRY_COW,67,AIM_LOCAL,0.25,False,26.1,MODERATE
2020,28070,Fenagh,Leitrim,True,DAIRY_COW,76,AIM_LOCAL,0.25,False,26.1,MODERATE
2020,28071,Gortermone,Leitrim,True,DAIRY_COW,101,AIM_LOCAL,0.25,False,26.1,MODERATE
2020,28072,Keeldra,Leitrim,True,DAIRY_COW,71,AIM_LOCAL,0.25,False,26.1,MODERATE
2020,28075,Rinn,Leitrim,True,DAIRY_COW,94,AIM_LOCAL,0.25,False,26.1,MODERATE
2020,28077,Roosky,Leitrim,True,DAIRY_COW,77,AIM_LOCAL,0.25,False,26.1,MODERATE
2020,29003,Castlebar Urban,Mayo,False,DAIRY_COW,103,AIM_COUNTY,0.25,False,42.4,MODERATE
2020,29005,Ardagh,Mayo,True,DAIRY_COW,137,AIM_LOCAL,0.25,False,26.1,MODERATE
2020,29006,Ardnaree North,Mayo,True,DAIRY_COW,140,CENSUS_2010,0.25,False,15.7,HIGH
2020,29007,Ardnaree South Rural,Mayo,True,DAIRY_COW,144,CENSUS_2000,0.25,False,14.7,HIGH
2020,29008,Attymass East,Mayo,True,DAIRY_COW,101,CENSUS_2010,0.25,False,15.7,HIGH
2020,29009,Attymass West,Mayo,True,DAIRY_COW,146,AIM_LOCAL,0.25,False,26.1,MODERATE
2020,29011,Ballycastle,Mayo,True,DAIRY_COW,170,AIM_LOCAL,0.25,False,26.1,MODERATE
2020,29013,Béal Deirg Mór,Mayo,True,DAIRY_COW,101,CENSUS_2010,0.25,False,15.7,HIGH
2020,29015,Carrowmore,Mayo,True,DAIRY_COW,122,AIM_LOCAL,0.25,False,26.1,MODERATE
2020,29016,Crossmolina North,Mayo,True,DAIRY_COW,125,CENSUS_2010,0.25,False,15.7,HIGH
2020,29017,Crossmolina South,Mayo,True,DAIRY_COW,140,AIM_LOCAL,0.25,False,26.1,MODERATE
2020,29018,Deel,Mayo,True,DAIRY_COW,124,AIM_LOCAL,0.25,False,26.1,MODERATE
2020,29020,Fortland,Mayo,True,DAIRY_COW,170,CENSUS_2010,0.25,False,15.7,HIGH
2020,29021,Kilfian East,Mayo,True,DAIRY_COW,195,AIM_LOCAL,0.25,False,26.1,MODERATE
2020,29022,Kilfian South,Mayo,True,DAIRY_COW,149,AIM_LOCAL,0.25,False,26.1,MODERATE
2020,29024,Kilgarvan,Mayo,True,DAIRY_COW,155,AIM_LOCAL,0.25,False,26.1,MODERATE
2020,29026,Lackan North,Mayo,True,DAIRY_COW,177,AIM_LOCAL,0.25,False,26.1,MODERATE
2020,29031,Sallymount,Mayo,True,DAIRY_COW,139,CENSUS_2010,0.25,False,15.7,HIGH
2020,29036,Burriscarra,Mayo,True,DAIRY_COW,239,AIM_LOCAL,0.25,False,26.1,MODERATE
2020,29038,Cong,Mayo,True,DAIRY_COW,115,AIM_LOCAL,0.25,False,26.1,MODERATE
2020,29041,Hollymount,Mayo,True,DAIRY_COW,148,CENSUS_2010,0.25,False,15.7,HIGH
2020,29042,Houndswood,Mayo,True,DAIRY_COW,136,CENSUS_2010,0.25,False,15.7,HIGH
2020,29048,Partraí,Mayo,True,DAIRY_COW,131,AIM_COUNTY,0.25,False,42.4,MODERATE
2020,29049,Roslee,Mayo,True,DAIRY_COW,268,AIM_LOCAL,0.25,False,26.1,MODERATE
2020,29057,Gleann Chaisil,Mayo,True,DAIRY_COW,101,CENSUS_2010,0.25,False,15.7,HIGH
2020,29066,Addergoole,Mayo,True,DAIRY_COW,121,AIM_LOCAL,0.25,False,26.1,MODERATE
2020,29067,Balla,Mayo,True,DAIRY_COW,163,AIM_LOCAL,0.25,False,26.1,MODERATE
2020,29068,Ballinafad,Mayo,True,DAIRY_COW,186,AIM_LOCAL,0.25,False,26.1,MODERATE
2020,29069,Ballyhean,Mayo,True,DAIRY_COW,141,AIM_LOCAL,0.25,False,26.1,MODERATE
2020,29071,Bellavary,Mayo,True,DAIRY_COW,123,AIM_LOCAL,0.25,False,26.1,MODERATE
2020,29075,Clogher,Mayo,True,DAIRY_COW,135,CENSUS_2000,0.25,False,14.7,HIGH
2020,29076,Cloonkeen,Mayo,True,DAIRY_COW,119,AIM_LOCAL,0.25,False,26.1,MODERATE
2020,29078,Killavally,Mayo,True,DAIRY_COW,101,CENSUS_2010,0.25,False,15.7,HIGH
2020,29079,Manulla,Mayo,True,DAIRY_COW,176,AIM_LOCAL,0.25,False,26.1,MODERATE
2020,29081,Strade,Mayo,True,DAIRY_COW,164,AIM_LOCAL,0.25,False,26.1,MODERATE
2020,29082,Tamhnaigh na Graí,Mayo,True,DAIRY_COW,110,CENSUS_2000,0.25,False,14.7,HIGH
2020,29086,Ballyhowly,Mayo,True,DAIRY_COW,152,AIM_LOCAL,0.25,False,26.1,MODERATE
2020,29087,Bekan,Mayo,True,DAIRY_COW,121,CENSUS_2010,0.25,False,15.7,HIGH
2020,29089,Claremorris,Mayo,True,DAIRY_COW,141,CENSUS_2010,0.25,False,15.7,HIGH
2020,29090,Cloghermore,Mayo,True,DAIRY_COW,101,CENSUS_2010,0.25,False,15.7,HIGH
2020,29091,Course,Mayo,True,DAIRY_COW,101,CENSUS_2010,0.25,False,15.7,HIGH
2020,29092,Crossboyne,Mayo,True,DAIRY_COW,110,AIM_LOCAL,0.25,False,26.1,MODERATE
2020,29094,Garrymore,Mayo,True,DAIRY_COW,152,CENSUS_2010,0.25,False,15.7,HIGH
2020,29096,Kilvine,Mayo,True,DAIRY_COW,147,CENSUS_2010,0.25,False,15.7,HIGH
2020,29097,Knock North,Mayo,True,DAIRY_COW,111,AIM_LOCAL,0.25,False,26.1,MODERATE
2020,29098,Knock South,Mayo,True,DAIRY_COW,171,AIM_LOCAL,0.25,False,26.1,MODERATE
2020,29099,Loughanboy,Mayo,True,DAIRY_COW,117,AIM_LOCAL,0.25,False,26.1,MODERATE
2020,29101,Murneen,Mayo,True,DAIRY_COW,114,AIM_LOCAL,0.25,False,26.1,MODERATE
2020,29102,Tagheen,Mayo,True,DAIRY_COW,102,AIM_LOCAL,0.25,False,26.1,MODERATE
2020,29107,Callow,Mayo,True,DAIRY_COW,111,AIM_LOCAL,0.25,False,26.1,MODERATE
2020,29109,Coolnaha,Mayo,True,DAIRY_COW,171,AIM_LOCAL,0.25,False,26.1,MODERATE
2020,29113,Kilkelly,Mayo,True,DAIRY_COW,118,AIM_LOCAL,0.25,False,26.1,MODERATE
2020,29116,Kiltamagh,Mayo,True,DAIRY_COW,105,AIM_LOCAL,0.25,False,26.1,MODERATE
2020,29117,Meelick,Mayo,True,DAIRY_COW,139,AIM_LOCAL,0.25,False,26.1,MODERATE
2020,29118,Sonnagh,Mayo,True,DAIRY_COW,140,AIM_LOCAL,0.25,False,26.1,MODERATE
2020,29119,Swineford,Mayo,True,DAIRY_COW,121,AIM_LOCAL,0.25,False,26.1,MODERATE
2020,29121,Toomore,Mayo,True,DAIRY_COW,101,CENSUS_2010,0.25,False,15.7,HIGH
2020,29122,Tumgesh,Mayo,True,DAIRY_COW,110,AIM_LOCAL,0.25,False,26.1,MODERATE
2020,29125,Aghagower North,Mayo,True,DAIRY_COW,111,AIM_LOCAL,0.25,False,26.1,MODERATE
2020,29127,Aillemore,Mayo,True,DAIRY_COW,108,AIM_LOCAL,0.25,False,26.1,MODERATE
2020,29135,Derryloughan,Mayo,True,DAIRY_COW,116,AIM_LOCAL,0.25,False,26.1,MODERATE
2020,29141,Islandeady,Mayo,True,DAIRY_COW,135,AIM_LOCAL,0.25,False,26.1,MODERATE
2020,29142,Kilgeever,Mayo,True,DAIRY_COW,101,CENSUS_2010,0.25,False,15.7,HIGH
2020,29143,Kilmaclasser,Mayo,True,DAIRY_COW,116,AIM_LOCAL,0.25,False,26.1,MODERATE
2020,29154,Westport Rural,Mayo,True,DAIRY_COW,118,AIM_LOCAL,0.25,False,26.1,MODERATE
2020,30001,Athlone West Rural,Roscommon,True,DAIRY_COW,104,AIM_LOCAL,0.25,False,26.1,MODERATE
2020,30003,Ballynamona,Roscommon,True,DAIRY_COW,125,AIM_LOCAL,0.25,False,26.1,MODERATE
2020,30004,Caltragh,Roscommon,True,DAIRY_COW,105,AIM_LOCAL,0.25,False,26.1,MODERATE
2020,30005,Carnagh,Roscommon,True,DAIRY_COW,131,AIM_LOCAL,0.25,False,26.1,MODERATE
2020,30006,Carrowreagh,Roscommon,True,DAIRY_COW,163,AIM_LOCAL,0.25,False,26.1,MODERATE
2020,30007,Castlesampson,Roscommon,True,DAIRY_COW,148,AIM_LOCAL,0.25,False,26.1,MODERATE
2020,3001,Ballinascorney,Dublin,True,DAIRY_COW,199,AIM_COUNTY,0.25,False,42.4,MODERATE
2020,30010,Crannagh,Roscommon,True,DAIRY_COW,121,CENSUS_2010,0.25,False,15.7,HIGH
2020,30011,Creagh,Roscommon,True,DAIRY_COW,121,AIM_LOCAL,0.25,False,26.1,MODERATE
2020,30012,Culliagh,Roscommon,True,DAIRY_COW,201,AIM_LOCAL,0.25,False,26.1,MODERATE
2020,30014,Dysart,Roscommon,True,DAIRY_COW,97,CENSUS_2010,0.25,False,15.7,HIGH
2020,30020,Taghboy,Roscommon,True,DAIRY_COW,143,AIM_LOCAL,0.25,False,26.1,MODERATE
2020,30021,Taghmaconnell,Roscommon,True,DAIRY_COW,99,AIM_LOCAL,0.25,False,26.1,MODERATE
2020,30023,Turrock,Roscommon,True,DAIRY_COW,131,AIM_LOCAL,0.25,False,26.1,MODERATE
2020,30027,Aughrim West,Roscommon,True,DAIRY_COW,139,AIM_LOCAL,0.25,False,26.1,MODERATE
2020,3003,Bohernabreena,Dublin,True,DAIRY_COW,125,CENSUS_2010,0.25,False,15.7,HIGH
2020,30030,Boyle Rural,Roscommon,True,DAIRY_COW,97,CENSUS_2010,0.25,False,15.7,HIGH
2020,30032,Breedoge,Roscommon,True,DAIRY_COW,121,AIM_LOCAL,0.25,False,26.1,MODERATE
2020,30033,Cloonteen,Roscommon,True,DAIRY_COW,122,AIM_LOCAL,0.25,False,26.1,MODERATE
2020,30035,Croghan,Roscommon,True,DAIRY_COW,168,AIM_LOCAL,0.25,False,26.1,MODERATE
2020,30036,Crossna,Roscommon,True,DAIRY_COW,102,AIM_LOCAL,0.25,False,26.1,MODERATE
2020,30037,Danesfort,Roscommon,True,DAIRY_COW,121,AIM_LOCAL,0.25,False,26.1,MODERATE
2020,3004,Clondalkin-Ballymount,Dublin,False,DAIRY_COW,25,AIM_COUNTY,0.25,False,42.4,MODERATE
2020,30042,Killukin,Roscommon,True,DAIRY_COW,97,CENSUS_2000,0.25,False,14.7,HIGH
2020,30043,Killummod,Roscommon,True,DAIRY_COW,97,CENSUS_2010,0.25,False,15.7,HIGH
2020,30046/30048,Lisgarve / Mantua,Roscommon,True,DAIRY_COW,113,CENSUS_2000,0.25,False,14.7,HIGH
2020,30051,Rushfield,Roscommon,True,DAIRY_COW,166,AIM_LOCAL,0.25,False,26.1,MODERATE
2020,30054,Tumna South,Roscommon,True,DAIRY_COW,115,AIM_LOCAL,0.25,False,26.1,MODERATE
2020,30057,Ballaghaderreen,Roscommon,True,DAIRY_COW,126,CENSUS_2000,0.25,False,14.7,HIGH
2020,30058,Ballinlough,Roscommon,True,DAIRY_COW,136,AIM_LOCAL,0.25,False,26.1,MODERATE
2020,30061,Bellanagare,Roscommon,True,DAIRY_COW,153,AIM_LOCAL,0.25,False,26.1,MODERATE
2020,30062,Buckill,Roscommon,True,DAIRY_COW,97,CENSUS_2010,0.25,False,15.7,HIGH
2020,30063,Carrowduff,Roscommon,True,DAIRY_COW,97,CENSUS_2010,0.25,False,15.7,HIGH
2020,30065,Castlereagh,Roscommon,True,DAIRY_COW,129,AIM_LOCAL,0.25,False,26.1,MODERATE
2020,30066,Castleteheen,Roscommon,True,DAIRY_COW,179,AIM_LOCAL,0.25,False,26.1,MODERATE
2020,30069,Edmondstown,Roscommon,True,DAIRY_COW,99,AIM_LOCAL,0.25,False,26.1,MODERATE
2020,30071,Frenchpark,Roscommon,True,DAIRY_COW,113,AIM_LOCAL,0.25,False,26.1,MODERATE
2020,30072,Kiltullagh,Roscommon,True,DAIRY_COW,232,AIM_LOCAL,0.25,False,26.1,MODERATE
2020,30073,Loughglinn,Roscommon,True,DAIRY_COW,101,AIM_LOCAL,0.25,False,26.1,MODERATE
2020,30075,Athleague East,Roscommon,True,DAIRY_COW,220,AIM_LOCAL,0.25,False,26.1,MODERATE
2020,30076,Athleague West,Roscommon,True,DAIRY_COW,204,AIM_LOCAL,0.25,False,26.1,MODERATE
2020,30081,Cloontuskert,Roscommon,True,DAIRY_COW,97,CENSUS_2010,0.25,False,15.7,HIGH
2020,30084,Creeve,Roscommon,True,DAIRY_COW,97,CENSUS_2010,0.25,False,15.7,HIGH
2020,30085,Cregga,Roscommon,True,DAIRY_COW,101,AIM_LOCAL,0.25,False,26.1,MODERATE
2020,30086,Drumdaff,Roscommon,True,DAIRY_COW,97,CENSUS_2010,0.25,False,15.7,HIGH
2020,30087,Dunamon,Roscommon,True,DAIRY_COW,97,CENSUS_2010,0.25,False,15.7,HIGH
2020,30089,Elphin,Roscommon,True,DAIRY_COW,97,CENSUS_2010,0.25,False,15.7,HIGH
2020,30091,Kilbride North,Roscommon,True,DAIRY_COW,129,AIM_LOCAL,0.25,False,26.1,MODERATE
2020,30092,Kilbride South,Roscommon,True,DAIRY_COW,140,AIM_LOCAL,0.25,False,26.1,MODERATE
2020,30095,Kilglass South,Roscommon,True,DAIRY_COW,97,CENSUS_2010,0.25,False,15.7,HIGH
2020,30097,Killukin,Roscommon,True,DAIRY_COW,97,CENSUS_2010,0.25,False,15.7,HIGH
2020,30099,Lackan,Roscommon,True,DAIRY_COW,143,AIM_LOCAL,0.25,False,26.1,MODERATE
2020,30100,Lismaha,Roscommon,True,DAIRY_COW,97,CENSUS_2010,0.25,False,15.7,HIGH
2020,30102,Mote,Roscommon,True,DAIRY_COW,180,AIM_LOCAL,0.25,False,26.1,MODERATE
2020,30103,Ogulla,Roscommon,True,DAIRY_COW,137,AIM_LOCAL,0.25,False,26.1,MODERATE
2020,30105,Roscommon Rural,Roscommon,True,DAIRY_COW,119,CENSUS_2000,0.25,False,14.7,HIGH
2020,30108,Rossmore,Roscommon,True,DAIRY_COW,134,AIM_LOCAL,0.25,False,26.1,MODERATE
2020,30109,Scregg,Roscommon,True,DAIRY_COW,146,AIM_LOCAL,0.25,False,26.1,MODERATE
2020,30110,Strokestown,Roscommon,True,DAIRY_COW,187,AIM_LOCAL,0.25,False,26.1,MODERATE
2020,3018,Newcastle,Dublin,True,DAIRY_COW,221,AIM_LOCAL,0.25,False,26.1,MODERATE
2020,3027,Saggart,Dublin,True,DAIRY_COW,132,AIM_LOCAL,0.25,False,26.1,MODERATE
2020,31004,Aghanagh,Sligo,True,DAIRY_COW,91,AIM_LOCAL,0.25,False,26.1,MODERATE
2020,31007,Cuilmore,Sligo,True,DAIRY_COW,100,AIM_LOCAL,0.25,False,26.1,MODERATE
2020,31011,Killaraght,Sligo,True,DAIRY_COW,106,AIM_LOCAL,0.25,False,26.1,MODERATE
2020,31012,Kilmactranny,Sligo,True,DAIRY_COW,93,AIM_LOCAL,0.25,False,26.1,MODERATE
2020,31013,Kilshalvy,Sligo,True,DAIRY_COW,158,AIM_LOCAL,0.25,False,26.1,MODERATE
2020,31015,Templevanny,Sligo,True,DAIRY_COW,93,AIM_LOCAL,0.25,False,26.1,MODERATE
2020,31016,Toomour,Sligo,True,DAIRY_COW,103,AIM_LOCAL,0.25,False,26.1,MODERATE
2020,31017,Aughris,Sligo,True,DAIRY_COW,188,AIM_LOCAL,0.25,False,26.1,MODERATE
2020,31018,Buncrowey,Sligo,True,DAIRY_COW,94,AIM_LOCAL,0.25,False,26.1,MODERATE
2020,31019,Castleconor East,Sligo,True,DAIRY_COW,116,AIM_LOCAL,0.25,False,26.1,MODERATE
2020,31022,Dromard West,Sligo,True,DAIRY_COW,87,AIM_LOCAL,0.25,False,26.1,MODERATE
2020,31023,Dromore,Sligo,True,DAIRY_COW,130,AIM_LOCAL,0.25,False,26.1,MODERATE
2020,31026,Kilglass,Sligo,True,DAIRY_COW,149,CENSUS_2010,0.25,False,15.7,HIGH
2020,31028,Rathmacurkey,Sligo,True,DAIRY_COW,124,AIM_LOCAL,0.25,False,26.1,MODERATE
2020,31029,Skreen,Sligo,True,DAIRY_COW,92,AIM_LOCAL,0.25,False,26.1,MODERATE
2020,31030,Templeboy North,Sligo,True,DAIRY_COW,122,CENSUS_2010,0.25,False,15.7,HIGH
2020,31027/31031,Templeboy South / Mullagheruse,Sligo,True,DAIRY_COW,99,CENSUS_2000,0.25,False,14.7,HIGH
2020,31032,Toberpatrick East,Sligo,True,DAIRY_COW,107,AIM_LOCAL,0.25,False,26.1,MODERATE
2020,31036,Ballymote,Sligo,True,DAIRY_COW,114,CENSUS_2010,0.25,False,15.7,HIGH
2020,31039,Ballysadare West,Sligo,True,DAIRY_COW,104,AIM_LOCAL,0.25,False,26.1,MODERATE
2020,31040,Bricklieve,Sligo,True,DAIRY_COW,97,AIM_LOCAL,0.25,False,26.1,MODERATE
2020,31041,Calry,Sligo,True,DAIRY_COW,132,AIM_LOCAL,0.25,False,26.1,MODERATE
2020,31043,Carrickbanagher,Sligo,True,DAIRY_COW,115,AIM_LOCAL,0.25,False,26.1,MODERATE
2020,31045,Cliffony South,Sligo,True,DAIRY_COW,83,CENSUS_2010,0.25,False,15.7,HIGH
2020,31046,Collooney,Sligo,True,DAIRY_COW,95,AIM_LOCAL,0.25,False,26.1,MODERATE
2020,31047,Drumcliff East,Sligo,True,DAIRY_COW,108,AIM_LOCAL,0.25,False,26.1,MODERATE
2020,31053,Knockaree,Sligo,True,DAIRY_COW,108,AIM_LOCAL,0.25,False,26.1,MODERATE
2020,31054,Lakeview,Sligo,True,DAIRY_COW,84,AIM_LOCAL,0.25,False,26.1,MODERATE
2020,31056,Lissadill East,Sligo,True,DAIRY_COW,160,CENSUS_2010,0.25,False,15.7,HIGH
2020,31057,Lissadill North,Sligo,True,DAIRY_COW,105,AIM_LOCAL,0.25,False,26.1,MODERATE
2020,31058,Lissadill West,Sligo,True,DAIRY_COW,115,CENSUS_2010,0.25,False,15.7,HIGH
2020,31059,Riverstown,Sligo,True,DAIRY_COW,122,AIM_LOCAL,0.25,False,26.1,MODERATE
2020,31061,Rossinver West,Sligo,True,DAIRY_COW,97,AIM_LOCAL,0.25,False,26.1,MODERATE
2020,31062,Achonry East,Sligo,True,DAIRY_COW,90,AIM_LOCAL,0.25,False,26.1,MODERATE
2020,31063,Achonry West,Sligo,True,DAIRY_COW,109,AIM_LOCAL,0.25,False,26.1,MODERATE
2020,31065,Annagh,Sligo,True,DAIRY_COW,137,AIM_LOCAL,0.25,False,26.1,MODERATE
2020,31066,Banada,Sligo,True,DAIRY_COW,102,CENSUS_2010,0.25,False,15.7,HIGH
2020,31068,Breencorragh,Sligo,True,DAIRY_COW,112,AIM_LOCAL,0.25,False,26.1,MODERATE
2020,31070,Cartron,Sligo,True,DAIRY_COW,127,AIM_LOCAL,0.25,False,26.1,MODERATE
2020,31072,Cloonoghill,Sligo,True,DAIRY_COW,132,AIM_LOCAL,0.25,False,26.1,MODERATE
2020,31074,Glendarragh,Sligo,True,DAIRY_COW,83,CENSUS_2010,0.25,False,15.7,HIGH
2020,31076,Kilturra,Sligo,True,DAIRY_COW,118,AIM_LOCAL,0.25,False,26.1,MODERATE
2020,31077,Leitrim,Sligo,True,DAIRY_COW,117,AIM_LOCAL,0.25,False,26.1,MODERATE
2020,31071/31078,Loughill / Cloonacool,Sligo,True,DAIRY_COW,95,CENSUS_2000,0.25,False,14.7,HIGH
2020,31079,Owenmore,Sligo,True,DAIRY_COW,96,AIM_LOCAL,0.25,False,26.1,MODERATE
2020,31080,Streamstown,Sligo,True,DAIRY_COW,103,CENSUS_2010,0.25,False,15.7,HIGH
2020,31081,Temple,Sligo,True,DAIRY_COW,97,AIM_LOCAL,0.25,False,26.1,MODERATE
2020,32008,Kingscourt,Cavan,True,DAIRY_COW,104,CENSUS_2010,0.25,False,15.7,HIGH
2020,32009,Lisagoan,Cavan,True,DAIRY_COW,186,AIM_LOCAL,0.25,False,26.1,MODERATE
2020,32020,Carn,Cavan,True,DAIRY_COW,161,AIM_LOCAL,0.25,False,26.1,MODERATE
2020,32021,Diamond,Cavan,True,DAIRY_COW,141,AIM_LOCAL,0.25,False,26.1,MODERATE
2020,32026,Swanlinbar,Cavan,True,DAIRY_COW,127,AIM_LOCAL,0.25,False,26.1,MODERATE
2020,32032,Lurgan,Cavan,True,DAIRY_COW,149,CENSUS_2010,0.25,False,15.7,HIGH
2020,32035,Ardue,Cavan,True,DAIRY_COW,130,CENSUS_2010,0.25,False,15.7,HIGH
2020,32042,Belturbet Urban,Cavan,True,DAIRY_COW,91,AIM_LOCAL,0.25,False,26.1,MODERATE
2020,32043,Bruce Hall,Cavan,True,DAIRY_COW,175,AIM_LOCAL,0.25,False,26.1,MODERATE
2020,32044,Butler's Bridge,Cavan,True,DAIRY_COW,123,AIM_LOCAL,0.25,False,26.1,MODERATE
2020,32046,Carrafin,Cavan,True,DAIRY_COW,122,CENSUS_2010,0.25,False,15.7,HIGH
2020,32047,Castlesaunderson,Cavan,True,DAIRY_COW,131,CENSUS_2010,0.25,False,15.7,HIGH
2020,32063,Grilly,Cavan,True,DAIRY_COW,145,AIM_LOCAL,0.25,False,26.1,MODERATE
2020,32064,Kilconny,Cavan,True,DAIRY_COW,121,AIM_LOCAL,0.25,False,26.1,MODERATE
2020,32075,Redhill,Cavan,True,DAIRY_COW,166,AIM_LOCAL,0.25,False,26.1,MODERATE
2020,32085,Eskey,Cavan,True,DAIRY_COW,155,AIM_COUNTY,0.25,False,42.4,MODERATE
2020,32091,Kilgolagh,Cavan,True,DAIRY_COW,126,AIM_LOCAL,0.25,False,26.1,MODERATE
2020,32092,Loughdawan,Cavan,True,DAIRY_COW,135,AIM_LOCAL,0.25,False,26.1,MODERATE
2020,32093,Scrabby,Cavan,True,DAIRY_COW,143,AIM_LOCAL,0.25,False,26.1,MODERATE
2020,33005,Ballyshannon Rural,Donegal,True,DAIRY_COW,105,CENSUS_2000,0.25,False,14.7,HIGH
2020,33006,Ballyshannon Urban,Donegal,True,DAIRY_COW,99,CENSUS_2010,0.25,False,15.7,HIGH
2020,33007,Bundoran Rural,Donegal,True,DAIRY_COW,120,CENSUS_2000,0.25,False,14.7,HIGH
2020,33008,Carrickboy,Donegal,True,DAIRY_COW,107,AIM_LOCAL,0.25,False,26.1,MODERATE
2020,33009,Cavangarden,Donegal,True,DAIRY_COW,115,AIM_LOCAL,0.25,False,26.1,MODERATE
2020,33011,Ballintra,Donegal,True,DAIRY_COW,121,CENSUS_2000,0.25,False,14.7,HIGH
2020,33019,Grousehall,Donegal,True,DAIRY_COW,70,CENSUS_2010,0.25,False,15.7,HIGH
2020,33022,Laghy,Donegal,True,DAIRY_COW,110,AIM_LOCAL,0.25,False,26.1,MODERATE
2020,33029,Ards,Donegal,True,DAIRY_COW,108,AIM_LOCAL,0.25,False,26.1,MODERATE
2020,33034,Dún Fionnachaidh,Donegal,True,DAIRY_COW,115,CENSUS_2000,0.25,False,14.7,HIGH
2020,33036,Gort an Choirce,Donegal,True,DAIRY_COW,61,CENSUS_2010,0.25,False,15.7,HIGH
2020,33042,Cró Bheithe,Donegal,True,DAIRY_COW,99,CENSUS_2010,0.25,False,15.7,HIGH
2020,33066,Ardmalin,Donegal,True,DAIRY_COW,124,AIM_LOCAL,0.25,False,26.1,MODERATE
2020,33068,Birdstown,Donegal,True,DAIRY_COW,136,AIM_LOCAL,0.25,False,26.1,MODERATE
2020,33069,Buncrana Rural,Donegal,True,DAIRY_COW,146,AIM_COUNTY,0.25,False,42.4,MODERATE
2020,33070,Burt,Donegal,True,DAIRY_COW,187,AIM_LOCAL,0.25,False,26.1,MODERATE
2020,33072,Carthage,Donegal,True,DAIRY_COW,108,AIM_LOCAL,0.25,False,26.1,MODERATE
2020,33073,Castlecary,Donegal,True,DAIRY_COW,180,AIM_LOCAL,0.25,False,26.1,MODERATE
2020,33074,Castleforward,Donegal,True,DAIRY_COW,99,CENSUS_2010,0.25,False,15.7,HIGH
2020,33075,Culdaff,Donegal,True,DAIRY_COW,131,CENSUS_2010,0.25,False,15.7,HIGH
2020,33079,Glennagannon,Donegal,True,DAIRY_COW,143,AIM_LOCAL,0.25,False,26.1,MODERATE
2020,33080,Gleneely,Donegal,True,DAIRY_COW,113,CENSUS_2000,0.25,False,14.7,HIGH
2020,33082,Greencastle,Donegal,True,DAIRY_COW,188,AIM_LOCAL,0.25,False,26.1,MODERATE
2020,33084,Inch Island,Donegal,True,DAIRY_COW,99,CENSUS_2010,0.25,False,15.7,HIGH
2020,33087,Malin,Donegal,True,DAIRY_COW,129,AIM_LOCAL,0.25,False,26.1,MODERATE
2020,33090,Newtown Cunningham,Donegal,True,DAIRY_COW,266,AIM_LOCAL,0.25,False,26.1,MODERATE
2020,33091,Redcastle,Donegal,True,DAIRY_COW,99,CENSUS_2010,0.25,False,15.7,HIGH
2020,33093,Three Trees,Donegal,True,DAIRY_COW,145,AIM_LOCAL,0.25,False,26.1,MODERATE
2020,33094,Turmone,Donegal,True,DAIRY_COW,106,AIM_LOCAL,0.25,False,26.1,MODERATE
2020,33095,Whitecastle,Donegal,True,DAIRY_COW,163,AIM_LOCAL,0.25,False,26.1,MODERATE
2020,33096,Ballymacool,Donegal,True,DAIRY_COW,99,CENSUS_2010,0.25,False,15.7,HIGH
2020,33097,Castlewray,Donegal,True,DAIRY_COW,197,AIM_LOCAL,0.25,False,26.1,MODERATE
2020,33099,Corravaddy,Donegal,True,DAIRY_COW,120,AIM_LOCAL,0.25,False,26.1,MODERATE
2020,33100,Edenacarnan,Donegal,True,DAIRY_COW,132,AIM_LOCAL,0.25,False,26.1,MODERATE
2020,33102,Gortnavern,Donegal,True,DAIRY_COW,149,AIM_LOCAL,0.25,False,26.1,MODERATE
2020,33103,Killymasny,Donegal,True,DAIRY_COW,162,AIM_LOCAL,0.25,False,26.1,MODERATE
2020,33105,Letterkenny Rural,Donegal,True,DAIRY_COW,99,CENSUS_2010,0.25,False,15.7,HIGH
2020,33107,Manorcunningham,Donegal,True,DAIRY_COW,237,AIM_LOCAL,0.25,False,26.1,MODERATE
2020,33109,Templedouglas,Donegal,True,DAIRY_COW,116,AIM_LOCAL,0.25,False,26.1,MODERATE
2020,33110,Ballyarr,Donegal,True,DAIRY_COW,107,AIM_LOCAL,0.25,False,26.1,MODERATE
2020,33114,Fánaid Thuaidh,Donegal,True,DAIRY_COW,99,CENSUS_2010,0.25,False,15.7,HIGH
2020,33115,Fánaid Thiar,Donegal,True,DAIRY_COW,168,AIM_COUNTY,0.25,False,42.4,MODERATE
2020,33117,Glenalla,Donegal,True,DAIRY_COW,117,AIM_LOCAL,0.25,False,26.1,MODERATE
2020,33118,Grianfort,Donegal,True,DAIRY_COW,99,CENSUS_2010,0.25,False,15.7,HIGH
2020,33120,Kilmacrenan,Donegal,True,DAIRY_COW,111,AIM_LOCAL,0.25,False,26.1,MODERATE
2020,33121,Cnoc Colbha,Donegal,True,DAIRY_COW,128,AIM_COUNTY,0.25,False,42.4,MODERATE
2020,33122,Loch Caol,Donegal,True,DAIRY_COW,131,CENSUS_2000,0.25,False,14.7,HIGH
2020,33125,Rathmullan,Donegal,True,DAIRY_COW,141,AIM_LOCAL,0.25,False,26.1,MODERATE
2020,33127,Rosnakill,Donegal,True,DAIRY_COW,156,AIM_LOCAL,0.25,False,26.1,MODERATE
2020,33128,An Tearmann,Donegal,True,DAIRY_COW,138,AIM_COUNTY,0.25,False,42.4,MODERATE
2020,33129,Allt na Péiste,Donegal,True,DAIRY_COW,99,CENSUS_2010,0.25,False,15.7,HIGH
2020,33131,An Clochán,Donegal,True,DAIRY_COW,109,CENSUS_2000,0.25,False,14.7,HIGH
2020,33143,Lettermore,Donegal,True,DAIRY_COW,138,AIM_LOCAL,0.25,False,26.1,MODERATE
2020,33145,Raphoe,Donegal,True,DAIRY_COW,201,AIM_LOCAL,0.25,False,26.1,MODERATE
2020,34001,Carrickmacross Urban,Monaghan,False,DAIRY_COW,87,CENSUS_2010,0.25,False,15.7,HIGH
2020,34008,Corracharra,Monaghan,True,DAIRY_COW,165,CENSUS_2010,0.25,False,15.7,HIGH
2020,34009,Crossalare,Monaghan,True,DAIRY_COW,251,CENSUS_2000,0.25,False,14.7,HIGH
2020,34012,Drumcarrow,Monaghan,True,DAIRY_COW,214,CENSUS_2010,0.25,False,15.7,HIGH
2020,34014,Enagh,Monaghan,True,DAIRY_COW,188,CENSUS_2000,0.25,False,14.7,HIGH
2020,34018,Loughfea,Monaghan,True,DAIRY_COW,176,AIM_LOCAL,0.25,False,26.1,MODERATE
2020,34045,Newbliss,Monaghan,True,DAIRY_COW,190,CENSUS_2010,0.25,False,15.7,HIGH
2020,34049,Bragan,Monaghan,True,DAIRY_COW,158,CENSUS_2010,0.25,False,15.7,HIGH
2020,34061,Killylough,Monaghan,True,DAIRY_COW,184,CENSUS_2010,0.25,False,15.7,HIGH
2020,34066,Shanmullagh,Monaghan,True,DAIRY_COW,167,AIM_LOCAL,0.25,False,26.1,MODERATE
2020,34067,Sheskin,Monaghan,True,DAIRY_COW,170,CENSUS_2010,0.25,False,15.7,HIGH
2020,4002,Balbriggan Rural,Dublin,True,DAIRY_COW,185,AIM_COUNTY,0.25,False,42.4,MODERATE
2020,4006,Ballyboghil,Dublin,True,DAIRY_COW,211,AIM_LOCAL,0.25,False,26.1,MODERATE
2020,4016,Castleknock-Knockmaroon,Dublin,True,DAIRY_COW,115,AIM_COUNTY,0.25,False,42.4,MODERATE
2020,4020,Dubber,Dublin,True,DAIRY_COW,142,AIM_COUNTY,0.25,False,42.4,MODERATE
2020,4025,Kilsallaghan,Dublin,True,DAIRY_COW,234,AIM_LOCAL,0.25,False,26.1,MODERATE
2020,4028,Lusk,Dublin,True,DAIRY_COW,173,AIM_LOCAL,0.25,False,26.1,MODERATE
2020,4037,Swords-Glasmore,Dublin,False,DAIRY_COW,25,AIM_COUNTY,0.25,False,42.4,MODERATE
2020,4038,Swords-Lissenhall,Dublin,True,DAIRY_COW,150,CENSUS_2000,0.25,False,14.7,HIGH
2020,6003,Naas Urban,Kildare,True,DAIRY_COW,217,AIM_COUNTY,0.25,False,42.4,MODERATE
2020,6004,Athy Rural,Kildare,True,DAIRY_COW,215,AIM_LOCAL,0.25,False,26.1,MODERATE
2020,6005,Ballaghmoon,Kildare,True,DAIRY_COW,187,AIM_LOCAL,0.25,False,26.1,MODERATE
2020,6007,Ballybrackan,Kildare,True,DAIRY_COW,203,AIM_COUNTY,0.25,False,42.4,MODERATE
2020,6008,Ballyshannon,Kildare,True,DAIRY_COW,258,AIM_LOCAL,0.25,False,26.1,MODERATE
2020,6009,Belan,Kildare,True,DAIRY_COW,160,CENSUS_2010,0.25,False,15.7,HIGH
2020,6010,Bert,Kildare,True,DAIRY_COW,177,AIM_LOCAL,0.25,False,26.1,MODERATE
2020,6011,Burtown,Kildare,True,DAIRY_COW,274,AIM_LOCAL,0.25,False,26.1,MODERATE
2020,6013,Castledermot,Kildare,True,DAIRY_COW,160,CENSUS_2010,0.25,False,15.7,HIGH
2020,6016,Fontstown,Kildare,True,DAIRY_COW,296,AIM_LOCAL,0.25,False,26.1,MODERATE
2020,6018,Grangemellon,Kildare,True,DAIRY_COW,231,AIM_LOCAL,0.25,False,26.1,MODERATE
2020,6020,Inchaquire,Kildare,True,DAIRY_COW,177,AIM_LOCAL,0.25,False,26.1,MODERATE
2020,6021,Johnstown,Kildare,True,DAIRY_COW,305,AIM_LOCAL,0.25,False,26.1,MODERATE
2020,6022,Kilberry,Kildare,True,DAIRY_COW,210,AIM_LOCAL,0.25,False,26.1,MODERATE
2020,6023,Kildangan,Kildare,True,DAIRY_COW,168,AIM_LOCAL,0.25,False,26.1,MODERATE
2020,6024,Kilkea,Kildare,True,DAIRY_COW,204,AIM_LOCAL,0.25,False,26.1,MODERATE
2020,6025,Kilrush,Kildare,True,DAIRY_COW,257,AIM_LOCAL,0.25,False,26.1,MODERATE
2020,6027,Monasterevin,Kildare,True,DAIRY_COW,215,AIM_LOCAL,0.25,False,26.1,MODERATE
2020,6028,Moone,Kildare,True,DAIRY_COW,259,AIM_LOCAL,0.25,False,26.1,MODERATE
2020,6029,Narraghmore,Kildare,True,DAIRY_COW,289,AIM_LOCAL,0.25,False,26.1,MODERATE
2020,6030,Nurney,Kildare,True,DAIRY_COW,211,AIM_LOCAL,0.25,False,26.1,MODERATE
2020,6031,Quinsborough,Kildare,True,DAIRY_COW,179,AIM_LOCAL,0.25,False,26.1,MODERATE
2020,6032,Skerries,Kildare,True,DAIRY_COW,237,AIM_LOCAL,0.25,False,26.1,MODERATE
2020,6034,Celbridge,Kildare,True,DAIRY_COW,304,AIM_LOCAL,0.25,False,26.1,MODERATE
2020,6036,Donadea,Kildare,True,DAIRY_COW,228,AIM_LOCAL,0.25,False,26.1,MODERATE
2020,6037,Donaghcumper,Kildare,True,DAIRY_COW,257,AIM_LOCAL,0.25,False,26.1,MODERATE
2020,6038,Kilcock,Kildare,True,DAIRY_COW,178,CENSUS_2010,0.25,False,15.7,HIGH
2020,6040,Maynooth,Kildare,True,DAIRY_COW,205,AIM_LOCAL,0.25,False,26.1,MODERATE
2020,6041,Straffan,Kildare,True,DAIRY_COW,221,AIM_LOCAL,0.25,False,26.1,MODERATE
2020,6042,Ballynadrumny,Kildare,True,DAIRY_COW,237,AIM_COUNTY,0.25,False,42.4,MODERATE
2020,6043,Cadamstown,Kildare,True,DAIRY_COW,191,CENSUS_2010,0.25,False,15.7,HIGH
2020,6044,Carbury,Kildare,True,DAIRY_COW,326,AIM_LOCAL,0.25,False,26.1,MODERATE
2020,6045,Carrick,Kildare,True,DAIRY_COW,220,AIM_LOCAL,0.25,False,26.1,MODERATE
2020,6046,Cloncurry,Kildare,True,DAIRY_COW,160,CENSUS_2000,0.25,False,14.7,HIGH
2020,6047,Drehid,Kildare,True,DAIRY_COW,196,CENSUS_2010,0.25,False,15.7,HIGH
2020,6049,Killinthomas,Kildare,True,DAIRY_COW,160,CENSUS_2010,0.25,False,15.7,HIGH
2020,6050,Kilpatrick,Kildare,True,DAIRY_COW,160,CENSUS_2010,0.25,False,15.7,HIGH
2020,6052,Lullymore,Kildare,True,DAIRY_COW,160,CENSUS_2010,0.25,False,15.7,HIGH
2020,6053,Rathangan,Kildare,True,DAIRY_COW,188,AIM_LOCAL,0.25,False,26.1,MODERATE
2020,6057,Ballysax East,Kildare,True,DAIRY_COW,181,AIM_LOCAL,0.25,False,26.1,MODERATE
2020,6058,Ballysax West,Kildare,True,DAIRY_COW,282,AIM_LOCAL,0.25,False,26.1,MODERATE
2020,6059,Bodenstown,Kildare,True,DAIRY_COW,219,AIM_LOCAL,0.25,False,26.1,MODERATE
2020,6060,Carnalway,Kildare,True,DAIRY_COW,218,AIM_LOCAL,0.25,False,26.1,MODERATE
2020,6061,Carragh,Kildare,True,DAIRY_COW,160,CENSUS_2010,0.25,False,15.7,HIGH
2020,6062,Clane,Kildare,True,DAIRY_COW,193,AIM_LOCAL,0.25,False,26.1,MODERATE
2020,6063,Donore,Kildare,True,DAIRY_COW,200,AIM_LOCAL,0.25,False,26.1,MODERATE
2020,6064,Downings,Kildare,True,DAIRY_COW,219,AIM_LOCAL,0.25,False,26.1,MODERATE
2020,6068,Feighcullen,Kildare,True,DAIRY_COW,199,AIM_LOCAL,0.25,False,26.1,MODERATE
2020,6071,Kildare,Kildare,True,DAIRY_COW,256,AIM_LOCAL,0.25,False,26.1,MODERATE
2020,6075,Kilmeage South,Kildare,True,DAIRY_COW,160,CENSUS_2010,0.25,False,15.7,HIGH
2020,6076,Kilteel,Kildare,True,DAIRY_COW,192,AIM_LOCAL,0.25,False,26.1,MODERATE
2020,6077,Ladytown,Kildare,True,DAIRY_COW,183,AIM_LOCAL,0.25,False,26.1,MODERATE
2020,6080,Newtown,Kildare,True,DAIRY_COW,186,AIM_LOCAL,0.25,False,26.1,MODERATE
2020,6081,Oldconnell,Kildare,True,DAIRY_COW,192,AIM_LOCAL,0.25,False,26.1,MODERATE
2020,6082,Oughterard,Kildare,True,DAIRY_COW,163,AIM_LOCAL,0.25,False,26.1,MODERATE
2020,6084,Rathernan,Kildare,True,DAIRY_COW,166,AIM_LOCAL,0.25,False,26.1,MODERATE
2020,6085,Rathmore,Kildare,True,DAIRY_COW,197,AIM_LOCAL,0.25,False,26.1,MODERATE
2020,6086,Robertstown,Kildare,True,DAIRY_COW,203,AIM_LOCAL,0.25,False,26.1,MODERATE
2020,6089,Usk,Kildare,True,DAIRY_COW,319,AIM_LOCAL,0.25,False,26.1,MODERATE
2020,7005,Callan Urban,Kilkenny,False,DAIRY_COW,75,AIM_COUNTY,0.25,False,42.4,MODERATE
2020,7022,Tullahought,Kilkenny,True,DAIRY_COW,430,AIM_LOCAL,0.25,False,26.1,MODERATE
2020,7037,Rosbercon Rural,Kilkenny,True,DAIRY_COW,288,AIM_LOCAL,0.25,False,26.1,MODERATE
2020,7053,Outrath,Kilkenny,True,DAIRY_COW,309,CENSUS_2010,0.25,False,15.7,HIGH
2020,7063,Ballyvool,Kilkenny,True,DAIRY_COW,297,AIM_LOCAL,0.25,False,26.1,MODERATE
2020,7065,Bramblestown,Kilkenny,True,DAIRY_COW,345,AIM_LOCAL,0.25,False,26.1,MODERATE
2020,7066,Castlebanny,Kilkenny,True,DAIRY_COW,258,AIM_LOCAL,0.25,False,26.1,MODERATE
2020,7068,Coolhill,Kilkenny,True,DAIRY_COW,281,CENSUS_2010,0.25,False,15.7,HIGH
2020,7069,Danesfort,Kilkenny,True,DAIRY_COW,372,AIM_LOCAL,0.25,False,26.1,MODERATE
2020,7071,Famma,Kilkenny,True,DAIRY_COW,377,AIM_LOCAL,0.25,False,26.1,MODERATE
2020,7073,Goresbridge,Kilkenny,True,DAIRY_COW,275,AIM_LOCAL,0.25,False,26.1,MODERATE
2020,7074,Graiguenamanagh,Kilkenny,True,DAIRY_COW,338,AIM_LOCAL,0.25,False,26.1,MODERATE
2020,7077,Kilfane,Kilkenny,True,DAIRY_COW,311,AIM_LOCAL,0.25,False,26.1,MODERATE
2020,7081,Pleberstown,Kilkenny,True,DAIRY_COW,268,AIM_LOCAL,0.25,False,26.1,MODERATE
2020,7084,Thomastown,Kilkenny,True,DAIRY_COW,307,AIM_LOCAL,0.25,False,26.1,MODERATE
2020,7085,Tullaherin,Kilkenny,True,DAIRY_COW,367,AIM_LOCAL,0.25,False,26.1,MODERATE
2020,7087,Woolengrange,Kilkenny,True,DAIRY_COW,333,AIM_COUNTY,0.25,False,42.4,MODERATE
2020,7096,Rathbeagh,Kilkenny,True,DAIRY_COW,280,CENSUS_2010,0.25,False,15.7,HIGH
2020,7102,Farnoge,Kilkenny,True,DAIRY_COW,282,CENSUS_2010,0.25,False,15.7,HIGH
2020,7106,Kilculliheen (part),Kilkenny,True,DAIRY_COW,296,AIM_COUNTY,0.25,False,42.4,MODERATE
2020,8006,Caher,Laois,True,DAIRY_COW,330,AIM_COUNTY,0.25,False,42.4,MODERATE
2020,8010,Colt,Laois,True,DAIRY_COW,258,CENSUS_2000,0.25,False,14.7,HIGH
2020,8014,Donaghmore,Laois,True,DAIRY_COW,264,CENSUS_2000,0.25,False,14.7,HIGH
2020,8021,Kilcoke,Laois,True,DAIRY_COW,352,AIM_COUNTY,0.25,False,42.4,MODERATE
2020,8022,Kildellig,Laois,True,DAIRY_COW,279,CENSUS_2010,0.25,False,15.7,HIGH
2020,8023,Killermogh,Laois,True,DAIRY_COW,298,CENSUS_2010,0.25,False,15.7,HIGH
2020,8028,Ballyadams,Laois,True,DAIRY_COW,337,AIM_LOCAL,0.25,False,26.1,MODERATE
2020,8033,Luggacurren,Laois,True,DAIRY_COW,276,CENSUS_2010,0.25,False,15.7,HIGH
2020,8035,Rathaspick,Laois,True,DAIRY_COW,282,CENSUS_2000,0.25,False,14.7,HIGH
2020,8036,Stradbally,Laois,True,DAIRY_COW,347,AIM_LOCAL,0.25,False,26.1,MODERATE
2020,8038,Timogue,Laois,True,DAIRY_COW,345,AIM_LOCAL,0.25,False,26.1,MODERATE
2020,8039,Vicarstown,Laois,True,DAIRY_COW,225,CENSUS_2010,0.25,False,15.7,HIGH
2020,8040,Arderin,Laois,True,DAIRY_COW,380,AIM_COUNTY,0.25,False,42.4,MODERATE
2020,8041,Ballybrittas,Laois,True,DAIRY_COW,314,AIM_LOCAL,0.25,False,26.1,MODERATE
2020,8042,Ballycarroll,Laois,True,DAIRY_COW,283,AIM_COUNTY,0.25,False,42.4,MODERATE
2020,8044,Borris,Laois,True,DAIRY_COW,274,CENSUS_2000,0.25,False,14.7,HIGH
2020,8051,Clondarrig,Laois,True,DAIRY_COW,292,CENSUS_2010,0.25,False,15.7,HIGH
2020,8052,Clonin,Laois,True,DAIRY_COW,418,AIM_COUNTY,0.25,False,42.4,MODERATE
2020,8053,Coolrain,Laois,True,DAIRY_COW,293,AIM_LOCAL,0.25,False,26.1,MODERATE
2020,8054,Dangans,Laois,True,DAIRY_COW,257,CENSUS_2000,0.25,False,14.7,HIGH
2020,8056,Garrymore,Laois,True,DAIRY_COW,383,AIM_COUNTY,0.25,False,42.4,MODERATE
2020,8058,Jamestown,Laois,True,DAIRY_COW,296,AIM_LOCAL,0.25,False,26.1,MODERATE
2020,8060,Kilmullen,Laois,True,DAIRY_COW,384,AIM_COUNTY,0.25,False,42.4,MODERATE
2020,8061,Kilmurry,Laois,True,DAIRY_COW,225,CENSUS_2010,0.25,False,15.7,HIGH
2020,8062,Lacka,Laois,True,DAIRY_COW,225,CENSUS_2010,0.25,False,15.7,HIGH
2020,8063,Marymount,Laois,True,DAIRY_COW,225,CENSUS_2010,0.25,False,15.7,HIGH
2020,8064,Meelick,Laois,True,DAIRY_COW,279,CENSUS_2000,0.25,False,14.7,HIGH
2020,8070,Portarlington South,Laois,True,DAIRY_COW,280,AIM_COUNTY,0.25,False,42.4,MODERATE
2020,8071,Portlaoighise (Maryborough) Rural,Laois,True,DAIRY_COW,319,CENSUS_2010,0.25,False,15.7,HIGH
2020,8072,Portlaoighise (Maryborough) Urban,Laois,False,DAIRY_COW,49,AIM_COUNTY,0.25,False,42.4,MODERATE
2020,8075,Sallyford,Laois,True,DAIRY_COW,247,CENSUS_2000,0.25,False,14.7,HIGH
2020,8077,Tinnahinch,Laois,True,DAIRY_COW,334,AIM_COUNTY,0.25,False,42.4,MODERATE
2020,8078,Trumra,Laois,True,DAIRY_COW,334,AIM_LOCAL,0.25,False,26.1,MODERATE
2020,8083,Kyle,Laois,True,DAIRY_COW,295,AIM_LOCAL,0.25,False,26.1,MODERATE
2020,8086,Moneymore,Laois,True,DAIRY_COW,323,CENSUS_2000,0.25,False,14.7,HIGH
2020,8088,Ardough,Laois,True,DAIRY_COW,225,CENSUS_2010,0.25,False,15.7,HIGH
2020,8089,Arless,Laois,True,DAIRY_COW,312,CENSUS_2010,0.25,False,15.7,HIGH
2020,8090,Ballickmoyler,Laois,True,DAIRY_COW,301,CENSUS_2010,0.25,False,15.7,HIGH
2020,8091,Ballylehane,Laois,True,DAIRY_COW,267,CENSUS_2000,0.25,False,14.7,HIGH
2020,8093,Farnans,Laois,True,DAIRY_COW,358,AIM_COUNTY,0.25,False,42.4,MODERATE
2020,8094,Graigue Rural,Laois,True,DAIRY_COW,356,AIM_COUNTY,0.25,False,42.4,MODERATE
2020,8096,Rossmore,Laois,True,DAIRY_COW,354,AIM_COUNTY,0.25,False,42.4,MODERATE
2020,8097,Shrule,Laois,True,DAIRY_COW,287,AIM_LOCAL,0.25,False,26.1,MODERATE
2020,9003,Agharra,Longford,True,DAIRY_COW,238,AIM_LOCAL,0.25,False,26.1,MODERATE
2020,9004,Ballymahon,Longford,True,DAIRY_COW,337,AIM_LOCAL,0.25,False,26.1,MODERATE
2020,9009,Foxhall,Longford,True,DAIRY_COW,140,CENSUS_2010,0.25,False,15.7,HIGH
2020,9010,Kilcommock,Longford,True,DAIRY_COW,173,AIM_LOCAL,0.25,False,26.1,MODERATE
2020,9012,Ledwithstown,Longford,True,DAIRY_COW,140,CENSUS_2010,0.25,False,15.7,HIGH
2020,9013,Abbeylara,Longford,True,DAIRY_COW,200,AIM_LOCAL,0.25,False,26.1,MODERATE
2020,9014,Ballinalee,Longford,True,DAIRY_COW,199,AIM_LOCAL,0.25,False,26.1,MODERATE
2020,9015,Ballymuigh,Longford,True,DAIRY_COW,164,AIM_LOCAL,0.25,False,26.1,MODERATE
2020,9016,Bunlahy,Longford,True,DAIRY_COW,162,AIM_LOCAL,0.25,False,26.1,MODERATE
2020,9019,Creevy,Longford,True,DAIRY_COW,175,AIM_LOCAL,0.25,False,26.1,MODERATE
2020,9020,Crosagstown,Longford,True,DAIRY_COW,178,AIM_LOCAL,0.25,False,26.1,MODERATE
2020,9023,Drummeel,Longford,True,DAIRY_COW,178,AIM_LOCAL,0.25,False,26.1,MODERATE
2020,9025,Gelshagh,Longford,True,DAIRY_COW,219,AIM_LOCAL,0.25,False,26.1,MODERATE
2020,9026,Granard Rural,Longford,True,DAIRY_COW,163,CENSUS_2000,0.25,False,14.7,HIGH
2020,9028,Knockanbaun,Longford,True,DAIRY_COW,224,AIM_LOCAL,0.25,False,26.1,MODERATE
2020,9029,Lislea,Longford,True,DAIRY_COW,161,CENSUS_2010,0.25,False,15.7,HIGH
2020,9031,Milltown,Longford,True,DAIRY_COW,173,AIM_LOCAL,0.25,False,26.1,MODERATE
2020,9038,Ardagh East,Longford,True,DAIRY_COW,201,AIM_LOCAL,0.25,False,26.1,MODERATE
2020,9039,Ardagh West,Longford,True,DAIRY_COW,198,AIM_LOCAL,0.25,False,26.1,MODERATE
2020,9041,Ballinamuck West,Longford,True,DAIRY_COW,140,CENSUS_2010,0.25,False,15.7,HIGH
2020,9043,Caldragh,Longford,True,DAIRY_COW,168,CENSUS_2010,0.25,False,15.7,HIGH
2020,9044,Cloondara,Longford,True,DAIRY_COW,252,AIM_LOCAL,0.25,False,26.1,MODERATE
2020,9046,Corboy,Longford,True,DAIRY_COW,248,AIM_LOCAL,0.25,False,26.1,MODERATE
2020,9048,Drumlish,Longford,True,DAIRY_COW,148,AIM_LOCAL,0.25,False,26.1,MODERATE
2020,9049,Killashee,Longford,True,DAIRY_COW,211,AIM_LOCAL,0.25,False,26.1,MODERATE
2020,9050,Killoe,Longford,True,DAIRY_COW,159,AIM_LOCAL,0.25,False,26.1,MODERATE
2020,9051,Longford Rural,Longford,True,DAIRY_COW,175,AIM_LOCAL,0.25,False,26.1,MODERATE
2020,9052,Mountdavis,Longford,True,DAIRY_COW,179,AIM_LOCAL,0.25,False,26.1,MODERATE
2020,9055,Rathcline,Longford,True,DAIRY_COW,172,CENSUS_2010,0.25,False,15.7,HIGH
2020,10005,Dundalk Urban No. 2,Louth,False,OTHER_COW,11,AIM_COUNTY,0.5,False,36.6,MODERATE
2020,10009,Ardee Urban,Louth,True,OTHER_COW,10,AIM_COUNTY,0.5,False,36.6,MODERATE
2020,10017,Stabannan,Louth,True,OTHER_COW,35,BLEND_2010_AIM,0.5,False,21.3,HIGH
2020,1014,Ballon,Carlow,True,OTHER_COW,81,BLEND_2010_AIM,0.5,False,21.3,HIGH
2020,1019,Carlow Rural,Carlow,True,OTHER_COW,48,CENSUS_2010,0.5,False,23.1,HIGH
2020,1034,Muinebeag (Bagenalstown) Urban,Carlow,False,OTHER_COW,30,AIM_COUNTY,0.5,False,36.6,MODERATE
2020,11001,Ceannanus Mór (Kells) Urban,Meath,False,OTHER_COW,5,COUNTY_RESIDUAL,,False,0.0,EXACT
2020,12001,Birr Urban,Offaly,True,OTHER_COW,30,AIM_LOCAL,0.5,False,20.0,HIGH
2020,12002,Tullamore Urban,Offaly,False,OTHER_COW,56,AIM_LOCAL,0.5,False,20.0,HIGH
2020,13001,Athlone East Urban,Westmeath,False,OTHER_COW,44,AIM_COUNTY,0.5,False,36.6,MODERATE
2020,13002,Athlone West Urban,Westmeath,False,OTHER_COW,43,AIM_COUNTY,0.5,False,36.6,MODERATE
2020,13003,Athlone East Rural,Westmeath,True,OTHER_COW,43,CENSUS_2010,0.5,False,23.1,HIGH
2020,13091,Mullingar South Urban,Westmeath,False,OTHER_COW,0,AIM_COUNTY,0.5,False,36.6,MODERATE
2020,14074,Dunmain,Wexford,True,OTHER_COW,58,BLEND_2010_AIM,0.5,False,21.3,HIGH
2020,14114,Lady's Island,Wexford,True,OTHER_COW,27,AIM_LOCAL,0.5,False,20.0,HIGH
2020,14123,Wexford Rural,Wexford,True,OTHER_COW,5,AIM_LOCAL,0.5,False,20.0,HIGH
2020,15001,Arklow No. 1 Urban,Wicklow,False,OTHER_COW,0,AIM_COUNTY,0.5,False,36.6,MODERATE
2020,15007,Wicklow Urban,Wicklow,False,OTHER_COW,41,AIM_COUNTY,0.5,False,36.6,MODERATE
2020,15032,Delgany,Wicklow,True,OTHER_COW,84,AIM_LOCAL,0.5,False,20.0,HIGH
2020,15033,Enniskerry,Wicklow,True,OTHER_COW,0,AIM_LOCAL,0.5,False,20.0,HIGH
2020,15036,Powerscourt,Wicklow,True,OTHER_COW,56,AIM_LOCAL,0.5,False,20.0,HIGH
2020,15057,Killiskey,Wicklow,True,OTHER_COW,95,BLEND_2010_AIM,0.5,False,21.3,HIGH
2020,16005,Kilrush Urban,Clare,True,OTHER_COW,49,CENSUS_2000,0.5,False,19.5,HIGH
2020,16088,Kilkee,Clare,True,OTHER_COW,22,AIM_LOCAL,0.5,False,20.0,HIGH
2020,17054,Shanakiel,Cork,False,OTHER_COW,0,AIM_COUNTY,0.5,False,36.6,MODERATE
2020,18005,Macroom Urban,Cork,True,OTHER_COW,51,BLEND_2010_AIM,0.5,False,21.3,HIGH
2020,18009,Skibbereen Urban,Cork,True,OTHER_COW,35,CENSUS_2010,0.5,False,23.1,HIGH
2020,18010,Youghal Urban,Cork,False,OTHER_COW,41,AIM_COUNTY,0.5,False,36.6,MODERATE
2020,18078,Bishopstown (Part Rural),Cork,False,OTHER_COW,0,AIM_COUNTY,0.5,False,36.6,MODERATE
2020,18096,Lehenagh,Cork,True,OTHER_COW,34,BLEND_2010_AIM,0.5,False,21.3,HIGH
2020,18098,Monkstown Rural,Cork,True,OTHER_COW,32,CENSUS_2010,0.5,False,23.1,HIGH
2020,18099,Monkstown Urban,Cork,True,OTHER_COW,0,AIM_COUNTY,0.5,False,36.6,MODERATE
2020,18100,Ovens,Cork,True,OTHER_COW,38,CENSUS_2010,0.5,False,23.1,HIGH
2020,18181,Ballymackean,Cork,True,OTHER_COW,48,BLEND_2010_AIM,0.5,False,21.3,HIGH
2020,18185,Cullen,Cork,True,OTHER_COW,49,CENSUS_2010,0.5,False,23.1,HIGH
2020,18188,Kilpatrick,Cork,True,OTHER_COW,0,BLEND_2010_AIM,0.5,False,21.3,HIGH
2020,18243,Streamhill,Cork,True,OTHER_COW,65,BLEND_2010_AIM,0.5,False,21.3,HIGH
2020,18253,Corkbeg,Cork,True,OTHER_COW,40,AIM_LOCAL,0.5,False,20.0,HIGH
2020,18258,Inch,Cork,True,OTHER_COW,72,BLEND_2010_AIM,0.5,False,21.3,HIGH
2020,19001,Killarney Urban,Kerry,True,OTHER_COW,59,AIM_COUNTY,0.5,False,36.6,MODERATE
2020,19002,Listowel Urban,Kerry,True,OTHER_COW,29,CENSUS_2010,0.5,False,23.1,HIGH
2020,19029,Cé Bhréanainn,Kerry,True,OTHER_COW,50,CENSUS_2000,0.5,False,19.5,HIGH
2020,19033,An Daingean,Kerry,False,OTHER_COW,0,AIM_COUNTY,0.5,False,36.6,MODERATE
2020,19034,Dún Chaoin,Kerry,True,OTHER_COW,52,CENSUS_2010,0.5,False,23.1,HIGH
2020,19156,Knockglass,Kerry,True,OTHER_COW,0,AIM_LOCAL,0.5,False,20.0,HIGH
2020,20065,Limerick North Rural,Limerick,True,OTHER_COW,66,AIM_COUNTY,0.5,False,36.6,MODERATE
2020,2079,Phoenix Park,Dublin,False,OTHER_COW,21,AIM_COUNTY,0.5,False,36.6,MODERATE
2020,21066,Limerick South Rural,Limerick,True,OTHER_COW,0,AIM_LOCAL,0.5,False,20.0,HIGH
2020,22001,Nenagh East Urban,Tipperary,True,OTHER_COW,61,AIM_COUNTY,0.5,False,36.6,MODERATE
2020,22002,Nenagh West Urban,Tipperary,True,OTHER_COW,0,AIM_COUNTY,0.5,False,36.6,MODERATE
2020,22003,Templemore,Tipperary,True,OTHER_COW,48,AIM_LOCAL,0.5,False,20.0,HIGH
2020,22062,Ballymurreen,Tipperary,True,OTHER_COW,102,BLEND_2010_AIM,0.5,False,21.3,HIGH
2020,23121,Caher,Tipperary,True,OTHER_COW,114,BLEND_2010_AIM,0.5,False,21.3,HIGH
2020,24002/24006,Ballybeg South / Ballynaneashagh,Waterford,False,OTHER_COW,0,AIM_COUNTY,0.5,False,36.6,MODERATE
2020,24014,Farranshoneen,Waterford,False,OTHER_COW,0,AIM_COUNTY,0.5,False,36.6,MODERATE
2020,24016,Gracedieu,Waterford,True,OTHER_COW,0,CENSUS_2010,0.5,False,23.1,HIGH
2020,24018,Grange South,Waterford,True,OTHER_COW,0,AIM_COUNTY,0.5,False,36.6,MODERATE
2020,25045,Georgestown,Waterford,True,OTHER_COW,55,BLEND_2010_AIM,0.5,False,21.3,HIGH
2020,25046,Kilbarrymeaden,Waterford,True,OTHER_COW,74,BLEND_2010_AIM,0.5,False,21.3,HIGH
2020,25052,Tinnasaggart,Waterford,True,OTHER_COW,48,AIM_LOCAL,0.5,False,20.0,HIGH
2020,25063,Kilwatermoy East,Waterford,True,OTHER_COW,76,BLEND_2010_AIM,0.5,False,21.3,HIGH
2020,25074,Kilbarry (Part Rural),Waterford,True,OTHER_COW,62,AIM_COUNTY,0.5,False,36.6,MODERATE
2020,25083,Tramore,Waterford,True,OTHER_COW,70,BLEND_2010_AIM,0.5,False,21.3,HIGH
2020,25085,Ardmore,Waterford,True,OTHER_COW,53,CENSUS_2010,0.5,False,23.1,HIGH
2020,26001,Ballybaan,Galway,False,OTHER_COW,22,AIM_COUNTY,0.5,False,36.6,MODERATE
2020,26002,Baile an Bhriotaihg,Galway,False,OTHER_COW,12,AIM_COUNTY,0.5,False,36.6,MODERATE
2020,26015,Rahoon,Galway,True,OTHER_COW,18,CENSUS_2010,0.5,False,23.1,HIGH
2020,27128,Loughrea Urban,Galway,False,OTHER_COW,12,AIM_COUNTY,0.5,False,36.6,MODERATE
2020,27156,Leitir Breacáin,Galway,True,OTHER_COW,26,CENSUS_2000,0.5,False,19.5,HIGH
2020,27160,An Ros,Galway,True,OTHER_COW,19,CENSUS_2010,0.5,False,23.1,HIGH
2020,27216,Tuam Urban,Galway,False,OTHER_COW,11,AIM_COUNTY,0.5,False,36.6,MODERATE
2020,29003,Castlebar Urban,Mayo,False,OTHER_COW,0,CENSUS_2000,0.5,False,19.5,HIGH
2020,29136,Dumha Éige,Mayo,True,OTHER_COW,10,CENSUS_2010,0.5,False,23.1,HIGH
2020,29139,Erriff,Mayo,True,OTHER_COW,16,AIM_LOCAL,0.5,False,20.0,HIGH
2020,3011,Edmondstown,Dublin,False,OTHER_COW,28,AIM_COUNTY,0.5,False,36.6,MODERATE
2020,3017,Lucan-St. Helen's,Dublin,False,OTHER_COW,50,AIM_COUNTY,0.5,False,36.6,MODERATE
2020,3028,Tallaght-Avonbeg,Dublin,True,OTHER_COW,21,AIM_COUNTY,0.5,False,36.6,MODERATE
2020,3034,Tallaght-Kilnamanagh,Dublin,False,OTHER_COW,21,AIM_COUNTY,0.5,False,36.6,MODERATE
2020,3035,Tallaght-Kiltipper,Dublin,False,OTHER_COW,21,AIM_COUNTY,0.5,False,36.6,MODERATE
2020,31003,Sligo West,Sligo,False,OTHER_COW,44,COUNTY_RESIDUAL,,False,0.0,EXACT
2020,32051,Cootehill Urban,Cavan,False,OTHER_COW,34,COUNTY_RESIDUAL,,False,0.0,EXACT
2020,33001,Buncrana Urban,Donegal,True,OTHER_COW,12,CENSUS_2000,0.5,False,19.5,HIGH
2020,33040,Ard an Rátha,Donegal,True,OTHER_COW,7,AIM_COUNTY,0.5,False,36.6,MODERATE
2020,33046,An Dúchoraidh,Donegal,True,OTHER_COW,11,CENSUS_2000,0.5,False,19.5,HIGH
2020,33054,Inis Caoil,Donegal,True,OTHER_COW,11,CENSUS_2000,0.5,False,19.5,HIGH
2020,33062,Málainn Bhig,Donegal,True,OTHER_COW,11,CENSUS_2010,0.5,False,23.1,HIGH
2020,34001,Carrickmacross Urban,Monaghan,False,OTHER_COW,7,CENSUS_2010,0.5,True,23.1,HIGH
2020,34022,Ballybay Urban,Monaghan,False,OTHER_COW,26,AIM_COUNTY,0.5,True,36.6,MODERATE
2020,4001,Airport,Dublin,False,OTHER_COW,21,AIM_COUNTY,0.5,False,36.6,MODERATE
2020,4008,Blanchardstown-Abbotstown,Dublin,False,OTHER_COW,21,AIM_COUNTY,0.5,False,36.6,MODERATE
2020,4016,Castleknock-Knockmaroon,Dublin,True,OTHER_COW,0,AIM_COUNTY,0.5,False,36.6,MODERATE
2020,4020,Dubber,Dublin,True,OTHER_COW,4,CENSUS_2010,0.5,False,23.1,HIGH
2020,4026,Kinsaley,Dublin,False,OTHER_COW,38,AIM_COUNTY,0.5,False,36.6,MODERATE
2020,4027,Lucan North,Dublin,False,OTHER_COW,21,AIM_COUNTY,0.5,False,36.6,MODERATE
2020,4029,Malahide East,Dublin,False,OTHER_COW,20,AIM_COUNTY,0.5,False,36.6,MODERATE
2020,4036,Swords-Forrest,Dublin,False,OTHER_COW,20,AIM_COUNTY,0.5,False,36.6,MODERATE
2020,4038,Swords-Lissenhall,Dublin,True,OTHER_COW,77,AIM_COUNTY,0.5,False,36.6,MODERATE
2020,4041,The Ward,Dublin,True,OTHER_COW,44,AIM_COUNTY,0.5,False,36.6,MODERATE
2020,5007,Ballybrack,Dublin,False,OTHER_COW,20,AIM_COUNTY,0.5,False,36.6,MODERATE
2020,5038,Dundrum-Kilmacud,Dublin,False,OTHER_COW,19,AIM_COUNTY,0.5,False,36.6,MODERATE
2020,5069,Tibradden,Dublin,True,OTHER_COW,24,AIM_COUNTY,0.5,False,36.6,MODERATE
2020,6005,Ballaghmoon,Kildare,True,OTHER_COW,60,BLEND_2010_AIM,0.5,False,21.3,HIGH
2020,6014,Churchtown,Kildare,True,OTHER_COW,68,BLEND_2010_AIM,0.5,False,21.3,HIGH
2020,6015,Dunmanoge,Kildare,True,OTHER_COW,45,BLEND_2010_AIM,0.5,False,21.3,HIGH
2020,6018,Grangemellon,Kildare,True,OTHER_COW,96,BLEND_2010_AIM,0.5,False,21.3,HIGH
2020,6021,Johnstown,Kildare,True,OTHER_COW,92,BLEND_2010_AIM,0.5,False,21.3,HIGH
2020,6022,Kilberry,Kildare,True,OTHER_COW,78,BLEND_2010_AIM,0.5,False,21.3,HIGH
2020,6039,Leixlip,Kildare,True,OTHER_COW,93,AIM_LOCAL,0.5,False,20.0,HIGH
2020,6052,Lullymore,Kildare,True,OTHER_COW,47,AIM_LOCAL,0.5,False,20.0,HIGH
2020,6088,Timahoe South,Kildare,True,OTHER_COW,57,AIM_LOCAL,0.5,False,20.0,HIGH
2020,7023,Whitechurch,Kilkenny,True,OTHER_COW,131,BLEND_2010_AIM,0.5,False,21.3,HIGH
2020,7106,Kilculliheen (part),Kilkenny,True,OTHER_COW,85,AIM_COUNTY,0.5,False,36.6,MODERATE
2020,8013,Cullenagh,Laois,True,OTHER_COW,78,CENSUS_2010,0.5,False,23.1,HIGH
2020,8031,Curraclone,Laois,True,OTHER_COW,39,BLEND_2010_AIM,0.5,False,21.3,HIGH
2020,8039,Vicarstown,Laois,True,OTHER_COW,62,BLEND_2010_AIM,0.5,False,21.3,HIGH
2020,8042,Ballycarroll,Laois,True,OTHER_COW,44,CENSUS_2010,0.5,False,23.1,HIGH
2020,8066,Mountmellick Urban,Laois,False,OTHER_COW,31,CENSUS_2000,0.5,False,19.5,HIGH
2020,8072,Portlaoighise (Maryborough) Urban,Laois,False,OTHER_COW,0,AIM_COUNTY,0.5,False,36.6,MODERATE
2020,10014,Dromiskin,Louth,True,TOTAL_SHEEP,408,EQUAL_SPLIT,0.0,False,26.9,MODERATE
2020,10020,Barronstown,Louth,True,TOTAL_SHEEP,408,EQUAL_SPLIT,0.0,False,26.9,MODERATE
2020,10023,Castletown,Louth,True,TOTAL_SHEEP,408,EQUAL_SPLIT,0.0,False,26.9,MODERATE
2020,10027,Dundalk Rural,Louth,True,TOTAL_SHEEP,408,EQUAL_SPLIT,0.0,False,26.9,MODERATE
2020,10032,Killanny,Louth,True,TOTAL_SHEEP,407,EQUAL_SPLIT,0.0,False,26.9,MODERATE
2020,10038,Dysart,Louth,True,TOTAL_SHEEP,407,EQUAL_SPLIT,0.0,False,26.9,MODERATE
2020,10041,St. Peter's,Louth,True,TOTAL_SHEEP,407,EQUAL_SPLIT,0.0,False,26.9,MODERATE
2020,10042,Termonfeckin,Louth,True,TOTAL_SHEEP,407,EQUAL_SPLIT,0.0,False,26.9,MODERATE
2020,1018,Burton Hall,Carlow,True,TOTAL_SHEEP,248,EQUAL_SPLIT,0.0,False,26.9,MODERATE
2020,1019,Carlow Rural,Carlow,True,TOTAL_SHEEP,247,EQUAL_SPLIT,0.0,False,26.9,MODERATE
2020,1020,Clogrenan,Carlow,True,TOTAL_SHEEP,247,EQUAL_SPLIT,0.0,False,26.9,MODERATE
2020,1034,Muinebeag (Bagenalstown) Urban,Carlow,False,TOTAL_SHEEP,247,EQUAL_SPLIT,0.0,False,26.9,MODERATE
2020,11022,Boherboy,Meath,True,TOTAL_SHEEP,603,EQUAL_SPLIT,0.0,False,26.9,MODERATE
2020,11037,Newtown,Meath,True,TOTAL_SHEEP,603,EQUAL_SPLIT,0.0,False,26.9,MODERATE
2020,11058,Slane,Meath,True,TOTAL_SHEEP,603,EQUAL_SPLIT,0.0,False,26.9,MODERATE
2020,11083,Kilcooly,Meath,True,TOTAL_SHEEP,603,EQUAL_SPLIT,0.0,False,26.9,MODERATE
2020,12001,Birr Urban,Offaly,True,TOTAL_SHEEP,495,EQUAL_SPLIT,0.0,False,26.9,MODERATE
2020,12005,Birr Rural,Offaly,True,TOTAL_SHEEP,495,EQUAL_SPLIT,0.0,False,26.9,MODERATE
2020,12008,Clonmacnoise,Offaly,True,TOTAL_SHEEP,495,EQUAL_SPLIT,0.0,False,26.9,MODERATE
2020,12014,Eglish,Offaly,True,TOTAL_SHEEP,494,EQUAL_SPLIT,0.0,False,26.9,MODERATE
2020,12015,Ferbane,Offaly,True,TOTAL_SHEEP,494,EQUAL_SPLIT,0.0,False,26.9,MODERATE
2020,12017,Hinds,Offaly,True,TOTAL_SHEEP,494,EQUAL_SPLIT,0.0,False,26.9,MODERATE
2020,12021,Killyon,Offaly,True,TOTAL_SHEEP,494,EQUAL_SPLIT,0.0,False,26.9,MODERATE
2020,12026,Lumcloon,Offaly,True,TOTAL_SHEEP,494,EQUAL_SPLIT,0.0,False,26.9,MODERATE
2020,12031,Shannonbridge,Offaly,True,TOTAL_SHEEP,494,EQUAL_SPLIT,0.0,False,26.9,MODERATE
2020,12032,Shannonharbour,Offaly,True,TOTAL_SHEEP,494,EQUAL_SPLIT,0.0,False,26.9,MODERATE
2020,12035,Ballyburly,Offaly,True,TOTAL_SHEEP,494,EQUAL_SPLIT,0.0,False,26.9,MODERATE
2020,12042,Edenderry Urban,Offaly,True,TOTAL_SHEEP,494,EQUAL_SPLIT,0.0,False,26.9,MODERATE
2020,12044,Knockdrin,Offaly,True,TOTAL_SHEEP,494,EQUAL_SPLIT,0.0,False,26.9,MODERATE
2020,12045,Monasteroris,Offaly,True,TOTAL_SHEEP,494,EQUAL_SPLIT,0.0,False,26.9,MODERATE
2020,12047,Ballincor,Offaly,True,TOTAL_SHEEP,494,EQUAL_SPLIT,0.0,False,26.9,MODERATE
2020,12048,Barna,Offaly,True,TOTAL_SHEEP,494,EQUAL_SPLIT,0.0,False,26.9,MODERATE
2020,12049,Cangort,Offaly,True,TOTAL_SHEEP,494,EQUAL_SPLIT,0.0,False,26.9,MODERATE
2020,12055,Roscomroe,Offaly,True,TOTAL_SHEEP,494,EQUAL_SPLIT,0.0,False,26.9,MODERATE
2020,12065,Daingean,Offaly,True,TOTAL_SHEEP,494,EQUAL_SPLIT,0.0,False,26.9,MODERATE
2020,12066,Derrycooley,Offaly,True,TOTAL_SHEEP,494,EQUAL_SPLIT,0.0,False,26.9,MODERATE
2020,12070,Hammerlane,Offaly,True,TOTAL_SHEEP,494,EQUAL_SPLIT,0.0,False,26.9,MODERATE
2020,12077,O'Dempsey,Offaly,True,TOTAL_SHEEP,494,EQUAL_SPLIT,0.0,False,26.9,MODERATE
2020,12080,Raheenakeeran,Offaly,True,TOTAL_SHEEP,494,EQUAL_SPLIT,0.0,False,26.9,MODERATE
2020,12081,Rathfeston,Offaly,True,TOTAL_SHEEP,494,EQUAL_SPLIT,0.0,False,26.9,MODERATE
2020,12083,Screggan,Offaly,True,TOTAL_SHEEP,494,EQUAL_SPLIT,0.0,False,26.9,MODERATE
2020,12085,Tinamuck,Offaly,True,TOTAL_SHEEP,494,EQUAL_SPLIT,0.0,False,26.9,MODERATE
2020,12087,Tullamore Rural,Offaly,True,TOTAL_SHEEP,494,EQUAL_SPLIT,0.0,False,26.9,MODERATE
2020,13002,Athlone West Urban,Westmeath,False,TOTAL_SHEEP,417,EQUAL_SPLIT,0.0,False,26.9,MODERATE
2020,13014,Moydrum,Westmeath,True,TOTAL_SHEEP,417,EQUAL_SPLIT,0.0,False,26.9,MODERATE
2020,13016,Tubbrit,Westmeath,True,TOTAL_SHEEP,417,EQUAL_SPLIT,0.0,False,26.9,MODERATE
2020,13023,Piercetown,Westmeath,True,TOTAL_SHEEP,417,EQUAL_SPLIT,0.0,False,26.9,MODERATE
2020,13024,Templepatrick,Westmeath,True,TOTAL_SHEEP,416,EQUAL_SPLIT,0.0,False,26.9,MODERATE
2020,13036,Ballynaskeagh,Westmeath,True,TOTAL_SHEEP,416,EQUAL_SPLIT,0.0,False,26.9,MODERATE
2020,13041,Delvin,Westmeath,True,TOTAL_SHEEP,416,EQUAL_SPLIT,0.0,False,26.9,MODERATE
2020,13046,Kilcumny,Westmeath,True,TOTAL_SHEEP,416,EQUAL_SPLIT,0.0,False,26.9,MODERATE
2020,13050,Kinturk,Westmeath,True,TOTAL_SHEEP,416,EQUAL_SPLIT,0.0,False,26.9,MODERATE
2020,13060,Castle,Westmeath,True,TOTAL_SHEEP,416,EQUAL_SPLIT,0.0,False,26.9,MODERATE
2020,13067,Derrymore,Westmeath,True,TOTAL_SHEEP,416,EQUAL_SPLIT,0.0,False,26.9,MODERATE
2020,13076,Hopestown,Westmeath,True,TOTAL_SHEEP,416,EQUAL_SPLIT,0.0,False,26.9,MODERATE
2020,13077,Huntingdon,Westmeath,True,TOTAL_SHEEP,416,EQUAL_SPLIT,0.0,False,26.9,MODERATE
2020,13086,Lauree,Westmeath,True,TOTAL_SHEEP,416,EQUAL_SPLIT,0.0,False,26.9,MODERATE
2020,13088,Milltown,Westmeath,True,TOTAL_SHEEP,416,EQUAL_SPLIT,0.0,False,26.9,MODERATE
2020,13089,Mullingar Rural,Westmeath,True,TOTAL_SHEEP,416,EQUAL_SPLIT,0.0,False,26.9,MODERATE
2020,13094,Owel,Westmeath,True,TOTAL_SHEEP,416,EQUAL_SPLIT,0.0,False,26.9,MODERATE
2020,14008,Ballycarney,Wexford,True,TOTAL_SHEEP,585,EQUAL_SPLIT,0.0,False,26.9,MODERATE
2020,14011,Ballymore,Wexford,True,TOTAL_SHEEP,585,EQUAL_SPLIT,0.0,False,26.9,MODERATE
2020,14053,Huntingtown,Wexford,True,TOTAL_SHEEP,585,EQUAL_SPLIT,0.0,False,26.9,MODERATE
2020,14067,Ballyhack,Wexford,True,TOTAL_SHEEP,585,EQUAL_SPLIT,0.0,False,26.9,MODERATE
2020,14074,Dunmain,Wexford,True,TOTAL_SHEEP,585,EQUAL_SPLIT,0.0,False,26.9,MODERATE
2020,14075,Fethard,Wexford,True,TOTAL_SHEEP,585,EQUAL_SPLIT,0.0,False,26.9,MODERATE
2020,14084,Old Ross,Wexford,True,TOTAL_SHEEP,585,EQUAL_SPLIT,0.0,False,26.9,MODERATE
2020,14086,Rochestown,Wexford,True,TOTAL_SHEEP,585,EQUAL_SPLIT,0.0,False,26.9,MODERATE
2020,14093,Ardcolm,Wexford,True,TOTAL_SHEEP,585,EQUAL_SPLIT,0.0,False,26.9,MODERATE
2020,14094,Artramon,Wexford,True,TOTAL_SHEEP,585,EQUAL_SPLIT,0.0,False,26.9,MODERATE
2020,14095,Aughwilliam,Wexford,True,TOTAL_SHEEP,585,EQUAL_SPLIT,0.0,False,26.9,MODERATE
2020,14099,Carrick,Wexford,True,TOTAL_SHEEP,585,EQUAL_SPLIT,0.0,False,26.9,MODERATE
2020,14100,Drinagh,Wexford,True,TOTAL_SHEEP,585,EQUAL_SPLIT,0.0,False,26.9,MODERATE
2020,14102,Forth,Wexford,True,TOTAL_SHEEP,585,EQUAL_SPLIT,0.0,False,26.9,MODERATE
2020,14103,Glynn,Wexford,True,TOTAL_SHEEP,585,EQUAL_SPLIT,0.0,False,26.9,MODERATE
2020,14104,Harperstown,Wexford,True,TOTAL_SHEEP,585,EQUAL_SPLIT,0.0,False,26.9,MODERATE
2020,14108,Killag,Wexford,True,TOTAL_SHEEP,585,EQUAL_SPLIT,0.0,False,26.9,MODERATE
2020,14109,Killinick,Wexford,True,TOTAL_SHEEP,585,EQUAL_SPLIT,0.0,False,26.9,MODERATE
2020,14112,Kilpatrick,Wexford,True,TOTAL_SHEEP,585,EQUAL_SPLIT,0.0,False,26.9,MODERATE
2020,14113,Kilscoran,Wexford,True,TOTAL_SHEEP,584,EQUAL_SPLIT,0.0,False,26.9,MODERATE
2020,14114,Lady's Island,Wexford,True,TOTAL_SHEEP,584,EQUAL_SPLIT,0.0,False,26.9,MODERATE
2020,14116,Newcastle,Wexford,True,TOTAL_SHEEP,584,EQUAL_SPLIT,0.0,False,26.9,MODERATE
2020,14118,Rosslare,Wexford,True,TOTAL_SHEEP,584,EQUAL_SPLIT,0.0,False,26.9,MODERATE
2020,14119,St. Helen's,Wexford,True,TOTAL_SHEEP,584,EQUAL_SPLIT,0.0,False,26.9,MODERATE
2020,14120,Tacumshin,Wexford,True,TOTAL_SHEEP,584,EQUAL_SPLIT,0.0,False,26.9,MODERATE
2020,14122,Tomhaggard,Wexford,True,TOTAL_SHEEP,584,EQUAL_SPLIT,0.0,False,26.9,MODERATE
2020,14123,Wexford Rural,Wexford,True,TOTAL_SHEEP,584,EQUAL_SPLIT,0.0,False,26.9,MODERATE
2020,15026,Stratford,Wicklow,True,TOTAL_SHEEP,710,COUNTY_RESIDUAL,,False,0.0,EXACT
2020,16007,Carran,Clare,True,TOTAL_SHEEP,146,EQUAL_SPLIT,0.0,False,26.9,MODERATE
2020,16009,Derreen,Clare,True,TOTAL_SHEEP,146,EQUAL_SPLIT,0.0,False,26.9,MODERATE
2020,16016,Rathborney,Clare,True,TOTAL_SHEEP,146,EQUAL_SPLIT,0.0,False,26.9,MODERATE
2020,16030,Drumline,Clare,True,TOTAL_SHEEP,146,EQUAL_SPLIT,0.0,False,26.9,MODERATE
2020,16034,Kilcloher,Clare,True,TOTAL_SHEEP,146,EQUAL_SPLIT,0.0,False,26.9,MODERATE
2020,16035,Killanniv,Clare,True,TOTAL_SHEEP,146,EQUAL_SPLIT,0.0,False,26.9,MODERATE
2020,16036,Killone,Clare,True,TOTAL_SHEEP,146,EQUAL_SPLIT,0.0,False,26.9,MODERATE
2020,16038,Kilraghtis,Clare,True,TOTAL_SHEEP,146,EQUAL_SPLIT,0.0,False,26.9,MODERATE
2020,16044,Tomfinlough,Clare,True,TOTAL_SHEEP,146,EQUAL_SPLIT,0.0,False,26.9,MODERATE
2020,16046,Annagh,Clare,True,TOTAL_SHEEP,146,EQUAL_SPLIT,0.0,False,26.9,MODERATE
2020,16047,Ballagh,Clare,True,TOTAL_SHEEP,146,EQUAL_SPLIT,0.0,False,26.9,MODERATE
2020,16050,Ballyvaskin,Clare,True,TOTAL_SHEEP,146,EQUAL_SPLIT,0.0,False,26.9,MODERATE
2020,16052,Cloonanaha,Clare,True,TOTAL_SHEEP,146,EQUAL_SPLIT,0.0,False,26.9,MODERATE
2020,16053,Clooney,Clare,True,TOTAL_SHEEP,146,EQUAL_SPLIT,0.0,False,26.9,MODERATE
2020,16055,Formoyle,Clare,True,TOTAL_SHEEP,146,EQUAL_SPLIT,0.0,False,26.9,MODERATE
2020,16058,Killilagh,Clare,True,TOTAL_SHEEP,146,EQUAL_SPLIT,0.0,False,26.9,MODERATE
2020,16059,Kilshanny,Clare,True,TOTAL_SHEEP,146,EQUAL_SPLIT,0.0,False,26.9,MODERATE
2020,16061,Lurraga,Clare,True,TOTAL_SHEEP,146,EQUAL_SPLIT,0.0,False,26.9,MODERATE
2020,16062,Magherareagh,Clare,True,TOTAL_SHEEP,146,EQUAL_SPLIT,0.0,False,26.9,MODERATE
2020,16063,Milltown Malbay,Clare,True,TOTAL_SHEEP,146,EQUAL_SPLIT,0.0,False,26.9,MODERATE
2020,16065,Smithstown,Clare,True,TOTAL_SHEEP,146,EQUAL_SPLIT,0.0,False,26.9,MODERATE
2020,16066,Ballynacally,Clare,True,TOTAL_SHEEP,146,EQUAL_SPLIT,0.0,False,26.9,MODERATE
2020,16068,Coolmeen,Clare,True,TOTAL_SHEEP,146,EQUAL_SPLIT,0.0,False,26.9,MODERATE
2020,16070,Kilfiddane,Clare,True,TOTAL_SHEEP,146,EQUAL_SPLIT,0.0,False,26.9,MODERATE
2020,16072,Killofin,Clare,True,TOTAL_SHEEP,146,EQUAL_SPLIT,0.0,False,26.9,MODERATE
2020,16074,Liscasey,Clare,True,TOTAL_SHEEP,146,EQUAL_SPLIT,0.0,False,26.9,MODERATE
2020,16076,Rinealon,Clare,True,TOTAL_SHEEP,146,EQUAL_SPLIT,0.0,False,26.9,MODERATE
2020,16078,Cloonadrum,Clare,True,TOTAL_SHEEP,146,EQUAL_SPLIT,0.0,False,26.9,MODERATE
2020,16081,Creegh,Clare,True,TOTAL_SHEEP,146,EQUAL_SPLIT,0.0,False,26.9,MODERATE
2020,16083,Drumellihy,Clare,True,TOTAL_SHEEP,146,EQUAL_SPLIT,0.0,False,26.9,MODERATE
2020,16084,Einagh,Clare,True,TOTAL_SHEEP,146,EQUAL_SPLIT,0.0,False,26.9,MODERATE
2020,16087,Kilfearagh,Clare,True,TOTAL_SHEEP,145,EQUAL_SPLIT,0.0,False,26.9,MODERATE
2020,16088,Kilkee,Clare,True,TOTAL_SHEEP,145,EQUAL_SPLIT,0.0,False,26.9,MODERATE
2020,16089,Killard,Clare,True,TOTAL_SHEEP,145,EQUAL_SPLIT,0.0,False,26.9,MODERATE
2020,16092,Kilmurry,Clare,True,TOTAL_SHEEP,145,EQUAL_SPLIT,0.0,False,26.9,MODERATE
2020,16093,Kilrush Rural,Clare,True,TOTAL_SHEEP,145,EQUAL_SPLIT,0.0,False,26.9,MODERATE
2020,16094,Knock,Clare,True,TOTAL_SHEEP,145,EQUAL_SPLIT,0.0,False,26.9,MODERATE
2020,16097,Moveen,Clare,True,TOTAL_SHEEP,145,EQUAL_SPLIT,0.0,False,26.9,MODERATE
2020,16098,Moyarta,Clare,True,TOTAL_SHEEP,145,EQUAL_SPLIT,0.0,False,26.9,MODERATE
2020,16099,Mullagh,Clare,True,TOTAL_SHEEP,145,EQUAL_SPLIT,0.0,False,26.9,MODERATE
2020,16104,Tullycreen,Clare,True,TOTAL_SHEEP,145,EQUAL_SPLIT,0.0,False,26.9,MODERATE
2020,16106,Ballyglass,Clare,True,TOTAL_SHEEP,145,EQUAL_SPLIT,0.0,False,26.9,MODERATE
2020,16107,Cappavilla,Clare,True,TOTAL_SHEEP,145,EQUAL_SPLIT,0.0,False,26.9,MODERATE
2020,16108,Castlecrine,Clare,True,TOTAL_SHEEP,145,EQUAL_SPLIT,0.0,False,26.9,MODERATE
2020,16109,Cloghera,Clare,True,TOTAL_SHEEP,145,EQUAL_SPLIT,0.0,False,26.9,MODERATE
2020,16110,Cloontra,Clare,True,TOTAL_SHEEP,145,EQUAL_SPLIT,0.0,False,26.9,MODERATE
2020,16111,Cratloe,Clare,True,TOTAL_SHEEP,145,EQUAL_SPLIT,0.0,False,26.9,MODERATE
2020,16112,Fahymore,Clare,True,TOTAL_SHEEP,145,EQUAL_SPLIT,0.0,False,26.9,MODERATE
2020,16113,Killeely,Clare,True,TOTAL_SHEEP,145,EQUAL_SPLIT,0.0,False,26.9,MODERATE
2020,16114,Killokennedy,Clare,True,TOTAL_SHEEP,145,EQUAL_SPLIT,0.0,False,26.9,MODERATE
2020,16116,Kiltenanlea,Clare,True,TOTAL_SHEEP,145,EQUAL_SPLIT,0.0,False,26.9,MODERATE
2020,16117,Lackareagh,Clare,True,TOTAL_SHEEP,145,EQUAL_SPLIT,0.0,False,26.9,MODERATE
2020,16118,Mountievers,Clare,True,TOTAL_SHEEP,145,EQUAL_SPLIT,0.0,False,26.9,MODERATE
2020,16119,O'Briensbridge,Clare,True,TOTAL_SHEEP,145,EQUAL_SPLIT,0.0,False,26.9,MODERATE
2020,16120,Ayle,Clare,True,TOTAL_SHEEP,145,EQUAL_SPLIT,0.0,False,26.9,MODERATE
2020,16121,Boherglass,Clare,True,TOTAL_SHEEP,145,EQUAL_SPLIT,0.0,False,26.9,MODERATE
2020,16122,Caherhurley,Clare,True,TOTAL_SHEEP,145,EQUAL_SPLIT,0.0,False,26.9,MODERATE
2020,16124,Cappaghabaun,Clare,True,TOTAL_SHEEP,145,EQUAL_SPLIT,0.0,False,26.9,MODERATE
2020,16125,Carrowbaun,Clare,True,TOTAL_SHEEP,145,EQUAL_SPLIT,0.0,False,26.9,MODERATE
2020,16127,Coolreagh,Clare,True,TOTAL_SHEEP,145,EQUAL_SPLIT,0.0,False,26.9,MODERATE
2020,16123/16128,Corlea / Cahermurphy,Clare,True,TOTAL_SHEEP,145,EQUAL_SPLIT,0.0,False,26.9,MODERATE
2020,16129,Derrynagittagh,Clare,True,TOTAL_SHEEP,145,EQUAL_SPLIT,0.0,False,26.9,MODERATE
2020,16131,Feakle,Clare,True,TOTAL_SHEEP,145,EQUAL_SPLIT,0.0,False,26.9,MODERATE
2020,16132/16133,Inishcaltra North / Inishcaltra South,Clare,True,TOTAL_SHEEP,145,EQUAL_SPLIT,0.0,False,26.9,MODERATE
2020,16135,Mountshannon,Clare,True,TOTAL_SHEEP,145,EQUAL_SPLIT,0.0,False,26.9,MODERATE
2020,16136,Ogonnelloe,Clare,True,TOTAL_SHEEP,145,EQUAL_SPLIT,0.0,False,26.9,MODERATE
2020,16139,Ballynahinch,Clare,True,TOTAL_SHEEP,145,EQUAL_SPLIT,0.0,False,26.9,MODERATE
2020,16140,Caher,Clare,True,TOTAL_SHEEP,145,EQUAL_SPLIT,0.0,False,26.9,MODERATE
2020,16143,Glendree,Clare,True,TOTAL_SHEEP,145,EQUAL_SPLIT,0.0,False,26.9,MODERATE
2020,16145,Killanena,Clare,True,TOTAL_SHEEP,145,EQUAL_SPLIT,0.0,False,26.9,MODERATE
2020,16146,Killuran,Clare,True,TOTAL_SHEEP,145,EQUAL_SPLIT,0.0,False,26.9,MODERATE
2020,16149,Loughea,Clare,True,TOTAL_SHEEP,145,EQUAL_SPLIT,0.0,False,26.9,MODERATE
2020,16150,Newgrove,Clare,True,TOTAL_SHEEP,145,EQUAL_SPLIT,0.0,False,26.9,MODERATE
2020,16153,Rossroe,Clare,True,TOTAL_SHEEP,145,EQUAL_SPLIT,0.0,False,26.9,MODERATE
2020,16154,Toberbreeda,Clare,True,TOTAL_SHEEP,145,EQUAL_SPLIT,0.0,False,26.9,MODERATE
2020,16155,Tulla,Clare,True,TOTAL_SHEEP,145,EQUAL_SPLIT,0.0,False,26.9,MODERATE
2020,18005,Macroom Urban,Cork,True,TOTAL_SHEEP,225,EQUAL_SPLIT,0.0,False,26.9,MODERATE
2020,18011,Ballinadee,Cork,True,TOTAL_SHEEP,225,EQUAL_SPLIT,0.0,False,26.9,MODERATE
2020,18013,Ballymodan,Cork,True,TOTAL_SHEEP,225,EQUAL_SPLIT,0.0,False,26.9,MODERATE
2020,18014,Ballymurphy,Cork,True,TOTAL_SHEEP,225,EQUAL_SPLIT,0.0,False,26.9,MODERATE
2020,18016,Baurleigh,Cork,True,TOTAL_SHEEP,225,EQUAL_SPLIT,0.0,False,26.9,MODERATE
2020,18017,Bengour,Cork,True,TOTAL_SHEEP,225,EQUAL_SPLIT,0.0,False,26.9,MODERATE
2020,18018,Boulteen,Cork,True,TOTAL_SHEEP,225,EQUAL_SPLIT,0.0,False,26.9,MODERATE
2020,18019,Brinny,Cork,True,TOTAL_SHEEP,225,EQUAL_SPLIT,0.0,False,26.9,MODERATE
2020,18021,Inishannon,Cork,True,TOTAL_SHEEP,225,EQUAL_SPLIT,0.0,False,26.9,MODERATE
2020,18022,Kilbonane,Cork,True,TOTAL_SHEEP,225,EQUAL_SPLIT,0.0,False,26.9,MODERATE
2020,18023,Kilbrittain,Cork,True,TOTAL_SHEEP,225,EQUAL_SPLIT,0.0,False,26.9,MODERATE
2020,18024,Kilbrogan,Cork,True,TOTAL_SHEEP,225,EQUAL_SPLIT,0.0,False,26.9,MODERATE
2020,18025,Knockavilly,Cork,True,TOTAL_SHEEP,225,EQUAL_SPLIT,0.0,False,26.9,MODERATE
2020,18026,Knockroe,Cork,True,TOTAL_SHEEP,225,EQUAL_SPLIT,0.0,False,26.9,MODERATE
2020,18027,Moviddy,Cork,True,TOTAL_SHEEP,225,EQUAL_SPLIT,0.0,False,26.9,MODERATE
2020,18028,Murragh,Cork,True,TOTAL_SHEEP,225,EQUAL_SPLIT,0.0,False,26.9,MODERATE
2020,18029,Rathclarin,Cork,True,TOTAL_SHEEP,225,EQUAL_SPLIT,0.0,False,26.9,MODERATE
2020,18030,Teadies,Cork,True,TOTAL_SHEEP,225,EQUAL_SPLIT,0.0,False,26.9,MODERATE
2020,18031,Templemartin,Cork,True,TOTAL_SHEEP,224,EQUAL_SPLIT,0.0,False,26.9,MODERATE
2020,18054,Abbeymahon,Cork,True,TOTAL_SHEEP,224,EQUAL_SPLIT,0.0,False,26.9,MODERATE
2020,18055,Ardfield,Cork,True,TOTAL_SHEEP,224,EQUAL_SPLIT,0.0,False,26.9,MODERATE
2020,18056,Argideen,Cork,True,TOTAL_SHEEP,224,EQUAL_SPLIT,0.0,False,26.9,MODERATE
2020,18057,Butlerstown,Cork,True,TOTAL_SHEEP,224,EQUAL_SPLIT,0.0,False,26.9,MODERATE
2020,18058,Cahermore,Cork,True,TOTAL_SHEEP,224,EQUAL_SPLIT,0.0,False,26.9,MODERATE
2020,18059,Castleventry,Cork,True,TOTAL_SHEEP,224,EQUAL_SPLIT,0.0,False,26.9,MODERATE
2020,18060,Clonakilty Rural,Cork,True,TOTAL_SHEEP,224,EQUAL_SPLIT,0.0,False,26.9,MODERATE
2020,18061,Coolcraheen,Cork,True,TOTAL_SHEEP,224,EQUAL_SPLIT,0.0,False,26.9,MODERATE
2020,18062,Courtmacsherry,Cork,True,TOTAL_SHEEP,224,EQUAL_SPLIT,0.0,False,26.9,MODERATE
2020,18063,Derry,Cork,True,TOTAL_SHEEP,224,EQUAL_SPLIT,0.0,False,26.9,MODERATE
2020,18064,Kilkerranmore,Cork,True,TOTAL_SHEEP,224,EQUAL_SPLIT,0.0,False,26.9,MODERATE
2020,18065,Kilmaloda East,Cork,True,TOTAL_SHEEP,224,EQUAL_SPLIT,0.0,False,26.9,MODERATE
2020,18066,Kilmaloda West,Cork,True,TOTAL_SHEEP,224,EQUAL_SPLIT,0.0,False,26.9,MODERATE
2020,18067,Kilmoylerane,Cork,True,TOTAL_SHEEP,224,EQUAL_SPLIT,0.0,False,26.9,MODERATE
2020,18070,Rathbarry,Cork,True,TOTAL_SHEEP,224,EQUAL_SPLIT,0.0,False,26.9,MODERATE
2020,18071,Rosscarbery,Cork,True,TOTAL_SHEEP,224,EQUAL_SPLIT,0.0,False,26.9,MODERATE
2020,18072,Rossmore,Cork,True,TOTAL_SHEEP,224,EQUAL_SPLIT,0.0,False,26.9,MODERATE
2020,18073,Templeomalus,Cork,True,TOTAL_SHEEP,224,EQUAL_SPLIT,0.0,False,26.9,MODERATE
2020,18074,Timoleague,Cork,True,TOTAL_SHEEP,224,EQUAL_SPLIT,0.0,False,26.9,MODERATE
2020,18075,Ballincollig,Cork,True,TOTAL_SHEEP,224,EQUAL_SPLIT,0.0,False,26.9,MODERATE
2020,18076,Ballygarvan,Cork,True,TOTAL_SHEEP,224,EQUAL_SPLIT,0.0,False,26.9,MODERATE
2020,18079,Blackpool,Cork,True,TOTAL_SHEEP,224,EQUAL_SPLIT,0.0,False,26.9,MODERATE
2020,18080,Blarney,Cork,True,TOTAL_SHEEP,224,EQUAL_SPLIT,0.0,False,26.9,MODERATE
2020,18081,Caherlag,Cork,True,TOTAL_SHEEP,224,EQUAL_SPLIT,0.0,False,26.9,MODERATE
2020,18082,Carrigaline,Cork,True,TOTAL_SHEEP,224,EQUAL_SPLIT,0.0,False,26.9,MODERATE
2020,18083,Carrignavar,Cork,True,TOTAL_SHEEP,224,EQUAL_SPLIT,0.0,False,26.9,MODERATE
2020,18084,Carrigrohane Beg,Cork,True,TOTAL_SHEEP,224,EQUAL_SPLIT,0.0,False,26.9,MODERATE
2020,18085,Cobh Rural,Cork,True,TOTAL_SHEEP,224,EQUAL_SPLIT,0.0,False,26.9,MODERATE
2020,18086,Douglas,Cork,True,TOTAL_SHEEP,224,EQUAL_SPLIT,0.0,False,26.9,MODERATE
2020,18087,Dripsey,Cork,True,TOTAL_SHEEP,224,EQUAL_SPLIT,0.0,False,26.9,MODERATE
2020,18088,Dunderrow,Cork,True,TOTAL_SHEEP,224,EQUAL_SPLIT,0.0,False,26.9,MODERATE
2020,18089,Firmount,Cork,True,TOTAL_SHEEP,224,EQUAL_SPLIT,0.0,False,26.9,MODERATE
2020,18090,Glenville,Cork,True,TOTAL_SHEEP,224,EQUAL_SPLIT,0.0,False,26.9,MODERATE
2020,18091,Greenfort,Cork,True,TOTAL_SHEEP,224,EQUAL_SPLIT,0.0,False,26.9,MODERATE
2020,18092,Inishkenny,Cork,True,TOTAL_SHEEP,224,EQUAL_SPLIT,0.0,False,26.9,MODERATE
2020,18093,Killeagh,Cork,True,TOTAL_SHEEP,224,EQUAL_SPLIT,0.0,False,26.9,MODERATE
2020,18094,Knockantota,Cork,True,TOTAL_SHEEP,224,EQUAL_SPLIT,0.0,False,26.9,MODERATE
2020,18097,Matehy,Cork,True,TOTAL_SHEEP,224,EQUAL_SPLIT,0.0,False,26.9,MODERATE
2020,18098,Monkstown Rural,Cork,True,TOTAL_SHEEP,224,EQUAL_SPLIT,0.0,False,26.9,MODERATE
2020,18101,Rathcooney (Part Rural),Cork,True,TOTAL_SHEEP,224,EQUAL_SPLIT,0.0,False,26.9,MODERATE
2020,18102,Riverstown,Cork,True,TOTAL_SHEEP,224,EQUAL_SPLIT,0.0,False,26.9,MODERATE
2020,18103,St. Mary's (Part Rural),Cork,True,TOTAL_SHEEP,224,EQUAL_SPLIT,0.0,False,26.9,MODERATE
2020,18106,Ballingurteen,Cork,True,TOTAL_SHEEP,224,EQUAL_SPLIT,0.0,False,26.9,MODERATE
2020,18107,Ballymoney,Cork,True,TOTAL_SHEEP,224,EQUAL_SPLIT,0.0,False,26.9,MODERATE
2020,18113,Drinagh,Cork,True,TOTAL_SHEEP,224,EQUAL_SPLIT,0.0,False,26.9,MODERATE
2020,18114,Dunmanway North,Cork,True,TOTAL_SHEEP,224,EQUAL_SPLIT,0.0,False,26.9,MODERATE
2020,18115,Dunmanway South,Cork,True,TOTAL_SHEEP,224,EQUAL_SPLIT,0.0,False,26.9,MODERATE
2020,18117,Kinneigh,Cork,True,TOTAL_SHEEP,224,EQUAL_SPLIT,0.0,False,26.9,MODERATE
2020,18118,Manch,Cork,True,TOTAL_SHEEP,224,EQUAL_SPLIT,0.0,False,26.9,MODERATE
2020,18121,Aghern,Cork,True,TOTAL_SHEEP,224,EQUAL_SPLIT,0.0,False,26.9,MODERATE
2020,18124,Carrig,Cork,True,TOTAL_SHEEP,224,EQUAL_SPLIT,0.0,False,26.9,MODERATE
2020,18126,Castle Hyde,Cork,True,TOTAL_SHEEP,224,EQUAL_SPLIT,0.0,False,26.9,MODERATE
2020,18127,Castlelyons,Cork,True,TOTAL_SHEEP,224,EQUAL_SPLIT,0.0,False,26.9,MODERATE
2020,18128,Castletownroche,Cork,True,TOTAL_SHEEP,224,EQUAL_SPLIT,0.0,False,26.9,MODERATE
2020,18131,Fermoy Rural,Cork,True,TOTAL_SHEEP,224,EQUAL_SPLIT,0.0,False,26.9,MODERATE
2020,18132,Glanworth East,Cork,True,TOTAL_SHEEP,224,EQUAL_SPLIT,0.0,False,26.9,MODERATE
2020,18133,Glanworth West,Cork,True,TOTAL_SHEEP,224,EQUAL_SPLIT,0.0,False,26.9,MODERATE
2020,18137,Kilcummer,Cork,True,TOTAL_SHEEP,224,EQUAL_SPLIT,0.0,False,26.9,MODERATE
2020,18138,Kildinan,Cork,True,TOTAL_SHEEP,224,EQUAL_SPLIT,0.0,False,26.9,MODERATE
2020,18141,Knockmourne,Cork,True,TOTAL_SHEEP,224,EQUAL_SPLIT,0.0,False,26.9,MODERATE
2020,18142,Leitrim,Cork,True,TOTAL_SHEEP,224,EQUAL_SPLIT,0.0,False,26.9,MODERATE
2020,18144,Watergrasshill,Cork,True,TOTAL_SHEEP,224,EQUAL_SPLIT,0.0,False,26.9,MODERATE
2020,18145,Allow,Cork,True,TOTAL_SHEEP,224,EQUAL_SPLIT,0.0,False,26.9,MODERATE
2020,18146,Ballyhoolahan,Cork,True,TOTAL_SHEEP,224,EQUAL_SPLIT,0.0,False,26.9,MODERATE
2020,18150,Bawncross,Cork,True,TOTAL_SHEEP,224,EQUAL_SPLIT,0.0,False,26.9,MODERATE
2020,18151,Boherboy,Cork,True,TOTAL_SHEEP,224,EQUAL_SPLIT,0.0,False,26.9,MODERATE
2020,18152,Castlecor,Cork,True,TOTAL_SHEEP,224,EQUAL_SPLIT,0.0,False,26.9,MODERATE
2020,18153,Castlemagner,Cork,True,TOTAL_SHEEP,224,EQUAL_SPLIT,0.0,False,26.9,MODERATE
2020,18154,Clonfert East,Cork,True,TOTAL_SHEEP,224,EQUAL_SPLIT,0.0,False,26.9,MODERATE
2020,18155,Clonfert West,Cork,True,TOTAL_SHEEP,224,EQUAL_SPLIT,0.0,False,26.9,MODERATE
2020,18156,Clonmeen,Cork,True,TOTAL_SHEEP,224,EQUAL_SPLIT,0.0,False,26.9,MODERATE
2020,18157,Coolclogh,Cork,True,TOTAL_SHEEP,224,EQUAL_SPLIT,0.0,False,26.9,MODERATE
2020,18158,Dromina,Cork,True,TOTAL_SHEEP,224,EQUAL_SPLIT,0.0,False,26.9,MODERATE
2020,18160,Gortmore,Cork,True,TOTAL_SHEEP,224,EQUAL_SPLIT,0.0,False,26.9,MODERATE
2020,18161,Greenane,Cork,True,TOTAL_SHEEP,224,EQUAL_SPLIT,0.0,False,26.9,MODERATE
2020,18162,Kanturk,Cork,True,TOTAL_SHEEP,224,EQUAL_SPLIT,0.0,False,26.9,MODERATE
2020,18163,Kilbrin,Cork,True,TOTAL_SHEEP,224,EQUAL_SPLIT,0.0,False,26.9,MODERATE
2020,18165,Knockatooan,Cork,True,TOTAL_SHEEP,224,EQUAL_SPLIT,0.0,False,26.9,MODERATE
2020,18170,Newmarket,Cork,True,TOTAL_SHEEP,224,EQUAL_SPLIT,0.0,False,26.9,MODERATE
2020,18171,Newtown,Cork,True,TOTAL_SHEEP,224,EQUAL_SPLIT,0.0,False,26.9,MODERATE
2020,18172,Roskeen,Cork,True,TOTAL_SHEEP,224,EQUAL_SPLIT,0.0,False,26.9,MODERATE
2020,18174,Rowls,Cork,True,TOTAL_SHEEP,224,EQUAL_SPLIT,0.0,False,26.9,MODERATE
2020,18175,Tincoora,Cork,True,TOTAL_SHEEP,224,EQUAL_SPLIT,0.0,False,26.9,MODERATE
2020,18176,Tullylease,Cork,True,TOTAL_SHEEP,224,EQUAL_SPLIT,0.0,False,26.9,MODERATE
2020,18177,Williamstown,Cork,True,TOTAL_SHEEP,224,EQUAL_SPLIT,0.0,False,26.9,MODERATE
2020,18179,Ballyfeard,Cork,True,TOTAL_SHEEP,224,EQUAL_SPLIT,0.0,False,26.9,MODERATE
2020,18180,Ballyfoyle,Cork,True,TOTAL_SHEEP,224,EQUAL_SPLIT,0.0,False,26.9,MODERATE
2020,18183,Carrigaline,Cork,True,TOTAL_SHEEP,224,EQUAL_SPLIT,0.0,False,26.9,MODERATE
2020,18184,Coolmain,Cork,True,TOTAL_SHEEP,224,EQUAL_SPLIT,0.0,False,26.9,MODERATE
2020,18185,Cullen,Cork,True,TOTAL_SHEEP,224,EQUAL_SPLIT,0.0,False,26.9,MODERATE
2020,18187,Kilmonoge,Cork,True,TOTAL_SHEEP,224,EQUAL_SPLIT,0.0,False,26.9,MODERATE
2020,18189,Kinsale Rural,Cork,True,TOTAL_SHEEP,224,EQUAL_SPLIT,0.0,False,26.9,MODERATE
2020,18191,Laherne,Cork,True,TOTAL_SHEEP,224,EQUAL_SPLIT,0.0,False,26.9,MODERATE
2020,18192,Leighmoney,Cork,True,TOTAL_SHEEP,224,EQUAL_SPLIT,0.0,False,26.9,MODERATE
2020,18193,Liscleary,Cork,True,TOTAL_SHEEP,224,EQUAL_SPLIT,0.0,False,26.9,MODERATE
2020,18196,Templemichael,Cork,True,TOTAL_SHEEP,224,EQUAL_SPLIT,0.0,False,26.9,MODERATE
2020,18198,Aglish,Cork,True,TOTAL_SHEEP,224,EQUAL_SPLIT,0.0,False,26.9,MODERATE
2020,18200,Ceann Droma,Cork,True,TOTAL_SHEEP,224,EQUAL_SPLIT,0.0,False,26.9,MODERATE
2020,18201,Cannaway,Cork,True,TOTAL_SHEEP,224,EQUAL_SPLIT,0.0,False,26.9,MODERATE
2020,18204,Clonmoyle,Cork,True,TOTAL_SHEEP,224,EQUAL_SPLIT,0.0,False,26.9,MODERATE
2020,18207,Gowlane,Cork,True,TOTAL_SHEEP,224,EQUAL_SPLIT,0.0,False,26.9,MODERATE
2020,18208,Greenville,Cork,True,TOTAL_SHEEP,224,EQUAL_SPLIT,0.0,False,26.9,MODERATE
2020,18214,Magourney,Cork,True,TOTAL_SHEEP,224,EQUAL_SPLIT,0.0,False,26.9,MODERATE
2020,18220,Warrenscourt,Cork,True,TOTAL_SHEEP,224,EQUAL_SPLIT,0.0,False,26.9,MODERATE
2020,18221,Ardskeagh,Cork,True,TOTAL_SHEEP,224,EQUAL_SPLIT,0.0,False,26.9,MODERATE
2020,18222,Ballyclogh,Cork,True,TOTAL_SHEEP,224,EQUAL_SPLIT,0.0,False,26.9,MODERATE
2020,18225,Caherduggan,Cork,True,TOTAL_SHEEP,224,EQUAL_SPLIT,0.0,False,26.9,MODERATE
2020,18228,Clenor,Cork,True,TOTAL_SHEEP,224,EQUAL_SPLIT,0.0,False,26.9,MODERATE
2020,18230,Dromore,Cork,True,TOTAL_SHEEP,224,EQUAL_SPLIT,0.0,False,26.9,MODERATE
2020,18231,Imphrick,Cork,True,TOTAL_SHEEP,224,EQUAL_SPLIT,0.0,False,26.9,MODERATE
2020,18232,Kilmaclenine,Cork,True,TOTAL_SHEEP,224,EQUAL_SPLIT,0.0,False,26.9,MODERATE
2020,18234,Liscarroll,Cork,True,TOTAL_SHEEP,224,EQUAL_SPLIT,0.0,False,26.9,MODERATE
2020,18235,Mallow Rural,Cork,True,TOTAL_SHEEP,224,EQUAL_SPLIT,0.0,False,26.9,MODERATE
2020,18236,Milltown,Cork,True,TOTAL_SHEEP,224,EQUAL_SPLIT,0.0,False,26.9,MODERATE
2020,18237,Monanimy,Cork,True,TOTAL_SHEEP,224,EQUAL_SPLIT,0.0,False,26.9,MODERATE
2020,18239,Rathluirc,Cork,True,TOTAL_SHEEP,224,EQUAL_SPLIT,0.0,False,26.9,MODERATE
2020,18240,Shanballymore,Cork,True,TOTAL_SHEEP,224,EQUAL_SPLIT,0.0,False,26.9,MODERATE
2020,18242,Springfort,Cork,True,TOTAL_SHEEP,224,EQUAL_SPLIT,0.0,False,26.9,MODERATE
2020,18243,Streamhill,Cork,True,TOTAL_SHEEP,224,EQUAL_SPLIT,0.0,False,26.9,MODERATE
2020,18244,Templemary,Cork,True,TOTAL_SHEEP,224,EQUAL_SPLIT,0.0,False,26.9,MODERATE
2020,18245,Wallstown,Cork,True,TOTAL_SHEEP,224,EQUAL_SPLIT,0.0,False,26.9,MODERATE
2020,18247,Ballycottin,Cork,True,TOTAL_SHEEP,224,EQUAL_SPLIT,0.0,False,26.9,MODERATE
2020,18248,Ballyspillane,Cork,True,TOTAL_SHEEP,224,EQUAL_SPLIT,0.0,False,26.9,MODERATE
2020,18251,Clonmult,Cork,True,TOTAL_SHEEP,224,EQUAL_SPLIT,0.0,False,26.9,MODERATE
2020,18253,Corkbeg,Cork,True,TOTAL_SHEEP,224,EQUAL_SPLIT,0.0,False,26.9,MODERATE
2020,18254,Dangan,Cork,True,TOTAL_SHEEP,224,EQUAL_SPLIT,0.0,False,26.9,MODERATE
2020,18255,Dungourney,Cork,True,TOTAL_SHEEP,224,EQUAL_SPLIT,0.0,False,26.9,MODERATE
2020,18256,Garryvoe,Cork,True,TOTAL_SHEEP,224,EQUAL_SPLIT,0.0,False,26.9,MODERATE
2020,18262,Rostellan,Cork,True,TOTAL_SHEEP,224,EQUAL_SPLIT,0.0,False,26.9,MODERATE
2020,18264,Templenacarriga,Cork,True,TOTAL_SHEEP,224,EQUAL_SPLIT,0.0,False,26.9,MODERATE
2020,18267,Crinnaloo,Cork,True,TOTAL_SHEEP,224,EQUAL_SPLIT,0.0,False,26.9,MODERATE
2020,18268,Cullen,Cork,True,TOTAL_SHEEP,224,EQUAL_SPLIT,0.0,False,26.9,MODERATE
2020,18269,Derragh,Cork,True,TOTAL_SHEEP,224,EQUAL_SPLIT,0.0,False,26.9,MODERATE
2020,18270,Doonasleen,Cork,True,TOTAL_SHEEP,224,EQUAL_SPLIT,0.0,False,26.9,MODERATE
2020,18271,Drishane,Cork,True,TOTAL_SHEEP,224,EQUAL_SPLIT,0.0,False,26.9,MODERATE
2020,18272,Keale,Cork,True,TOTAL_SHEEP,224,EQUAL_SPLIT,0.0,False,26.9,MODERATE
2020,18273,Kilcorney,Cork,True,TOTAL_SHEEP,224,EQUAL_SPLIT,0.0,False,26.9,MODERATE
2020,18274,Knocknagree,Cork,True,TOTAL_SHEEP,224,EQUAL_SPLIT,0.0,False,26.9,MODERATE
2020,18275,Rathcool,Cork,True,TOTAL_SHEEP,224,EQUAL_SPLIT,0.0,False,26.9,MODERATE
2020,18276,Skagh,Cork,True,TOTAL_SHEEP,224,EQUAL_SPLIT,0.0,False,26.9,MODERATE
2020,18278,Derryvillane,Cork,True,TOTAL_SHEEP,224,EQUAL_SPLIT,0.0,False,26.9,MODERATE
2020,18279,Farahy,Cork,True,TOTAL_SHEEP,224,EQUAL_SPLIT,0.0,False,26.9,MODERATE
2020,18280,Kildorrery,Cork,True,TOTAL_SHEEP,224,EQUAL_SPLIT,0.0,False,26.9,MODERATE
2020,18281,Kilgullane,Cork,True,TOTAL_SHEEP,224,EQUAL_SPLIT,0.0,False,26.9,MODERATE
2020,18282,Kilphelan,Cork,True,TOTAL_SHEEP,224,EQUAL_SPLIT,0.0,False,26.9,MODERATE
2020,18283,Marshalstown,Cork,True,TOTAL_SHEEP,224,EQUAL_SPLIT,0.0,False,26.9,MODERATE
2020,18285,Templemolaga,Cork,True,TOTAL_SHEEP,224,EQUAL_SPLIT,0.0,False,26.9,MODERATE
2020,18286,Aghadown North,Cork,True,TOTAL_SHEEP,224,EQUAL_SPLIT,0.0,False,26.9,MODERATE
2020,18287,Aghadown South,Cork,True,TOTAL_SHEEP,224,EQUAL_SPLIT,0.0,False,26.9,MODERATE
2020,18288,Bredagh,Cork,True,TOTAL_SHEEP,224,EQUAL_SPLIT,0.0,False,26.9,MODERATE
2020,18291,Carrigbaun,Cork,True,TOTAL_SHEEP,224,EQUAL_SPLIT,0.0,False,26.9,MODERATE
2020,18293,Castlehaven South,Cork,True,TOTAL_SHEEP,224,EQUAL_SPLIT,0.0,False,26.9,MODERATE
2020,18294,Cloghdonnell,Cork,True,TOTAL_SHEEP,224,EQUAL_SPLIT,0.0,False,26.9,MODERATE
2020,18295,Cloonkeen,Cork,True,TOTAL_SHEEP,224,EQUAL_SPLIT,0.0,False,26.9,MODERATE
2020,18299,Garranes,Cork,True,TOTAL_SHEEP,224,EQUAL_SPLIT,0.0,False,26.9,MODERATE
2020,18301,Kilfaughnabeg,Cork,True,TOTAL_SHEEP,224,EQUAL_SPLIT,0.0,False,26.9,MODERATE
2020,18302,Killeenleagh,Cork,True,TOTAL_SHEEP,224,EQUAL_SPLIT,0.0,False,26.9,MODERATE
2020,18303,Knockskagh,Cork,True,TOTAL_SHEEP,224,EQUAL_SPLIT,0.0,False,26.9,MODERATE
2020,18304,Myross,Cork,True,TOTAL_SHEEP,224,EQUAL_SPLIT,0.0,False,26.9,MODERATE
2020,18305,Shreelane,Cork,True,TOTAL_SHEEP,224,EQUAL_SPLIT,0.0,False,26.9,MODERATE
2020,18307,Tullagh,Cork,True,TOTAL_SHEEP,224,EQUAL_SPLIT,0.0,False,26.9,MODERATE
2020,18308,Woodfort,Cork,True,TOTAL_SHEEP,224,EQUAL_SPLIT,0.0,False,26.9,MODERATE
2020,18310,Ballydehob,Cork,True,TOTAL_SHEEP,224,EQUAL_SPLIT,0.0,False,26.9,MODERATE
2020,18311,Coolagh,Cork,True,TOTAL_SHEEP,224,EQUAL_SPLIT,0.0,False,26.9,MODERATE
2020,18315,Goleen,Cork,True,TOTAL_SHEEP,224,EQUAL_SPLIT,0.0,False,26.9,MODERATE
2020,18316,Kilcoe,Cork,True,TOTAL_SHEEP,224,EQUAL_SPLIT,0.0,False,26.9,MODERATE
2020,18317,Lowertown,Cork,True,TOTAL_SHEEP,224,EQUAL_SPLIT,0.0,False,26.9,MODERATE
2020,18319,Toormore,Cork,True,TOTAL_SHEEP,224,EQUAL_SPLIT,0.0,False,26.9,MODERATE
2020,18320,Ardagh,Cork,True,TOTAL_SHEEP,224,EQUAL_SPLIT,0.0,False,26.9,MODERATE
2020,18322,Kilcronat,Cork,True,TOTAL_SHEEP,224,EQUAL_SPLIT,0.0,False,26.9,MODERATE
2020,18325,Youghal Rural,Cork,True,TOTAL_SHEEP,224,EQUAL_SPLIT,0.0,False,26.9,MODERATE
2020,19033,An Daingean,Kerry,False,TOTAL_SHEEP,127,EQUAL_SPLIT,0.0,False,26.9,MODERATE
2020,19062,Aghadoe,Kerry,True,TOTAL_SHEEP,127,EQUAL_SPLIT,0.0,False,26.9,MODERATE
2020,19072,Currans,Kerry,True,TOTAL_SHEEP,127,EQUAL_SPLIT,0.0,False,26.9,MODERATE
2020,19093,Ardagh,Kerry,True,TOTAL_SHEEP,127,EQUAL_SPLIT,0.0,False,26.9,MODERATE
2020,19094,Astee,Kerry,True,TOTAL_SHEEP,127,EQUAL_SPLIT,0.0,False,26.9,MODERATE
2020,19095,Ballincloher,Kerry,True,TOTAL_SHEEP,127,EQUAL_SPLIT,0.0,False,26.9,MODERATE
2020,19099,Ballyhorgan,Kerry,True,TOTAL_SHEEP,127,EQUAL_SPLIT,0.0,False,26.9,MODERATE
2020,19100,Beal,Kerry,True,TOTAL_SHEEP,127,EQUAL_SPLIT,0.0,False,26.9,MODERATE
2020,19101,Carrig,Kerry,True,TOTAL_SHEEP,127,EQUAL_SPLIT,0.0,False,26.9,MODERATE
2020,19102,Causeway,Kerry,True,TOTAL_SHEEP,127,EQUAL_SPLIT,0.0,False,26.9,MODERATE
2020,19103,Cloontubbrid,Kerry,True,TOTAL_SHEEP,127,EQUAL_SPLIT,0.0,False,26.9,MODERATE
2020,19104,Drommartin,Kerry,True,TOTAL_SHEEP,127,EQUAL_SPLIT,0.0,False,26.9,MODERATE
2020,19105,Duagh,Kerry,True,TOTAL_SHEEP,127,EQUAL_SPLIT,0.0,False,26.9,MODERATE
2020,19106,Ennismore,Kerry,True,TOTAL_SHEEP,126,EQUAL_SPLIT,0.0,False,26.9,MODERATE
2020,19107,Gullane,Kerry,True,TOTAL_SHEEP,126,EQUAL_SPLIT,0.0,False,26.9,MODERATE
2020,19108,Gunsborough,Kerry,True,TOTAL_SHEEP,126,EQUAL_SPLIT,0.0,False,26.9,MODERATE
2020,19109,Kilfeighny,Kerry,True,TOTAL_SHEEP,126,EQUAL_SPLIT,0.0,False,26.9,MODERATE
2020,19111,Killury,Kerry,True,TOTAL_SHEEP,126,EQUAL_SPLIT,0.0,False,26.9,MODERATE
2020,19112,Kilmeany,Kerry,True,TOTAL_SHEEP,126,EQUAL_SPLIT,0.0,False,26.9,MODERATE
2020,19113,Kilshenane,Kerry,True,TOTAL_SHEEP,126,EQUAL_SPLIT,0.0,False,26.9,MODERATE
2020,19116,Lislaughtin,Kerry,True,TOTAL_SHEEP,126,EQUAL_SPLIT,0.0,False,26.9,MODERATE
2020,19117,Lisselton,Kerry,True,TOTAL_SHEEP,126,EQUAL_SPLIT,0.0,False,26.9,MODERATE
2020,19118,Listowel Rural,Kerry,True,TOTAL_SHEEP,126,EQUAL_SPLIT,0.0,False,26.9,MODERATE
2020,19119,Lixnaw,Kerry,True,TOTAL_SHEEP,126,EQUAL_SPLIT,0.0,False,26.9,MODERATE
2020,19120,Moynsha,Kerry,True,TOTAL_SHEEP,126,EQUAL_SPLIT,0.0,False,26.9,MODERATE
2020,19121,Newtownsandes,Kerry,True,TOTAL_SHEEP,126,EQUAL_SPLIT,0.0,False,26.9,MODERATE
2020,19122,Rathea,Kerry,True,TOTAL_SHEEP,126,EQUAL_SPLIT,0.0,False,26.9,MODERATE
2020,19124,Tarbert,Kerry,True,TOTAL_SHEEP,126,EQUAL_SPLIT,0.0,False,26.9,MODERATE
2020,19125,Tarmon,Kerry,True,TOTAL_SHEEP,126,EQUAL_SPLIT,0.0,False,26.9,MODERATE
2020,19126,Trienearagh,Kerry,True,TOTAL_SHEEP,126,EQUAL_SPLIT,0.0,False,26.9,MODERATE
2020,19127,Urlee,Kerry,True,TOTAL_SHEEP,126,EQUAL_SPLIT,0.0,False,26.9,MODERATE
2020,19131,Ballyegan,Kerry,True,TOTAL_SHEEP,126,EQUAL_SPLIT,0.0,False,26.9,MODERATE
2020,19134,Ballynorig,Kerry,True,TOTAL_SHEEP,126,EQUAL_SPLIT,0.0,False,26.9,MODERATE
2020,19140,Brosna,Kerry,True,TOTAL_SHEEP,126,EQUAL_SPLIT,0.0,False,26.9,MODERATE
2020,19141,Carker,Kerry,True,TOTAL_SHEEP,126,EQUAL_SPLIT,0.0,False,26.9,MODERATE
2020,19144,Cordal,Kerry,True,TOTAL_SHEEP,126,EQUAL_SPLIT,0.0,False,26.9,MODERATE
2020,19146,Derreen,Kerry,True,TOTAL_SHEEP,126,EQUAL_SPLIT,0.0,False,26.9,MODERATE
2020,19148,Gneeves,Kerry,True,TOTAL_SHEEP,126,EQUAL_SPLIT,0.0,False,26.9,MODERATE
2020,19149,Kerryhead,Kerry,True,TOTAL_SHEEP,126,EQUAL_SPLIT,0.0,False,26.9,MODERATE
2020,19150,Kilflyn,Kerry,True,TOTAL_SHEEP,126,EQUAL_SPLIT,0.0,False,26.9,MODERATE
2020,19157,Knocknagashel,Kerry,True,TOTAL_SHEEP,126,EQUAL_SPLIT,0.0,False,26.9,MODERATE
2020,19158,Lackabaun,Kerry,True,TOTAL_SHEEP,126,EQUAL_SPLIT,0.0,False,26.9,MODERATE
2020,19159,Millbrook,Kerry,True,TOTAL_SHEEP,126,EQUAL_SPLIT,0.0,False,26.9,MODERATE
2020,19160,Mount Eagle,Kerry,True,TOTAL_SHEEP,126,EQUAL_SPLIT,0.0,False,26.9,MODERATE
2020,19163,Ratass,Kerry,True,TOTAL_SHEEP,126,EQUAL_SPLIT,0.0,False,26.9,MODERATE
2020,19164,Scartaglin,Kerry,True,TOTAL_SHEEP,126,EQUAL_SPLIT,0.0,False,26.9,MODERATE
2020,19166,Tubrid,Kerry,True,TOTAL_SHEEP,126,EQUAL_SPLIT,0.0,False,26.9,MODERATE
2020,21002,Adare North,Limerick,True,TOTAL_SHEEP,219,EQUAL_SPLIT,0.0,False,26.9,MODERATE
2020,21005,Ballyagran,Limerick,True,TOTAL_SHEEP,218,EQUAL_SPLIT,0.0,False,26.9,MODERATE
2020,21006,Ballygrennan,Limerick,True,TOTAL_SHEEP,218,EQUAL_SPLIT,0.0,False,26.9,MODERATE
2020,21007,Ballynabanoge,Limerick,True,TOTAL_SHEEP,218,EQUAL_SPLIT,0.0,False,26.9,MODERATE
2020,21009,Castletown,Limerick,True,TOTAL_SHEEP,218,EQUAL_SPLIT,0.0,False,26.9,MODERATE
2020,21012,Crecora,Limerick,True,TOTAL_SHEEP,218,EQUAL_SPLIT,0.0,False,26.9,MODERATE
2020,21014,Dunnaman,Limerick,True,TOTAL_SHEEP,218,EQUAL_SPLIT,0.0,False,26.9,MODERATE
2020,21015,Fedamore,Limerick,True,TOTAL_SHEEP,218,EQUAL_SPLIT,0.0,False,26.9,MODERATE
2020,21016,Garrane,Limerick,True,TOTAL_SHEEP,218,EQUAL_SPLIT,0.0,False,26.9,MODERATE
2020,21017,Grange,Limerick,True,TOTAL_SHEEP,218,EQUAL_SPLIT,0.0,False,26.9,MODERATE
2020,21018,Kilfinny,Limerick,True,TOTAL_SHEEP,218,EQUAL_SPLIT,0.0,False,26.9,MODERATE
2020,21020,Rathmore,Limerick,True,TOTAL_SHEEP,218,EQUAL_SPLIT,0.0,False,26.9,MODERATE
2020,21023,Kilfergus,Limerick,True,TOTAL_SHEEP,218,EQUAL_SPLIT,0.0,False,26.9,MODERATE
2020,21024,Kilmoylan,Limerick,True,TOTAL_SHEEP,218,EQUAL_SPLIT,0.0,False,26.9,MODERATE
2020,21026,Athlacca,Limerick,True,TOTAL_SHEEP,218,EQUAL_SPLIT,0.0,False,26.9,MODERATE
2020,21027,Ballymacshaneboy,Limerick,True,TOTAL_SHEEP,218,EQUAL_SPLIT,0.0,False,26.9,MODERATE
2020,21028,Bruff,Limerick,True,TOTAL_SHEEP,218,EQUAL_SPLIT,0.0,False,26.9,MODERATE
2020,21029,Bruree,Limerick,True,TOTAL_SHEEP,218,EQUAL_SPLIT,0.0,False,26.9,MODERATE
2020,21031,Cahercorney,Limerick,True,TOTAL_SHEEP,218,EQUAL_SPLIT,0.0,False,26.9,MODERATE
2020,21032,Colmanswell,Limerick,True,TOTAL_SHEEP,218,EQUAL_SPLIT,0.0,False,26.9,MODERATE
2020,21034,Dromin,Limerick,True,TOTAL_SHEEP,218,EQUAL_SPLIT,0.0,False,26.9,MODERATE
2020,21035,Emlygrennan,Limerick,True,TOTAL_SHEEP,218,EQUAL_SPLIT,0.0,False,26.9,MODERATE
2020,21036,Glenbrohane,Limerick,True,TOTAL_SHEEP,218,EQUAL_SPLIT,0.0,False,26.9,MODERATE
2020,21037,Griston,Limerick,True,TOTAL_SHEEP,218,EQUAL_SPLIT,0.0,False,26.9,MODERATE
2020,21038,Hospital,Limerick,True,TOTAL_SHEEP,218,EQUAL_SPLIT,0.0,False,26.9,MODERATE
2020,21040,Kilflyn,Limerick,True,TOTAL_SHEEP,218,EQUAL_SPLIT,0.0,False,26.9,MODERATE
2020,21041,Kilmallock,Limerick,True,TOTAL_SHEEP,218,EQUAL_SPLIT,0.0,False,26.9,MODERATE
2020,21042,Kilteely,Limerick,True,TOTAL_SHEEP,218,EQUAL_SPLIT,0.0,False,26.9,MODERATE
2020,21043,Knockainy,Limerick,True,TOTAL_SHEEP,218,EQUAL_SPLIT,0.0,False,26.9,MODERATE
2020,21044,Knocklong,Limerick,True,TOTAL_SHEEP,218,EQUAL_SPLIT,0.0,False,26.9,MODERATE
2020,21045,Particles,Limerick,True,TOTAL_SHEEP,218,EQUAL_SPLIT,0.0,False,26.9,MODERATE
2020,21047,Tobernea,Limerick,True,TOTAL_SHEEP,218,EQUAL_SPLIT,0.0,False,26.9,MODERATE
2020,21048,Uregare,Limerick,True,TOTAL_SHEEP,218,EQUAL_SPLIT,0.0,False,26.9,MODERATE
2020,21049,Abington,Limerick,True,TOTAL_SHEEP,218,EQUAL_SPLIT,0.0,False,26.9,MODERATE
2020,21050,Ballybricken,Limerick,True,TOTAL_SHEEP,218,EQUAL_SPLIT,0.0,False,26.9,MODERATE
2020,21051,Ballycummin,Limerick,True,TOTAL_SHEEP,218,EQUAL_SPLIT,0.0,False,26.9,MODERATE
2020,21052,Ballysimon,Limerick,True,TOTAL_SHEEP,218,EQUAL_SPLIT,0.0,False,26.9,MODERATE
2020,21053,Ballyvarra,Limerick,True,TOTAL_SHEEP,218,EQUAL_SPLIT,0.0,False,26.9,MODERATE
2020,21054,Caherconlish East,Limerick,True,TOTAL_SHEEP,218,EQUAL_SPLIT,0.0,False,26.9,MODERATE
2020,21055,Caherconlish West,Limerick,True,TOTAL_SHEEP,218,EQUAL_SPLIT,0.0,False,26.9,MODERATE
2020,21056,Caherelly,Limerick,True,TOTAL_SHEEP,218,EQUAL_SPLIT,0.0,False,26.9,MODERATE
2020,21057,Cappamore,Limerick,True,TOTAL_SHEEP,218,EQUAL_SPLIT,0.0,False,26.9,MODERATE
2020,21058,Carrig,Limerick,True,TOTAL_SHEEP,218,EQUAL_SPLIT,0.0,False,26.9,MODERATE
2020,21059,Castleconnell,Limerick,True,TOTAL_SHEEP,218,EQUAL_SPLIT,0.0,False,26.9,MODERATE
2020,21064,Kilmurry,Limerick,True,TOTAL_SHEEP,218,EQUAL_SPLIT,0.0,False,26.9,MODERATE
2020,21067,Patrickswell,Limerick,True,TOTAL_SHEEP,218,EQUAL_SPLIT,0.0,False,26.9,MODERATE
2020,21068,Roxborough,Limerick,True,TOTAL_SHEEP,218,EQUAL_SPLIT,0.0,False,26.9,MODERATE
2020,21072,Duntryleague,Limerick,True,TOTAL_SHEEP,218,EQUAL_SPLIT,0.0,False,26.9,MODERATE
2020,21075,Kilglass,Limerick,True,TOTAL_SHEEP,218,EQUAL_SPLIT,0.0,False,26.9,MODERATE
2020,21077,Riversdale,Limerick,True,TOTAL_SHEEP,218,EQUAL_SPLIT,0.0,False,26.9,MODERATE
2020,21078,Abbeyfeale,Limerick,True,TOTAL_SHEEP,218,EQUAL_SPLIT,0.0,False,26.9,MODERATE
2020,21079,Ardagh,Limerick,True,TOTAL_SHEEP,218,EQUAL_SPLIT,0.0,False,26.9,MODERATE
2020,21080,Ballintober,Limerick,True,TOTAL_SHEEP,218,EQUAL_SPLIT,0.0,False,26.9,MODERATE
2020,21081,Ballynoe West,Limerick,True,TOTAL_SHEEP,218,EQUAL_SPLIT,0.0,False,26.9,MODERATE
2020,21083,Broadford,Limerick,True,TOTAL_SHEEP,218,EQUAL_SPLIT,0.0,False,26.9,MODERATE
2020,21084,Caher,Limerick,True,TOTAL_SHEEP,218,EQUAL_SPLIT,0.0,False,26.9,MODERATE
2020,21085,Cleanglass,Limerick,True,TOTAL_SHEEP,218,EQUAL_SPLIT,0.0,False,26.9,MODERATE
2020,21087,Danganbeg,Limerick,True,TOTAL_SHEEP,218,EQUAL_SPLIT,0.0,False,26.9,MODERATE
2020,21089,Dromtrasna,Limerick,True,TOTAL_SHEEP,218,EQUAL_SPLIT,0.0,False,26.9,MODERATE
2020,21090,Feenagh,Limerick,True,TOTAL_SHEEP,218,EQUAL_SPLIT,0.0,False,26.9,MODERATE
2020,21091,Garryduff,Limerick,True,TOTAL_SHEEP,218,EQUAL_SPLIT,0.0,False,26.9,MODERATE
2020,21092,Glenagower,Limerick,True,TOTAL_SHEEP,218,EQUAL_SPLIT,0.0,False,26.9,MODERATE
2020,21094,Glensharrold,Limerick,True,TOTAL_SHEEP,218,EQUAL_SPLIT,0.0,False,26.9,MODERATE
2020,21095,Kilmeedy,Limerick,True,TOTAL_SHEEP,218,EQUAL_SPLIT,0.0,False,26.9,MODERATE
2020,21096,Knockaderry,Limerick,True,TOTAL_SHEEP,218,EQUAL_SPLIT,0.0,False,26.9,MODERATE
2020,21099,Mountcollins,Limerick,True,TOTAL_SHEEP,218,EQUAL_SPLIT,0.0,False,26.9,MODERATE
2020,21100,Mountplummer,Limerick,True,TOTAL_SHEEP,218,EQUAL_SPLIT,0.0,False,26.9,MODERATE
2020,21101,Newcastle Rural,Limerick,True,TOTAL_SHEEP,218,EQUAL_SPLIT,0.0,False,26.9,MODERATE
2020,21103,Port,Limerick,True,TOTAL_SHEEP,218,EQUAL_SPLIT,0.0,False,26.9,MODERATE
2020,21106,Templeglentan,Limerick,True,TOTAL_SHEEP,218,EQUAL_SPLIT,0.0,False,26.9,MODERATE
2020,21107,Askeaton East,Limerick,True,TOTAL_SHEEP,218,EQUAL_SPLIT,0.0,False,26.9,MODERATE
2020,21108,Askeaton West,Limerick,True,TOTAL_SHEEP,218,EQUAL_SPLIT,0.0,False,26.9,MODERATE
2020,21109,Aughinish,Limerick,True,TOTAL_SHEEP,218,EQUAL_SPLIT,0.0,False,26.9,MODERATE
2020,21110,Ballyallinan,Limerick,True,TOTAL_SHEEP,218,EQUAL_SPLIT,0.0,False,26.9,MODERATE
2020,21111,Ballynacarriga,Limerick,True,TOTAL_SHEEP,218,EQUAL_SPLIT,0.0,False,26.9,MODERATE
2020,21112,Castletown,Limerick,True,TOTAL_SHEEP,218,EQUAL_SPLIT,0.0,False,26.9,MODERATE
2020,21113,Craggs,Limerick,True,TOTAL_SHEEP,218,EQUAL_SPLIT,0.0,False,26.9,MODERATE
2020,21114,Croagh,Limerick,True,TOTAL_SHEEP,218,EQUAL_SPLIT,0.0,False,26.9,MODERATE
2020,21115,Dromard,Limerick,True,TOTAL_SHEEP,218,EQUAL_SPLIT,0.0,False,26.9,MODERATE
2020,21116,Dunmoylan East,Limerick,True,TOTAL_SHEEP,218,EQUAL_SPLIT,0.0,False,26.9,MODERATE
2020,21117,Dunmoylan West,Limerick,True,TOTAL_SHEEP,218,EQUAL_SPLIT,0.0,False,26.9,MODERATE
2020,21118,Iveruss,Limerick,True,TOTAL_SHEEP,218,EQUAL_SPLIT,0.0,False,26.9,MODERATE
2020,21120,Kildimo,Limerick,True,TOTAL_SHEEP,218,EQUAL_SPLIT,0.0,False,26.9,MODERATE
2020,21121,Kilscannell,Limerick,True,TOTAL_SHEEP,218,EQUAL_SPLIT,0.0,False,26.9,MODERATE
2020,21122,Lismakeery,Limerick,True,TOTAL_SHEEP,218,EQUAL_SPLIT,0.0,False,26.9,MODERATE
2020,21123,Loghill,Limerick,True,TOTAL_SHEEP,218,EQUAL_SPLIT,0.0,False,26.9,MODERATE
2020,21125,Nantinan,Limerick,True,TOTAL_SHEEP,218,EQUAL_SPLIT,0.0,False,26.9,MODERATE
2020,21126,Pallaskenry,Limerick,True,TOTAL_SHEEP,218,EQUAL_SPLIT,0.0,False,26.9,MODERATE
2020,21129,Riddlestown,Limerick,True,TOTAL_SHEEP,218,EQUAL_SPLIT,0.0,False,26.9,MODERATE
2020,21131,Shanid,Limerick,True,TOTAL_SHEEP,218,EQUAL_SPLIT,0.0,False,26.9,MODERATE
2020,21133,Doon South,Limerick,True,TOTAL_SHEEP,218,EQUAL_SPLIT,0.0,False,26.9,MODERATE
2020,21134,Grean,Limerick,True,TOTAL_SHEEP,218,EQUAL_SPLIT,0.0,False,26.9,MODERATE
2020,21135,Oola,Limerick,True,TOTAL_SHEEP,218,EQUAL_SPLIT,0.0,False,26.9,MODERATE
2020,21136,Templebredon,Limerick,True,TOTAL_SHEEP,218,EQUAL_SPLIT,0.0,False,26.9,MODERATE
2020,22002,Nenagh West Urban,Tipperary,True,TOTAL_SHEEP,500,EQUAL_SPLIT,0.0,False,26.9,MODERATE
2020,22003,Templemore,Tipperary,True,TOTAL_SHEEP,500,EQUAL_SPLIT,0.0,False,26.9,MODERATE
2020,22009,Carrig,Tipperary,True,TOTAL_SHEEP,500,EQUAL_SPLIT,0.0,False,26.9,MODERATE
2020,22012,Clohaskin,Tipperary,True,TOTAL_SHEEP,500,EQUAL_SPLIT,0.0,False,26.9,MODERATE
2020,22013,Finnoe,Tipperary,True,TOTAL_SHEEP,500,EQUAL_SPLIT,0.0,False,26.9,MODERATE
2020,22018,Mertonhall,Tipperary,True,TOTAL_SHEEP,500,EQUAL_SPLIT,0.0,False,26.9,MODERATE
2020,22023,Uskane,Tipperary,True,TOTAL_SHEEP,500,EQUAL_SPLIT,0.0,False,26.9,MODERATE
2020,22024,Abington,Tipperary,True,TOTAL_SHEEP,500,EQUAL_SPLIT,0.0,False,26.9,MODERATE
2020,22026,Ardcrony,Tipperary,True,TOTAL_SHEEP,500,EQUAL_SPLIT,0.0,False,26.9,MODERATE
2020,22027,Ballina,Tipperary,True,TOTAL_SHEEP,500,EQUAL_SPLIT,0.0,False,26.9,MODERATE
2020,22028,Ballygibbon,Tipperary,True,TOTAL_SHEEP,500,EQUAL_SPLIT,0.0,False,26.9,MODERATE
2020,22029,Ballymackey,Tipperary,True,TOTAL_SHEEP,500,EQUAL_SPLIT,0.0,False,26.9,MODERATE
2020,22030,Ballynaclogh,Tipperary,True,TOTAL_SHEEP,500,EQUAL_SPLIT,0.0,False,26.9,MODERATE
2020,22032,Burgesbeg,Tipperary,True,TOTAL_SHEEP,500,EQUAL_SPLIT,0.0,False,26.9,MODERATE
2020,22035,Derrycastle,Tipperary,True,TOTAL_SHEEP,500,EQUAL_SPLIT,0.0,False,26.9,MODERATE
2020,22038,Kilcomenty,Tipperary,True,TOTAL_SHEEP,500,EQUAL_SPLIT,0.0,False,26.9,MODERATE
2020,22043,Kilnarath,Tipperary,True,TOTAL_SHEEP,500,EQUAL_SPLIT,0.0,False,26.9,MODERATE
2020,22044,Knigh,Tipperary,True,TOTAL_SHEEP,500,EQUAL_SPLIT,0.0,False,26.9,MODERATE
2020,22050,Templederry,Tipperary,True,TOTAL_SHEEP,500,EQUAL_SPLIT,0.0,False,26.9,MODERATE
2020,22053,Borrisnoe,Tipperary,True,TOTAL_SHEEP,500,EQUAL_SPLIT,0.0,False,26.9,MODERATE
2020,22054,Bourney East,Tipperary,True,TOTAL_SHEEP,500,EQUAL_SPLIT,0.0,False,26.9,MODERATE
2020,22056,Killavinoge,Tipperary,True,TOTAL_SHEEP,500,EQUAL_SPLIT,0.0,False,26.9,MODERATE
2020,22060,Timoney,Tipperary,True,TOTAL_SHEEP,500,EQUAL_SPLIT,0.0,False,26.9,MODERATE
2020,22061,Ballycahill,Tipperary,True,TOTAL_SHEEP,500,EQUAL_SPLIT,0.0,False,26.9,MODERATE
2020,22062,Ballymurreen,Tipperary,True,TOTAL_SHEEP,500,EQUAL_SPLIT,0.0,False,26.9,MODERATE
2020,22065,Foilnaman,Tipperary,True,TOTAL_SHEEP,500,EQUAL_SPLIT,0.0,False,26.9,MODERATE
2020,22067,Gortkelly,Tipperary,True,TOTAL_SHEEP,500,EQUAL_SPLIT,0.0,False,26.9,MODERATE
2020,22068,Holycross,Tipperary,True,TOTAL_SHEEP,500,EQUAL_SPLIT,0.0,False,26.9,MODERATE
2020,22069,Inch,Tipperary,True,TOTAL_SHEEP,500,EQUAL_SPLIT,0.0,False,26.9,MODERATE
2020,22070,Kilrush,Tipperary,True,TOTAL_SHEEP,500,EQUAL_SPLIT,0.0,False,26.9,MODERATE
2020,22071,Littleton,Tipperary,True,TOTAL_SHEEP,500,EQUAL_SPLIT,0.0,False,26.9,MODERATE
2020,22073,Loughmoe,Tipperary,True,TOTAL_SHEEP,500,EQUAL_SPLIT,0.0,False,26.9,MODERATE
2020,22075,Moycarky,Tipperary,True,TOTAL_SHEEP,500,EQUAL_SPLIT,0.0,False,26.9,MODERATE
2020,22076,Moyne,Tipperary,True,TOTAL_SHEEP,500,EQUAL_SPLIT,0.0,False,26.9,MODERATE
2020,22077,Rahelty,Tipperary,True,TOTAL_SHEEP,500,EQUAL_SPLIT,0.0,False,26.9,MODERATE
2020,22079,Thurles Rural,Tipperary,True,TOTAL_SHEEP,500,EQUAL_SPLIT,0.0,False,26.9,MODERATE
2020,22080,Twomileborris,Tipperary,True,TOTAL_SHEEP,500,EQUAL_SPLIT,0.0,False,26.9,MODERATE
2020,23089,Carrick-on-Suir Rural,Tipperary,True,TOTAL_SHEEP,500,EQUAL_SPLIT,0.0,False,26.9,MODERATE
2020,23091,Kilmurry,Tipperary,True,TOTAL_SHEEP,500,EQUAL_SPLIT,0.0,False,26.9,MODERATE
2020,23092,Newtown,Tipperary,True,TOTAL_SHEEP,500,EQUAL_SPLIT,0.0,False,26.9,MODERATE
2020,23093,Ardmayle,Tipperary,True,TOTAL_SHEEP,500,EQUAL_SPLIT,0.0,False,26.9,MODERATE
2020,23094,Ardsallagh,Tipperary,True,TOTAL_SHEEP,500,EQUAL_SPLIT,0.0,False,26.9,MODERATE
2020,23097,Clogher,Tipperary,True,TOTAL_SHEEP,500,EQUAL_SPLIT,0.0,False,26.9,MODERATE
2020,23100,Clonoulty West,Tipperary,True,TOTAL_SHEEP,500,EQUAL_SPLIT,0.0,False,26.9,MODERATE
2020,23105,Gaile,Tipperary,True,TOTAL_SHEEP,500,EQUAL_SPLIT,0.0,False,26.9,MODERATE
2020,23107,Greystown,Tipperary,True,TOTAL_SHEEP,500,EQUAL_SPLIT,0.0,False,26.9,MODERATE
2020,23108,Killeenasteena,Tipperary,True,TOTAL_SHEEP,500,EQUAL_SPLIT,0.0,False,26.9,MODERATE
2020,23113,Nodstown,Tipperary,True,TOTAL_SHEEP,500,EQUAL_SPLIT,0.0,False,26.9,MODERATE
2020,23114,Oughterleague,Tipperary,True,TOTAL_SHEEP,500,EQUAL_SPLIT,0.0,False,26.9,MODERATE
2020,23121,Caher,Tipperary,True,TOTAL_SHEEP,500,EQUAL_SPLIT,0.0,False,26.9,MODERATE
2020,23124,Derrygrath,Tipperary,True,TOTAL_SHEEP,500,EQUAL_SPLIT,0.0,False,26.9,MODERATE
2020,23127,Mortlestown,Tipperary,True,TOTAL_SHEEP,500,EQUAL_SPLIT,0.0,False,26.9,MODERATE
2020,23130,Tullaghmelan,Tipperary,True,TOTAL_SHEEP,500,EQUAL_SPLIT,0.0,False,26.9,MODERATE
2020,23132,Ballyclerahan,Tipperary,True,TOTAL_SHEEP,500,EQUAL_SPLIT,0.0,False,26.9,MODERATE
2020,23133,Clonmel Rural,Tipperary,True,TOTAL_SHEEP,500,EQUAL_SPLIT,0.0,False,26.9,MODERATE
2020,23134,Inishlounaght,Tipperary,True,TOTAL_SHEEP,500,EQUAL_SPLIT,0.0,False,26.9,MODERATE
2020,23139,Lisronagh,Tipperary,True,TOTAL_SHEEP,500,EQUAL_SPLIT,0.0,False,26.9,MODERATE
2020,23142,Ballyphilip,Tipperary,True,TOTAL_SHEEP,500,EQUAL_SPLIT,0.0,False,26.9,MODERATE
2020,23145,Farranrory,Tipperary,True,TOTAL_SHEEP,500,EQUAL_SPLIT,0.0,False,26.9,MODERATE
2020,23146,Fennor,Tipperary,True,TOTAL_SHEEP,500,EQUAL_SPLIT,0.0,False,26.9,MODERATE
2020,23148,Kilvemnon,Tipperary,True,TOTAL_SHEEP,500,EQUAL_SPLIT,0.0,False,26.9,MODERATE
2020,23150,Mullinahone,Tipperary,True,TOTAL_SHEEP,500,EQUAL_SPLIT,0.0,False,26.9,MODERATE
2020,23153,Ballycarron,Tipperary,True,TOTAL_SHEEP,500,EQUAL_SPLIT,0.0,False,26.9,MODERATE
2020,23155,Ballykisteen,Tipperary,True,TOTAL_SHEEP,500,EQUAL_SPLIT,0.0,False,26.9,MODERATE
2020,23156,Bansha,Tipperary,True,TOTAL_SHEEP,500,EQUAL_SPLIT,0.0,False,26.9,MODERATE
2020,23157,Bruis,Tipperary,True,TOTAL_SHEEP,500,EQUAL_SPLIT,0.0,False,26.9,MODERATE
2020,23161,Curraheen,Tipperary,True,TOTAL_SHEEP,500,EQUAL_SPLIT,0.0,False,26.9,MODERATE
2020,23165,Glengar,Tipperary,True,TOTAL_SHEEP,499,EQUAL_SPLIT,0.0,False,26.9,MODERATE
2020,23166,Golden,Tipperary,True,TOTAL_SHEEP,499,EQUAL_SPLIT,0.0,False,26.9,MODERATE
2020,23168,Killadriffe,Tipperary,True,TOTAL_SHEEP,499,EQUAL_SPLIT,0.0,False,26.9,MODERATE
2020,23171,Rathlynin,Tipperary,True,TOTAL_SHEEP,499,EQUAL_SPLIT,0.0,False,26.9,MODERATE
2020,23172,Rodus,Tipperary,True,TOTAL_SHEEP,499,EQUAL_SPLIT,0.0,False,26.9,MODERATE
2020,23173,Shronell,Tipperary,True,TOTAL_SHEEP,499,EQUAL_SPLIT,0.0,False,26.9,MODERATE
2020,23176,Thomastown,Tipperary,True,TOTAL_SHEEP,499,EQUAL_SPLIT,0.0,False,26.9,MODERATE
2020,23177,Tipperary Rural,Tipperary,True,TOTAL_SHEEP,499,EQUAL_SPLIT,0.0,False,26.9,MODERATE
2020,24002/24006,Ballybeg South / Ballynaneashagh,Waterford,False,TOTAL_SHEEP,278,EQUAL_SPLIT,0.0,False,26.9,MODERATE
2020,25004,Carrickbeg Rural,Waterford,True,TOTAL_SHEEP,278,EQUAL_SPLIT,0.0,False,26.9,MODERATE
2020,25005,Clonea,Waterford,True,TOTAL_SHEEP,278,EQUAL_SPLIT,0.0,False,26.9,MODERATE
2020,25008,Kilmeadan,Waterford,True,TOTAL_SHEEP,278,EQUAL_SPLIT,0.0,False,26.9,MODERATE
2020,25009,Mothel,Waterford,True,TOTAL_SHEEP,278,EQUAL_SPLIT,0.0,False,26.9,MODERATE
2020,25010,Portlaw,Waterford,True,TOTAL_SHEEP,278,EQUAL_SPLIT,0.0,False,26.9,MODERATE
2020,25013,Ballymacarbry,Waterford,True,TOTAL_SHEEP,278,EQUAL_SPLIT,0.0,False,26.9,MODERATE
2020,25017,Kilronan,Waterford,True,TOTAL_SHEEP,278,EQUAL_SPLIT,0.0,False,26.9,MODERATE
2020,25019,Aird Mhór,Waterford,True,TOTAL_SHEEP,278,EQUAL_SPLIT,0.0,False,26.9,MODERATE
2020,25020,Baile Mhac Airt,Waterford,True,TOTAL_SHEEP,278,EQUAL_SPLIT,0.0,False,26.9,MODERATE
2020,25022,Cappagh,Waterford,True,TOTAL_SHEEP,278,EQUAL_SPLIT,0.0,False,26.9,MODERATE
2020,25023,Carriglea,Waterford,True,TOTAL_SHEEP,278,EQUAL_SPLIT,0.0,False,26.9,MODERATE
2020,25024,Clonea,Waterford,True,TOTAL_SHEEP,278,EQUAL_SPLIT,0.0,False,26.9,MODERATE
2020,25025,Colligan,Waterford,True,TOTAL_SHEEP,278,EQUAL_SPLIT,0.0,False,26.9,MODERATE
2020,25027,Dromana,Waterford,True,TOTAL_SHEEP,278,EQUAL_SPLIT,0.0,False,26.9,MODERATE
2020,25028,Dromore,Waterford,True,TOTAL_SHEEP,278,EQUAL_SPLIT,0.0,False,26.9,MODERATE
2020,25029,Dungarvan Rural,Waterford,True,TOTAL_SHEEP,278,EQUAL_SPLIT,0.0,False,26.9,MODERATE
2020,25030,Keereen,Waterford,True,TOTAL_SHEEP,278,EQUAL_SPLIT,0.0,False,26.9,MODERATE
2020,25032,Modelligo,Waterford,True,TOTAL_SHEEP,278,EQUAL_SPLIT,0.0,False,26.9,MODERATE
2020,25033,Mountstuart,Waterford,True,TOTAL_SHEEP,278,EQUAL_SPLIT,0.0,False,26.9,MODERATE
2020,25034,An Rinn,Waterford,True,TOTAL_SHEEP,278,EQUAL_SPLIT,0.0,False,26.9,MODERATE
2020,25036,Whitechurch,Waterford,True,TOTAL_SHEEP,278,EQUAL_SPLIT,0.0,False,26.9,MODERATE
2020,25037,Annestown,Waterford,True,TOTAL_SHEEP,278,EQUAL_SPLIT,0.0,False,26.9,MODERATE
2020,25039,Carrigcastle,Waterford,True,TOTAL_SHEEP,278,EQUAL_SPLIT,0.0,False,26.9,MODERATE
2020,25041,Dunhill,Waterford,True,TOTAL_SHEEP,278,EQUAL_SPLIT,0.0,False,26.9,MODERATE
2020,25044,Gardenmorris,Waterford,True,TOTAL_SHEEP,278,EQUAL_SPLIT,0.0,False,26.9,MODERATE
2020,25045,Georgestown,Waterford,True,TOTAL_SHEEP,278,EQUAL_SPLIT,0.0,False,26.9,MODERATE
2020,25047,Kilmacthomas,Waterford,True,TOTAL_SHEEP,278,EQUAL_SPLIT,0.0,False,26.9,MODERATE
2020,25050,Newtown,Waterford,True,TOTAL_SHEEP,278,EQUAL_SPLIT,0.0,False,26.9,MODERATE
2020,25051,Stradbally,Waterford,True,TOTAL_SHEEP,278,EQUAL_SPLIT,0.0,False,26.9,MODERATE
2020,25053,Ballyduff,Waterford,True,TOTAL_SHEEP,278,EQUAL_SPLIT,0.0,False,26.9,MODERATE
2020,25054,Ballyhane,Waterford,True,TOTAL_SHEEP,278,EQUAL_SPLIT,0.0,False,26.9,MODERATE
2020,25060,Drumroe,Waterford,True,TOTAL_SHEEP,278,EQUAL_SPLIT,0.0,False,26.9,MODERATE
2020,25061,Gortnapeaky,Waterford,True,TOTAL_SHEEP,278,EQUAL_SPLIT,0.0,False,26.9,MODERATE
2020,25062,Kilcockan,Waterford,True,TOTAL_SHEEP,278,EQUAL_SPLIT,0.0,False,26.9,MODERATE
2020,25063,Kilwatermoy East,Waterford,True,TOTAL_SHEEP,278,EQUAL_SPLIT,0.0,False,26.9,MODERATE
2020,25064,Kilwatermoy West,Waterford,True,TOTAL_SHEEP,278,EQUAL_SPLIT,0.0,False,26.9,MODERATE
2020,25067,Mocollop,Waterford,True,TOTAL_SHEEP,278,EQUAL_SPLIT,0.0,False,26.9,MODERATE
2020,25068,Modelligo,Waterford,True,TOTAL_SHEEP,278,EQUAL_SPLIT,0.0,False,26.9,MODERATE
2020,25069,Tallow,Waterford,True,TOTAL_SHEEP,278,EQUAL_SPLIT,0.0,False,26.9,MODERATE
2020,25072,Faithlegg (Part Rural),Waterford,True,TOTAL_SHEEP,278,EQUAL_SPLIT,0.0,False,26.9,MODERATE
2020,25073,Islandikane,Waterford,True,TOTAL_SHEEP,278,EQUAL_SPLIT,0.0,False,26.9,MODERATE
2020,25074,Kilbarry (Part Rural),Waterford,True,TOTAL_SHEEP,278,EQUAL_SPLIT,0.0,False,26.9,MODERATE
2020,25075,Killea,Waterford,True,TOTAL_SHEEP,278,EQUAL_SPLIT,0.0,False,26.9,MODERATE
2020,25078,Kilmeadan,Waterford,True,TOTAL_SHEEP,278,EQUAL_SPLIT,0.0,False,26.9,MODERATE
2020,25081,Rathmoylan,Waterford,True,TOTAL_SHEEP,278,EQUAL_SPLIT,0.0,False,26.9,MODERATE
2020,25082,Reisk,Waterford,True,TOTAL_SHEEP,278,EQUAL_SPLIT,0.0,False,26.9,MODERATE
2020,25083,Tramore,Waterford,True,TOTAL_SHEEP,277,EQUAL_SPLIT,0.0,False,26.9,MODERATE
2020,25084,Woodstown,Waterford,True,TOTAL_SHEEP,277,EQUAL_SPLIT,0.0,False,26.9,MODERATE
2020,25085,Ardmore,Waterford,True,TOTAL_SHEEP,277,EQUAL_SPLIT,0.0,False,26.9,MODERATE
2020,25086,Ballyheeny,Waterford,True,TOTAL_SHEEP,277,EQUAL_SPLIT,0.0,False,26.9,MODERATE
2020,25087,Clashmore,Waterford,True,TOTAL_SHEEP,277,EQUAL_SPLIT,0.0,False,26.9,MODERATE
2020,25089,Grallagh,Waterford,True,TOTAL_SHEEP,277,EQUAL_SPLIT,0.0,False,26.9,MODERATE
2020,25090,Grange,Waterford,True,TOTAL_SHEEP,277,EQUAL_SPLIT,0.0,False,26.9,MODERATE
2020,25092,Templemichael,Waterford,True,TOTAL_SHEEP,277,EQUAL_SPLIT,0.0,False,26.9,MODERATE
2020,26010,Mionlach,Galway,True,TOTAL_SHEEP,201,EQUAL_SPLIT,0.0,False,26.9,MODERATE
2020,27047,Ceathrú an Bhrúnaigh (Part Rural),Galway,True,TOTAL_SHEEP,201,EQUAL_SPLIT,0.0,False,26.9,MODERATE
2020,27051,Na Forbacha,Galway,True,TOTAL_SHEEP,201,EQUAL_SPLIT,0.0,False,26.9,MODERATE
2020,27052,Galway Rural (Part Rural),Galway,True,TOTAL_SHEEP,201,EQUAL_SPLIT,0.0,False,26.9,MODERATE
2020,27055,Cill Aithnín,Galway,True,TOTAL_SHEEP,201,EQUAL_SPLIT,0.0,False,26.9,MODERATE
2020,27086,Cappard,Galway,True,TOTAL_SHEEP,201,EQUAL_SPLIT,0.0,False,26.9,MODERATE
2020,27088,Doorus,Galway,True,TOTAL_SHEEP,200,EQUAL_SPLIT,0.0,False,26.9,MODERATE
2020,27091,Kilbeacanty,Galway,True,TOTAL_SHEEP,200,EQUAL_SPLIT,0.0,False,26.9,MODERATE
2020,27096,Kilthomas,Galway,True,TOTAL_SHEEP,200,EQUAL_SPLIT,0.0,False,26.9,MODERATE
2020,27158,Leitir Móir,Galway,True,TOTAL_SHEEP,200,EQUAL_SPLIT,0.0,False,26.9,MODERATE
2020,27216,Tuam Urban,Galway,False,TOTAL_SHEEP,200,EQUAL_SPLIT,0.0,False,26.9,MODERATE
2020,28005,Drumreilly South,Leitrim,True,TOTAL_SHEEP,213,EQUAL_SPLIT,0.0,False,26.9,MODERATE
2020,28010,Oughteragh,Leitrim,True,TOTAL_SHEEP,213,EQUAL_SPLIT,0.0,False,26.9,MODERATE
2020,28013,Annaduff,Leitrim,True,TOTAL_SHEEP,213,EQUAL_SPLIT,0.0,False,26.9,MODERATE
2020,28018,Drumshanbo,Leitrim,True,TOTAL_SHEEP,213,EQUAL_SPLIT,0.0,False,26.9,MODERATE
2020,28020,Gortnagullion,Leitrim,True,TOTAL_SHEEP,213,EQUAL_SPLIT,0.0,False,26.9,MODERATE
2020,28022,Keshcarrigan,Leitrim,True,TOTAL_SHEEP,213,EQUAL_SPLIT,0.0,False,26.9,MODERATE
2020,28023,Kiltubbrid,Leitrim,True,TOTAL_SHEEP,213,EQUAL_SPLIT,0.0,False,26.9,MODERATE
2020,28036,Belhavel,Leitrim,True,TOTAL_SHEEP,213,EQUAL_SPLIT,0.0,False,26.9,MODERATE
2020,28059,Bunnybeg,Leitrim,True,TOTAL_SHEEP,213,EQUAL_SPLIT,0.0,False,26.9,MODERATE
2020,28062,Cashel,Leitrim,True,TOTAL_SHEEP,213,EQUAL_SPLIT,0.0,False,26.9,MODERATE
2020,28063,Castlefore,Leitrim,True,TOTAL_SHEEP,213,EQUAL_SPLIT,0.0,False,26.9,MODERATE
2020,28066,Corriga,Leitrim,True,TOTAL_SHEEP,212,EQUAL_SPLIT,0.0,False,26.9,MODERATE
2020,28067,Drumard,Leitrim,True,TOTAL_SHEEP,212,EQUAL_SPLIT,0.0,False,26.9,MODERATE
2020,28068,Drumdoo,Leitrim,True,TOTAL_SHEEP,212,EQUAL_SPLIT,0.0,False,26.9,MODERATE
2020,28072,Keeldra,Leitrim,True,TOTAL_SHEEP,212,EQUAL_SPLIT,0.0,False,26.9,MODERATE
2020,28073,Lisgillock,Leitrim,True,TOTAL_SHEEP,212,EQUAL_SPLIT,0.0,False,26.9,MODERATE
2020,28075,Rinn,Leitrim,True,TOTAL_SHEEP,212,EQUAL_SPLIT,0.0,False,26.9,MODERATE
2020,28076,Riverstown,Leitrim,True,TOTAL_SHEEP,212,EQUAL_SPLIT,0.0,False,26.9,MODERATE
2020,29001,Ardnaree South Urban,Mayo,False,TOTAL_SHEEP,118,EQUAL_SPLIT,0.0,False,26.9,MODERATE
2020,29002,Ballina Urban,Mayo,False,TOTAL_SHEEP,118,EQUAL_SPLIT,0.0,False,26.9,MODERATE
2020,29009,Attymass West,Mayo,True,TOTAL_SHEEP,118,EQUAL_SPLIT,0.0,False,26.9,MODERATE
2020,29032,Sraheen,Mayo,True,TOTAL_SHEEP,118,EQUAL_SPLIT,0.0,False,26.9,MODERATE
2020,29103,Aghamore,Mayo,True,TOTAL_SHEEP,118,EQUAL_SPLIT,0.0,False,26.9,MODERATE
2020,29108,Cloonmore,Mayo,True,TOTAL_SHEEP,117,EQUAL_SPLIT,0.0,False,26.9,MODERATE
2020,29116,Kiltamagh,Mayo,True,TOTAL_SHEEP,117,EQUAL_SPLIT,0.0,False,26.9,MODERATE
2020,29120,Toocananagh,Mayo,True,TOTAL_SHEEP,117,EQUAL_SPLIT,0.0,False,26.9,MODERATE
2020,30028,Ballyfarnan,Roscommon,True,TOTAL_SHEEP,172,EQUAL_SPLIT,0.0,False,26.9,MODERATE
2020,30029,Ballyfermoyle,Roscommon,True,TOTAL_SHEEP,172,EQUAL_SPLIT,0.0,False,26.9,MODERATE
2020,30031,Boyle Urban,Roscommon,True,TOTAL_SHEEP,172,EQUAL_SPLIT,0.0,False,26.9,MODERATE
2020,30032,Breedoge,Roscommon,True,TOTAL_SHEEP,171,EQUAL_SPLIT,0.0,False,26.9,MODERATE
2020,30038,Estersnow,Roscommon,True,TOTAL_SHEEP,171,EQUAL_SPLIT,0.0,False,26.9,MODERATE
2020,30041,Kilcolagh,Roscommon,True,TOTAL_SHEEP,171,EQUAL_SPLIT,0.0,False,26.9,MODERATE
2020,30043,Killummod,Roscommon,True,TOTAL_SHEEP,171,EQUAL_SPLIT,0.0,False,26.9,MODERATE
2020,30053,Tumna North,Roscommon,True,TOTAL_SHEEP,171,EQUAL_SPLIT,0.0,False,26.9,MODERATE
2020,30054,Tumna South,Roscommon,True,TOTAL_SHEEP,171,EQUAL_SPLIT,0.0,False,26.9,MODERATE
2020,30056,Artagh South,Roscommon,True,TOTAL_SHEEP,171,EQUAL_SPLIT,0.0,False,26.9,MODERATE
2020,30060,Baslick,Roscommon,True,TOTAL_SHEEP,171,EQUAL_SPLIT,0.0,False,26.9,MODERATE
2020,30101,Lissonuffy,Roscommon,True,TOTAL_SHEEP,171,EQUAL_SPLIT,0.0,False,26.9,MODERATE
2020,30104,Roosky,Roscommon,True,TOTAL_SHEEP,171,EQUAL_SPLIT,0.0,False,26.9,MODERATE
2020,30106,Roscommon Urban,Roscommon,False,TOTAL_SHEEP,171,EQUAL_SPLIT,0.0,False,26.9,MODERATE
2020,3011,Edmondstown,Dublin,False,TOTAL_SHEEP,306,EQUAL_SPLIT,0.0,False,26.9,MODERATE
2020,3017,Lucan-St. Helen's,Dublin,False,TOTAL_SHEEP,306,EQUAL_SPLIT,0.0,False,26.9,MODERATE
2020,3034,Tallaght-Kilnamanagh,Dublin,False,TOTAL_SHEEP,306,EQUAL_SPLIT,0.0,False,26.9,MODERATE
2020,3035,Tallaght-Kiltipper,Dublin,False,TOTAL_SHEEP,306,EQUAL_SPLIT,0.0,False,26.9,MODERATE
2020,3047,Terenure-Cherryfield,Dublin,False,TOTAL_SHEEP,305,EQUAL_SPLIT,0.0,False,26.9,MODERATE
2020,31003,Sligo West,Sligo,False,TOTAL_SHEEP,93,EQUAL_SPLIT,0.0,False,26.9,MODERATE
2020,31009,Kilfree,Sligo,True,TOTAL_SHEEP,93,EQUAL_SPLIT,0.0,False,26.9,MODERATE
2020,32005,Drumanespick,Cavan,True,TOTAL_SHEEP,257,EQUAL_SPLIT,0.0,False,26.9,MODERATE
2020,32009,Lisagoan,Cavan,True,TOTAL_SHEEP,256,EQUAL_SPLIT,0.0,False,26.9,MODERATE
2020,32011,Shercock,Cavan,True,TOTAL_SHEEP,256,EQUAL_SPLIT,0.0,False,26.9,MODERATE
2020,32014,Termon,Cavan,True,TOTAL_SHEEP,256,EQUAL_SPLIT,0.0,False,26.9,MODERATE
2020,32019,Bilberry,Cavan,True,TOTAL_SHEEP,256,EQUAL_SPLIT,0.0,False,26.9,MODERATE
2020,32042,Belturbet Urban,Cavan,True,TOTAL_SHEEP,256,EQUAL_SPLIT,0.0,False,26.9,MODERATE
2020,32044,Butler's Bridge,Cavan,True,TOTAL_SHEEP,256,EQUAL_SPLIT,0.0,False,26.9,MODERATE
2020,32053,Corraneary,Cavan,True,TOTAL_SHEEP,256,EQUAL_SPLIT,0.0,False,26.9,MODERATE
2020,32056,Cuttragh,Cavan,True,TOTAL_SHEEP,256,EQUAL_SPLIT,0.0,False,26.9,MODERATE
2020,32057,Denn,Cavan,True,TOTAL_SHEEP,256,EQUAL_SPLIT,0.0,False,26.9,MODERATE
2020,32058,Derrin,Cavan,True,TOTAL_SHEEP,256,EQUAL_SPLIT,0.0,False,26.9,MODERATE
2020,32065,Kill,Cavan,True,TOTAL_SHEEP,256,EQUAL_SPLIT,0.0,False,26.9,MODERATE
2020,32071,Larah South,Cavan,True,TOTAL_SHEEP,256,EQUAL_SPLIT,0.0,False,26.9,MODERATE
2020,32080,Waterloo,Cavan,True,TOTAL_SHEEP,256,EQUAL_SPLIT,0.0,False,26.9,MODERATE
2020,32092,Loughdawan,Cavan,True,TOTAL_SHEEP,256,EQUAL_SPLIT,0.0,False,26.9,MODERATE
2020,32093,Scrabby,Cavan,True,TOTAL_SHEEP,256,EQUAL_SPLIT,0.0,False,26.9,MODERATE
2020,33001,Buncrana Urban,Donegal,True,TOTAL_SHEEP,113,EQUAL_SPLIT,0.0,False,26.9,MODERATE
2020,33006,Ballyshannon Urban,Donegal,True,TOTAL_SHEEP,112,EQUAL_SPLIT,0.0,False,26.9,MODERATE
2020,33010,Cliff,Donegal,True,TOTAL_SHEEP,112,EQUAL_SPLIT,0.0,False,26.9,MODERATE
2020,34008,Corracharra,Monaghan,True,TOTAL_SHEEP,295,EQUAL_SPLIT,0.0,False,26.9,MODERATE
2020,34010,Donaghmoyne,Monaghan,True,TOTAL_SHEEP,294,EQUAL_SPLIT,0.0,False,26.9,MODERATE
2020,34015,Inishkeen,Monaghan,True,TOTAL_SHEEP,294,EQUAL_SPLIT,0.0,False,26.9,MODERATE
2020,34016,Kilmurry,Monaghan,True,TOTAL_SHEEP,294,EQUAL_SPLIT,0.0,False,26.9,MODERATE
2020,34017,Kiltybegs,Monaghan,True,TOTAL_SHEEP,294,EQUAL_SPLIT,0.0,False,26.9,MODERATE
2020,34024,Broomfield,Monaghan,True,TOTAL_SHEEP,294,EQUAL_SPLIT,0.0,False,26.9,MODERATE
2020,34029,Creeve,Monaghan,True,TOTAL_SHEEP,294,EQUAL_SPLIT,0.0,False,26.9,MODERATE
2020,34045,Newbliss,Monaghan,True,TOTAL_SHEEP,294,EQUAL_SPLIT,0.0,False,26.9,MODERATE
2020,34046,St. Tierney,Monaghan,True,TOTAL_SHEEP,294,EQUAL_SPLIT,0.0,False,26.9,MODERATE
2020,34047,Anketell Grove,Monaghan,True,TOTAL_SHEEP,294,EQUAL_SPLIT,0.0,False,26.9,MODERATE
2020,34061,Killylough,Monaghan,True,TOTAL_SHEEP,294,EQUAL_SPLIT,0.0,False,26.9,MODERATE
2020,34062,Kilmore,Monaghan,True,TOTAL_SHEEP,294,EQUAL_SPLIT,0.0,False,26.9,MODERATE
2020,4001,Airport,Dublin,False,TOTAL_SHEEP,305,EQUAL_SPLIT,0.0,False,26.9,MODERATE
2020,4008,Blanchardstown-Abbotstown,Dublin,False,TOTAL_SHEEP,305,EQUAL_SPLIT,0.0,False,26.9,MODERATE
2020,4019,Donabate,Dublin,True,TOTAL_SHEEP,305,EQUAL_SPLIT,0.0,False,26.9,MODERATE
2020,4028,Lusk,Dublin,True,TOTAL_SHEEP,305,EQUAL_SPLIT,0.0,False,26.9,MODERATE
2020,4036,Swords-Forrest,Dublin,False,TOTAL_SHEEP,305,EQUAL_SPLIT,0.0,False,26.9,MODERATE
2020,4038,Swords-Lissenhall,Dublin,True,TOTAL_SHEEP,305,EQUAL_SPLIT,0.0,False,26.9,MODERATE
2020,5038,Dundrum-Kilmacud,Dublin,False,TOTAL_SHEEP,305,EQUAL_SPLIT,0.0,False,26.9,MODERATE
2020,5060,Shankill-Rathmichael,Dublin,True,TOTAL_SHEEP,305,EQUAL_SPLIT,0.0,False,26.9,MODERATE
2020,6007,Ballybrackan,Kildare,True,TOTAL_SHEEP,677,EQUAL_SPLIT,0.0,False,26.9,MODERATE
2020,6009,Belan,Kildare,True,TOTAL_SHEEP,677,EQUAL_SPLIT,0.0,False,26.9,MODERATE
2020,6010,Bert,Kildare,True,TOTAL_SHEEP,677,EQUAL_SPLIT,0.0,False,26.9,MODERATE
2020,6011,Burtown,Kildare,True,TOTAL_SHEEP,677,EQUAL_SPLIT,0.0,False,26.9,MODERATE
2020,6015,Dunmanoge,Kildare,True,TOTAL_SHEEP,677,EQUAL_SPLIT,0.0,False,26.9,MODERATE
2020,6018,Grangemellon,Kildare,True,TOTAL_SHEEP,677,EQUAL_SPLIT,0.0,False,26.9,MODERATE
2020,6019,Harristown,Kildare,True,TOTAL_SHEEP,677,EQUAL_SPLIT,0.0,False,26.9,MODERATE
2020,6020,Inchaquire,Kildare,True,TOTAL_SHEEP,677,EQUAL_SPLIT,0.0,False,26.9,MODERATE
2020,6021,Johnstown,Kildare,True,TOTAL_SHEEP,677,EQUAL_SPLIT,0.0,False,26.9,MODERATE
2020,6023,Kildangan,Kildare,True,TOTAL_SHEEP,677,EQUAL_SPLIT,0.0,False,26.9,MODERATE
2020,6024,Kilkea,Kildare,True,TOTAL_SHEEP,677,EQUAL_SPLIT,0.0,False,26.9,MODERATE
2020,6027,Monasterevin,Kildare,True,TOTAL_SHEEP,676,EQUAL_SPLIT,0.0,False,26.9,MODERATE
2020,6028,Moone,Kildare,True,TOTAL_SHEEP,676,EQUAL_SPLIT,0.0,False,26.9,MODERATE
2020,6030,Nurney,Kildare,True,TOTAL_SHEEP,676,EQUAL_SPLIT,0.0,False,26.9,MODERATE
2020,6031,Quinsborough,Kildare,True,TOTAL_SHEEP,676,EQUAL_SPLIT,0.0,False,26.9,MODERATE
2020,6037,Donaghcumper,Kildare,True,TOTAL_SHEEP,676,EQUAL_SPLIT,0.0,False,26.9,MODERATE
2020,6039,Leixlip,Kildare,True,TOTAL_SHEEP,676,EQUAL_SPLIT,0.0,False,26.9,MODERATE
2020,6040,Maynooth,Kildare,True,TOTAL_SHEEP,676,EQUAL_SPLIT,0.0,False,26.9,MODERATE
2020,6041,Straffan,Kildare,True,TOTAL_SHEEP,676,EQUAL_SPLIT,0.0,False,26.9,MODERATE
2020,6045,Carrick,Kildare,True,TOTAL_SHEEP,676,EQUAL_SPLIT,0.0,False,26.9,MODERATE
2020,6049,Killinthomas,Kildare,True,TOTAL_SHEEP,676,EQUAL_SPLIT,0.0,False,26.9,MODERATE
2020,6052,Lullymore,Kildare,True,TOTAL_SHEEP,676,EQUAL_SPLIT,0.0,False,26.9,MODERATE
2020,6053,Rathangan,Kildare,True,TOTAL_SHEEP,676,EQUAL_SPLIT,0.0,False,26.9,MODERATE
2020,6054,Thomastown,Kildare,True,TOTAL_SHEEP,676,EQUAL_SPLIT,0.0,False,26.9,MODERATE
2020,6067,Dunmurry,Kildare,True,TOTAL_SHEEP,676,EQUAL_SPLIT,0.0,False,26.9,MODERATE
2020,6068,Feighcullen,Kildare,True,TOTAL_SHEEP,676,EQUAL_SPLIT,0.0,False,26.9,MODERATE
2020,6078,Morristownbiller,Kildare,True,TOTAL_SHEEP,676,EQUAL_SPLIT,0.0,False,26.9,MODERATE
2020,6081,Oldconnell,Kildare,True,TOTAL_SHEEP,676,EQUAL_SPLIT,0.0,False,26.9,MODERATE
2020,6088,Timahoe South,Kildare,True,TOTAL_SHEEP,676,EQUAL_SPLIT,0.0,False,26.9,MODERATE
2020,7003,Burnchurch,Kilkenny,True,TOTAL_SHEEP,431,EQUAL_SPLIT,0.0,False,26.9,MODERATE
2020,7006,Coolaghmore,Kilkenny,True,TOTAL_SHEEP,431,EQUAL_SPLIT,0.0,False,26.9,MODERATE
2020,7007,Dunamaggan,Kilkenny,True,TOTAL_SHEEP,431,EQUAL_SPLIT,0.0,False,26.9,MODERATE
2020,7012,Kilmanagh,Kilkenny,True,TOTAL_SHEEP,431,EQUAL_SPLIT,0.0,False,26.9,MODERATE
2020,7013,Mallardstown,Kilkenny,True,TOTAL_SHEEP,431,EQUAL_SPLIT,0.0,False,26.9,MODERATE
2020,7014,Scotsborough,Kilkenny,True,TOTAL_SHEEP,431,EQUAL_SPLIT,0.0,False,26.9,MODERATE
2020,7016,Boolyglass,Kilkenny,True,TOTAL_SHEEP,431,EQUAL_SPLIT,0.0,False,26.9,MODERATE
2020,7017,Fiddown,Kilkenny,True,TOTAL_SHEEP,431,EQUAL_SPLIT,0.0,False,26.9,MODERATE
2020,7018,Muckalee,Kilkenny,True,TOTAL_SHEEP,431,EQUAL_SPLIT,0.0,False,26.9,MODERATE
2020,7019,Pilltown,Kilkenny,True,TOTAL_SHEEP,431,EQUAL_SPLIT,0.0,False,26.9,MODERATE
2020,7021,Tubbrid,Kilkenny,True,TOTAL_SHEEP,431,EQUAL_SPLIT,0.0,False,26.9,MODERATE
2020,7022,Tullahought,Kilkenny,True,TOTAL_SHEEP,431,EQUAL_SPLIT,0.0,False,26.9,MODERATE
2020,7023,Whitechurch,Kilkenny,True,TOTAL_SHEEP,431,EQUAL_SPLIT,0.0,False,26.9,MODERATE
2020,7024,Attanagh,Kilkenny,True,TOTAL_SHEEP,431,EQUAL_SPLIT,0.0,False,26.9,MODERATE
2020,7028,Clogharinka,Kilkenny,True,TOTAL_SHEEP,431,EQUAL_SPLIT,0.0,False,26.9,MODERATE
2020,7029,Kilmacar,Kilkenny,True,TOTAL_SHEEP,431,EQUAL_SPLIT,0.0,False,26.9,MODERATE
2020,7031,Mothell,Kilkenny,True,TOTAL_SHEEP,431,EQUAL_SPLIT,0.0,False,26.9,MODERATE
2020,7033,Brownsford,Kilkenny,True,TOTAL_SHEEP,431,EQUAL_SPLIT,0.0,False,26.9,MODERATE
2020,7034,Dysartmoon,Kilkenny,True,TOTAL_SHEEP,431,EQUAL_SPLIT,0.0,False,26.9,MODERATE
2020,7035,Jerpoint West,Kilkenny,True,TOTAL_SHEEP,430,EQUAL_SPLIT,0.0,False,26.9,MODERATE
2020,7037,Rosbercon Rural,Kilkenny,True,TOTAL_SHEEP,430,EQUAL_SPLIT,0.0,False,26.9,MODERATE
2020,7038,Shanbogh,Kilkenny,True,TOTAL_SHEEP,430,EQUAL_SPLIT,0.0,False,26.9,MODERATE
2020,7040,Ballinamara,Kilkenny,True,TOTAL_SHEEP,430,EQUAL_SPLIT,0.0,False,26.9,MODERATE
2020,7042,Ballycallan,Kilkenny,True,TOTAL_SHEEP,430,EQUAL_SPLIT,0.0,False,26.9,MODERATE
2020,7044,Coolcraheen,Kilkenny,True,TOTAL_SHEEP,430,EQUAL_SPLIT,0.0,False,26.9,MODERATE
2020,7046,Dunmore,Kilkenny,True,TOTAL_SHEEP,430,EQUAL_SPLIT,0.0,False,26.9,MODERATE
2020,7047,Freshford,Kilkenny,True,TOTAL_SHEEP,430,EQUAL_SPLIT,0.0,False,26.9,MODERATE
2020,7050,Kilkenny Rural,Kilkenny,True,TOTAL_SHEEP,430,EQUAL_SPLIT,0.0,False,26.9,MODERATE
2020,7053,Outrath,Kilkenny,True,TOTAL_SHEEP,430,EQUAL_SPLIT,0.0,False,26.9,MODERATE
2020,7056,Rathealy,Kilkenny,True,TOTAL_SHEEP,430,EQUAL_SPLIT,0.0,False,26.9,MODERATE
2020,7057,St. Canice,Kilkenny,True,TOTAL_SHEEP,430,EQUAL_SPLIT,0.0,False,26.9,MODERATE
2020,7060,Tullaroan,Kilkenny,True,TOTAL_SHEEP,430,EQUAL_SPLIT,0.0,False,26.9,MODERATE
2020,7061,Aghaviller,Kilkenny,True,TOTAL_SHEEP,430,EQUAL_SPLIT,0.0,False,26.9,MODERATE
2020,7062,Ballyhale,Kilkenny,True,TOTAL_SHEEP,430,EQUAL_SPLIT,0.0,False,26.9,MODERATE
2020,7064,Bennettsbridge,Kilkenny,True,TOTAL_SHEEP,430,EQUAL_SPLIT,0.0,False,26.9,MODERATE
2020,7066,Castlebanny,Kilkenny,True,TOTAL_SHEEP,430,EQUAL_SPLIT,0.0,False,26.9,MODERATE
2020,7069,Danesfort,Kilkenny,True,TOTAL_SHEEP,430,EQUAL_SPLIT,0.0,False,26.9,MODERATE
2020,7070,Ennisnag,Kilkenny,True,TOTAL_SHEEP,430,EQUAL_SPLIT,0.0,False,26.9,MODERATE
2020,7079,Kiltorcan,Kilkenny,True,TOTAL_SHEEP,430,EQUAL_SPLIT,0.0,False,26.9,MODERATE
2020,7080,Knocktopher,Kilkenny,True,TOTAL_SHEEP,430,EQUAL_SPLIT,0.0,False,26.9,MODERATE
2020,7085,Tullaherin,Kilkenny,True,TOTAL_SHEEP,430,EQUAL_SPLIT,0.0,False,26.9,MODERATE
2020,7087,Woolengrange,Kilkenny,True,TOTAL_SHEEP,430,EQUAL_SPLIT,0.0,False,26.9,MODERATE
2020,7089,Ballyconra,Kilkenny,True,TOTAL_SHEEP,430,EQUAL_SPLIT,0.0,False,26.9,MODERATE
2020,7090,Baunmore,Kilkenny,True,TOTAL_SHEEP,430,EQUAL_SPLIT,0.0,False,26.9,MODERATE
2020,7091,Clomantagh,Kilkenny,True,TOTAL_SHEEP,430,EQUAL_SPLIT,0.0,False,26.9,MODERATE
2020,7092,Galmoy,Kilkenny,True,TOTAL_SHEEP,430,EQUAL_SPLIT,0.0,False,26.9,MODERATE
2020,7096,Rathbeagh,Kilkenny,True,TOTAL_SHEEP,430,EQUAL_SPLIT,0.0,False,26.9,MODERATE
2020,7097,Tubbridbrittain,Kilkenny,True,TOTAL_SHEEP,430,EQUAL_SPLIT,0.0,False,26.9,MODERATE
2020,7098,Urlingford,Kilkenny,True,TOTAL_SHEEP,430,EQUAL_SPLIT,0.0,False,26.9,MODERATE
2020,7100,Ballincrea,Kilkenny,True,TOTAL_SHEEP,430,EQUAL_SPLIT,0.0,False,26.9,MODERATE
2020,7101,Dunkitt,Kilkenny,True,TOTAL_SHEEP,430,EQUAL_SPLIT,0.0,False,26.9,MODERATE
2020,7102,Farnoge,Kilkenny,True,TOTAL_SHEEP,430,EQUAL_SPLIT,0.0,False,26.9,MODERATE
2020,7103,Kilbeacon,Kilkenny,True,TOTAL_SHEEP,430,EQUAL_SPLIT,0.0,False,26.9,MODERATE
2020,7104,Kilbride,Kilkenny,True,TOTAL_SHEEP,430,EQUAL_SPLIT,0.0,False,26.9,MODERATE
2020,7110,Portnascully,Kilkenny,True,TOTAL_SHEEP,430,EQUAL_SPLIT,0.0,False,26.9,MODERATE
2020,7112,Rossinan,Kilkenny,True,TOTAL_SHEEP,430,EQUAL_SPLIT,0.0,False,26.9,MODERATE
2020,8004,Ballyroan,Laois,True,TOTAL_SHEEP,332,EQUAL_SPLIT,0.0,False,26.9,MODERATE
2020,8006,Caher,Laois,True,TOTAL_SHEEP,332,EQUAL_SPLIT,0.0,False,26.9,MODERATE
2020,8008,Clash,Laois,True,TOTAL_SHEEP,331,EQUAL_SPLIT,0.0,False,26.9,MODERATE
2020,8010,Colt,Laois,True,TOTAL_SHEEP,331,EQUAL_SPLIT,0.0,False,26.9,MODERATE
2020,8013,Cullenagh,Laois,True,TOTAL_SHEEP,331,EQUAL_SPLIT,0.0,False,26.9,MODERATE
2020,8014,Donaghmore,Laois,True,TOTAL_SHEEP,331,EQUAL_SPLIT,0.0,False,26.9,MODERATE
2020,8016,Dunmore,Laois,True,TOTAL_SHEEP,331,EQUAL_SPLIT,0.0,False,26.9,MODERATE
2020,8018,Dysartgallen,Laois,True,TOTAL_SHEEP,331,EQUAL_SPLIT,0.0,False,26.9,MODERATE
2020,8019,Fossy,Laois,True,TOTAL_SHEEP,331,EQUAL_SPLIT,0.0,False,26.9,MODERATE
2020,8020,Grantstown,Laois,True,TOTAL_SHEEP,331,EQUAL_SPLIT,0.0,False,26.9,MODERATE
2020,8024,Kilnaseer,Laois,True,TOTAL_SHEEP,331,EQUAL_SPLIT,0.0,False,26.9,MODERATE
2020,8025,Raheen,Laois,True,TOTAL_SHEEP,331,EQUAL_SPLIT,0.0,False,26.9,MODERATE
2020,8026,Rathdowney,Laois,True,TOTAL_SHEEP,331,EQUAL_SPLIT,0.0,False,26.9,MODERATE
2020,8028,Ballyadams,Laois,True,TOTAL_SHEEP,331,EQUAL_SPLIT,0.0,False,26.9,MODERATE
2020,8031,Curraclone,Laois,True,TOTAL_SHEEP,331,EQUAL_SPLIT,0.0,False,26.9,MODERATE
2020,8034,Moyanna,Laois,True,TOTAL_SHEEP,331,EQUAL_SPLIT,0.0,False,26.9,MODERATE
2020,8037,Tankardstown,Laois,True,TOTAL_SHEEP,331,EQUAL_SPLIT,0.0,False,26.9,MODERATE
2020,8038,Timogue,Laois,True,TOTAL_SHEEP,331,EQUAL_SPLIT,0.0,False,26.9,MODERATE
2020,8041,Ballybrittas,Laois,True,TOTAL_SHEEP,331,EQUAL_SPLIT,0.0,False,26.9,MODERATE
2020,8042,Ballycarroll,Laois,True,TOTAL_SHEEP,331,EQUAL_SPLIT,0.0,False,26.9,MODERATE
2020,8044,Borris,Laois,True,TOTAL_SHEEP,331,EQUAL_SPLIT,0.0,False,26.9,MODERATE
2020,8047,Cappalough,Laois,True,TOTAL_SHEEP,331,EQUAL_SPLIT,0.0,False,26.9,MODERATE
2020,8051,Clondarrig,Laois,True,TOTAL_SHEEP,331,EQUAL_SPLIT,0.0,False,26.9,MODERATE
2020,8053,Coolrain,Laois,True,TOTAL_SHEEP,331,EQUAL_SPLIT,0.0,False,26.9,MODERATE
2020,8054,Dangans,Laois,True,TOTAL_SHEEP,331,EQUAL_SPLIT,0.0,False,26.9,MODERATE
2020,8056,Garrymore,Laois,True,TOTAL_SHEEP,331,EQUAL_SPLIT,0.0,False,26.9,MODERATE
2020,8057,Graigue,Laois,True,TOTAL_SHEEP,331,EQUAL_SPLIT,0.0,False,26.9,MODERATE
2020,8060,Kilmullen,Laois,True,TOTAL_SHEEP,331,EQUAL_SPLIT,0.0,False,26.9,MODERATE
2020,8064,Meelick,Laois,True,TOTAL_SHEEP,331,EQUAL_SPLIT,0.0,False,26.9,MODERATE
2020,8065,Mountmellick Rural,Laois,True,TOTAL_SHEEP,331,EQUAL_SPLIT,0.0,False,26.9,MODERATE
2020,8068,Nealstown,Laois,True,TOTAL_SHEEP,331,EQUAL_SPLIT,0.0,False,26.9,MODERATE
2020,8069,O'More's Forest,Laois,True,TOTAL_SHEEP,331,EQUAL_SPLIT,0.0,False,26.9,MODERATE
2020,8071,Portlaoighise (Maryborough) Rural,Laois,True,TOTAL_SHEEP,331,EQUAL_SPLIT,0.0,False,26.9,MODERATE
2020,8073,Rearymore,Laois,True,TOTAL_SHEEP,331,EQUAL_SPLIT,0.0,False,26.9,MODERATE
2020,8075,Sallyford,Laois,True,TOTAL_SHEEP,331,EQUAL_SPLIT,0.0,False,26.9,MODERATE
2020,8078,Trumra,Laois,True,TOTAL_SHEEP,331,EQUAL_SPLIT,0.0,False,26.9,MODERATE
2020,8081,Clonmore,Laois,True,TOTAL_SHEEP,331,EQUAL_SPLIT,0.0,False,26.9,MODERATE
2020,8082,Errill,Laois,True,TOTAL_SHEEP,331,EQUAL_SPLIT,0.0,False,26.9,MODERATE
2020,8084,Kyle South,Laois,True,TOTAL_SHEEP,331,EQUAL_SPLIT,0.0,False,26.9,MODERATE
2020,8085,Moneenalassa,Laois,True,TOTAL_SHEEP,331,EQUAL_SPLIT,0.0,False,26.9,MODERATE
2020,8086,Moneymore,Laois,True,TOTAL_SHEEP,331,EQUAL_SPLIT,0.0,False,26.9,MODERATE
2020,8091,Ballylehane,Laois,True,TOTAL_SHEEP,331,EQUAL_SPLIT,0.0,False,26.9,MODERATE
2020,8092,Doonane,Laois,True,TOTAL_SHEEP,331,EQUAL_SPLIT,0.0,False,26.9,MODERATE
2020,8093,Farnans,Laois,True,TOTAL_SHEEP,331,EQUAL_SPLIT,0.0,False,26.9,MODERATE
2020,8095,Newtown,Laois,True,TOTAL_SHEEP,331,EQUAL_SPLIT,0.0,False,26.9,MODERATE
2020,8096,Rossmore,Laois,True,TOTAL_SHEEP,331,EQUAL_SPLIT,0.0,False,26.9,MODERATE
2020,9015,Ballymuigh,Longford,True,TOTAL_SHEEP,298,EQUAL_SPLIT,0.0,False,26.9,MODERATE
2020,9021,Currygrane,Longford,True,TOTAL_SHEEP,298,EQUAL_SPLIT,0.0,False,26.9,MODERATE
2020,9023,Drummeel,Longford,True,TOTAL_SHEEP,298,EQUAL_SPLIT,0.0,False,26.9,MODERATE
2020,9029,Lislea,Longford,True,TOTAL_SHEEP,298,EQUAL_SPLIT,0.0,False,26.9,MODERATE
2020,9030,Meathas Truim,Longford,True,TOTAL_SHEEP,298,EQUAL_SPLIT,0.0,False,26.9,MODERATE
2020,9032,Moatfarrell,Longford,True,TOTAL_SHEEP,298,EQUAL_SPLIT,0.0,False,26.9,MODERATE
2020,9040,Ballinamuck East,Longford,True,TOTAL_SHEEP,298,EQUAL_SPLIT,0.0,False,26.9,MODERATE
2020,9043,Caldragh,Longford,True,TOTAL_SHEEP,298,EQUAL_SPLIT,0.0,False,26.9,MODERATE
2020,9047,Drumgort,Longford,True,TOTAL_SHEEP,297,EQUAL_SPLIT,0.0,False,26.9,MODERATE
2020,9050,Killoe,Longford,True,TOTAL_SHEEP,297,EQUAL_SPLIT,0.0,False,26.9,MODERATE
