CSOED,CSOED_CANONICAL,COUNTYNAME,SOIL_PROFILE_SOURCE,SOIL_PROFILE_REFERENCE_YEAR,SOIL_SOURCE_HOLDINGS,SOIL_SOURCE_UAA_HA,SOIL_USE_CLASS_1_SHARE,SOIL_USE_CLASS_2_SHARE,SOIL_USE_CLASS_3_SHARE,SOIL_USE_CLASS_4_SHARE,SOIL_USE_CLASS_5_SHARE,SOIL_USE_CLASS_6_SHARE,GOBLIN_SOIL_G1_SHARE,GOBLIN_SOIL_G2_SHARE,GOBLIN_SOIL_G3_SHARE,GOBLIN_SOIL_DOMINANT_GROUP,GOBLIN_SOIL_DOMINANT_SHARE,FOREST_YC_WEIGHTED_MEAN,IFS_SOIL_DOMINANT,IFS_SOIL_DOMINANT_SHARE,IFS_SOIL_COVERED_UAA_HA,IFS_PEAT_CUTOVER_UAA_HA,IFS_PEAT_CUTOVER_UAA_SHARE,ORGANIC_WEIGHT_ASSOC,ORGANIC_WEIGHT_ASSOC_STRICT,ORGANIC_WEIGHT_ASSOC_WITH_PEATY
10008,10008,Louth,ED,2020,127.0000000000,4718.3493066000,0.6062628732,0.0000000000,0.2606616868,0.1010515286,0.0320239114,0.0000000000,0.6062628732,0.3617132154,0.0320239114,1,0.6062628732,23.5738331309,AminDW,0.4205782411,4718.3493066000,226.7495810000,0.0480569721,0.0509651330,0.0509651330,0.0647344457
10009,10009,Louth,ED,2020,3.0000000000,25.0100858000,1.0000000000,0.0000000000,0.0000000000,0.0000000000,0.0000000000,0.0000000000,1.0000000000,0.0000000000,0.0000000000,1,1.0000000000,24.0000000000,BminDW,1.0000000000,25.0100858000,0.0000000000,0.0000000000,0.0500000000,0.0500000000,0.0500000000
10010,10010,Louth,ED,2020,29.0000000000,984.0628554000,0.2360838471,0.2275464405,0.0000000000,0.5363697124,0.0000000000,0.0000000000,0.4636302876,0.5363697124,0.0000000000,2,0.5363697124,23.7114005488,AminPD,0.6469294435,984.0628554000,191.3057600000,0.1944040047,0.0000000000,0.0000000000,0.0000000000
10011,10011,Louth,ED,2020,48.0000000000,1743.4357900000,0.3670683083,0.0000000000,0.3069429245,0.0000000000,0.3259887673,0.0000000000,0.3670683083,0.3069429245,0.3259887673,1,0.3670683083,23.4063446409,AminDW,0.6924403961,1743.4357900000,25.9700000000,0.0148958741,0.3873773522,0.3873773522,0.3873773522
10012,10012,Louth,ED,2020,42.0000000000,1999.5421890000,0.0000000000,0.0000000000,0.9047322532,0.0952677468,0.0000000000,0.0000000000,0.0000000000,1.0000000000,0.0000000000,2,1.0000000000,21.8269888878,AminPD,1.0000000000,1999.5421890000,0.0000000000,0.0000000000,0.0000000000,0.0000000000,0.0000000000
10013,10013,Louth,ED,2020,21.0000000000,958.9188201000,0.0000000000,0.4450081707,0.3848522965,0.1701395328,0.0000000000,0.0000000000,0.4450081707,0.5549918293,0.0000000000,2,0.5549918293,23.3408761172,AminDW,0.6690438321,958.9188201000,0.0000000000,0.0000000000,0.0000000000,0.0000000000,0.0000000000
10014,10014,Louth,ED,2020,29.0000000000,971.7122059000,0.9042037238,0.0000000000,0.0957962762,0.0000000000,0.0000000000,0.0000000000,0.9042037238,0.0957962762,0.0000000000,1,0.9042037238,23.6777852557,AminDW,0.5382238371,971.7122059000,0.0000000000,0.0000000000,0.0000000000,0.0000000000,0.0191592552
10015,10015,Louth,ED,2020,48.0000000000,2002.6328896000,0.4549762280,0.0000000000,0.0000000000,0.5450237720,0.0000000000,0.0000000000,0.4549762280,0.5450237720,0.0000000000,2,0.5450237720,22.6944404251,AminPD,0.9065550461,2002.6328896000,0.0000000000,0.0000000000,0.0000000000,0.0000000000,0.0000000000
10016,10016,Louth,ED,2020,43.0000000000,2028.5293265000,0.2271947322,0.0000000000,0.7496111245,0.0231941434,0.0000000000,0.0000000000,0.2271947322,0.7728052678,0.0000000000,2,0.7728052678,23.0553367807,AminPD,0.6262731097,2028.5293265000,0.0000000000,0.0000000000,0.0000000000,0.0000000000,0.0000000000
10017,10017,Louth,ED,2020,25.0000000000,1488.3809536000,0.5660089432,0.4339910568,0.0000000000,0.0000000000,0.0000000000,0.0000000000,1.0000000000,0.0000000000,0.0000000000,1,1.0000000000,23.9830566563,AminDW,0.7996087404,1488.3809536000,0.0785340000,0.0000527647,0.0115521522,0.0115521522,0.0115521522
10018,10018,Louth,ED,2020,47.0000000000,1723.6672865000,1.0000000000,0.0000000000,0.0000000000,0.0000000000,0.0000000000,0.0000000000,1.0000000000,0.0000000000,0.0000000000,1,1.0000000000,23.9984974316,AminDW,0.9374843593,1723.6672865000,19.4000000000,0.0112550723,0.0000000000,0.0000000000,0.0000000000
10019,10019,Louth,ED,2020,66.0000000000,1700.9117684200,0.0000000000,0.7683412823,0.1999083334,0.0000000000,0.0000000000,0.0317503843,0.7683412823,0.1999083334,0.0317503843,1,0.7683412823,22.1972191310,AminDW,0.9113916608,1700.9117684200,0.0000000000,0.0000000000,0.0079375961,0.0079375961,0.0495067820
10020,10020,Louth,ED,2020,46.0000000000,1560.0780846000,1.0000000000,0.0000000000,0.0000000000,0.0000000000,0.0000000000,0.0000000000,1.0000000000,0.0000000000,0.0000000000,1,1.0000000000,24.0000000000,AminDW,0.9803796930,1560.0780846000,5.7092110000,0.0036595675,0.0000000000,0.0000000000,0.0000000000
10021,10021,Louth,ED,2020,41.0000000000,700.9133074000,1.0000000000,0.0000000000,0.0000000000,0.0000000000,0.0000000000,0.0000000000,1.0000000000,0.0000000000,0.0000000000,1,1.0000000000,21.0455477290,AminDW,0.9221111778,700.9133074000,54.5933120000,0.0778888222,0.0000000000,0.0000000000,0.0000000000
10022,10022,Louth,ED,2020,43.0000000000,1694.2538093000,1.0000000000,0.0000000000,0.0000000000,0.0000000000,0.0000000000,0.0000000000,1.0000000000,0.0000000000,0.0000000000,1,1.0000000000,23.9453615335,AminDW,0.9502100514,1694.2538093000,0.0000000000,0.0000000000,0.0000000000,0.0000000000,0.0000000000
10023,10023,Louth,ED,2020,40.0000000000,1336.3562960000,0.9839488016,0.0000000000,0.0160511984,0.0000000000,0.0000000000,0.0000000000,0.9839488016,0.0160511984,0.0000000000,1,0.9839488016,24.0000000000,AminDW,0.9818162267,1336.3562960000,0.0000000000,0.0000000000,0.0000000000,0.0000000000,0.0032102397
10024,10024,Louth,ED,2020,69.0000000000,1121.2785301000,0.4165972321,0.0000000000,0.5834027679,0.0000000000,0.0000000000,0.0000000000,0.4165972321,0.5834027679,0.0000000000,2,0.5834027679,23.9656984960,AminDW,0.9528309795,1121.2785301000,0.0000000000,0.0000000000,0.1458506920,0.1458506920,0.1458506920
10025,10025,Louth,ED,2020,37.0000000000,1711.0012933000,1.0000000000,0.0000000000,0.0000000000,0.0000000000,0.0000000000,0.0000000000,1.0000000000,0.0000000000,0.0000000000,1,1.0000000000,24.0000000000,AminDW,0.9780866887,1711.0012933000,37.4937040000,0.0219133113,0.0000000000,0.0000000000,0.0000000000
10026,10026,Louth,ED,2020,43.0000000000,535.9522502000,0.0000000000,0.1433329342,0.2007611341,0.0000000000,0.0000000000,0.6559059317,0.1433329342,0.2007611341,0.6559059317,3,0.6559059317,17.8167078034,AminSRPT,0.2915517167,535.9522502000,287.4071876000,0.5362552121,0.1639764829,0.1639764829,0.1967717795
10027,10027,Louth,ED,2020,12.0000000000,662.6128475000,0.7787009555,0.0000000000,0.2212990445,0.0000000000,0.0000000000,0.0000000000,0.7787009555,0.2212990445,0.0000000000,1,0.7787009555,24.0000000000,AminDW,0.8343527440,662.6128475000,0.0000000000,0.0000000000,0.0000000000,0.0000000000,0.0442598089
10028,10028,Louth,ED,2020,53.0000000000,1381.5046028000,1.0000000000,0.0000000000,0.0000000000,0.0000000000,0.0000000000,0.0000000000,1.0000000000,0.0000000000,0.0000000000,1,1.0000000000,23.7864646999,AminDW,0.9356498706,1381.5046028000,0.0000000000,0.0000000000,0.0000000000,0.0000000000,0.0000000000
10029,10029,Louth,ED,2020,11.0000000000,412.4809130000,1.0000000000,0.0000000000,0.0000000000,0.0000000000,0.0000000000,0.0000000000,1.0000000000,0.0000000000,0.0000000000,1,1.0000000000,23.4327010229,AminDW,1.0000000000,412.4809130000,0.0000000000,0.0000000000,0.0000000000,0.0000000000,0.0000000000
1003,1003,Carlow,ED,2020,66.0000000000,2674.1175739000,0.0000000000,0.2143349686,0.0000000000,0.5937074889,0.1919575426,0.0000000000,0.2143349686,0.5937074889,0.1919575426,2,0.5937074889,23.4174252635,AminPD,0.3116627848,2674.1175739000,737.0809902000,0.2756352216,0.2513282914,0.2513282914,0.2513282914
10030,10030,Louth,ED,2020,27.0000000000,1030.0021208000,0.5769367393,0.0000000000,0.4230632607,0.0000000000,0.0000000000,0.0000000000,0.5769367393,0.4230632607,0.0000000000,1,0.5769367393,24.0000000000,AminDW,0.9608544680,1030.0021208000,0.0000000000,0.0000000000,0.0000000000,0.0000000000,0.0846126521
10031,10031,Louth,ED,2020,52.0000000000,1183.8704354000,0.2833118361,0.6051919415,0.0000000000,0.0000000000,0.0000000000,0.1114962224,0.8885037776,0.0000000000,0.1114962224,1,0.8885037776,19.5207834808,AminDW,0.6256903025,1183.8704354000,321.2341845000,0.2713423487,0.0278740556,0.0278740556,0.0334488667
10032,10032,Louth,ED,2020,57.0000000000,1537.6009366000,0.3862720933,0.0000000000,0.6137279067,0.0000000000,0.0000000000,0.0000000000,0.3862720933,0.6137279067,0.0000000000,2,0.6137279067,23.4920803562,AminDW,0.8981399512,1537.6009366000,156.6201064000,0.1018600488,0.1534319767,0.1534319767,0.1534319767
10033,10033,Louth,ED,2020,43.0000000000,2057.5264917000,1.0000000000,0.0000000000,0.0000000000,0.0000000000,0.0000000000,0.0000000000,1.0000000000,0.0000000000,0.0000000000,1,1.0000000000,24.0000000000,AminDW,0.8670431792,2057.5264917000,195.1621810000,0.0948528156,0.0000000000,0.0000000000,0.0000000000
10034,10034,Louth,ED,2020,21.0000000000,1269.0732344000,0.7308643522,0.0000000000,0.2691356478,0.0000000000,0.0000000000,0.0000000000,0.7308643522,0.2691356478,0.0000000000,1,0.7308643522,24.0000000000,AminDW,0.8410140136,1269.0732344000,0.0000000000,0.0000000000,0.0000000000,0.0000000000,0.0538271296
10035,10035,Louth,ED,2020,44.0000000000,901.5492480000,0.3345839037,0.0298375270,0.2795147482,0.0000000000,0.0000000000,0.3560638212,0.3644214307,0.2795147482,0.3560638212,1,0.3644214307,21.0636261654,AminDW,0.6128785300,901.5492480000,0.0000000000,0.0000000000,0.0890159553,0.0890159553,0.1068191463
10036,10036,Louth,ED,2020,29.0000000000,431.3316743000,0.0000000000,0.1309735718,0.0000000000,0.2066796048,0.0000000000,0.6623468234,0.1309735718,0.2066796048,0.6623468234,3,0.6623468234,21.3427507153,AminSRPT,0.5975506777,431.3316743000,346.8899943000,0.8042302826,0.1862546663,0.1862546663,0.2193720075
10037,10037,Louth,ED,2020,35.0000000000,1511.5166371000,0.4778808663,0.0000000000,0.5221191337,0.0000000000,0.0000000000,0.0000000000,0.4778808663,0.5221191337,0.0000000000,2,0.5221191337,22.8191025013,AminPD,0.7768176249,1511.5166371000,0.0000000000,0.0000000000,0.0000000000,0.0000000000,0.0000000000
10038,10038,Louth,ED,2020,36.0000000000,1841.0066236000,0.7322656536,0.0000000000,0.2373162048,0.0304181415,0.0000000000,0.0000000000,0.7322656536,0.2677343464,0.0000000000,1,0.7322656536,23.4500834560,AminPD,0.6776547564,1841.0066236000,0.0000000000,0.0000000000,0.0000000000,0.0000000000,0.0000000000
10039,10039,Louth,ED,2020,44.0000000000,2058.7117542000,0.0000000000,0.4548266915,0.5451733085,0.0000000000,0.0000000000,0.0000000000,0.4548266915,0.5451733085,0.0000000000,2,0.5451733085,23.4012608097,AminDW,0.6195903926,2058.7117542000,9.4836660000,0.0046066022,0.0212756121,0.0212756121,0.0212756121
1004,1004,Carlow,ED,2020,47.0000000000,1616.7514598000,0.0000000000,0.2287076828,0.0000000000,0.7712923172,0.0000000000,0.0000000000,0.2287076828,0.7712923172,0.0000000000,2,0.7712923172,23.6220569363,AminDW,0.5928775040,1616.7514598000,137.5500000000,0.0850780119,0.0771292317,0.0771292317,0.0771292317
10040,10040,Louth,ED,2020,32.0000000000,1172.2318607000,0.0530952980,0.0000000000,0.9469047020,0.0000000000,0.0000000000,0.0000000000,0.0530952980,0.9469047020,0.0000000000,2,0.9469047020,21.2536424851,AminPD,0.5361405211,1172.2318607000,0.8163265000,0.0006963865,0.0000000000,0.0000000000,0.0000000000
10041,10041,Louth,ED,2020,43.0000000000,2100.1346479000,0.0000000000,0.3194801311,0.6805198689,0.0000000000,0.0000000000,0.0000000000,0.3194801311,0.6805198689,0.0000000000,2,0.6805198689,23.8099169497,AminPD,0.6995494560,2100.1346479000,0.0000000000,0.0000000000,0.0104206378,0.0104206378,0.0104206378
10042,10042,Louth,ED,2020,37.0000000000,1433.5064246000,0.4165295528,0.0441924214,0.5392780258,0.0000000000,0.0000000000,0.0000000000,0.4607219742,0.5392780258,0.0000000000,2,0.5392780258,23.6258409514,AminPD,0.8467907090,1433.5064246000,0.0000000000,0.0000000000,0.0000000000,0.0000000000,0.0000000000
1005,1005,Carlow,ED,2020,22.0000000000,816.5907660000,0.0000000000,0.9909854699,0.0000000000,0.0090145301,0.0000000000,0.0000000000,0.9909854699,0.0090145301,0.0000000000,1,0.9909854699,24.0000000000,AminDW,0.8552003587,816.5907660000,0.0000000000,0.0000000000,0.0009014530,0.0009014530,0.0009014530
1006,1006,Carlow,ED,2020,28.0000000000,1371.3446554000,1.0000000000,0.0000000000,0.0000000000,0.0000000000,0.0000000000,0.0000000000,1.0000000000,0.0000000000,0.0000000000,1,1.0000000000,24.0000000000,AminDW,0.6302425185,1371.3446554000,0.0000000000,0.0000000000,0.0000000000,0.0000000000,0.0000000000
1007,1007,Carlow,ED,2020,25.0000000000,1146.8126780000,0.3642868169,0.6357131831,0.0000000000,0.0000000000,0.0000000000,0.0000000000,1.0000000000,0.0000000000,0.0000000000,1,1.0000000000,24.0000000000,BminSW,0.3603011965,1146.8126780000,314.4987190000,0.2742372185,0.0256364422,0.0256364422,0.0256364422
1008,1008,Carlow,ED,2020,30.0000000000,1217.2674111000,0.0000000000,1.0000000000,0.0000000000,0.0000000000,0.0000000000,0.0000000000,1.0000000000,0.0000000000,0.0000000000,1,1.0000000000,24.0000000000,AminDW,0.8225293317,1217.2674111000,0.0000000000,0.0000000000,0.0000000000,0.0000000000,0.0000000000
1009,1009,Carlow,ED,2020,21.0000000000,802.1718970000,0.0000000000,0.7256199066,0.0000000000,0.2743800934,0.0000000000,0.0000000000,0.7256199066,0.2743800934,0.0000000000,1,0.7256199066,24.0000000000,AminDW,0.5543667469,802.1718970000,0.0000000000,0.0000000000,0.0274380093,0.0274380093,0.0274380093
1010,1010,Carlow,ED,2020,21.0000000000,1071.6455330000,0.1867127048,0.8132872952,0.0000000000,0.0000000000,0.0000000000,0.0000000000,1.0000000000,0.0000000000,0.0000000000,1,1.0000000000,23.4746397175,AminPD,0.3760952895,1071.6455330000,0.0000000000,0.0000000000,0.0000000000,0.0000000000,0.0000000000
1011,1011,Carlow,ED,2020,25.0000000000,655.7722509000,0.5089424135,0.0000000000,0.0000000000,0.4910575865,0.0000000000,0.0000000000,0.5089424135,0.4910575865,0.0000000000,1,0.5089424135,24.0000000000,AminDW,0.3521292198,655.7722509000,0.0000000000,0.0000000000,0.0000000000,0.0000000000,0.0000000000
1012,1012,Carlow,ED,2020,28.0000000000,1467.6383001000,0.6686135562,0.3313864438,0.0000000000,0.0000000000,0.0000000000,0.0000000000,1.0000000000,0.0000000000,0.0000000000,1,1.0000000000,23.9088331233,BminSW,0.7589349542,1467.6383001000,0.0000000000,0.0000000000,0.0165693222,0.0165693222,0.0165693222
1013,1013,Carlow,ED,2020,39.0000000000,2281.3627739000,0.0000000000,1.0000000000,0.0000000000,0.0000000000,0.0000000000,0.0000000000,1.0000000000,0.0000000000,0.0000000000,1,1.0000000000,24.0000000000,AminDW,0.8162000144,2281.3627739000,0.0000000000,0.0000000000,0.0000000000,0.0000000000,0.0000000000
1014,1014,Carlow,ED,2020,17.0000000000,828.6167195000,0.0480891334,0.3312137603,0.0000000000,0.6206971063,0.0000000000,0.0000000000,0.3793028937,0.6206971063,0.0000000000,2,0.6206971063,21.8078435575,AminDW,0.4890823712,828.6167195000,0.0000000000,0.0000000000,0.0000000000,0.0000000000,0.0000000000
1015,1015,Carlow,ED,2020,30.0000000000,1243.9425635000,0.1314590740,0.8685409260,0.0000000000,0.0000000000,0.0000000000,0.0000000000,1.0000000000,0.0000000000,0.0000000000,1,1.0000000000,24.0000000000,AminDW,0.3557433639,1243.9425635000,161.1000000000,0.1295075872,0.0000000000,0.0000000000,0.0000000000
1016,1016,Carlow,ED,2020,25.0000000000,1460.2051200000,0.0000000000,1.0000000000,0.0000000000,0.0000000000,0.0000000000,0.0000000000,1.0000000000,0.0000000000,0.0000000000,1,1.0000000000,23.7335990713,AminPD,0.4608747297,1460.2051200000,0.0000000000,0.0000000000,0.0044707239,0.0044707239,0.0044707239
1017,1017,Carlow,ED,2020,29.0000000000,1006.3246470000,0.0000000000,1.0000000000,0.0000000000,0.0000000000,0.0000000000,0.0000000000,1.0000000000,0.0000000000,0.0000000000,1,1.0000000000,23.5659992714,AminDW,0.5435138329,1006.3246470000,0.0000000000,0.0000000000,0.0000000000,0.0000000000,0.0000000000
1018,1018,Carlow,ED,2020,9.0000000000,486.1896218000,0.6836032546,0.0000000000,0.0000000000,0.3163967454,0.0000000000,0.0000000000,0.6836032546,0.3163967454,0.0000000000,1,0.6836032546,24.0000000000,BminSW,0.3670995677,486.1896218000,0.0000000000,0.0000000000,0.0000000000,0.0000000000,0.0000000000
1019,1019,Carlow,ED,2020,26.0000000000,925.1251940000,0.2122541438,0.5985319842,0.0000000000,0.1892138720,0.0000000000,0.0000000000,0.8107861280,0.1892138720,0.0000000000,1,0.8107861280,22.6380221745,BminSW,0.9523418773,925.1251940000,0.0000000000,0.0000000000,0.0299265992,0.0299265992,0.0299265992
1020,1020,Carlow,ED,2020,28.0000000000,1113.7956428000,0.8728946493,0.0448915385,0.0000000000,0.0822138122,0.0000000000,0.0000000000,0.9177861878,0.0822138122,0.0000000000,1,0.9177861878,23.0142009774,AminSRPT,0.4162742717,1113.7956428000,463.6444700000,0.4162742717,0.0104659581,0.0104659581,0.0104659581
1021,1021,Carlow,ED,2020,45.0000000000,2287.6802600000,0.0000000000,0.9899461475,0.0100538525,0.0000000000,0.0000000000,0.0000000000,0.9899461475,0.0100538525,0.0000000000,1,0.9899461475,23.5652199910,AminSW,0.4538538052,2287.6802600000,0.0000000000,0.0000000000,0.0000000000,0.0000000000,0.0000000000
1022,1022,Carlow,ED,2020,34.0000000000,1324.1214570000,0.0000000000,1.0000000000,0.0000000000,0.0000000000,0.0000000000,0.0000000000,1.0000000000,0.0000000000,0.0000000000,1,1.0000000000,23.7939614991,AminDW,0.7048508142,1324.1214570000,0.0000000000,0.0000000000,0.0000000000,0.0000000000,0.0000000000
1023,1023,Carlow,ED,2020,62.0000000000,2298.4317051000,0.0000000000,0.6324699631,0.2817976658,0.0000000000,0.0000000000,0.0857323711,0.6324699631,0.2817976658,0.0857323711,1,0.6324699631,21.7380278089,AminDW,0.7756326467,2298.4317051000,318.6430384000,0.1386349821,0.0214330928,0.0214330928,0.0257197113
1024,1024,Carlow,ED,2020,31.0000000000,1445.0560720000,0.0739434975,0.3267527172,0.4013934187,0.1979103666,0.0000000000,0.0000000000,0.4006962146,0.5993037854,0.0000000000,2,0.5993037854,23.7321903229,AminDW,0.8639528453,1445.0560720000,0.0000000000,0.0000000000,0.0000000000,0.0000000000,0.0802786837
1025,1025,Carlow,ED,2020,57.0000000000,1688.5826997000,0.0000000000,0.4186544794,0.0693169840,0.0349050124,0.0000000000,0.4771235243,0.4186544794,0.1042219964,0.4771235243,3,0.4771235243,20.6207957941,AminDW,0.9106471066,1688.5826997000,0.0000000000,0.0000000000,0.1192808811,0.1192808811,0.1431370573
1026,1026,Carlow,ED,2020,23.0000000000,1941.8006950000,0.9284169584,0.0715830416,0.0000000000,0.0000000000,0.0000000000,0.0000000000,1.0000000000,0.0000000000,0.0000000000,1,1.0000000000,24.0000000000,AminDW,0.7520548441,1941.8006950000,0.0000000000,0.0000000000,0.0035791521,0.0035791521,0.0035791521
1027,1027,Carlow,ED,2020,24.0000000000,1363.7745830000,0.4720566802,0.0000000000,0.0000000000,0.5279433198,0.0000000000,0.0000000000,0.4720566802,0.5279433198,0.0000000000,2,0.5279433198,24.0000000000,AminDW,0.3294945797,1363.7745830000,0.0000000000,0.0000000000,0.0000000000,0.0000000000,0.0000000000
1028,1028,Carlow,ED,2020,33.0000000000,1344.9624062000,0.8697525513,0.1302474487,0.0000000000,0.0000000000,0.0000000000,0.0000000000,1.0000000000,0.0000000000,0.0000000000,1,1.0000000000,24.0000000000,AminDW,0.4042623323,1344.9624062000,0.0000000000,0.0000000000,0.0065123724,0.0065123724,0.0065123724
1029,1029,Carlow,ED,2020,33.0000000000,1523.6307381000,0.3218412898,0.6781587102,0.0000000000,0.0000000000,0.0000000000,0.0000000000,1.0000000000,0.0000000000,0.0000000000,1,1.0000000000,23.4774342758,AminDW,0.6207971068,1523.6307381000,47.1181820000,0.0309249353,0.0000000000,0.0000000000,0.0000000000
1030,1030,Carlow,ED,2020,45.0000000000,1733.8843512000,0.0000000000,1.0000000000,0.0000000000,0.0000000000,0.0000000000,0.0000000000,1.0000000000,0.0000000000,0.0000000000,1,1.0000000000,20.8987834953,AminDW,0.6887766208,1733.8843512000,0.0000000000,0.0000000000,0.0000000000,0.0000000000,0.0000000000
1031,1031,Carlow,ED,2020,21.0000000000,798.3742860000,1.0000000000,0.0000000000,0.0000000000,0.0000000000,0.0000000000,0.0000000000,1.0000000000,0.0000000000,0.0000000000,1,1.0000000000,24.0000000000,AminDW,0.9584154944,798.3742860000,0.0000000000,0.0000000000,0.0000000000,0.0000000000,0.0000000000
1032,1032,Carlow,ED,2020,45.0000000000,2797.2328841000,0.0647783032,0.7836399492,0.0000000000,0.1515817476,0.0000000000,0.0000000000,0.8484182524,0.1515817476,0.0000000000,1,0.8484182524,24.0000000000,BminSW,0.4845979907,2797.2328841000,0.0000000000,0.0000000000,0.0543401722,0.0543401722,0.0543401722
1033,1033,Carlow,ED,2020,25.0000000000,1353.5104030000,0.3613158288,0.5570971507,0.0000000000,0.0815870205,0.0000000000,0.0000000000,0.9184129795,0.0815870205,0.0000000000,1,0.9184129795,23.2696096714,BminSW,0.6639843536,1353.5104030000,0.0000000000,0.0000000000,0.0089337965,0.0089337965,0.0089337965
1035,1035,Carlow,ED,2020,33.0000000000,1180.5849217000,0.0000000000,0.2501387190,0.4416395273,0.0000000000,0.0000000000,0.3082217537,0.2501387190,0.4416395273,0.3082217537,2,0.4416395273,21.8419522086,AminSW,0.4924491805,1180.5849217000,367.0068445000,0.3108686531,0.0770554384,0.0770554384,0.0924665261
1036,1036,Carlow,ED,2020,41.0000000000,1778.7343817000,0.7138680107,0.2861319893,0.0000000000,0.0000000000,0.0000000000,0.0000000000,1.0000000000,0.0000000000,0.0000000000,1,1.0000000000,24.0000000000,BminSW,0.5504332430,1778.7343817000,0.0000000000,0.0000000000,0.0143065995,0.0143065995,0.0143065995
1037,1037,Carlow,ED,2020,44.0000000000,1802.1318719000,0.0738073296,0.0982946935,0.0000000000,0.8278979769,0.0000000000,0.0000000000,0.1721020231,0.8278979769,0.0000000000,2,0.8278979769,23.3633096346,AminPD,0.3447530525,1802.1318719000,99.7000000000,0.0553233654,0.0877045324,0.0877045324,0.0877045324
1038,1038,Carlow,ED,2020,30.0000000000,1078.3592251000,0.0000000000,0.1852913291,0.0000000000,0.0000000000,0.3329546617,0.4817540092,0.1852913291,0.0000000000,0.8147086709,3,0.8147086709,18.2249969231,AminSRPT,0.3983420905,1078.3592251000,649.6138800000,0.6024095356,0.4533931640,0.4533931640,0.4774808645
1039,1039,Carlow,ED,2020,31.0000000000,1660.7970420000,0.4864403781,0.1118798356,0.0000000000,0.4016797863,0.0000000000,0.0000000000,0.5983202137,0.4016797863,0.0000000000,1,0.5983202137,24.0000000000,AminPD,0.4788136665,1660.7970420000,140.1200000000,0.0843691291,0.0457619704,0.0457619704,0.0457619704
1040,1040,Carlow,ED,2020,41.0000000000,2349.3619869000,0.7654135837,0.0937013905,0.0000000000,0.1408850258,0.0000000000,0.0000000000,0.8591149742,0.1408850258,0.0000000000,1,0.8591149742,23.8627134508,AminDW,0.7867107590,2349.3619869000,0.0000000000,0.0000000000,0.0046850695,0.0046850695,0.0046850695
1041,1041,Carlow,ED,2020,27.0000000000,1033.2331417000,0.0000000000,0.0000000000,0.0000000000,1.0000000000,0.0000000000,0.0000000000,0.0000000000,1.0000000000,0.0000000000,2,1.0000000000,21.7678123330,AminSW,0.7869520458,1033.2331417000,0.0000000000,0.0000000000,0.1000000000,0.1000000000,0.1000000000
1042,1042,Carlow,ED,2020,46.0000000000,1605.9489878000,0.0000000000,0.8374848759,0.1386040283,0.0239110957,0.0000000000,0.0000000000,0.8374848759,0.1625151241,0.0000000000,1,0.8374848759,22.7726250342,AminDW,0.6328102607,1605.9489878000,0.0000000000,0.0000000000,0.0000000000,0.0000000000,0.0000000000
1043,1043,Carlow,ED,2020,21.0000000000,1014.0379370000,0.0000000000,1.0000000000,0.0000000000,0.0000000000,0.0000000000,0.0000000000,1.0000000000,0.0000000000,0.0000000000,1,1.0000000000,24.0000000000,AminDW,0.2942690693,1014.0379370000,0.0000000000,0.0000000000,0.0000000000,0.0000000000,0.0000000000
1044,1044,Carlow,ED,2020,31.0000000000,1502.9729688000,0.4737372744,0.5262627256,0.0000000000,0.0000000000,0.0000000000,0.0000000000,1.0000000000,0.0000000000,0.0000000000,1,1.0000000000,24.0000000000,AminDW,0.7771747350,1502.9729688000,0.0000000000,0.0000000000,0.0000000000,0.0000000000,0.0000000000
1045,1045,Carlow,ED,2020,40.0000000000,1373.8385028000,0.4732780048,0.0000000000,0.0000000000,0.5267219952,0.0000000000,0.0000000000,0.4732780048,0.5267219952,0.0000000000,2,0.5267219952,24.0000000000,AminSW,0.3740982346,1373.8385028000,0.0000000000,0.0000000000,0.0000000000,0.0000000000,0.0000000000
1046,1046,Carlow,ED,2020,17.0000000000,934.9784172000,0.5558293192,0.4441706808,0.0000000000,0.0000000000,0.0000000000,0.0000000000,1.0000000000,0.0000000000,0.0000000000,1,1.0000000000,24.0000000000,BminSW,1.0000000000,934.9784172000,0.0000000000,0.0000000000,0.0222085340,0.0222085340,0.0222085340
1047,1047,Carlow,ED,2020,21.0000000000,1280.6365680000,0.0000000000,1.0000000000,0.0000000000,0.0000000000,0.0000000000,0.0000000000,1.0000000000,0.0000000000,0.0000000000,1,1.0000000000,24.0000000000,BminSW,0.6987435705,1280.6365680000,0.0000000000,0.0000000000,0.0000000000,0.0000000000,0.0000000000
1049,1049,Carlow,ED,2020,30.0000000000,1024.1662299000,0.0000000000,0.1763080863,0.0000000000,0.0058255718,0.0000000000,0.8178663420,0.1763080863,0.0058255718,0.8178663420,3,0.8178663420,19.4874787500,AminPDPT,0.3856364880,1024.1662299000,394.9558680000,0.3856364880,0.2050491427,0.2050491427,0.2459424598
1050,1050,Carlow,ED,2020,35.0000000000,762.1787530000,0.0000000000,0.0000000000,0.0000000000,0.4730310975,0.0000000000,0.5269689025,0.0000000000,0.4730310975,0.5269689025,3,0.5269689025,15.1989791114,AminDW,0.7590551020,762.1787530000,183.6430819000,0.2409448980,0.1790453354,0.1790453354,0.2053937805
1051,1051,Carlow,ED,2020,38.0000000000,1362.1431519000,0.0000000000,0.4939378817,0.0000000000,0.3061526910,0.0000000000,0.1999094273,0.4939378817,0.3061526910,0.1999094273,1,0.4939378817,21.5714194998,AminDW,0.4476528763,1362.1431519000,283.3858520000,0.2080441043,0.0805926259,0.0805926259,0.0905880973
1052,1052,Carlow,ED,2020,47.0000000000,2044.4001292000,0.0000000000,0.9024169896,0.0000000000,0.0975830104,0.0000000000,0.0000000000,0.9024169896,0.0975830104,0.0000000000,1,0.9024169896,23.1477402221,AminSW,0.4740877172,2044.4001292000,71.5000000000,0.0349735842,0.0097583010,0.0097583010,0.0097583010
1053,1053,Carlow,ED,2020,39.0000000000,1497.7806682000,0.0000000000,1.0000000000,0.0000000000,0.0000000000,0.0000000000,0.0000000000,1.0000000000,0.0000000000,0.0000000000,1,1.0000000000,22.2902967475,AminDW,0.6179801166,1497.7806682000,0.0000000000,0.0000000000,0.0000000000,0.0000000000,0.0000000000
1054,1054,Carlow,ED,2020,35.0000000000,970.8407365000,0.0000000000,1.0000000000,0.0000000000,0.0000000000,0.0000000000,0.0000000000,1.0000000000,0.0000000000,0.0000000000,1,1.0000000000,23.6027472236,AminDW,0.7636775025,970.8407365000,0.0000000000,0.0000000000,0.0000000000,0.0000000000,0.0000000000
11004,11004,Meath,ED,2020,94.0000000000,3595.0045538000,0.2466662725,0.0402697682,0.4891204708,0.0000000000,0.2239434885,0.0000000000,0.2869360407,0.4891204708,0.2239434885,2,0.4891204708,23.3133287656,BminDW,0.7548441781,3595.0045538000,196.0678595000,0.0545389739,0.3299150615,0.3299150615,0.3299150615
11005,11005,Meath,ED,2020,59.0000000000,2596.5629070000,0.3446870864,0.0000000000,0.6553129136,0.0000000000,0.0000000000,0.0000000000,0.3446870864,0.6553129136,0.0000000000,2,0.6553129136,22.1623355093,AminSW,0.5667694286,2596.5629070000,0.0000000000,0.0000000000,0.0000000000,0.0000000000,0.0000000000
11006,11006,Meath,ED,2020,98.0000000000,3713.4055281000,0.6031754754,0.0000000000,0.3352088068,0.0616157178,0.0000000000,0.0000000000,0.6031754754,0.3968245246,0.0000000000,1,0.6031754754,23.3356629052,AminDW,0.3564136602,3713.4055281000,0.0000000000,0.0000000000,0.0000000000,0.0000000000,0.0000000000
11007,11007,Meath,ED,2020,57.0000000000,2590.5757655000,0.0000000000,0.0000000000,1.0000000000,0.0000000000,0.0000000000,0.0000000000,0.0000000000,1.0000000000,0.0000000000,2,1.0000000000,20.5439323438,AminPD,0.6162703214,2590.5757655000,0.0000000000,0.0000000000,0.0000000000,0.0000000000,0.0000000000
11008,11008,Meath,ED,2020,36.0000000000,2228.6311688000,0.0000000000,0.2910501419,0.7089498581,0.0000000000,0.0000000000,0.0000000000,0.2910501419,0.7089498581,0.0000000000,2,0.7089498581,23.0619365732,BminPD,0.6175484621,2228.6311688000,0.0000000000,0.0000000000,0.0000000000,0.0000000000,0.0000000000
11009,11009,Meath,ED,2020,62.0000000000,2909.0566909000,0.0000000000,0.6694529034,0.3305470966,0.0000000000,0.0000000000,0.0000000000,0.6694529034,0.3305470966,0.0000000000,1,0.6694529034,22.8625883838,BminPD,0.4476406256,2909.0566909000,0.0000000000,0.0000000000,0.0000000000,0.0000000000,0.0000000000
11010,11010,Meath,ED,2020,79.0000000000,2651.4858546000,0.0000000000,0.0937629070,0.9062370930,0.0000000000,0.0000000000,0.0000000000,0.0937629070,0.9062370930,0.0000000000,2,0.9062370930,21.0266232840,BminPD,0.3998696395,2651.4858546000,0.0000000000,0.0000000000,0.0000000000,0.0000000000,0.0000000000
11011,11011,Meath,ED,2020,53.0000000000,1942.9813664000,0.0000000000,0.2696055974,0.7303944026,0.0000000000,0.0000000000,0.0000000000,0.2696055974,0.7303944026,0.0000000000,2,0.7303944026,22.5747737252,BminPD,0.8328077579,1942.9813664000,0.0000000000,0.0000000000,0.0000000000,0.0000000000,0.0000000000
11012,11012,Meath,ED,2020,32.0000000000,1606.1867710000,0.0000000000,0.6281828833,0.3718171167,0.0000000000,0.0000000000,0.0000000000,0.6281828833,0.3718171167,0.0000000000,1,0.6281828833,22.6936413113,BminDW,0.4610290785,1606.1867710000,0.0000000000,0.0000000000,0.0000000000,0.0000000000,0.0026024371
11013,11013,Meath,ED,2020,37.0000000000,1410.9169636000,0.0000000000,0.6751442552,0.3248557448,0.0000000000,0.0000000000,0.0000000000,0.6751442552,0.3248557448,0.0000000000,1,0.6751442552,23.4464309239,BminDW,0.5020856492,1410.9169636000,0.0000000000,0.0000000000,0.0000000000,0.0000000000,0.0113401429
11014,11014,Meath,ED,2020,77.0000000000,2612.5426419000,0.0000000000,0.0000000000,1.0000000000,0.0000000000,0.0000000000,0.0000000000,0.0000000000,1.0000000000,0.0000000000,2,1.0000000000,22.2245910363,AminPD,0.4644382867,2612.5426419000,0.0000000000,0.0000000000,0.0000000000,0.0000000000,0.0000000000
11015,11015,Meath,ED,2020,40.0000000000,1787.3356871000,0.0000000000,0.3640118405,0.6359881595,0.0000000000,0.0000000000,0.0000000000,0.3640118405,0.6359881595,0.0000000000,2,0.6359881595,23.2535121244,AminPD,0.4589282332,1787.3356871000,0.0000000000,0.0000000000,0.0067871268,0.0067871268,0.0091649677
11016,11016,Meath,ED,2020,47.0000000000,2355.7441025000,0.0000000000,0.1015225568,0.8984774432,0.0000000000,0.0000000000,0.0000000000,0.1015225568,0.8984774432,0.0000000000,2,0.8984774432,21.9564021997,BminPD,0.8332161802,2355.7441025000,0.0000000000,0.0000000000,0.0000000000,0.0000000000,0.0000000000
11017,11017,Meath,ED,2020,45.0000000000,1884.8412478000,0.0000000000,0.3712166728,0.6287833272,0.0000000000,0.0000000000,0.0000000000,0.3712166728,0.6287833272,0.0000000000,2,0.6287833272,23.4520346999,BminPD,0.4664472953,1884.8412478000,0.0000000000,0.0000000000,0.0090808605,0.0090808605,0.0090808605
11018,11018,Meath,ED,2020,48.0000000000,2103.3005442000,0.0000000000,0.2277600295,0.7722399705,0.0000000000,0.0000000000,0.0000000000,0.2277600295,0.7722399705,0.0000000000,2,0.7722399705,22.7472087448,BminPD,0.4880313362,2103.3005442000,0.0000000000,0.0000000000,0.0000000000,0.0000000000,0.0000000000
11019,11019,Meath,ED,2020,78.0000000000,1737.7492786000,0.0000000000,0.0000000000,0.2878996428,0.5932101072,0.1188902500,0.0000000000,0.0000000000,0.8811097500,0.1188902500,2,0.8811097500,23.5107927030,AminPD,0.7584997181,1737.7492786000,0.0000000000,0.0000000000,0.2654516947,0.2654516947,0.2654516947
11020,11020,Meath,ED,2020,22.0000000000,927.4205503000,0.9888708203,0.0000000000,0.0111291797,0.0000000000,0.0000000000,0.0000000000,0.9888708203,0.0111291797,0.0000000000,1,0.9888708203,23.8339480401,AminSW,0.5480409345,927.4205503000,0.0000000000,0.0000000000,0.0000000000,0.0000000000,0.0000000000
11021,11021,Meath,ED,2020,31.0000000000,1374.4904383000,0.0000000000,0.8214341889,0.0000000000,0.1785658111,0.0000000000,0.0000000000,0.8214341889,0.1785658111,0.0000000000,1,0.8214341889,24.0000000000,AminDW,0.8395221479,1374.4904383000,0.0000000000,0.0000000000,0.0000000000,0.0000000000,0.0000000000
11022,11022,Meath,ED,2020,30.0000000000,1022.5946707000,0.8519261968,0.0000000000,0.0000000000,0.0000000000,0.1480738032,0.0000000000,0.8519261968,0.0000000000,0.1480738032,1,0.8519261968,23.8695994691,AminSW,0.7554162884,1022.5946707000,0.0000000000,0.0000000000,0.1480738032,0.1480738032,0.1480738032
11023,11023,Meath,ED,2020,26.0000000000,1056.7995770000,0.0843679369,0.7410483445,0.0000000000,0.0000000000,0.1745837186,0.0000000000,0.8254162814,0.0000000000,0.1745837186,1,0.8254162814,22.7504915513,AminDW,0.7868091501,1056.7995770000,20.1000000000,0.0190196897,0.1745837186,0.1745837186,0.1745837186
11024,11024,Meath,ED,2020,63.0000000000,1555.7606286000,0.0000000000,0.0000000000,0.3436260584,0.6563739416,0.0000000000,0.0000000000,0.0000000000,1.0000000000,0.0000000000,2,1.0000000000,23.0561950103,AminPD,0.6531547148,1555.7606286000,0.0000000000,0.0000000000,0.1843626058,0.1843626058,0.1843626058
11025,11025,Meath,ED,2020,30.0000000000,1138.8778280000,1.0000000000,0.0000000000,0.0000000000,0.0000000000,0.0000000000,0.0000000000,1.0000000000,0.0000000000,0.0000000000,1,1.0000000000,24.0000000000,AminDW,0.4948849000,1138.8778280000,0.0000000000,0.0000000000,0.0000000000,0.0000000000,0.0000000000
11026,11026,Meath,ED,2020,35.0000000000,1147.0716155000,0.7117751337,0.2882248663,0.0000000000,0.0000000000,0.0000000000,0.0000000000,1.0000000000,0.0000000000,0.0000000000,1,1.0000000000,23.6544243667,AminDW,0.6789013288,1147.0716155000,0.0000000000,0.0000000000,0.0007833127,0.0007833127,0.0007833127
11027,11027,Meath,ED,2020,34.0000000000,1890.8858790000,0.0000000000,0.2544087591,0.7455912409,0.0000000000,0.0000000000,0.0000000000,0.2544087591,0.7455912409,0.0000000000,2,0.7455912409,23.8836524179,AminDW,0.5838094135,1890.8858790000,0.0000000000,0.0000000000,0.1491182482,0.1491182482,0.1491182482
11028,11028,Meath,ED,2020,36.0000000000,1421.4909129000,0.0000000000,0.7328855735,0.0733952845,0.0000000000,0.1937191420,0.0000000000,0.7328855735,0.0733952845,0.1937191420,1,0.7328855735,23.6772403286,BminDW,0.5150603293,1421.4909129000,0.0000000000,0.0000000000,0.1937191420,0.1937191420,0.2083981989
11029,11029,Meath,ED,2020,55.0000000000,1977.1333637000,0.0897365192,0.0000000000,0.4519067628,0.4583567180,0.0000000000,0.0000000000,0.0897365192,0.9102634808,0.0000000000,2,0.9102634808,22.9619595903,AminDW,0.5498554200,1977.1333637000,0.0000000000,0.0000000000,0.1830874934,0.1830874934,0.1830874934
11030,11030,Meath,ED,2020,29.0000000000,1587.8744660000,0.0000000000,0.4787229389,0.0000000000,0.0000000000,0.5212770611,0.0000000000,0.4787229389,0.0000000000,0.5212770611,3,0.5212770611,23.7690079110,AminDW,0.8976375756,1587.8744660000,0.0000000000,0.0000000000,0.5212770611,0.5212770611,0.5212770611
11031,11031,Meath,ED,2020,36.0000000000,1633.7343350000,1.0000000000,0.0000000000,0.0000000000,0.0000000000,0.0000000000,0.0000000000,1.0000000000,0.0000000000,0.0000000000,1,1.0000000000,23.4784953822,AminDW,0.8566660607,1633.7343350000,0.0000000000,0.0000000000,0.0000000000,0.0000000000,0.0000000000
11032,11032,Meath,ED,2020,34.0000000000,1239.5428891000,0.7398459926,0.2058759340,0.0000000000,0.0542780735,0.0000000000,0.0000000000,0.9457219265,0.0542780735,0.0000000000,1,0.9457219265,24.0000000000,AminDW,0.6715256313,1239.5428891000,67.2800000000,0.0542780735,0.0000000000,0.0000000000,0.0000000000
11033,11033,Meath,ED,2020,43.0000000000,1093.3506111000,0.1158256635,0.8841743365,0.0000000000,0.0000000000,0.0000000000,0.0000000000,1.0000000000,0.0000000000,0.0000000000,1,1.0000000000,24.0000000000,BminDW,0.5680815799,1093.3506111000,0.0000000000,0.0000000000,0.0057912832,0.0057912832,0.0057912832
11034,11034,Meath,ED,2020,29.0000000000,875.9209140000,0.0000000000,0.0000000000,0.4577621468,0.5422378532,0.0000000000,0.0000000000,0.0000000000,1.0000000000,0.0000000000,2,1.0000000000,22.6572967431,AminPD,0.6816920882,875.9209140000,0.0000000000,0.0000000000,0.1957762147,0.1957762147,0.1957762147
11035,11035,Meath,ED,2020,52.0000000000,1893.3294416000,0.4663071055,0.2239058532,0.3097870413,0.0000000000,0.0000000000,0.0000000000,0.6902129587,0.3097870413,0.0000000000,1,0.6902129587,24.0000000000,AminDW,0.8562255613,1893.3294416000,0.0000000000,0.0000000000,0.0774467603,0.0774467603,0.0774467603
11036,11036,Meath,ED,2020,53.0000000000,1407.0266566000,0.0000000000,0.0000000000,0.8977347022,0.1022652978,0.0000000000,0.0000000000,0.0000000000,1.0000000000,0.0000000000,2,1.0000000000,23.2571285021,AminDW,0.5763191414,1407.0266566000,0.0000000000,0.0000000000,0.2397734702,0.2397734702,0.2397734702
11037,11037,Meath,ED,2020,26.0000000000,1276.9694161000,0.1346089318,0.8093162507,0.0000000000,0.0560748175,0.0000000000,0.0000000000,0.9439251825,0.0560748175,0.0000000000,1,0.9439251825,23.8191029502,AlluvMIN,0.3716455492,1276.9694161000,210.6289260000,0.1649443780,0.0067304466,0.0067304466,0.0067304466
11038,11038,Meath,ED,2020,38.0000000000,1590.7463280000,0.0000000000,0.1206980627,0.8172555895,0.0620463478,0.0000000000,0.0000000000,0.1206980627,0.8793019373,0.0000000000,2,0.8793019373,24.0000000000,BminDW,0.4807721097,1590.7463280000,0.0000000000,0.0000000000,0.1727580701,0.1727580701,0.1727580701
11039,11039,Meath,ED,2020,27.0000000000,1142.7210137000,0.0000000000,0.2501047907,0.3482417626,0.4016534466,0.0000000000,0.0000000000,0.2501047907,0.7498952093,0.0000000000,2,0.7498952093,24.0000000000,AminPD,0.4016534466,1142.7210137000,0.0000000000,0.0000000000,0.1298963695,0.1298963695,0.1298963695
11040,11040,Meath,ED,2020,34.0000000000,1325.1304146000,0.0000000000,0.3274269138,0.0000000000,0.0827088404,0.5898642458,0.0000000000,0.3274269138,0.0827088404,0.5898642458,3,0.5898642458,23.7298379118,BminDW,0.9081501253,1325.1304146000,0.0000000000,0.0000000000,0.5898642458,0.5898642458,0.5898642458
11041,11041,Meath,ED,2020,41.0000000000,1534.5971899000,0.5456053818,0.4032411295,0.0000000000,0.0511534887,0.0000000000,0.0000000000,0.9488465113,0.0511534887,0.0000000000,1,0.9488465113,23.9022725566,AminDW,0.8432355062,1534.5971899000,0.0000000000,0.0000000000,0.0272802691,0.0272802691,0.0272802691
11042,11042,Meath,ED,2020,40.0000000000,1529.7955579000,0.0000000000,0.0000000000,0.2308806953,0.7691193047,0.0000000000,0.0000000000,0.0000000000,1.0000000000,0.0000000000,2,1.0000000000,22.2727464138,AminPD,0.6737106594,1529.7955579000,0.0000000000,0.0000000000,0.1730880695,0.1730880695,0.1730880695
11043,11043,Meath,ED,2020,55.0000000000,3351.4424058000,0.1741190596,0.6811540756,0.1447268648,0.0000000000,0.0000000000,0.0000000000,0.8552731352,0.1447268648,0.0000000000,1,0.8552731352,23.3823801395,BminDW,0.3924755859,3351.4424058000,0.0000000000,0.0000000000,0.0000000000,0.0000000000,0.0000000000
11044,11044,Meath,ED,2020,46.0000000000,2817.4390870000,0.0000000000,0.5867629883,0.4132370117,0.0000000000,0.0000000000,0.0000000000,0.5867629883,0.4132370117,0.0000000000,1,0.5867629883,23.5033078066,BminPD,0.2858893499,2817.4390870000,0.0000000000,0.0000000000,0.0008482881,0.0008482881,0.0008482881
11045,11045,Meath,ED,2020,60.0000000000,3034.0261996000,0.0000000000,0.6706281778,0.3293718222,0.0000000000,0.0000000000,0.0000000000,0.6706281778,0.3293718222,0.0000000000,1,0.6706281778,23.4323283074,AminPD,0.3678501165,3034.0261996000,0.0000000000,0.0000000000,0.0028196856,0.0028196856,0.0028196856
11046,11046,Meath,ED,2020,41.0000000000,1712.1605120000,0.0580201034,0.5790002538,0.3629796428,0.0000000000,0.0000000000,0.0000000000,0.6370203572,0.3629796428,0.0000000000,1,0.6370203572,24.0000000000,AminPD,0.4492701552,1712.1605120000,0.0000000000,0.0000000000,0.0108378019,0.0108378019,0.0108378019
11047,11047,Meath,ED,2020,34.0000000000,1610.3003155000,0.0000000000,0.4572119618,0.5427880382,0.0000000000,0.0000000000,0.0000000000,0.4572119618,0.5427880382,0.0000000000,2,0.5427880382,24.0000000000,AminPD,0.5988175124,1610.3003155000,0.0000000000,0.0000000000,0.0000000000,0.0000000000,0.0000000000
11048,11048,Meath,ED,2020,44.0000000000,2179.8235025000,0.0000000000,0.7175602725,0.2824397275,0.0000000000,0.0000000000,0.0000000000,0.7175602725,0.2824397275,0.0000000000,1,0.7175602725,22.9815128339,AminDW,0.4126862459,2179.8235025000,0.0000000000,0.0000000000,0.0000000000,0.0000000000,0.0000000000
11049,11049,Meath,ED,2020,78.0000000000,2674.7914887000,0.0000000000,0.6832242388,0.3167757612,0.0000000000,0.0000000000,0.0000000000,0.6832242388,0.3167757612,0.0000000000,1,0.6832242388,23.6957754852,BminDW,0.7698576825,2674.7914887000,0.0000000000,0.0000000000,0.0000000000,0.0000000000,0.0000000000
11050,11050,Meath,ED,2020,37.0000000000,1582.4687307000,0.0000000000,0.5950565691,0.4049434309,0.0000000000,0.0000000000,0.0000000000,0.5950565691,0.4049434309,0.0000000000,1,0.5950565691,22.8985667049,BminPD,0.6782479597,1582.4687307000,0.0000000000,0.0000000000,0.0000000000,0.0000000000,0.0000000000
11051,11051,Meath,ED,2020,32.0000000000,1484.2733666000,0.0000000000,0.8411209112,0.1588790888,0.0000000000,0.0000000000,0.0000000000,0.8411209112,0.1588790888,0.0000000000,1,0.8411209112,24.0000000000,BminDW,0.6894911609,1484.2733666000,0.0000000000,0.0000000000,0.0000000000,0.0000000000,0.0000000000
11052,11052,Meath,ED,2020,56.0000000000,2877.1304416000,0.0304122464,0.5656042173,0.0000000000,0.4039835362,0.0000000000,0.0000000000,0.5960164638,0.4039835362,0.0000000000,1,0.5960164638,23.8371989003,BminDW,0.5894891268,2877.1304416000,0.0000000000,0.0000000000,0.0000000000,0.0000000000,0.0000000000
11053,11053,Meath,ED,2020,62.0000000000,2477.1765822000,0.3390507052,0.6609492948,0.0000000000,0.0000000000,0.0000000000,0.0000000000,1.0000000000,0.0000000000,0.0000000000,1,1.0000000000,23.7335174260,AminDW,0.5716271813,2477.1765822000,331.8810980000,0.1339755512,0.0000000000,0.0000000000,0.0000000000
11054,11054,Meath,ED,2020,37.0000000000,1670.1106317000,0.0000000000,0.4229934392,0.5770065608,0.0000000000,0.0000000000,0.0000000000,0.4229934392,0.5770065608,0.0000000000,2,0.5770065608,23.6488855356,BminDW,0.4989347090,1670.1106317000,0.0000000000,0.0000000000,0.0000000000,0.0000000000,0.0000000000
11055,11055,Meath,ED,2020,74.0000000000,3444.9442536000,0.0000000000,0.9085275790,0.0914724210,0.0000000000,0.0000000000,0.0000000000,0.9085275790,0.0914724210,0.0000000000,1,0.9085275790,24.0000000000,BminDW,0.5234234452,3444.9442536000,0.0000000000,0.0000000000,0.0000000000,0.0000000000,0.0000000000
11056,11056,Meath,ED,2020,42.0000000000,2026.2775150000,0.0000000000,0.2562090233,0.7437909767,0.0000000000,0.0000000000,0.0000000000,0.2562090233,0.7437909767,0.0000000000,2,0.7437909767,23.6009924633,BminPD,0.2733132253,2026.2775150000,0.0000000000,0.0000000000,0.0000000000,0.0000000000,0.0000000000
11057,11057,Meath,ED,2020,43.0000000000,1602.4342909000,0.9821958378,0.0178041622,0.0000000000,0.0000000000,0.0000000000,0.0000000000,1.0000000000,0.0000000000,0.0000000000,1,1.0000000000,23.4683089317,AminDW,0.8697621337,1602.4342909000,0.0000000000,0.0000000000,0.0000000000,0.0000000000,0.0000000000
11058,11058,Meath,ED,2020,33.0000000000,1448.7461507000,0.1854256700,0.4520647166,0.3625096134,0.0000000000,0.0000000000,0.0000000000,0.6374903866,0.3625096134,0.0000000000,1,0.6374903866,23.5757648808,AminSW,0.4843303711,1448.7461507000,0.0000000000,0.0000000000,0.0000000000,0.0000000000,0.0000000000
11059,11059,Meath,ED,2020,36.0000000000,1790.2155190000,0.1498311221,0.4189159333,0.3740810572,0.0000000000,0.0571718874,0.0000000000,0.5687470554,0.3740810572,0.0571718874,1,0.5687470554,24.0000000000,AminDW,0.6011084311,1790.2155190000,0.0000000000,0.0000000000,0.0057171887,0.0057171887,0.0485961043
11060,11060,Meath,ED,2020,39.0000000000,1944.1698100000,0.0000000000,0.8859667510,0.1140332490,0.0000000000,0.0000000000,0.0000000000,0.8859667510,0.1140332490,0.0000000000,1,0.8859667510,23.3781516317,BminDW,0.7629320147,1944.1698100000,0.0000000000,0.0000000000,0.0000000000,0.0000000000,0.0000000000
11061,11061,Meath,ED,2020,32.0000000000,1554.8642706000,0.4189690888,0.5810309112,0.0000000000,0.0000000000,0.0000000000,0.0000000000,1.0000000000,0.0000000000,0.0000000000,1,1.0000000000,23.8697176057,BminDW,0.4924086073,1554.8642706000,0.0000000000,0.0000000000,0.0016400145,0.0016400145,0.0016400145
11062,11062,Meath,ED,2020,41.0000000000,1028.3256667000,0.0000000000,1.0000000000,0.0000000000,0.0000000000,0.0000000000,0.0000000000,1.0000000000,0.0000000000,0.0000000000,1,1.0000000000,23.9531781112,BminDW,0.5370184486,1028.3256667000,124.9479210000,0.1215061775,0.0050153307,0.0050153307,0.0050153307
11063,11063,Meath,ED,2020,58.0000000000,2193.1441506000,0.2210393373,0.7789606627,0.0000000000,0.0000000000,0.0000000000,0.0000000000,1.0000000000,0.0000000000,0.0000000000,1,1.0000000000,23.5707286702,BminDW,0.7285661672,2193.1441506000,0.0000000000,0.0000000000,0.0377930425,0.0377930425,0.0377930425
11064,11064,Meath,ED,2020,51.0000000000,1480.7521040000,0.8346786074,0.1180481186,0.0000000000,0.0000000000,0.0472732740,0.0000000000,0.9527267260,0.0000000000,0.0472732740,1,0.9527267260,23.3030568741,BminDW,0.9226744303,1480.7521040000,0.0000000000,0.0000000000,0.0890072044,0.0890072044,0.0890072044
11065,11065,Meath,ED,2020,44.0000000000,1698.3708776000,0.5402629948,0.4597370052,0.0000000000,0.0000000000,0.0000000000,0.0000000000,1.0000000000,0.0000000000,0.0000000000,1,1.0000000000,22.9387599353,BminDW,0.6561295979,1698.3708776000,0.0000000000,0.0000000000,0.0138746135,0.0138746135,0.0138746135
11066,11066,Meath,ED,2020,44.0000000000,1453.6091661000,0.0000000000,1.0000000000,0.0000000000,0.0000000000,0.0000000000,0.0000000000,1.0000000000,0.0000000000,0.0000000000,1,1.0000000000,23.7881136091,BminDW,0.4360526253,1453.6091661000,232.5854830000,0.1600055148,0.0000000000,0.0000000000,0.0000000000
11067,11067,Meath,ED,2020,75.0000000000,2273.4728720000,0.8455355852,0.0182540115,0.0947891921,0.0000000000,0.0414212112,0.0000000000,0.8637895967,0.0947891921,0.0414212112,1,0.8637895967,23.4334398550,BminDW,0.5636678075,2273.4728720000,0.0000000000,0.0000000000,0.0714541962,0.0714541962,0.0714541962
11068,11068,Meath,ED,2020,39.0000000000,1577.7465300000,0.3590866665,0.0691112279,0.5718021056,0.0000000000,0.0000000000,0.0000000000,0.4281978944,0.5718021056,0.0000000000,2,0.5718021056,23.9416889860,AminDW,0.7418316769,1577.7465300000,0.0000000000,0.0000000000,0.0000000000,0.0000000000,0.0000000000
11069,11069,Meath,ED,2020,49.0000000000,1734.3130421000,0.4317769854,0.0000000000,0.5064968907,0.0000000000,0.0617261239,0.0000000000,0.4317769854,0.5064968907,0.0617261239,2,0.5064968907,23.1944139333,BminDW,0.4952039466,1734.3130421000,52.9000000000,0.0305019905,0.0617261239,0.0617261239,0.1630255020
11070,11070,Meath,ED,2020,31.0000000000,1184.0225940000,0.0599650719,0.6039258724,0.3361090557,0.0000000000,0.0000000000,0.0000000000,0.6638909443,0.3361090557,0.0000000000,1,0.6638909443,23.7270322360,BminDW,0.7417840770,1184.0225940000,0.0000000000,0.0000000000,0.0029982536,0.0029982536,0.0702200647
11071,11071,Meath,ED,2020,46.0000000000,2476.1518646000,0.5602685954,0.0000000000,0.0000000000,0.0000000000,0.4397314046,0.0000000000,0.5602685954,0.0000000000,0.4397314046,1,0.5602685954,23.1725204999,BminDW,0.6185178222,2476.1518646000,401.2142857000,0.1620313727,0.4397314046,0.4397314046,0.4397314046
11072,11072,Meath,ED,2020,46.0000000000,2257.1213113000,0.4994280005,0.3997798981,0.0000000000,0.0000000000,0.1007921014,0.0000000000,0.8992078986,0.0000000000,0.1007921014,1,0.8992078986,23.9062217786,BminDW,0.5268257087,2257.1213113000,0.0000000000,0.0000000000,0.1257635014,0.1257635014,0.1257635014
11073,11073,Meath,ED,2020,27.0000000000,1249.0448831000,0.9716823627,0.0000000000,0.0283176373,0.0000000000,0.0000000000,0.0000000000,0.9716823627,0.0283176373,0.0000000000,1,0.9716823627,23.4979523887,BminDW,0.9555865856,1249.0448831000,0.0000000000,0.0000000000,0.0000000000,0.0000000000,0.0056635275
11074,11074,Meath,ED,2020,33.0000000000,1497.4019468000,0.1091597971,0.6678205917,0.0000000000,0.0000000000,0.2230196112,0.0000000000,0.7769803888,0.0000000000,0.2230196112,1,0.7769803888,24.0000000000,BminDW,0.4562609887,1497.4019468000,0.0000000000,0.0000000000,0.2284776011,0.2284776011,0.2284776011
11075,11075,Meath,ED,2020,37.0000000000,1496.0165766000,0.0000000000,0.6874037080,0.2836030825,0.0000000000,0.0289932095,0.0000000000,0.6874037080,0.2836030825,0.0289932095,1,0.6874037080,22.8756012505,Cut,0.3747547105,1496.0165766000,560.6392590000,0.3747547105,0.0289932095,0.0289932095,0.0857138260
11076,11076,Meath,ED,2020,33.0000000000,1275.6188201000,0.0000000000,0.6595026772,0.0000000000,0.2809976373,0.0594996854,0.0000000000,0.6595026772,0.2809976373,0.0594996854,1,0.6595026772,23.7811229267,BminDW,0.9405003146,1275.6188201000,0.0000000000,0.0000000000,0.0594996854,0.0594996854,0.0594996854
11077,11077,Meath,ED,2020,46.0000000000,1627.4956927000,0.0909181005,0.0000000000,0.9090818995,0.0000000000,0.0000000000,0.0000000000,0.0909181005,0.9090818995,0.0000000000,2,0.9090818995,23.7550442360,AminPD,0.5773062546,1627.4956927000,0.0000000000,0.0000000000,0.0045459050,0.0045459050,0.0045459050
11078,11078,Meath,ED,2020,47.0000000000,1710.6462482000,0.0907069513,0.5964702705,0.3128227782,0.0000000000,0.0000000000,0.0000000000,0.6871772218,0.3128227782,0.0000000000,1,0.6871772218,23.9102769573,BminSW,0.4822984350,1710.6462482000,0.0000000000,0.0000000000,0.0112475884,0.0112475884,0.0112475884
11079,11079,Meath,ED,2020,45.0000000000,1870.3597286000,0.0486688938,0.5192179719,0.3273364986,0.0612716357,0.0435050000,0.0000000000,0.5678868657,0.3886081343,0.0435050000,1,0.5678868657,23.4950062357,BminDW,0.8270503941,1870.3597286000,0.0000000000,0.0000000000,0.0459384447,0.0459384447,0.1114057444
11080,11080,Meath,ED,2020,35.0000000000,1497.2482505000,0.0546857617,0.7917615446,0.0000000000,0.1183547898,0.0351979039,0.0000000000,0.8464473063,0.1183547898,0.0351979039,1,0.8464473063,23.3557176108,BminDW,0.4521541386,1497.2482505000,286.8517050000,0.1915859343,0.0379321920,0.0379321920,0.0379321920
11081,11081,Meath,ED,2020,54.0000000000,2285.8842392000,0.7375092974,0.0000000000,0.2624907026,0.0000000000,0.0000000000,0.0000000000,0.7375092974,0.2624907026,0.0000000000,1,0.7375092974,23.6527558192,BminDW,0.5726148935,2285.8842392000,0.0000000000,0.0000000000,0.0368754649,0.0368754649,0.0575501776
11082,11082,Meath,ED,2020,25.0000000000,1063.7547164000,0.0000000000,0.6418515301,0.0000000000,0.3581484699,0.0000000000,0.0000000000,0.6418515301,0.3581484699,0.0000000000,1,0.6418515301,24.0000000000,BminDW,1.0000000000,1063.7547164000,0.0000000000,0.0000000000,0.0000000000,0.0000000000,0.0000000000
11083,11083,Meath,ED,2020,21.0000000000,1066.0128270000,0.0000000000,0.9707663180,0.0000000000,0.0292336820,0.0000000000,0.0000000000,0.9707663180,0.0292336820,0.0000000000,1,0.9707663180,23.1913793360,BminDW,0.8712956209,1066.0128270000,0.0000000000,0.0000000000,0.0000000000,0.0000000000,0.0000000000
11084,11084,Meath,ED,2020,45.0000000000,1738.2849606000,0.0000000000,0.5883688892,0.3914963223,0.0000000000,0.0201347885,0.0000000000,0.5883688892,0.3914963223,0.0201347885,1,0.5883688892,23.6813011442,BminDW,0.9412350493,1738.2849606000,0.0000000000,0.0000000000,0.0201347885,0.0201347885,0.0984340529
11085,11085,Meath,ED,2020,43.0000000000,1527.3333508000,0.0000000000,0.3899676731,0.6100323269,0.0000000000,0.0000000000,0.0000000000,0.3899676731,0.6100323269,0.0000000000,2,0.6100323269,23.2018210305,BminDW,0.4552234302,1527.3333508000,410.2430228000,0.2686008412,0.0000000000,0.0000000000,0.1220064654
11086,11086,Meath,ED,2020,45.0000000000,1924.1610632000,0.0000000000,1.0000000000,0.0000000000,0.0000000000,0.0000000000,0.0000000000,1.0000000000,0.0000000000,0.0000000000,1,1.0000000000,23.1109351744,BminDW,0.6900890734,1924.1610632000,0.0000000000,0.0000000000,0.0000000000,0.0000000000,0.0000000000
11087,11087,Meath,ED,2020,33.0000000000,1250.1768127000,0.5304720934,0.1158539564,0.3536739501,0.0000000000,0.0000000000,0.0000000000,0.6463260499,0.3536739501,0.0000000000,1,0.6463260499,23.8207933488,BminSW,0.5263093119,1250.1768127000,0.0000000000,0.0000000000,0.0323163025,0.0323163025,0.1030510925
11088,11088,Meath,ED,2020,34.0000000000,1642.2001620000,0.9088418066,0.0911581934,0.0000000000,0.0000000000,0.0000000000,0.0000000000,1.0000000000,0.0000000000,0.0000000000,1,1.0000000000,23.5450737265,BminDW,0.6642033567,1642.2001620000,0.0000000000,0.0000000000,0.0500000000,0.0500000000,0.0500000000
11089,11089,Meath,ED,2020,67.0000000000,2712.7917508000,0.7295918435,0.1330216372,0.0762019179,0.0000000000,0.0611846014,0.0000000000,0.8626134807,0.0762019179,0.0611846014,1,0.8626134807,23.8853834217,BminDW,0.7554327568,2712.7917508000,188.2000000000,0.0693750266,0.1043152755,0.1043152755,0.1195556590
11090,11090,Meath,ED,2020,63.0000000000,2870.5622678000,0.0186962776,0.5024953000,0.0000000000,0.4375311280,0.0412772945,0.0000000000,0.5211915775,0.4375311280,0.0412772945,1,0.5211915775,23.7414378868,BminDW,0.6303050187,2870.5622678000,625.5765080000,0.2179282139,0.0422121083,0.0422121083,0.0422121083
11091,11091,Meath,ED,2020,30.0000000000,1025.9773616000,0.0897680626,0.2796361223,0.6299336681,0.0000000000,0.0006621470,0.0000000000,0.3694041849,0.6299336681,0.0006621470,2,0.6299336681,23.0730035313,BminSW,0.5164630942,1025.9773616000,0.6793478000,0.0006621470,0.0051505501,0.0051505501,0.0051505501
11092,11092,Meath,ED,2020,51.0000000000,1768.1711650000,0.0333112547,0.8452442810,0.0560661784,0.0653782859,0.0000000000,0.0000000000,0.8785555357,0.1214444643,0.0000000000,1,0.8785555357,23.8868887787,BminDW,0.8589697486,1768.1711650000,0.0000000000,0.0000000000,0.0016655627,0.0016655627,0.0128787984
12001,12001,Offaly,ED,2020,4.0000000000,67.3933930000,0.0000000000,1.0000000000,0.0000000000,0.0000000000,0.0000000000,0.0000000000,1.0000000000,0.0000000000,0.0000000000,1,1.0000000000,24.0000000000,Made,1.0000000000,67.3933930000,0.0000000000,0.0000000000,0.0500000000,0.0500000000,0.0500000000
12003,12003,Offaly,ED,2020,40.0000000000,1143.5970832000,0.1909395479,0.8090604521,0.0000000000,0.0000000000,0.0000000000,0.0000000000,1.0000000000,0.0000000000,0.0000000000,1,1.0000000000,23.8390200161,BminSW,0.5623437928,1143.5970832000,91.8900280000,0.0803517509,0.0500000000,0.0500000000,0.0500000000
12004,12004,Offaly,ED,2020,33.0000000000,1197.8857280000,0.7584256276,0.0000000000,0.0000000000,0.0000000000,0.2415743724,0.0000000000,0.7584256276,0.0000000000,0.2415743724,1,0.7584256276,23.6274209221,BminSW,0.3867647716,1197.8857280000,127.5000000000,0.1064375316,0.2794956538,0.2794956538,0.2794956538
12005,12005,Offaly,ED,2020,43.0000000000,1154.5925356000,0.0725712908,0.6941402704,0.0000000000,0.0000000000,0.2332884387,0.0000000000,0.7667115613,0.0000000000,0.2332884387,1,0.7667115613,23.2166683205,BminSW,0.7384164557,1154.5925356000,44.8902707000,0.0388797514,0.2716240168,0.2716240168,0.2716240168
12006,12006,Offaly,ED,2020,18.0000000000,1064.9940890000,0.0851366228,0.9148633772,0.0000000000,0.0000000000,0.0000000000,0.0000000000,1.0000000000,0.0000000000,0.0000000000,1,1.0000000000,23.1328965958,Cut,0.9148633772,1064.9940890000,974.3240890000,0.9148633772,0.0500000000,0.0500000000,0.0500000000
12007,12007,Offaly,ED,2020,38.0000000000,1266.5487610000,0.6550169852,0.0000000000,0.0000000000,0.0000000000,0.3449830148,0.0000000000,0.6550169852,0.0000000000,0.3449830148,1,0.6550169852,23.2545610962,BminPD,0.4743539779,1266.5487610000,468.4101490000,0.3698319113,0.3542067414,0.3542067414,0.3542067414
12008,12008,Offaly,ED,2020,46.0000000000,1240.0188391000,0.0143932708,0.5686718265,0.0000000000,0.0000000000,0.4169349027,0.0000000000,0.5830650973,0.0000000000,0.4169349027,1,0.5830650973,23.6151455148,Cut,0.3678291383,1240.0188391000,456.1150610000,0.3678291383,0.4460881575,0.4460881575,0.4460881575
12009,12009,Offaly,ED,2020,40.0000000000,1702.3118709000,0.2955436542,0.0000000000,0.0000000000,0.0000000000,0.7044563458,0.0000000000,0.2955436542,0.0000000000,0.7044563458,3,0.7044563458,23.3100442582,BminDW,0.6933442926,1702.3118709000,0.0000000000,0.0000000000,0.7161498649,0.7161498649,0.7161498649
12010,12010,Offaly,ED,2020,37.0000000000,1384.6693358000,0.2697542649,0.3820253105,0.0000000000,0.0000000000,0.3482204246,0.0000000000,0.6517795754,0.0000000000,0.3482204246,1,0.6517795754,22.2845913442,BminSW,0.4435435515,1384.6693358000,317.3401940000,0.2291812101,0.3808094033,0.3808094033,0.3808094033
12011,12011,Offaly,ED,2020,55.0000000000,1604.5618492000,0.1785269849,0.4785910685,0.0000000000,0.0000000000,0.3428819466,0.0000000000,0.6571180534,0.0000000000,0.3428819466,1,0.6571180534,22.9030103808,Cut,0.3108321965,1604.5618492000,498.7494840000,0.3108321965,0.3757378493,0.3757378493,0.3757378493
12012,12012,Offaly,ED,2020,47.0000000000,2161.7433545000,0.0841568866,0.9158431134,0.0000000000,0.0000000000,0.0000000000,0.0000000000,1.0000000000,0.0000000000,0.0000000000,1,1.0000000000,24.0000000000,BminDW,0.9280038451,2161.7433545000,0.0000000000,0.0000000000,0.0457921557,0.0457921557,0.0457921557
12013,12013,Offaly,ED,2020,48.0000000000,2426.0873710000,0.8021093528,0.0000000000,0.0000000000,0.0000000000,0.1978906472,0.0000000000,0.8021093528,0.0000000000,0.1978906472,1,0.8021093528,23.2118997762,BminDW,0.5301982387,2426.0873710000,155.1000000000,0.0639300966,0.2379961148,0.2379961148,0.2379961148
12014,12014,Offaly,ED,2020,32.0000000000,1125.8104530000,0.3421907107,0.4645706234,0.0000000000,0.0000000000,0.1932386659,0.0000000000,0.8067613341,0.0000000000,0.1932386659,1,0.8067613341,22.8460607871,BminSW,0.6116697861,1125.8104530000,292.5361040000,0.2598448995,0.2335767326,0.2335767326,0.2335767326
12015,12015,Offaly,ED,2020,52.0000000000,1457.9357485000,0.7362123719,0.0000000000,0.0000000000,0.0000000000,0.2637876281,0.0000000000,0.7362123719,0.0000000000,0.2637876281,1,0.7362123719,23.6497159161,Cut,0.4697318789,1457.9357485000,684.8388985000,0.4697318789,0.3005982467,0.3005982467,0.3005982467
12016,12016,Offaly,ED,2020,28.0000000000,1145.2435500000,0.2167515966,0.0000000000,0.0000000000,0.0000000000,0.7832484034,0.0000000000,0.2167515966,0.0000000000,0.7832484034,3,0.7832484034,23.4750461594,BminPD,0.5035086205,1145.2435500000,311.4635500000,0.2719627192,0.7940859832,0.7940859832,0.7940859832
12017,12017,Offaly,ED,2020,32.0000000000,816.3452857000,0.0000000000,0.2047341960,0.0000000000,0.0000000000,0.7952658040,0.0000000000,0.2047341960,0.0000000000,0.7952658040,3,0.7952658040,21.6566364582,Cut,0.5269101081,816.3452857000,430.1405827000,0.5269101081,0.8055025138,0.8055025138,0.8055025138
12018,12018,Offaly,ED,2020,45.0000000000,1958.9904644000,0.2371445954,0.6653346094,0.0000000000,0.0000000000,0.0975207953,0.0000000000,0.9024792047,0.0000000000,0.0975207953,1,0.9024792047,23.3231149140,BminDW,0.6107674305,1958.9904644000,516.4728920000,0.2636423716,0.1405333244,0.1405333244,0.1405333244
12019,12019,Offaly,ED,2020,51.0000000000,2481.3850196000,0.0000000000,1.0000000000,0.0000000000,0.0000000000,0.0000000000,0.0000000000,1.0000000000,0.0000000000,0.0000000000,1,1.0000000000,22.9042018153,BminDW,0.7130654073,2481.3850196000,708.4109710000,0.2854901458,0.0500000000,0.0500000000,0.0500000000
12020,12020,Offaly,ED,2020,42.0000000000,1533.4843710000,0.7353394018,0.2646605982,0.0000000000,0.0000000000,0.0000000000,0.0000000000,1.0000000000,0.0000000000,0.0000000000,1,1.0000000000,23.7717616126,BminPD,0.3100759082,1533.4843710000,267.0800000000,0.1741654529,0.0500000000,0.0500000000,0.0500000000
12021,12021,Offaly,ED,2020,34.0000000000,1623.0848290000,1.0000000000,0.0000000000,0.0000000000,0.0000000000,0.0000000000,0.0000000000,1.0000000000,0.0000000000,0.0000000000,1,1.0000000000,23.2257952403,BminDW,0.5019976864,1623.0848290000,453.1200000000,0.2791720999,0.0479563607,0.0479563607,0.0479563607
12022,12022,Offaly,ED,2020,32.0000000000,990.7287300000,0.1218260320,0.0000000000,0.0000000000,0.0000000000,0.8781739680,0.0000000000,0.1218260320,0.0000000000,0.8781739680,3,0.8781739680,21.7235348691,AminDW,0.4600696671,990.7287300000,146.4079430000,0.1477780330,0.2249540134,0.2249540134,0.8781739680
12023,12023,Offaly,ED,2020,33.0000000000,1003.2795592000,0.7950156144,0.0000000000,0.0000000000,0.0000000000,0.2049843856,0.0000000000,0.7950156144,0.0000000000,0.2049843856,1,0.7950156144,23.7657681771,BminSW,0.5839129479,1003.2795592000,259.6539792000,0.2588052122,0.0518573503,0.0518573503,0.2158448588
12024,12024,Offaly,ED,2020,33.0000000000,1691.1288070000,0.3215965453,0.0000000000,0.0000000000,0.0000000000,0.6784034547,0.0000000000,0.3215965453,0.0000000000,0.6784034547,3,0.6784034547,22.0153076323,Cut,0.5350279519,1691.1288070000,904.8011820000,0.5350279519,0.6944832820,0.6944832820,0.6944832820
12025,12025,Offaly,ED,2020,14.0000000000,630.2682686000,0.0000000000,0.0000000000,0.0000000000,0.0000000000,1.0000000000,0.0000000000,0.0000000000,0.0000000000,1.0000000000,3,1.0000000000,20.7354600971,Cut,0.3916406890,630.2682686000,506.6098290000,0.8038003089,0.2901203548,0.2901203548,1.0000000000
12026,12026,Offaly,ED,2020,34.0000000000,1013.9258939000,1.0000000000,0.0000000000,0.0000000000,0.0000000000,0.0000000000,0.0000000000,1.0000000000,0.0000000000,0.0000000000,1,1.0000000000,22.4117048892,Cut,0.6286911063,1013.9258939000,637.4461919000,0.6286911063,0.0500000000,0.0500000000,0.0500000000
12027,12027,Offaly,ED,2020,57.0000000000,2130.0473823000,0.1495788322,0.5079136940,0.0000000000,0.0000000000,0.3425074738,0.0000000000,0.6574925262,0.0000000000,0.3425074738,1,0.6574925262,22.0323126542,BminDW,0.4043676454,2130.0473823000,732.9744908000,0.3441118244,0.3753821001,0.3753821001,0.3753821001
12028,12028,Offaly,ED,2020,36.0000000000,1396.6065930000,0.4265071689,0.1504406016,0.0000000000,0.0000000000,0.4230522296,0.0000000000,0.5769477704,0.0000000000,0.4230522296,1,0.5769477704,23.5674814547,BminDW,0.3397865679,1396.6065930000,553.9288490000,0.3966248275,0.4518996181,0.4518996181,0.4518996181
12029,12029,Offaly,ED,2020,65.0000000000,1513.0910593000,0.8975650450,0.0000000000,0.0000000000,0.0000000000,0.1024349550,0.0000000000,0.8975650450,0.0000000000,0.1024349550,1,0.8975650450,23.7807931003,BminDW,0.5082959771,1513.0910593000,617.6145778000,0.4081807066,0.1473132072,0.1473132072,0.1473132072
12030,12030,Offaly,ED,2020,42.0000000000,1363.1137340000,0.7157014464,0.1707823832,0.0000000000,0.0000000000,0.1135161705,0.0000000000,0.8864838295,0.0000000000,0.1135161705,1,0.8864838295,22.6595407599,BminDW,0.9411175187,1363.1137340000,0.0000000000,0.0000000000,0.0312423533,0.0312423533,0.1220552896
12031,12031,Offaly,ED,2020,20.0000000000,706.7197230000,0.0000000000,0.6717463424,0.0000000000,0.0000000000,0.3282536576,0.0000000000,0.6717463424,0.0000000000,0.3282536576,1,0.6717463424,21.6743255544,BminDW,0.5751673397,706.7197230000,153.7833340000,0.2176015880,0.3618409748,0.3618409748,0.3618409748
12032,12032,Offaly,ED,2020,37.0000000000,1131.0841168000,0.7393675646,0.0000000000,0.0000000000,0.0000000000,0.2606324354,0.0000000000,0.7393675646,0.0000000000,0.2606324354,1,0.7393675646,22.0721200169,BminPD,0.3671098797,1131.0841168000,399.6708328000,0.3533519982,0.2773657875,0.2773657875,0.2773657875
12033,12033,Offaly,ED,2020,34.0000000000,863.4130916000,0.5090277850,0.0000000000,0.0000000000,0.0000000000,0.4909722150,0.0000000000,0.5090277850,0.0000000000,0.4909722150,1,0.5090277850,23.2773018037,Cut,0.5157672061,863.4130916000,445.3201580000,0.5157672061,0.5164236042,0.5164236042,0.5164236042
12035,12035,Offaly,ED,2020,35.0000000000,1617.7425128000,0.7393549235,0.0000000000,0.0000000000,0.0000000000,0.2606450765,0.0000000000,0.7393549235,0.0000000000,0.2606450765,1,0.7393549235,23.1020642904,BminDW,0.6067384724,1617.7425128000,284.8202728000,0.1760603251,0.2606450765,0.2606450765,0.2606450765
12036,12036,Offaly,ED,2020,39.0000000000,1217.1273827000,0.5695292141,0.0000000000,0.2586352542,0.0000000000,0.1718355317,0.0000000000,0.5695292141,0.2586352542,0.1718355317,1,0.5695292141,23.7760194373,BminDW,0.6026188577,1217.1273827000,233.6220500000,0.1919454392,0.1718355317,0.1718355317,0.2235625826
12037,12037,Offaly,ED,2020,69.0000000000,3310.4887381000,0.0000000000,0.5912744493,0.3899065771,0.0000000000,0.0188189736,0.0000000000,0.5912744493,0.3899065771,0.0188189736,1,0.5912744493,23.4405123622,BminDW,0.5231422455,3310.4887381000,215.1316620000,0.0649848645,0.0188189736,0.0188189736,0.0968002890
12038,12038,Offaly,ED,2020,40.0000000000,1545.7413820000,0.5679031384,0.0594536713,0.0000000000,0.0000000000,0.3726431903,0.0000000000,0.6273568097,0.0000000000,0.3726431903,1,0.6273568097,22.5426540130,Cut,0.5723083947,1545.7413820000,884.6407690000,0.5723083947,0.3726431903,0.3726431903,0.3726431903
12039,12039,Offaly,ED,2020,31.0000000000,1249.1150980000,0.7716422622,0.0000000000,0.2283577378,0.0000000000,0.0000000000,0.0000000000,0.7716422622,0.2283577378,0.0000000000,1,0.7716422622,24.0000000000,Cut,0.3568606293,1249.1150980000,445.7600000000,0.3568606293,0.0000000000,0.0000000000,0.0456715476
12040,12040,Offaly,ED,2020,45.0000000000,1673.2604604000,0.6624334286,0.0000000000,0.0000000000,0.0000000000,0.3375665714,0.0000000000,0.6624334286,0.0000000000,0.3375665714,1,0.6624334286,21.7788434043,BminDW,0.4435877804,1673.2604604000,781.6656660000,0.4671512203,0.3375665714,0.3375665714,0.3375665714
12041,12041,Offaly,ED,2020,32.0000000000,1491.9165659000,0.4297875435,0.0000000000,0.0000000000,0.0000000000,0.5702124565,0.0000000000,0.4297875435,0.0000000000,0.5702124565,3,0.5702124565,22.8335928929,BminDW,0.5086458408,1491.9165659000,604.7594099000,0.4053573931,0.5702124565,0.5702124565,0.5702124565
12042,12042,Offaly,ED,2020,11.0000000000,470.1264670000,0.0000000000,0.0000000000,0.0000000000,0.0000000000,1.0000000000,0.0000000000,0.0000000000,0.0000000000,1.0000000000,3,1.0000000000,23.6632424100,Made,1.0000000000,470.1264670000,0.0000000000,0.0000000000,1.0000000000,1.0000000000,1.0000000000
12043/12034,12043/12034,Offaly,COUNTY_FALLBACK,2020,3141.0000000000,122669.7708189000,0.4707791695,0.2443769948,0.0265891367,0.0260609609,0.2321937381,0.0000000000,0.7151561644,0.0526500975,0.2321937381,1,0.7151561644,23.1325709869,,,122669.7708189000,28022.7867984000,0.2284408507,0.2313389607,0.2313389607,0.2647898888
12044,12044,Offaly,ED,2020,16.0000000000,791.1239910000,1.0000000000,0.0000000000,0.0000000000,0.0000000000,0.0000000000,0.0000000000,1.0000000000,0.0000000000,0.0000000000,1,1.0000000000,22.6382412716,Cut,0.5645259214,791.1239910000,566.4936360000,0.7160617583,0.0000000000,0.0000000000,0.0000000000
12045,12045,Offaly,ED,2020,36.0000000000,1307.2654058000,0.9111427569,0.0000000000,0.0000000000,0.0000000000,0.0888572431,0.0000000000,0.9111427569,0.0000000000,0.0888572431,1,0.9111427569,22.4810079796,BminDW,0.4891941537,1307.2654058000,536.4888120000,0.4103901240,0.0888572431,0.0888572431,0.0888572431
12046,12046,Offaly,ED,2020,47.0000000000,2046.2582022000,0.5483875616,0.1347958233,0.0000000000,0.0000000000,0.3168166151,0.0000000000,0.6831833849,0.0000000000,0.3168166151,1,0.6831833849,23.6497020761,BminDW,0.6049933814,2046.2582022000,0.0000000000,0.0000000000,0.0775842180,0.0775842180,0.3310375101
12047,12047,Offaly,ED,2020,16.0000000000,656.8730970000,0.5441737508,0.0000000000,0.0000000000,0.0000000000,0.4558262492,0.0000000000,0.5441737508,0.0000000000,0.4558262492,1,0.5441737508,21.8950452130,BminDW,0.6797099608,656.8730970000,0.0000000000,0.0000000000,0.4830349367,0.4830349367,0.4830349367
12048,12048,Offaly,ED,2020,32.0000000000,1549.8402421000,0.7446602042,0.0000000000,0.0000000000,0.0000000000,0.2553397958,0.0000000000,0.7446602042,0.0000000000,0.2553397958,1,0.7446602042,23.8081181487,BminDW,0.5081524080,1549.8402421000,560.0009621000,0.3613281852,0.2925728060,0.2925728060,0.2925728060
12049,12049,Offaly,ED,2020,24.0000000000,838.4993940000,1.0000000000,0.0000000000,0.0000000000,0.0000000000,0.0000000000,0.0000000000,1.0000000000,0.0000000000,0.0000000000,1,1.0000000000,23.2298145895,BminDW,0.5631698393,838.4993940000,92.9800000000,0.1108885715,0.0500000000,0.0500000000,0.0500000000
12050,12050,Offaly,ED,2020,38.0000000000,1858.5231810000,0.7102908823,0.0000000000,0.1507762259,0.1110074935,0.0279253983,0.0000000000,0.7102908823,0.2617837194,0.0279253983,1,0.7102908823,23.1257789967,BminDW,0.3093011413,1858.5231810000,319.8094740000,0.1720772048,0.0383070839,0.0383070839,0.0870030060
12051,12051,Offaly,ED,2020,48.0000000000,2296.7677038000,0.7858815913,0.0000000000,0.2141184087,0.0000000000,0.0000000000,0.0000000000,0.7858815913,0.2141184087,0.0000000000,1,0.7858815913,23.6264489445,BminDW,0.5304137932,2296.7677038000,0.0000000000,0.0000000000,0.0392940796,0.0392940796,0.0392940796
12052,12052,Offaly,ED,2020,47.0000000000,1809.8878574000,0.2278102797,0.7721897203,0.0000000000,0.0000000000,0.0000000000,0.0000000000,1.0000000000,0.0000000000,0.0000000000,1,1.0000000000,23.5590887045,BminDW,0.3760689524,1809.8878574000,323.2862240000,0.1786222404,0.0500000000,0.0500000000,0.0500000000
12053,12053,Offaly,ED,2020,51.0000000000,1672.4206910000,0.1030820857,0.0000000000,0.0000000000,0.3571261855,0.5397917288,0.0000000000,0.1030820857,0.3571261855,0.5397917288,3,0.5397917288,22.3774757573,AminDW,0.5623941058,1672.4206910000,224.5389880000,0.1342598721,0.3246333289,0.3246333289,0.6342273794
12054,12054,Offaly,ED,2020,38.0000000000,1504.4109074000,1.0000000000,0.0000000000,0.0000000000,0.0000000000,0.0000000000,0.0000000000,1.0000000000,0.0000000000,0.0000000000,1,1.0000000000,23.9846725227,BminDW,0.5061537727,1504.4109074000,346.4536260000,0.2302918865,0.0500000000,0.0500000000,0.0500000000
12055,12055,Offaly,ED,2020,29.0000000000,1170.7155911000,0.0000000000,0.0000000000,0.0000000000,0.0000000000,1.0000000000,0.0000000000,0.0000000000,0.0000000000,1.0000000000,3,1.0000000000,20.9155046744,AminPD,0.4276273450,1170.7155911000,0.0000000000,0.0000000000,0.5773547681,0.5773547681,1.0000000000
12056,12056,Offaly,ED,2020,44.0000000000,2110.1701178000,0.6163877864,0.3836122136,0.0000000000,0.0000000000,0.0000000000,0.0000000000,1.0000000000,0.0000000000,0.0000000000,1,1.0000000000,24.0000000000,BminDW,0.7378254183,2110.1701178000,79.2933340000,0.0375767495,0.0500000000,0.0500000000,0.0500000000
12057,12057,Offaly,ED,2020,34.0000000000,1521.8214536000,1.0000000000,0.0000000000,0.0000000000,0.0000000000,0.0000000000,0.0000000000,1.0000000000,0.0000000000,0.0000000000,1,1.0000000000,23.3210220781,BminDW,0.5150001376,1521.8214536000,454.6531956000,0.2987559378,0.0500000000,0.0500000000,0.0500000000
12058,12058,Offaly,ED,2020,20.0000000000,994.4087357000,0.0000000000,0.0000000000,0.0000000000,0.0000000000,1.0000000000,0.0000000000,0.0000000000,0.0000000000,1.0000000000,3,1.0000000000,21.4215431664,BminPD,0.3811153667,994.4087357000,0.0000000000,0.0000000000,0.3957344028,0.3957344028,1.0000000000
12059,12059,Offaly,ED,2020,36.0000000000,2112.9848350000,0.6853583632,0.0000000000,0.0000000000,0.0000000000,0.3146416368,0.0000000000,0.6853583632,0.0000000000,0.3146416368,1,0.6853583632,23.2999186859,BminDW,0.3673538561,2112.9848350000,678.6599810000,0.3211854481,0.3146416368,0.3146416368,0.3146416368
12060,12060,Offaly,ED,2020,35.0000000000,1161.8636068000,0.0000000000,0.0000000000,0.0000000000,0.1133510158,0.8866489842,0.0000000000,0.0000000000,0.1133510158,0.8866489842,3,0.8866489842,21.6363007295,Cut,0.6202762885,1161.8636068000,720.6764458000,0.6202762885,0.8866489842,0.8866489842,0.8866489842
12061,12061,Offaly,ED,2020,34.0000000000,1450.9565120000,0.2371263350,0.0834621844,0.0000000000,0.0000000000,0.6794114805,0.0000000000,0.3205885195,0.0000000000,0.6794114805,3,0.6794114805,23.1334118551,BminDW,0.6905136865,1450.9565120000,92.2000000000,0.0635442891,0.6954409065,0.6954409065,0.6954409065
12062,12062,Offaly,ED,2020,83.0000000000,3453.7830578000,0.8571126461,0.1428873539,0.0000000000,0.0000000000,0.0000000000,0.0000000000,1.0000000000,0.0000000000,0.0000000000,1,1.0000000000,22.9884290792,BminDW,0.3196511409,3453.7830578000,787.4520230000,0.2279969558,0.0500000000,0.0500000000,0.0500000000
12063,12063,Offaly,ED,2020,48.0000000000,1524.5667283000,0.0000000000,1.0000000000,0.0000000000,0.0000000000,0.0000000000,0.0000000000,1.0000000000,0.0000000000,0.0000000000,1,1.0000000000,22.3379415089,BminSW,0.2986984723,1524.5667283000,259.7655050000,0.1703864450,0.0500000000,0.0500000000,0.0500000000
12064,12064,Offaly,ED,2020,33.0000000000,1343.0920946000,0.2667352458,0.0775067781,0.0000000000,0.6557579760,0.0000000000,0.0000000000,0.3442420240,0.6557579760,0.0000000000,2,0.6557579760,23.4117752586,BminDW,0.7472979356,1343.0920946000,106.8221450000,0.0795344902,0.0172121012,0.0172121012,0.0172121012
12065,12065,Offaly,ED,2020,27.0000000000,662.3202330000,0.4003984958,0.0000000000,0.0000000000,0.0000000000,0.5996015042,0.0000000000,0.4003984958,0.0000000000,0.5996015042,3,0.5996015042,20.6171237290,BminDW,0.5957472071,662.3202330000,267.7448040000,0.4042527929,0.5996015042,0.5996015042,0.5996015042
12066,12066,Offaly,ED,2020,24.0000000000,978.8829947000,0.0393305433,0.6071928156,0.0000000000,0.0000000000,0.3534766411,0.0000000000,0.6465233589,0.0000000000,0.3534766411,1,0.6465233589,22.6519104989,BminDW,0.2860167472,978.8829947000,186.1054630000,0.1901202330,0.3838362819,0.3838362819,0.3838362819
12067,12067,Offaly,ED,2020,37.0000000000,1616.9832680000,0.1234459774,0.8765540226,0.0000000000,0.0000000000,0.0000000000,0.0000000000,1.0000000000,0.0000000000,0.0000000000,1,1.0000000000,23.7888660899,BminDW,0.3882221730,1616.9832680000,0.0000000000,0.0000000000,0.0500000000,0.0500000000,0.0500000000
12068,12068,Offaly,ED,2020,53.0000000000,2506.0606141000,0.5379541713,0.2046439061,0.0000000000,0.0000000000,0.2574019225,0.0000000000,0.7425980775,0.0000000000,0.2574019225,1,0.7425980775,23.4905953522,BminDW,0.8441051262,2506.0606141000,0.0000000000,0.0000000000,0.2824683047,0.2824683047,0.2824683047
12069,12069,Offaly,ED,2020,33.0000000000,1256.0205598000,0.0000000000,0.9724554652,0.0000000000,0.0000000000,0.0275445348,0.0000000000,0.9724554652,0.0000000000,0.0275445348,1,0.9724554652,23.5826501438,BminDW,0.5251299851,1256.0205598000,228.1300000000,0.1816291925,0.0761673080,0.0761673080,0.0761673080
12070,12070,Offaly,ED,2020,29.0000000000,1139.0976107000,0.0000000000,0.0000000000,0.0000000000,1.0000000000,0.0000000000,0.0000000000,0.0000000000,1.0000000000,0.0000000000,2,1.0000000000,23.9597580220,Cut,0.4068068823,1139.0976107000,463.3927477000,0.4068068823,0.0000000000,0.0000000000,0.0000000000
12071,12071,Offaly,ED,2020,55.0000000000,1802.2977298000,0.8536791775,0.0000000000,0.0000000000,0.0000000000,0.1463208225,0.0000000000,0.8536791775,0.0000000000,0.1463208225,1,0.8536791775,23.7085813905,BminDW,0.6716496262,1802.2977298000,208.0228770000,0.1154209283,0.1463208225,0.1463208225,0.1463208225
12072,12072,Offaly,ED,2020,45.0000000000,1653.7097227000,0.0000000000,1.0000000000,0.0000000000,0.0000000000,0.0000000000,0.0000000000,1.0000000000,0.0000000000,0.0000000000,1,1.0000000000,23.9001033871,BminDW,0.4029216854,1653.7097227000,143.4034870000,0.0867162387,0.0500000000,0.0500000000,0.0500000000
12073,12073,Offaly,ED,2020,64.0000000000,2715.5628608000,0.9478192893,0.0000000000,0.0000000000,0.0000000000,0.0521807107,0.0000000000,0.9478192893,0.0000000000,0.0521807107,1,0.9478192893,23.0454562019,BminDW,0.8472591216,2715.5628608000,169.4309730000,0.0623925800,0.0995716752,0.0995716752,0.0995716752
12074,12074,Offaly,ED,2020,38.0000000000,1799.6018546000,0.5924772845,0.4075227155,0.0000000000,0.0000000000,0.0000000000,0.0000000000,1.0000000000,0.0000000000,0.0000000000,1,1.0000000000,23.0444108537,BminDW,0.5228618861,1799.6018546000,333.5951638000,0.1853716493,0.0500000000,0.0500000000,0.0500000000
12075,12075,Offaly,ED,2020,52.0000000000,1943.4685880000,0.6028022939,0.3971977061,0.0000000000,0.0000000000,0.0000000000,0.0000000000,1.0000000000,0.0000000000,0.0000000000,1,1.0000000000,23.3550567178,BminDW,0.5351858622,1943.4685880000,42.2831270000,0.0217565271,0.0500000000,0.0500000000,0.0500000000
12076,12076,Offaly,ED,2020,21.0000000000,764.3430008000,0.5412229844,0.0000000000,0.0000000000,0.0000000000,0.4587770156,0.0000000000,0.5412229844,0.0000000000,0.4587770156,1,0.5412229844,23.1167893219,BminPD,0.5450790540,764.3430008000,0.0000000000,0.0000000000,0.4587770156,0.4587770156,0.4587770156
12077,12077,Offaly,ED,2020,18.0000000000,965.1796620000,0.4354215247,0.0000000000,0.0000000000,0.0000000000,0.5645784753,0.0000000000,0.4354215247,0.0000000000,0.5645784753,3,0.5645784753,23.9404726951,BminSW,0.7083181048,965.1796620000,0.0000000000,0.0000000000,0.5863495516,0.5863495516,0.5863495516
12078,12078,Offaly,ED,2020,31.0000000000,1188.3436914000,0.2925944227,0.0000000000,0.5039480332,0.2034575441,0.0000000000,0.0000000000,0.2925944227,0.7074055773,0.0000000000,2,0.7074055773,23.9258262169,Cut,0.7244252724,1188.3436914000,860.8662024000,0.7244252724,0.0146297211,0.0146297211,0.1154193278
12079,12079,Offaly,ED,2020,52.0000000000,2257.4555176000,0.8683473505,0.1316526495,0.0000000000,0.0000000000,0.0000000000,0.0000000000,1.0000000000,0.0000000000,0.0000000000,1,1.0000000000,23.6100033896,BminDW,0.6865765090,2257.4555176000,38.5000000000,0.0170545996,0.0065826325,0.0065826325,0.0065826325
12080,12080,Offaly,ED,2020,21.0000000000,643.7449770000,0.0000000000,0.0000000000,0.0000000000,0.0000000000,1.0000000000,0.0000000000,0.0000000000,0.0000000000,1.0000000000,3,1.0000000000,22.3296426995,Cut,1.0000000000,643.7449770000,643.7449770000,1.0000000000,1.0000000000,1.0000000000,1.0000000000
12081,12081,Offaly,ED,2020,27.0000000000,1169.4159460000,0.7250099444,0.0000000000,0.0000000000,0.0000000000,0.2749900556,0.0000000000,0.7250099444,0.0000000000,0.2749900556,1,0.7250099444,23.7571539870,Cut,0.4388059969,1169.4159460000,513.1467300000,0.4388059969,0.2853953237,0.2853953237,0.2853953237
12082,12082,Offaly,ED,2020,44.0000000000,2072.0518774000,0.7202869261,0.0000000000,0.0000000000,0.0000000000,0.2797130739,0.0000000000,0.7202869261,0.0000000000,0.2797130739,1,0.7202869261,23.3392016943,BminDW,0.7097747052,2072.0518774000,333.3600000000,0.1608840028,0.3157274202,0.3157274202,0.3157274202
12083,12083,Offaly,ED,2020,28.0000000000,1001.3628790000,0.6387767186,0.1591287118,0.0000000000,0.0000000000,0.2020945696,0.0000000000,0.7979054304,0.0000000000,0.2020945696,1,0.7979054304,23.5744955191,BminDW,0.7373334657,1001.3628790000,63.3700000000,0.0632837519,0.2359480753,0.2359480753,0.2359480753
12084,12084,Offaly,ED,2020,38.0000000000,1585.1238807000,0.0873059309,0.9084632648,0.0000000000,0.0000000000,0.0042308043,0.0000000000,0.9957691957,0.0000000000,0.0042308043,1,0.9957691957,23.2283767044,BminDW,0.3670421686,1585.1238807000,244.7037280000,0.1543751444,0.0496539676,0.0496539676,0.0496539676
12085,12085,Offaly,ED,2020,34.0000000000,911.5021306000,0.0000000000,0.8052631402,0.0000000000,0.0000000000,0.1947368598,0.0000000000,0.8052631402,0.0000000000,0.1947368598,1,0.8052631402,23.1972102320,BminDW,0.5088711550,911.5021306000,73.4424160000,0.0805729504,0.2350000168,0.2350000168,0.2350000168
12086,12086,Offaly,ED,2020,20.0000000000,701.2247458000,0.5509956135,0.0000000000,0.0000000000,0.0000000000,0.4490043865,0.0000000000,0.5509956135,0.0000000000,0.4490043865,1,0.5509956135,23.9376024302,BminSW,0.5234005032,701.2247458000,0.0000000000,0.0000000000,0.4765541672,0.4765541672,0.4765541672
12087,12087,Offaly,ED,2020,16.0000000000,919.7944081000,0.9608640804,0.0391359196,0.0000000000,0.0000000000,0.0000000000,0.0000000000,1.0000000000,0.0000000000,0.0000000000,1,1.0000000000,24.0000000000,BminDW,0.6109044980,919.7944081000,57.8000000000,0.0628401298,0.0295094334,0.0295094334,0.0295094334
13003,13003,Westmeath,ED,2020,15.0000000000,300.2456702000,0.0000000000,0.5224552474,0.0000000000,0.0000000000,0.4775447526,0.0000000000,0.5224552474,0.0000000000,0.4775447526,1,0.5224552474,22.1810616605,Cut,0.7168154803,300.2456702000,226.4807443000,0.7543181027,0.5021831339,0.5021831339,0.5021831339
13004,13004,Westmeath,ED,2020,53.0000000000,1760.4110392000,0.8440364245,0.0000000000,0.0000000000,0.0000000000,0.1559635755,0.0000000000,0.8440364245,0.0000000000,0.1559635755,1,0.8440364245,23.2566376699,BminDW,0.7721905325,1760.4110392000,4.0522490000,0.0023018766,0.1928387764,0.1928387764,0.1928387764
13005,13005,Westmeath,ED,2020,25.0000000000,1058.2321211000,0.0000000000,0.8191795579,0.0000000000,0.1808204421,0.0000000000,0.0000000000,0.8191795579,0.1808204421,0.0000000000,1,0.8191795579,22.4536024910,BminDW,0.7410278326,1058.2321211000,226.3500000000,0.2138944712,0.0409589779,0.0409589779,0.0409589779
13006,13006,Westmeath,ED,2020,39.0000000000,1341.2283745000,0.2605145377,0.5245674353,0.0000000000,0.0000000000,0.2149180270,0.0000000000,0.7850819730,0.0000000000,0.2149180270,1,0.7850819730,23.4390493981,BminDW,0.6654034402,1341.2283745000,233.8599800000,0.1743625355,0.2541721256,0.2541721256,0.2541721256
13007,13007,Westmeath,ED,2020,61.0000000000,1621.8222500000,0.3597692108,0.4271412816,0.0000000000,0.1336788323,0.0794106752,0.0000000000,0.7869104924,0.1336788323,0.0794106752,1,0.7869104924,22.8710801199,BminDW,0.5805404442,1621.8222500000,102.2757986000,0.0630622737,0.1187561999,0.1187561999,0.1187561999
13008,13008,Westmeath,ED,2020,77.0000000000,2205.3236266000,0.0000000000,0.7499126294,0.0000000000,0.0000000000,0.2500873706,0.0000000000,0.7499126294,0.0000000000,0.2500873706,1,0.7499126294,22.7854143402,BminDW,0.5273701864,2205.3236266000,998.4954360000,0.4527659451,0.2875830020,0.2875830020,0.2875830020
13009,13009,Westmeath,ED,2020,30.0000000000,903.1636780000,0.6966668350,0.0431815417,0.0000000000,0.0000000000,0.2601516234,0.0000000000,0.7398483766,0.0000000000,0.2601516234,1,0.7398483766,20.7600409192,BminDW,0.7868789360,903.1636780000,182.1274070000,0.2016549286,0.2949849651,0.2949849651,0.2949849651
13010,13010,Westmeath,ED,2020,41.0000000000,1171.8544757000,0.5093261135,0.4906738865,0.0000000000,0.0000000000,0.0000000000,0.0000000000,1.0000000000,0.0000000000,0.0000000000,1,1.0000000000,23.8418233630,BminDW,0.7495945524,1171.8544757000,0.0000000000,0.0000000000,0.0500000000,0.0500000000,0.0500000000
13011,13011,Westmeath,ED,2020,25.0000000000,727.7147735000,0.9327208932,0.0672791068,0.0000000000,0.0000000000,0.0000000000,0.0000000000,1.0000000000,0.0000000000,0.0000000000,1,1.0000000000,23.9680194372,BminDW,1.0000000000,727.7147735000,0.0000000000,0.0000000000,0.0466360447,0.0466360447,0.0466360447
13012,13012,Westmeath,ED,2020,34.0000000000,1059.7550470000,0.0000000000,0.9634531837,0.0000000000,0.0000000000,0.0365468163,0.0000000000,0.9634531837,0.0000000000,0.0365468163,1,0.9634531837,22.8420322852,BminSW,0.7156381384,1059.7550470000,79.6700000000,0.0751777500,0.0847194755,0.0847194755,0.0847194755
13013,13013,Westmeath,ED,2020,47.0000000000,1349.3083933000,0.6900718015,0.0000000000,0.0000000000,0.2897849087,0.0201432898,0.0000000000,0.6900718015,0.2897849087,0.0201432898,1,0.6900718015,23.4146992756,BminDW,0.9447865289,1349.3083933000,0.0000000000,0.0000000000,0.0546468799,0.0546468799,0.0546468799
13014,13014,Westmeath,ED,2020,38.0000000000,771.9502694000,0.2450577400,0.4650771755,0.0000000000,0.0000000000,0.2898650845,0.0000000000,0.7101349155,0.0000000000,0.2898650845,1,0.7101349155,22.7814555589,BminSW,0.3954088516,771.9502694000,326.7997191000,0.4233429692,0.3066972140,0.3066972140,0.3066972140
13015,13015,Westmeath,ED,2020,25.0000000000,908.4233020000,0.9594902509,0.0000000000,0.0000000000,0.0000000000,0.0405097491,0.0000000000,0.9594902509,0.0000000000,0.0405097491,1,0.9594902509,21.6907059788,BminDW,0.6992546048,908.4233020000,273.2041250000,0.3007453952,0.0884842616,0.0884842616,0.0884842616
13016,13016,Westmeath,ED,2020,51.0000000000,1586.7706647000,0.0000000000,0.9383653844,0.0000000000,0.0000000000,0.0616346156,0.0000000000,0.9383653844,0.0000000000,0.0616346156,1,0.9383653844,22.9896127300,Cut,0.3577153344,1586.7706647000,848.6475706000,0.5348268590,0.1085528848,0.1085528848,0.1085528848
13017,13017,Westmeath,ED,2020,38.0000000000,1850.7676133000,0.0360391005,0.0000000000,0.0000000000,0.4506675376,0.5132933619,0.0000000000,0.0360391005,0.4506675376,0.5132933619,3,0.5132933619,23.8155434468,BminDW,0.8674063679,1850.7676133000,0.0000000000,0.0000000000,0.5150953169,0.5150953169,0.5150953169
13018,13018,Westmeath,ED,2020,46.0000000000,1529.4566195000,0.9975951191,0.0000000000,0.0000000000,0.0000000000,0.0024048809,0.0000000000,0.9975951191,0.0000000000,0.0024048809,1,0.9975951191,23.7258420810,BminDW,0.9092226623,1529.4566195000,138.8400000000,0.0907773377,0.0522846368,0.0522846368,0.0522846368
13019,13019,Westmeath,ED,2020,51.0000000000,1880.5358191000,0.9359703768,0.0000000000,0.0000000000,0.0640296232,0.0000000000,0.0000000000,0.9359703768,0.0640296232,0.0000000000,1,0.9359703768,24.0000000000,BminDW,0.8554284118,1880.5358191000,0.0000000000,0.0000000000,0.0467985188,0.0467985188,0.0467985188
13020,13020,Westmeath,ED,2020,25.0000000000,1058.1435587000,1.0000000000,0.0000000000,0.0000000000,0.0000000000,0.0000000000,0.0000000000,1.0000000000,0.0000000000,0.0000000000,1,1.0000000000,23.0726530377,BminDW,0.9241501785,1058.1435587000,0.0000000000,0.0000000000,0.0410503637,0.0410503637,0.0410503637
13021,13021,Westmeath,ED,2020,26.0000000000,950.1299980000,0.9096052938,0.0000000000,0.0000000000,0.0903947062,0.0000000000,0.0000000000,0.9096052938,0.0903947062,0.0000000000,1,0.9096052938,24.0000000000,BminDW,0.9252733835,950.1299980000,0.0000000000,0.0000000000,0.0454802647,0.0454802647,0.0454802647
13022,13022,Westmeath,ED,2020,30.0000000000,1109.4072499000,0.4973507222,0.5026492778,0.0000000000,0.0000000000,0.0000000000,0.0000000000,1.0000000000,0.0000000000,0.0000000000,1,1.0000000000,24.0000000000,BminDW,0.8558618037,1109.4072499000,0.0000000000,0.0000000000,0.0484958177,0.0484958177,0.0484958177
13023,13023,Westmeath,ED,2020,16.0000000000,630.8493247000,0.0000000000,0.8386302465,0.1613697535,0.0000000000,0.0000000000,0.0000000000,0.8386302465,0.1613697535,0.0000000000,1,0.8386302465,23.9637998439,BminDW,0.3839904462,630.8493247000,236.2492110000,0.3744938795,0.0742054630,0.0742054630,0.0742054630
13024,13024,Westmeath,ED,2020,27.0000000000,1248.6730450000,0.2696566938,0.7303433062,0.0000000000,0.0000000000,0.0000000000,0.0000000000,1.0000000000,0.0000000000,0.0000000000,1,1.0000000000,23.5870816608,AminDW,0.5807444975,1248.6730450000,0.0000000000,0.0000000000,0.0500000000,0.0500000000,0.0500000000
13025,13025,Westmeath,ED,2020,26.0000000000,1067.2400000000,0.8159739140,0.1840260860,0.0000000000,0.0000000000,0.0000000000,0.0000000000,1.0000000000,0.0000000000,0.0000000000,1,1.0000000000,24.0000000000,BminDW,0.6011206477,1067.2400000000,0.0000000000,0.0000000000,0.0500000000,0.0500000000,0.0500000000
13026,13026,Westmeath,ED,2020,19.0000000000,515.8006180000,0.0000000000,0.0000000000,0.3414393234,0.0000000000,0.6585606766,0.0000000000,0.0000000000,0.3414393234,0.6585606766,3,0.6585606766,23.1543243944,AminPD,0.4404491156,515.8006180000,104.8700000000,0.2033149949,0.7268485413,0.7268485413,0.7268485413
13027,13027,Westmeath,ED,2020,15.0000000000,652.2057877000,0.0000000000,0.8412858523,0.0000000000,0.0000000000,0.1587141477,0.0000000000,0.8412858523,0.0000000000,0.1587141477,1,0.8412858523,22.0925389405,BminDW,0.6944741142,652.2057877000,117.7500000000,0.1805411761,0.1587141477,0.1587141477,0.1587141477
13028,13028,Westmeath,ED,2020,26.0000000000,1109.7656600000,0.0000000000,0.9825188319,0.0000000000,0.0000000000,0.0174811681,0.0000000000,0.9825188319,0.0000000000,0.0174811681,1,0.9825188319,23.4124143614,BminDW,0.8201405998,1109.7656600000,0.0000000000,0.0000000000,0.0174811681,0.0174811681,0.0174811681
13029,13029,Westmeath,ED,2020,38.0000000000,1221.2060187000,0.7168575954,0.2831424046,0.0000000000,0.0000000000,0.0000000000,0.0000000000,1.0000000000,0.0000000000,0.0000000000,1,1.0000000000,23.7767292776,BminSW,0.3005767646,1221.2060187000,120.0000000000,0.0982635183,0.0358428798,0.0358428798,0.0358428798
13030,13030,Westmeath,ED,2020,23.0000000000,1018.9938550000,0.4685209804,0.5314790196,0.0000000000,0.0000000000,0.0000000000,0.0000000000,1.0000000000,0.0000000000,0.0000000000,1,1.0000000000,23.4999150687,BminDW,0.7612489351,1018.9938550000,111.6858680000,0.1096040643,0.0234260490,0.0234260490,0.0234260490
13031,13031,Westmeath,ED,2020,26.0000000000,1152.4370460000,0.8565648331,0.1434351669,0.0000000000,0.0000000000,0.0000000000,0.0000000000,1.0000000000,0.0000000000,0.0000000000,1,1.0000000000,21.9921647711,BminSW,0.6397846907,1152.4370460000,165.3000000000,0.1434351669,0.0428282417,0.0428282417,0.0428282417
13032,13032,Westmeath,ED,2020,22.0000000000,1064.2785550000,0.0000000000,0.0000000000,0.7196953555,0.0000000000,0.2803046445,0.0000000000,0.0000000000,0.7196953555,0.2803046445,2,0.7196953555,23.4737843797,AminDW,0.4971805102,1064.2785550000,483.3200000000,0.4541292294,0.4242437156,0.4242437156,0.4242437156
13033,13033,Westmeath,ED,2020,38.0000000000,1580.9557670000,0.0000000000,0.0000000000,0.5855765198,0.0000000000,0.4144234802,0.0000000000,0.0000000000,0.5855765198,0.4144234802,2,0.5855765198,22.9076702612,Cut,0.4232957638,1580.9557670000,669.2118790000,0.4232957638,0.5315387842,0.5315387842,0.5315387842
13034,13034,Westmeath,ED,2020,14.0000000000,632.8512476000,0.2861590740,0.2962072388,0.0000000000,0.4176336872,0.0000000000,0.0000000000,0.5823663128,0.4176336872,0.0000000000,1,0.5823663128,24.0000000000,BminDW,1.0000000000,632.8512476000,0.0000000000,0.0000000000,0.0291183156,0.0291183156,0.0291183156
13035,13035,Westmeath,ED,2020,25.0000000000,770.2828150000,0.0000000000,0.2239885983,0.0000000000,0.0000000000,0.7760114017,0.0000000000,0.2239885983,0.0000000000,0.7760114017,3,0.7760114017,23.4470522934,BminDW,0.9331414397,770.2828150000,51.5000000000,0.0668585603,0.7760114017,0.7760114017,0.7760114017
13036,13036,Westmeath,ED,2020,16.0000000000,710.7730828000,0.3223123041,0.0000000000,0.0000000000,0.2038625315,0.4738251644,0.0000000000,0.3223123041,0.2038625315,0.4738251644,3,0.4738251644,23.8298477895,Cut,0.4738251644,710.7730828000,336.7821728000,0.4738251644,0.4899407796,0.4899407796,0.4899407796
13037,13037,Westmeath,ED,2020,17.0000000000,675.2263770000,0.6930214709,0.0000000000,0.0000000000,0.0000000000,0.3069785291,0.0000000000,0.6930214709,0.0000000000,0.3069785291,1,0.6930214709,23.2267482169,BminDW,0.6529015927,675.2263770000,234.3700000000,0.3470984073,0.3416296026,0.3416296026,0.3416296026
13038,13038,Westmeath,ED,2020,39.0000000000,1619.7464030000,0.0000000000,1.0000000000,0.0000000000,0.0000000000,0.0000000000,0.0000000000,1.0000000000,0.0000000000,0.0000000000,1,1.0000000000,24.0000000000,BminDW,0.9238152344,1619.7464030000,0.0000000000,0.0000000000,0.0415599079,0.0415599079,0.0415599079
13039,13039,Westmeath,ED,2020,25.0000000000,1110.9387990000,0.9186323557,0.0000000000,0.0000000000,0.0000000000,0.0813676443,0.0000000000,0.9186323557,0.0000000000,0.0813676443,1,0.9186323557,24.0000000000,AminDW,0.6733584250,1110.9387990000,0.0000000000,0.0000000000,0.1272992621,0.1272992621,0.1272992621
13040,13040,Westmeath,ED,2020,26.0000000000,1137.3903640000,0.0000000000,0.9214502515,0.0000000000,0.0016192567,0.0769304917,0.0000000000,0.9214502515,0.0016192567,0.0769304917,1,0.9214502515,23.4328076794,BminDW,0.6195312439,1137.3903640000,64.4000000000,0.0566208419,0.0769304917,0.0769304917,0.0769304917
13041,13041,Westmeath,ED,2020,21.0000000000,548.8118852000,0.1083752204,0.8916247796,0.0000000000,0.0000000000,0.0000000000,0.0000000000,1.0000000000,0.0000000000,0.0000000000,1,1.0000000000,23.4167627075,Made,0.5319241363,548.8118852000,119.5706090000,0.2178717557,0.0114387785,0.0114387785,0.0114387785
13042,13042,Westmeath,ED,2020,30.0000000000,1184.7564240000,0.1016086822,0.8741669292,0.0000000000,0.0000000000,0.0242243886,0.0000000000,0.9757756114,0.0000000000,0.0242243886,1,0.9757756114,23.0402584219,BminSW,0.5116029529,1184.7564240000,0.0000000000,0.0000000000,0.0293048227,0.0293048227,0.0293048227
13043,13043,Westmeath,ED,2020,41.0000000000,1404.4541410000,0.0000000000,1.0000000000,0.0000000000,0.0000000000,0.0000000000,0.0000000000,1.0000000000,0.0000000000,0.0000000000,1,1.0000000000,23.5621074537,BminDW,0.5118063460,1404.4541410000,0.0000000000,0.0000000000,0.0195769067,0.0195769067,0.0195769067
13044,13044,Westmeath,ED,2020,45.0000000000,1231.5357852000,0.0000000000,0.9317179842,0.0000000000,0.0000000000,0.0682820158,0.0000000000,0.9317179842,0.0000000000,0.0682820158,1,0.9317179842,23.6573384184,AminDW,0.5215356313,1231.5357852000,74.5700000000,0.0605504127,0.0682820158,0.0682820158,0.0682820158
13045,13045,Westmeath,ED,2020,41.0000000000,2032.0346055000,0.7917724790,0.1837391674,0.0000000000,0.0000000000,0.0244883536,0.0000000000,0.9755116464,0.0000000000,0.0244883536,1,0.9755116464,23.2381625806,AminDW,0.4585896310,2032.0346055000,0.0000000000,0.0000000000,0.0640769776,0.0640769776,0.0640769776
13046,13046,Westmeath,ED,2020,15.0000000000,551.5107999000,0.0752478465,0.4735300198,0.0000000000,0.0000000000,0.4512221337,0.0000000000,0.5487778663,0.0000000000,0.4512221337,1,0.5487778663,23.9783826761,BminDW,0.9042257252,551.5107999000,0.0000000000,0.0000000000,0.4549845260,0.4549845260,0.4549845260
13047,13047,Westmeath,ED,2020,43.0000000000,1615.8052837000,0.0000000000,0.8576436639,0.0000000000,0.1423563361,0.0000000000,0.0000000000,0.8576436639,0.1423563361,0.0000000000,1,0.8576436639,23.5587097733,BminDW,0.6369243058,1615.8052837000,0.0000000000,0.0000000000,0.0376656587,0.0376656587,0.0376656587
13048,13048,Westmeath,ED,2020,41.0000000000,1620.2195151000,0.6800498234,0.0000000000,0.0000000000,0.0000000000,0.3199501766,0.0000000000,0.6800498234,0.0000000000,0.3199501766,1,0.6800498234,23.2842558992,BminDW,0.8246102813,1620.2195151000,149.0680590000,0.0920048534,0.3539526678,0.3539526678,0.3539526678
13049,13049,Westmeath,ED,2020,35.0000000000,1538.3930920000,0.2687868440,0.7312131560,0.0000000000,0.0000000000,0.0000000000,0.0000000000,1.0000000000,0.0000000000,0.0000000000,1,1.0000000000,23.6749855400,AminDW,0.5381531616,1538.3930920000,0.0000000000,0.0000000000,0.0134393422,0.0134393422,0.0134393422
13050,13050,Westmeath,ED,2020,19.0000000000,948.3671699000,0.7428556464,0.2571443536,0.0000000000,0.0000000000,0.0000000000,0.0000000000,1.0000000000,0.0000000000,0.0000000000,1,1.0000000000,21.4684699384,AminDW,0.6671992948,948.3671699000,71.7500000000,0.0756563515,0.0371427823,0.0371427823,0.0371427823
13051,13051,Westmeath,ED,2020,28.0000000000,1466.9671480000,0.0000000000,0.0000000000,0.0000000000,0.0683723559,0.9316276441,0.0000000000,0.0000000000,0.0683723559,0.9316276441,3,0.9316276441,22.8597190699,FenPt,0.3740568224,1466.9671480000,1027.8227200000,0.7006446746,0.9316276441,0.9316276441,0.9316276441
13052,13052,Westmeath,ED,2020,28.0000000000,832.7594240000,0.9353958821,0.0646041179,0.0000000000,0.0000000000,0.0000000000,0.0000000000,1.0000000000,0.0000000000,0.0000000000,1,1.0000000000,23.2915120706,Lac,0.5045553588,832.7594240000,0.0000000000,0.0000000000,0.0486461432,0.0486461432,0.0486461432
13053,13053,Westmeath,ED,2020,27.0000000000,902.7612898000,0.0000000000,1.0000000000,0.0000000000,0.0000000000,0.0000000000,0.0000000000,1.0000000000,0.0000000000,0.0000000000,1,1.0000000000,24.0000000000,BminSW,0.5098651683,902.7612898000,0.0000000000,0.0000000000,0.0500000000,0.0500000000,0.0500000000
13054/13085,13054/13085,Westmeath,COUNTY_FALLBACK,2020,3135.0000000000,120932.5383351000,0.3922717237,0.3940188417,0.0526437298,0.0226144324,0.1384512724,0.0000000000,0.7862905654,0.0752581622,0.1384512724,1,0.7862905654,23.2494852640,,,120932.5383351000,15979.9035327000,0.1321389905,0.1761230781,0.1761230781,0.1775658854
13055,13055,Westmeath,ED,2020,42.0000000000,1604.4049440000,0.5295143867,0.0000000000,0.0000000000,0.0000000000,0.4704856133,0.0000000000,0.5295143867,0.0000000000,0.4704856133,1,0.5295143867,22.8913957822,BminDW,0.9195023567,1604.4049440000,129.1508169000,0.0804976433,0.4969613326,0.4969613326,0.4969613326
13056,13056,Westmeath,ED,2020,28.0000000000,1557.2321710000,1.0000000000,0.0000000000,0.0000000000,0.0000000000,0.0000000000,0.0000000000,1.0000000000,0.0000000000,0.0000000000,1,1.0000000000,23.9927003691,BminDW,0.7263902147,1557.2321710000,236.2739600000,0.1517268680,0.0500000000,0.0500000000,0.0500000000
13057,13057,Westmeath,ED,2020,40.0000000000,1534.6018270000,0.0966989087,0.8521428660,0.0000000000,0.0000000000,0.0511582253,0.0000000000,0.9488417747,0.0000000000,0.0511582253,1,0.9488417747,23.9224963206,BminDW,0.5268025202,1534.6018270000,133.1000000000,0.0867325958,0.0986003140,0.0986003140,0.0986003140
13058,13058,Westmeath,ED,2020,29.0000000000,1313.0095820000,0.5175788763,0.4824211237,0.0000000000,0.0000000000,0.0000000000,0.0000000000,1.0000000000,0.0000000000,0.0000000000,1,1.0000000000,22.3000885671,BminDW,0.6435898059,1313.0095820000,0.0000000000,0.0000000000,0.0311905409,0.0311905409,0.0311905409
13059,13059,Westmeath,ED,2020,21.0000000000,868.3400890000,0.7834679219,0.0000000000,0.0000000000,0.0000000000,0.2165320781,0.0000000000,0.7834679219,0.0000000000,0.2165320781,1,0.7834679219,23.1992377816,BminDW,0.7379598122,868.3400890000,142.5400000000,0.1641522738,0.2557054742,0.2557054742,0.2557054742
13060,13060,Westmeath,ED,2020,20.0000000000,814.4316270000,0.0000000000,0.0094320625,0.0000000000,0.0000000000,0.9905679375,0.0000000000,0.0094320625,0.0000000000,0.9905679375,3,0.9905679375,22.3164713470,BminDW,0.4265412448,814.4316270000,280.5411810000,0.3444625328,0.9905679375,0.9905679375,0.9905679375
13061,13061,Westmeath,ED,2020,21.0000000000,950.0004970000,0.0624730326,0.0000000000,0.0000000000,0.0000000000,0.9375269674,0.0000000000,0.0624730326,0.0000000000,0.9375269674,3,0.9375269674,22.6623494240,BminDW,0.7994315691,950.0004970000,142.0493930000,0.1495255986,0.9406506190,0.9406506190,0.9406506190
13062,13062,Westmeath,ED,2020,55.0000000000,2541.2266623000,0.1208946642,0.8791053358,0.0000000000,0.0000000000,0.0000000000,0.0000000000,1.0000000000,0.0000000000,0.0000000000,1,1.0000000000,23.7412115929,BminDW,0.9844271391,2541.2266623000,0.0000000000,0.0000000000,0.0500000000,0.0500000000,0.0500000000
13063,13063,Westmeath,ED,2020,42.0000000000,1639.9849021000,0.6518682078,0.3481317922,0.0000000000,0.0000000000,0.0000000000,0.0000000000,1.0000000000,0.0000000000,0.0000000000,1,1.0000000000,23.8343739289,BminDW,0.7920258238,1639.9849021000,0.0000000000,0.0000000000,0.0500000000,0.0500000000,0.0500000000
13064,13064,Westmeath,ED,2020,32.0000000000,1317.9764882000,0.2249822236,0.3749008291,0.0000000000,0.0000000000,0.4001169472,0.0000000000,0.5998830528,0.0000000000,0.4001169472,1,0.5998830528,22.5329935569,Cut,0.5396391860,1317.9764882000,711.2317592000,0.5396391860,0.4113660584,0.4113660584,0.4113660584
13065,13065,Westmeath,ED,2020,32.0000000000,961.3378920000,0.8816447776,0.0000000000,0.0000000000,0.0000000000,0.1183552224,0.0000000000,0.8816447776,0.0000000000,0.1183552224,1,0.8816447776,22.5527804536,BminDW,0.6863039130,961.3378920000,142.6181820000,0.1483538548,0.1624374613,0.1624374613,0.1624374613
13066,13066,Westmeath,ED,2020,39.0000000000,1459.5678566000,0.7857427124,0.2142572876,0.0000000000,0.0000000000,0.0000000000,0.0000000000,1.0000000000,0.0000000000,0.0000000000,1,1.0000000000,23.7310162743,BminDW,0.6531733326,1459.5678566000,0.0000000000,0.0000000000,0.0392871356,0.0392871356,0.0392871356
13067,13067,Westmeath,ED,2020,13.0000000000,693.7524360000,0.6059766427,0.0000000000,0.0000000000,0.0000000000,0.3940233573,0.0000000000,0.6059766427,0.0000000000,0.3940233573,1,0.6059766427,23.2672058596,BminDW,0.2855197182,693.7524360000,328.2177720000,0.4731050371,0.4243221895,0.4243221895,0.4243221895
13068,13068,Westmeath,ED,2020,13.0000000000,701.3140463000,1.0000000000,0.0000000000,0.0000000000,0.0000000000,0.0000000000,0.0000000000,1.0000000000,0.0000000000,0.0000000000,1,1.0000000000,23.4399655874,BminPD,0.8859284219,701.3140463000,0.0000000000,0.0000000000,0.0500000000,0.0500000000,0.0500000000
13069,13069,Westmeath,ED,2020,35.0000000000,1119.5316529000,0.0000000000,0.0016537532,0.9983462468,0.0000000000,0.0000000000,0.0000000000,0.0016537532,0.9983462468,0.0000000000,2,0.9983462468,23.9997961158,AminDW,0.7288810442,1119.5316529000,301.6748237000,0.2694652026,0.1997519370,0.1997519370,0.1997519370
13070,13070,Westmeath,ED,2020,34.0000000000,959.5635543000,0.4156537441,0.0244903007,0.0000000000,0.0000000000,0.5598559552,0.0000000000,0.4401440448,0.0000000000,0.5598559552,3,0.5598559552,23.4873453063,BminDW,1.0000000000,959.5635543000,0.0000000000,0.0000000000,0.5806386424,0.5806386424,0.5806386424
13071,13071,Westmeath,ED,2020,35.0000000000,1007.0290830000,0.5873183843,0.1974914790,0.0000000000,0.0000000000,0.2151901367,0.0000000000,0.7848098633,0.0000000000,0.2151901367,1,0.7848098633,23.3223937188,BminDW,0.6458811379,1007.0290830000,356.6079930000,0.3541188621,0.2445560559,0.2445560559,0.2445560559
13072,13072,Westmeath,ED,2020,26.0000000000,1012.0941755000,0.0000000000,0.0000000000,0.8938425864,0.0000000000,0.1061574136,0.0000000000,0.0000000000,0.8938425864,0.1061574136,2,0.8938425864,21.5245215824,AminDW,0.8206003844,1012.0941755000,179.8337160000,0.1776847653,0.2849259309,0.2849259309,0.2849259309
13073,13073,Westmeath,ED,2020,25.0000000000,1086.8829860000,0.0000000000,0.9212346296,0.0000000000,0.0787653704,0.0000000000,0.0000000000,0.9212346296,0.0787653704,0.0000000000,1,0.9212346296,24.0000000000,BminDW,0.8554501791,1086.8829860000,0.0000000000,0.0000000000,0.0176058365,0.0176058365,0.0176058365
13074,13074,Westmeath,ED,2020,35.0000000000,1548.4590171000,0.8389715490,0.0000000000,0.0000000000,0.0000000000,0.1610284510,0.0000000000,0.8389715490,0.0000000000,0.1610284510,1,0.8389715490,22.1931714246,Cut,0.5618435428,1548.4590171000,869.9917001000,0.5618435428,0.1733125573,0.1733125573,0.1733125573
13075,13075,Westmeath,ED,2020,34.0000000000,1597.3957124000,0.7565425179,0.0000000000,0.0000000000,0.0000000000,0.2434574821,0.0000000000,0.7565425179,0.0000000000,0.2434574821,1,0.7565425179,21.7485923273,Cut,0.8711509488,1597.3957124000,1391.5727904000,0.8711509488,0.2812846080,0.2812846080,0.2812846080
13076,13076,Westmeath,ED,2020,12.0000000000,421.9305290000,0.3598654318,0.6401345682,0.0000000000,0.0000000000,0.0000000000,0.0000000000,1.0000000000,0.0000000000,0.0000000000,1,1.0000000000,24.0000000000,BminDW,1.0000000000,421.9305290000,0.0000000000,0.0000000000,0.0298108930,0.0298108930,0.0298108930
13077,13077,Westmeath,ED,2020,40.0000000000,1695.1856075000,1.0000000000,0.0000000000,0.0000000000,0.0000000000,0.0000000000,0.0000000000,1.0000000000,0.0000000000,0.0000000000,1,1.0000000000,23.1265198830,BminDW,0.6351384154,1695.1856075000,0.0000000000,0.0000000000,0.0500000000,0.0500000000,0.0500000000
13078,13078,Westmeath,ED,2020,24.0000000000,900.6787708000,1.0000000000,0.0000000000,0.0000000000,0.0000000000,0.0000000000,0.0000000000,1.0000000000,0.0000000000,0.0000000000,1,1.0000000000,23.4437528492,BminDW,0.8717633814,900.6787708000,0.0000000000,0.0000000000,0.0500000000,0.0500000000,0.0500000000
13079,13079,Westmeath,ED,2020,29.0000000000,1114.2873800000,0.0000000000,0.8557822669,0.1442177331,0.0000000000,0.0000000000,0.0000000000,0.8557822669,0.1442177331,0.0000000000,1,0.8557822669,24.0000000000,BminDW,0.5707338066,1114.2873800000,0.0000000000,0.0000000000,0.0427891133,0.0427891133,0.0716326600
13080,13080,Westmeath,ED,2020,38.0000000000,1880.2189010000,0.1595346158,0.0276563543,0.7025796594,0.0000000000,0.1102293706,0.0000000000,0.1871909701,0.7025796594,0.1102293706,2,0.7025796594,23.7039592658,BminDW,0.9424003237,1880.2189010000,34.0000000000,0.0180830009,0.2587220332,0.2587220332,0.2587220332
13081,13081,Westmeath,ED,2020,56.0000000000,2689.2918215000,1.0000000000,0.0000000000,0.0000000000,0.0000000000,0.0000000000,0.0000000000,1.0000000000,0.0000000000,0.0000000000,1,1.0000000000,24.0000000000,BminDW,0.8582600828,2689.2918215000,0.0000000000,0.0000000000,0.0500000000,0.0500000000,0.0500000000
13082,13082,Westmeath,ED,2020,22.0000000000,1023.7305926000,0.7455458068,0.0000000000,0.0000000000,0.0000000000,0.2544541932,0.0000000000,0.7455458068,0.0000000000,0.2544541932,1,0.7455458068,23.1553246467,BminDW,0.8762092889,1023.7305926000,0.0000000000,0.0000000000,0.2917314835,0.2917314835,0.2917314835
13083,13083,Westmeath,ED,2020,15.0000000000,795.8598160000,0.5905159471,0.0000000000,0.4094840529,0.0000000000,0.0000000000,0.0000000000,0.5905159471,0.4094840529,0.0000000000,1,0.5905159471,20.2663283103,BminDW,0.5905159471,795.8598160000,325.8919030000,0.4094840529,0.0000000000,0.0000000000,0.0818968106
13084,13084,Westmeath,ED,2020,32.0000000000,1300.0459398000,0.1446525928,0.7614670778,0.0000000000,0.0000000000,0.0938803294,0.0000000000,0.9061196706,0.0000000000,0.0938803294,1,0.9061196706,23.2581030912,AminDW,0.6000305304,1300.0459398000,296.1028870000,0.2277634028,0.1011129590,0.1011129590,0.1011129590
13086,13086,Westmeath,ED,2020,35.0000000000,1361.8484016000,0.0000000000,0.7166940200,0.2833059800,0.0000000000,0.0000000000,0.0000000000,0.7166940200,0.2833059800,0.0000000000,1,0.7166940200,23.7827788911,BminDW,0.7248153351,1361.8484016000,0.0000000000,0.0000000000,0.0358347010,0.0358347010,0.0924958970
13087,13087,Westmeath,ED,2020,28.0000000000,1231.6760651000,0.0000000000,0.1826281240,0.0000000000,0.0000000000,0.8173718760,0.0000000000,0.1826281240,0.0000000000,0.8173718760,3,0.8173718760,22.2117406903,BminDW,0.6256726805,1231.6760651000,461.0500000000,0.3743273195,0.8265032822,0.8265032822,0.8265032822
13088,13088,Westmeath,ED,2020,12.0000000000,324.4828048000,0.0000000000,0.0000000000,0.0000000000,0.0000000000,1.0000000000,0.0000000000,0.0000000000,0.0000000000,1.0000000000,3,1.0000000000,21.9814416866,Cut,0.5459158926,324.4828048000,177.1403200000,0.5459158926,1.0000000000,1.0000000000,1.0000000000
13089,13089,Westmeath,ED,2020,22.0000000000,915.5994060000,0.0000000000,0.8642528608,0.0000000000,0.0000000000,0.1357471392,0.0000000000,0.8642528608,0.0000000000,0.1357471392,1,0.8642528608,22.0775435322,BminDW,0.6602090347,915.5994060000,143.4675060000,0.1566924411,0.1400867830,0.1400867830,0.1400867830
13092,13092,Westmeath,ED,2020,24.0000000000,914.2791090000,0.5222636078,0.3909366839,0.0000000000,0.0000000000,0.0867997083,0.0000000000,0.9132002917,0.0000000000,0.0867997083,1,0.9132002917,23.6141040777,BminDW,0.6140848659,914.2791090000,16.1341450000,0.0176468486,0.1129128887,0.1129128887,0.1129128887
13093,13093,Westmeath,ED,2020,28.0000000000,1115.7181610000,0.1333939029,0.2317090834,0.0000000000,0.0000000000,0.6348970137,0.0000000000,0.3651029863,0.0000000000,0.6348970137,3,0.6348970137,21.2144578186,BminSW,0.5655345869,1115.7181610000,129.9300000000,0.1164541410,0.6531521631,0.6531521631,0.6531521631
13094,13094,Westmeath,ED,2020,19.0000000000,875.8236862000,0.0000000000,1.0000000000,0.0000000000,0.0000000000,0.0000000000,0.0000000000,1.0000000000,0.0000000000,0.0000000000,1,1.0000000000,23.8111170495,AminDW,0.9429108840,875.8236862000,0.0000000000,0.0000000000,0.0000000000,0.0000000000,0.0000000000
13095,13095,Westmeath,ED,2020,35.0000000000,1594.3240081000,0.0000000000,0.9647552889,0.0000000000,0.0000000000,0.0352447111,0.0000000000,0.9647552889,0.0000000000,0.0352447111,1,0.9647552889,23.4245837136,BminDW,0.9880372497,1594.3240081000,19.0725000000,0.0119627503,0.0352447111,0.0352447111,0.0352447111
13096,13096,Westmeath,ED,2020,26.0000000000,1196.0775710000,0.9428883196,0.0000000000,0.0000000000,0.0571116804,0.0000000000,0.0000000000,0.9428883196,0.0571116804,0.0000000000,1,0.9428883196,24.0000000000,BminDW,0.4366914744,1196.0775710000,0.0000000000,0.0000000000,0.0471444160,0.0471444160,0.0471444160
13097,13097,Westmeath,ED,2020,43.0000000000,1729.9250990000,0.0000000000,0.8998916195,0.0000000000,0.0000000000,0.1001083805,0.0000000000,0.8998916195,0.0000000000,0.1001083805,1,0.8998916195,21.7109742877,BminSW,0.7095579714,1729.9250990000,302.8123080000,0.1750435948,0.1451029614,0.1451029614,0.1451029614
13098,13098,Westmeath,ED,2020,31.0000000000,1882.1765810000,0.8267431423,0.1732568577,0.0000000000,0.0000000000,0.0000000000,0.0000000000,1.0000000000,0.0000000000,0.0000000000,1,1.0000000000,24.0000000000,BminDW,1.0000000000,1882.1765810000,0.0000000000,0.0000000000,0.0413371571,0.0413371571,0.0413371571
13099,13099,Westmeath,ED,2020,35.0000000000,1088.0230780000,0.0370396555,0.6862768641,0.0000000000,0.0000000000,0.2766834804,0.0000000000,0.7233165196,0.0000000000,0.2766834804,1,0.7233165196,24.0000000000,BminDW,0.8446558576,1088.0230780000,128.7180120000,0.1183044869,0.2785354632,0.2785354632,0.2785354632
13100,13100,Westmeath,ED,2020,34.0000000000,1245.8689980000,0.8354223475,0.1645776525,0.0000000000,0.0000000000,0.0000000000,0.0000000000,1.0000000000,0.0000000000,0.0000000000,1,1.0000000000,23.6657754542,BminDW,0.8197465421,1245.8689980000,155.1500000000,0.1245315521,0.0500000000,0.0500000000,0.0500000000
13101,13101,Westmeath,ED,2020,32.0000000000,964.3231209000,0.2511179384,0.5612374888,0.1876445727,0.0000000000,0.0000000000,0.0000000000,0.8123554273,0.1876445727,0.0000000000,1,0.8123554273,24.0000000000,BminDW,0.9400746328,964.3231209000,0.0000000000,0.0000000000,0.0500848115,0.0500848115,0.0500848115
13102,13102,Westmeath,ED,2020,23.0000000000,884.6484280000,0.0000000000,1.0000000000,0.0000000000,0.0000000000,0.0000000000,0.0000000000,1.0000000000,0.0000000000,0.0000000000,1,1.0000000000,22.0064881323,BminSW,0.5441538206,884.6484280000,0.0000000000,0.0000000000,0.0000000000,0.0000000000,0.0000000000
13103,13103,Westmeath,ED,2020,39.0000000000,1297.7060050000,0.3894031037,0.6105968963,0.0000000000,0.0000000000,0.0000000000,0.0000000000,1.0000000000,0.0000000000,0.0000000000,1,1.0000000000,23.5615647937,BminDW,0.8119807891,1297.7060050000,0.0000000000,0.0000000000,0.0500000000,0.0500000000,0.0500000000
13104,13104,Westmeath,ED,2020,34.0000000000,1441.5392430000,0.3209493666,0.5948527174,0.0000000000,0.0000000000,0.0841979159,0.0000000000,0.9158020841,0.0000000000,0.0841979159,1,0.9158020841,23.9670319416,AminDW,0.4379881152,1441.5392430000,0.0000000000,0.0000000000,0.1002453843,0.1002453843,0.1002453843
13105,13105,Westmeath,ED,2020,24.0000000000,1241.7161891000,0.0000000000,1.0000000000,0.0000000000,0.0000000000,0.0000000000,0.0000000000,1.0000000000,0.0000000000,0.0000000000,1,1.0000000000,23.1432752272,BminDW,0.8422989072,1241.7161891000,195.8200000000,0.1577010928,0.0000000000,0.0000000000,0.0000000000
13106,13106,Westmeath,ED,2020,24.0000000000,978.3984490000,0.0000000000,1.0000000000,0.0000000000,0.0000000000,0.0000000000,0.0000000000,1.0000000000,0.0000000000,0.0000000000,1,1.0000000000,23.8376939373,AminDW,0.8273709447,978.3984490000,0.0000000000,0.0000000000,0.0000000000,0.0000000000,0.0000000000
14007,14007,Wexford,ED,2020,52.0000000000,2302.0601607000,0.7542881214,0.0865669116,0.1591449670,0.0000000000,0.0000000000,0.0000000000,0.8408550330,0.1591449670,0.0000000000,1,0.8408550330,23.6770425446,AminDW,0.5274786965,2302.0601607000,0.0000000000,0.0000000000,0.0000000000,0.0000000000,0.0000000000
14008,14008,Wexford,ED,2020,19.0000000000,1354.0465750000,1.0000000000,0.0000000000,0.0000000000,0.0000000000,0.0000000000,0.0000000000,1.0000000000,0.0000000000,0.0000000000,1,1.0000000000,19.6378162250,AminSW,0.6673758249,1354.0465750000,0.0000000000,0.0000000000,0.0000000000,0.0000000000,0.0000000000
14009,14009,Wexford,ED,2020,47.0000000000,2046.7285650000,0.3166835115,0.0000000000,0.6833164885,0.0000000000,0.0000000000,0.0000000000,0.3166835115,0.6833164885,0.0000000000,2,0.6833164885,22.5352732379,AminDW,0.3771961765,2046.7285650000,0.0000000000,0.0000000000,0.0000000000,0.0000000000,0.0000000000
14010,14010,Wexford,ED,2020,63.0000000000,2876.4997310000,0.3254474586,0.0143577277,0.6601948137,0.0000000000,0.0000000000,0.0000000000,0.3398051863,0.6601948137,0.0000000000,2,0.6601948137,23.3262619888,AminDW,0.4569436457,2876.4997310000,0.0000000000,0.0000000000,0.0000000000,0.0000000000,0.1098549859
14011,14011,Wexford,ED,2020,27.0000000000,1533.5922324000,0.6868334882,0.0000000000,0.3131665118,0.0000000000,0.0000000000,0.0000000000,0.6868334882,0.3131665118,0.0000000000,1,0.6868334882,23.4884767454,AminDW,0.7642957947,1533.5922324000,0.0000000000,0.0000000000,0.0000000000,0.0000000000,0.0239959484
14012,14012,Wexford,ED,2020,25.0000000000,1266.6460171000,0.0000000000,0.0000000000,0.9667126147,0.0332873853,0.0000000000,0.0000000000,0.0000000000,1.0000000000,0.0000000000,2,1.0000000000,20.2855157412,AminSW,1.0000000000,1266.6460171000,0.0000000000,0.0000000000,0.0000000000,0.0000000000,0.0000000000
14013,14013,Wexford,ED,2020,37.0000000000,1311.1208211000,0.3811351372,0.0000000000,0.6188648628,0.0000000000,0.0000000000,0.0000000000,0.3811351372,0.6188648628,0.0000000000,2,0.6188648628,23.1379491426,AminSW,0.4836207372,1311.1208211000,0.0000000000,0.0000000000,0.0000000000,0.0000000000,0.0000000000
14014,14014,Wexford,ED,2020,46.0000000000,2065.2459858000,0.4813568575,0.0000000000,0.5186431425,0.0000000000,0.0000000000,0.0000000000,0.4813568575,0.5186431425,0.0000000000,2,0.5186431425,23.8415210865,AminDW,0.5157100980,2065.2459858000,0.0000000000,0.0000000000,0.0000000000,0.0000000000,0.0000000000
14015,14015,Wexford,ED,2020,52.0000000000,2877.2358373000,1.0000000000,0.0000000000,0.0000000000,0.0000000000,0.0000000000,0.0000000000,1.0000000000,0.0000000000,0.0000000000,1,1.0000000000,23.7168949485,AminDW,0.7634954584,2877.2358373000,0.0000000000,0.0000000000,0.0000000000,0.0000000000,0.0000000000
14016,14016,Wexford,ED,2020,32.0000000000,1401.3724014000,0.4334593142,0.2852664153,0.2812742706,0.0000000000,0.0000000000,0.0000000000,0.7187257294,0.2812742706,0.0000000000,1,0.7187257294,23.8430110371,AminDW,0.8815366566,1401.3724014000,0.0000000000,0.0000000000,0.0000000000,0.0000000000,0.0000000000
14017,14017,Wexford,ED,2020,39.0000000000,1763.3593800000,0.0000000000,0.0000000000,1.0000000000,0.0000000000,0.0000000000,0.0000000000,0.0000000000,1.0000000000,0.0000000000,2,1.0000000000,21.5850926315,AminSW,0.9841212175,1763.3593800000,0.0000000000,0.0000000000,0.0000000000,0.0000000000,0.0000000000
14018,14018,Wexford,ED,2020,41.0000000000,1834.6932070000,0.0000000000,0.0000000000,1.0000000000,0.0000000000,0.0000000000,0.0000000000,0.0000000000,1.0000000000,0.0000000000,2,1.0000000000,20.8866396201,AminSW,0.5522199314,1834.6932070000,0.0000000000,0.0000000000,0.0000000000,0.0000000000,0.0000000000
14019,14019,Wexford,ED,2020,67.0000000000,2930.2119365000,0.8742736834,0.0000000000,0.1257263166,0.0000000000,0.0000000000,0.0000000000,0.8742736834,0.1257263166,0.0000000000,1,0.8742736834,23.4981264196,AminDW,0.8557158782,2930.2119365000,0.0000000000,0.0000000000,0.0000000000,0.0000000000,0.0000000000
14020,14020,Wexford,ED,2020,48.0000000000,2535.7950515000,0.3063550552,0.0000000000,0.6936449448,0.0000000000,0.0000000000,0.0000000000,0.3063550552,0.6936449448,0.0000000000,2,0.6936449448,23.2536600175,AminPD,0.5094138399,2535.7950515000,0.0000000000,0.0000000000,0.0000000000,0.0000000000,0.0209699628
14021,14021,Wexford,ED,2020,63.0000000000,2442.8374440000,0.6657861938,0.0000000000,0.3342138062,0.0000000000,0.0000000000,0.0000000000,0.6657861938,0.3342138062,0.0000000000,1,0.6657861938,23.7464426941,AminDW,0.5731647873,2442.8374440000,0.0000000000,0.0000000000,0.0000000000,0.0000000000,0.0000000000
14022,14022,Wexford,ED,2020,19.0000000000,698.5127667000,0.9022208279,0.0000000000,0.0977791721,0.0000000000,0.0000000000,0.0000000000,0.9022208279,0.0977791721,0.0000000000,1,0.9022208279,24.0000000000,AminDW,0.9037945959,698.5127667000,0.0000000000,0.0000000000,0.0000000000,0.0000000000,0.0195558344
14023,14023,Wexford,ED,2020,27.0000000000,1268.6323570000,1.0000000000,0.0000000000,0.0000000000,0.0000000000,0.0000000000,0.0000000000,1.0000000000,0.0000000000,0.0000000000,1,1.0000000000,24.0000000000,AminDW,0.7318010761,1268.6323570000,0.0000000000,0.0000000000,0.0000000000,0.0000000000,0.0000000000
14024,14024,Wexford,ED,2020,47.0000000000,2257.2152782000,0.4553670489,0.5169887150,0.0276442361,0.0000000000,0.0000000000,0.0000000000,0.9723557639,0.0276442361,0.0000000000,1,0.9723557639,23.5542177081,AminDW,0.8006335710,2257.2152782000,0.0000000000,0.0000000000,0.0000000000,0.0000000000,0.0000000000
14025,14025,Wexford,ED,2020,78.0000000000,3103.5627554000,0.9233272051,0.0000000000,0.0000000000,0.0686497575,0.0000000000,0.0080230374,0.9233272051,0.0686497575,0.0080230374,1,0.9233272051,21.6733887770,AminDW,0.8384821015,3103.5627554000,24.9000000000,0.0080230374,0.0088707351,0.0088707351,0.0092718870
14026,14026,Wexford,ED,2020,44.0000000000,1599.2953130000,0.0000000000,0.0000000000,1.0000000000,0.0000000000,0.0000000000,0.0000000000,0.0000000000,1.0000000000,0.0000000000,2,1.0000000000,23.7173894550,AminSW,0.5923519567,1599.2953130000,0.0000000000,0.0000000000,0.0000000000,0.0000000000,0.0000000000
14027,14027,Wexford,ED,2020,38.0000000000,2069.7028989000,1.0000000000,0.0000000000,0.0000000000,0.0000000000,0.0000000000,0.0000000000,1.0000000000,0.0000000000,0.0000000000,1,1.0000000000,23.5784111485,AminDW,0.7158466864,2069.7028989000,0.0000000000,0.0000000000,0.0000000000,0.0000000000,0.0000000000
14028,14028,Wexford,ED,2020,41.0000000000,2116.4014051000,0.5285558937,0.4714441063,0.0000000000,0.0000000000,0.0000000000,0.0000000000,1.0000000000,0.0000000000,0.0000000000,1,1.0000000000,23.8123513493,AminDW,0.7389271403,2116.4014051000,0.0000000000,0.0000000000,0.0000000000,0.0000000000,0.0000000000
14029,14029,Wexford,ED,2020,35.0000000000,1203.7083617000,0.5605949225,0.0000000000,0.0000000000,0.3292621191,0.0000000000,0.1101429584,0.5605949225,0.3292621191,0.1101429584,1,0.5605949225,21.2247764140,AminSRPT,0.4394050775,1203.7083617000,528.9155660000,0.4394050775,0.0604619515,0.0604619515,0.0659690994
14030,14030,Wexford,ED,2020,36.0000000000,1867.2829010000,0.9829858047,0.0000000000,0.0170141953,0.0000000000,0.0000000000,0.0000000000,0.9829858047,0.0170141953,0.0000000000,1,0.9829858047,23.8399912462,AminSW,0.4212061791,1867.2829010000,0.0000000000,0.0000000000,0.0000000000,0.0000000000,0.0000000000
14031,14031,Wexford,ED,2020,37.0000000000,2119.9838169000,0.0000000000,0.6566761905,0.3433238095,0.0000000000,0.0000000000,0.0000000000,0.6566761905,0.3433238095,0.0000000000,1,0.6566761905,24.0000000000,AminDW,1.0000000000,2119.9838169000,0.0000000000,0.0000000000,0.0000000000,0.0000000000,0.0000000000
14032,14032,Wexford,ED,2020,52.0000000000,2191.3856939000,0.0000000000,1.0000000000,0.0000000000,0.0000000000,0.0000000000,0.0000000000,1.0000000000,0.0000000000,0.0000000000,1,1.0000000000,24.0000000000,AminDW,0.6936665331,2191.3856939000,0.0000000000,0.0000000000,0.0000000000,0.0000000000,0.0000000000
14033,14033,Wexford,ED,2020,48.0000000000,1440.8185497000,0.0563023824,0.6077289225,0.0792019162,0.2567667789,0.0000000000,0.0000000000,0.6640313049,0.3359686951,0.0000000000,1,0.6640313049,19.6485745909,AminDW,0.6669868792,1440.8185497000,479.8114817000,0.3330131208,0.0256766779,0.0256766779,0.0256766779
14034,14034,Wexford,ED,2020,46.0000000000,1565.1818728000,0.0000000000,0.8336098050,0.0802462654,0.0000000000,0.0000000000,0.0861439296,0.8336098050,0.0802462654,0.0861439296,1,0.8336098050,21.8743010254,AminDW,0.6791177046,1565.1818728000,498.6803280000,0.3186085507,0.0215359824,0.0215359824,0.0258431789
14035,14035,Wexford,ED,2020,27.0000000000,1183.7518491000,1.0000000000,0.0000000000,0.0000000000,0.0000000000,0.0000000000,0.0000000000,1.0000000000,0.0000000000,0.0000000000,1,1.0000000000,23.7834830128,AminDW,0.9128052048,1183.7518491000,0.0000000000,0.0000000000,0.0000000000,0.0000000000,0.0000000000
14036,14036,Wexford,ED,2020,42.0000000000,2205.1530475000,1.0000000000,0.0000000000,0.0000000000,0.0000000000,0.0000000000,0.0000000000,1.0000000000,0.0000000000,0.0000000000,1,1.0000000000,23.5647929920,AminDW,0.7182807679,2205.1530475000,0.0000000000,0.0000000000,0.0000000000,0.0000000000,0.0000000000
14037,14037,Wexford,ED,2020,40.0000000000,2105.3156290000,0.8705692884,0.0000000000,0.1294307116,0.0000000000,0.0000000000,0.0000000000,0.8705692884,0.1294307116,0.0000000000,1,0.8705692884,23.5640160044,AminDW,0.7555465637,2105.3156290000,0.0000000000,0.0000000000,0.0000000000,0.0000000000,0.0000000000
14038,14038,Wexford,ED,2020,35.0000000000,2392.4558599000,0.7846369408,0.2153630592,0.0000000000,0.0000000000,0.0000000000,0.0000000000,1.0000000000,0.0000000000,0.0000000000,1,1.0000000000,24.0000000000,AminDW,0.6229623815,2392.4558599000,0.0000000000,0.0000000000,0.0000000000,0.0000000000,0.0000000000
14039,14039,Wexford,ED,2020,36.0000000000,2019.1693400000,0.0000000000,0.0000000000,0.0000000000,1.0000000000,0.0000000000,0.0000000000,0.0000000000,1.0000000000,0.0000000000,2,1.0000000000,20.4139181541,BminPD,0.9722658229,2019.1693400000,0.0000000000,0.0000000000,0.0000000000,0.0000000000,0.0000000000
14040,14040,Wexford,ED,2020,36.0000000000,1904.5014360000,0.4572525620,0.0000000000,0.0000000000,0.5427474380,0.0000000000,0.0000000000,0.4572525620,0.5427474380,0.0000000000,2,0.5427474380,23.7525861671,BminPD,0.3800312178,1904.5014360000,0.0000000000,0.0000000000,0.0000000000,0.0000000000,0.0000000000
14041,14041,Wexford,ED,2020,42.0000000000,1742.2863481000,0.0211891091,0.0000000000,0.9788108909,0.0000000000,0.0000000000,0.0000000000,0.0211891091,0.9788108909,0.0000000000,2,0.9788108909,23.1404398011,AminDW,0.8624151438,1742.2863481000,0.0000000000,0.0000000000,0.0000000000,0.0000000000,0.0000000000
14042,14042,Wexford,ED,2020,35.0000000000,1415.6462770000,0.4061161509,0.0000000000,0.0428706881,0.5510131610,0.0000000000,0.0000000000,0.4061161509,0.5938838491,0.0000000000,2,0.5938838491,21.9378718290,BminPD,0.6240326234,1415.6462770000,0.0000000000,0.0000000000,0.0000000000,0.0000000000,0.0000000000
14043,14043,Wexford,ED,2020,28.0000000000,1282.9567420000,0.7418697068,0.0000000000,0.2581302932,0.0000000000,0.0000000000,0.0000000000,0.7418697068,0.2581302932,0.0000000000,1,0.7418697068,23.9080249582,AminDW,0.8722690270,1282.9567420000,0.0000000000,0.0000000000,0.0000000000,0.0000000000,0.0000000000
14044,14044,Wexford,ED,2020,30.0000000000,1013.0928530000,0.0000000000,0.0000000000,0.0000000000,1.0000000000,0.0000000000,0.0000000000,0.0000000000,1.0000000000,0.0000000000,2,1.0000000000,20.0000000000,BminPD,1.0000000000,1013.0928530000,0.0000000000,0.0000000000,0.0000000000,0.0000000000,0.0000000000
14045,14045,Wexford,ED,2020,27.0000000000,982.9841560000,0.0000000000,0.0000000000,0.0000000000,1.0000000000,0.0000000000,0.0000000000,0.0000000000,1.0000000000,0.0000000000,2,1.0000000000,21.8459257120,BminPD,0.5127382867,982.9841560000,0.0000000000,0.0000000000,0.0000000000,0.0000000000,0.0000000000
14046,14046,Wexford,ED,2020,35.0000000000,1375.5995670000,0.4800439058,0.0000000000,0.0000000000,0.4452718674,0.0746842268,0.0000000000,0.4800439058,0.4452718674,0.0746842268,1,0.4800439058,23.2473391059,AminDW,0.5937356580,1375.5995670000,0.0000000000,0.0000000000,0.0074684227,0.0074684227,0.0634815928
14047,14047,Wexford,ED,2020,14.0000000000,864.6592540000,0.0000000000,0.0000000000,0.5332736542,0.4667263458,0.0000000000,0.0000000000,0.0000000000,1.0000000000,0.0000000000,2,1.0000000000,20.0000000000,BminPD,1.0000000000,864.6592540000,0.0000000000,0.0000000000,0.0000000000,0.0000000000,0.1066547308
14048,14048,Wexford,ED,2020,42.0000000000,1437.8994851000,0.6087616611,0.0000000000,0.1222405271,0.2689978117,0.0000000000,0.0000000000,0.6087616611,0.3912383389,0.0000000000,1,0.6087616611,22.5379164822,AminDW,0.6479584565,1437.8994851000,0.0000000000,0.0000000000,0.0000000000,0.0000000000,0.0000000000
14049,14049,Wexford,ED,2020,46.0000000000,1847.1045960000,0.0197065180,0.0000000000,0.0000000000,0.8573126646,0.1229808174,0.0000000000,0.0197065180,0.8573126646,0.1229808174,2,0.8573126646,22.7438173339,BminPD,0.3945088543,1847.1045960000,0.0000000000,0.0000000000,0.0122980817,0.0122980817,0.1045336948
14050,14050,Wexford,ED,2020,26.0000000000,1054.2842720000,0.0000000000,0.0000000000,0.0700494657,0.9299505343,0.0000000000,0.0000000000,0.0000000000,1.0000000000,0.0000000000,2,1.0000000000,19.9655670098,BminPD,0.8308805274,1054.2842720000,178.3000000000,0.1691194726,0.0000000000,0.0000000000,0.0000000000
14051,14051,Wexford,ED,2020,47.0000000000,1889.4391172000,0.7492348784,0.0000000000,0.0000000000,0.2507651216,0.0000000000,0.0000000000,0.7492348784,0.2507651216,0.0000000000,1,0.7492348784,22.7154792658,AminDW,0.5442849642,1889.4391172000,0.0000000000,0.0000000000,0.0000000000,0.0000000000,0.0000000000
14053,14053,Wexford,ED,2020,23.0000000000,1146.7735780000,1.0000000000,0.0000000000,0.0000000000,0.0000000000,0.0000000000,0.0000000000,1.0000000000,0.0000000000,0.0000000000,1,1.0000000000,22.0043450286,AminSW,0.6072522435,1146.7735780000,0.0000000000,0.0000000000,0.0000000000,0.0000000000,0.0000000000
14054,14054,Wexford,ED,2020,46.0000000000,1777.6943577000,1.0000000000,0.0000000000,0.0000000000,0.0000000000,0.0000000000,0.0000000000,1.0000000000,0.0000000000,0.0000000000,1,1.0000000000,24.0000000000,AminDW,0.6099776215,1777.6943577000,0.0000000000,0.0000000000,0.0000000000,0.0000000000,0.0000000000
14055,14055,Wexford,ED,2020,19.0000000000,999.0065478000,0.0000000000,0.0000000000,0.0000000000,0.7269796974,0.2730203026,0.0000000000,0.0000000000,0.7269796974,0.2730203026,2,0.7269796974,21.5236299335,BminPD,1.0000000000,999.0065478000,0.0000000000,0.0000000000,0.0273020303,0.0273020303,0.2320672572
14056,14056,Wexford,ED,2020,27.0000000000,1208.8031434000,0.0064766653,0.0000000000,0.1254133072,0.8681100275,0.0000000000,0.0000000000,0.0064766653,0.9935233347,0.0000000000,2,0.9935233347,20.8876039294,BminPD,0.8246372748,1208.8031434000,0.0000000000,0.0000000000,0.0000000000,0.0000000000,0.0250826614
14057,14057,Wexford,ED,2020,15.0000000000,888.6630770000,0.0000000000,0.0000000000,0.9250559613,0.0749440387,0.0000000000,0.0000000000,0.0000000000,1.0000000000,0.0000000000,2,1.0000000000,20.3078782129,AminSP,0.5563525849,888.6630770000,0.0000000000,0.0000000000,0.0000000000,0.0000000000,0.0000000000
14058,14058,Wexford,ED,2020,25.0000000000,1202.8595437000,0.9369834987,0.0000000000,0.0630165013,0.0000000000,0.0000000000,0.0000000000,0.9369834987,0.0630165013,0.0000000000,1,0.9369834987,23.7766571000,AminDW,0.8422788479,1202.8595437000,0.0000000000,0.0000000000,0.0000000000,0.0000000000,0.0000000000
14059,14059,Wexford,ED,2020,50.0000000000,1993.6123959000,0.6531371282,0.0000000000,0.3468628718,0.0000000000,0.0000000000,0.0000000000,0.6531371282,0.3468628718,0.0000000000,1,0.6531371282,23.4457410386,AminDW,0.7092939941,1993.6123959000,0.0000000000,0.0000000000,0.0000000000,0.0000000000,0.0000000000
14060,14060,Wexford,ED,2020,38.0000000000,2224.6075948000,0.8457136212,0.0000000000,0.0457608795,0.1085254993,0.0000000000,0.0000000000,0.8457136212,0.1542863788,0.0000000000,1,0.8457136212,21.9124032127,AminDW,0.8036820736,2224.6075948000,0.0000000000,0.0000000000,0.0000000000,0.0000000000,0.0091521759
14061,14061,Wexford,ED,2020,41.0000000000,1714.6729300000,0.4910079195,0.0000000000,0.5089920805,0.0000000000,0.0000000000,0.0000000000,0.4910079195,0.5089920805,0.0000000000,2,0.5089920805,23.6146203813,AminDW,0.5025861988,1714.6729300000,0.0000000000,0.0000000000,0.0000000000,0.0000000000,0.0000000000
14062,14062,Wexford,ED,2020,33.0000000000,1922.6963501000,1.0000000000,0.0000000000,0.0000000000,0.0000000000,0.0000000000,0.0000000000,1.0000000000,0.0000000000,0.0000000000,1,1.0000000000,23.9375876487,AminDW,0.4539105416,1922.6963501000,0.0000000000,0.0000000000,0.0000000000,0.0000000000,0.0000000000
14063,14063,Wexford,ED,2020,47.0000000000,1875.0297351000,0.4089394491,0.0000000000,0.1677165835,0.4233439674,0.0000000000,0.0000000000,0.4089394491,0.5910605509,0.0000000000,2,0.5910605509,21.2653885896,AminDW,0.5759322190,1875.0297351000,0.0000000000,0.0000000000,0.0000000000,0.0000000000,0.0113462297
14064,14064,Wexford,ED,2020,54.0000000000,2578.3534638000,0.1742781982,0.0000000000,0.7554205450,0.0000000000,0.0703012568,0.0000000000,0.1742781982,0.7554205450,0.0703012568,2,0.7554205450,22.7438181594,AminDW,0.6773615753,2578.3534638000,232.1300800000,0.0900303559,0.0218163063,0.0218163063,0.0622204317
14065,14065,Wexford,ED,2020,32.0000000000,1378.5375610000,0.6839401680,0.0000000000,0.3160598320,0.0000000000,0.0000000000,0.0000000000,0.6839401680,0.3160598320,0.0000000000,1,0.6839401680,23.0931035821,AminDW,0.5768103086,1378.5375610000,0.0000000000,0.0000000000,0.0000000000,0.0000000000,0.0000000000
14066,14066,Wexford,ED,2020,44.0000000000,1841.1651661000,0.4396586607,0.3070814099,0.2532599295,0.0000000000,0.0000000000,0.0000000000,0.7467400705,0.2532599295,0.0000000000,1,0.7467400705,23.9733691898,AminDW,0.7129021047,1841.1651661000,0.0000000000,0.0000000000,0.0000000000,0.0000000000,0.0000000000
14067,14067,Wexford,ED,2020,37.0000000000,1700.5547386000,1.0000000000,0.0000000000,0.0000000000,0.0000000000,0.0000000000,0.0000000000,1.0000000000,0.0000000000,0.0000000000,1,1.0000000000,23.3964322484,AminDW,0.7272674567,1700.5547386000,0.0000000000,0.0000000000,0.0000000000,0.0000000000,0.0000000000
14068,14068,Wexford,ED,2020,18.0000000000,644.5959540000,0.0000000000,0.2776002531,0.0000000000,0.7223997469,0.0000000000,0.0000000000,0.2776002531,0.7223997469,0.0000000000,2,0.7223997469,22.8106865592,AminSRPT,0.7223997469,644.5959540000,465.6559540000,0.7223997469,0.0722399747,0.0722399747,0.0722399747
14069,14069,Wexford,ED,2020,47.0000000000,2022.6628520000,1.0000000000,0.0000000000,0.0000000000,0.0000000000,0.0000000000,0.0000000000,1.0000000000,0.0000000000,0.0000000000,1,1.0000000000,23.7184897525,AminDW,0.8528424449,2022.6628520000,0.0000000000,0.0000000000,0.0000000000,0.0000000000,0.0000000000
14070,14070,Wexford,ED,2020,36.0000000000,1362.6867073000,0.8639840999,0.0000000000,0.1360159001,0.0000000000,0.0000000000,0.0000000000,0.8639840999,0.1360159001,0.0000000000,1,0.8639840999,24.0000000000,AminPD,0.5071134096,1362.6867073000,0.0000000000,0.0000000000,0.0000000000,0.0000000000,0.0000000000
14071,14071,Wexford,ED,2020,26.0000000000,1242.5121193000,0.5045544157,0.0000000000,0.4954455843,0.0000000000,0.0000000000,0.0000000000,0.5045544157,0.4954455843,0.0000000000,1,0.5045544157,24.0000000000,AminDW,1.0000000000,1242.5121193000,0.0000000000,0.0000000000,0.0000000000,0.0000000000,0.0000000000
14072,14072,Wexford,ED,2020,41.0000000000,1613.7746407000,1.0000000000,0.0000000000,0.0000000000,0.0000000000,0.0000000000,0.0000000000,1.0000000000,0.0000000000,0.0000000000,1,1.0000000000,22.3500422031,AminDW,0.5172869988,1613.7746407000,0.0000000000,0.0000000000,0.0000000000,0.0000000000,0.0000000000
14073,14073,Wexford,ED,2020,28.0000000000,1338.7183160000,1.0000000000,0.0000000000,0.0000000000,0.0000000000,0.0000000000,0.0000000000,1.0000000000,0.0000000000,0.0000000000,1,1.0000000000,23.7752775947,AminDW,0.6749825734,1338.7183160000,0.0000000000,0.0000000000,0.0000000000,0.0000000000,0.0000000000
14074,14074,Wexford,ED,2020,21.0000000000,662.5561624000,1.0000000000,0.0000000000,0.0000000000,0.0000000000,0.0000000000,0.0000000000,1.0000000000,0.0000000000,0.0000000000,1,1.0000000000,23.8041958594,AminDW,0.8729510179,662.5561624000,0.0000000000,0.0000000000,0.0000000000,0.0000000000,0.0000000000
14075,14075,Wexford,ED,2020,10.0000000000,394.5508127000,0.1636291142,0.0000000000,0.8363708858,0.0000000000,0.0000000000,0.0000000000,0.1636291142,0.8363708858,0.0000000000,2,0.8363708858,22.0586448535,AminSW,0.5146612134,394.5508127000,0.0000000000,0.0000000000,0.0000000000,0.0000000000,0.0000000000
14076,14076,Wexford,ED,2020,35.0000000000,1487.1942310000,1.0000000000,0.0000000000,0.0000000000,0.0000000000,0.0000000000,0.0000000000,1.0000000000,0.0000000000,0.0000000000,1,1.0000000000,22.5597807823,AminDW,0.7167230411,1487.1942310000,0.0000000000,0.0000000000,0.0000000000,0.0000000000,0.0000000000
14077,14077,Wexford,ED,2020,23.0000000000,709.4922380000,0.7903713345,0.0000000000,0.2096286655,0.0000000000,0.0000000000,0.0000000000,0.7903713345,0.2096286655,0.0000000000,1,0.7903713345,22.8581575659,AminDW,0.7853710276,709.4922380000,0.0000000000,0.0000000000,0.0000000000,0.0000000000,0.0000000000
14078,14078,Wexford,ED,2020,29.0000000000,1166.5099358000,1.0000000000,0.0000000000,0.0000000000,0.0000000000,0.0000000000,0.0000000000,1.0000000000,0.0000000000,0.0000000000,1,1.0000000000,22.2388785452,AminSW,0.6571979049,1166.5099358000,0.0000000000,0.0000000000,0.0000000000,0.0000000000,0.0000000000
14079,14079,Wexford,ED,2020,48.0000000000,1949.7464588000,0.3844507585,0.0000000000,0.6155492415,0.0000000000,0.0000000000,0.0000000000,0.3844507585,0.6155492415,0.0000000000,2,0.6155492415,23.1290765051,AminDW,0.7953464010,1949.7464588000,0.0000000000,0.0000000000,0.0000000000,0.0000000000,0.0000000000
14080,14080,Wexford,ED,2020,25.0000000000,1017.5309157000,1.0000000000,0.0000000000,0.0000000000,0.0000000000,0.0000000000,0.0000000000,1.0000000000,0.0000000000,0.0000000000,1,1.0000000000,24.0000000000,AminDW,0.6728111010,1017.5309157000,0.0000000000,0.0000000000,0.0000000000,0.0000000000,0.0000000000
14081,14081,Wexford,ED,2020,41.0000000000,1477.0541593000,1.0000000000,0.0000000000,0.0000000000,0.0000000000,0.0000000000,0.0000000000,1.0000000000,0.0000000000,0.0000000000,1,1.0000000000,23.4937474301,AminDW,0.6439438343,1477.0541593000,0.0000000000,0.0000000000,0.0000000000,0.0000000000,0.0000000000
14082,14082,Wexford,ED,2020,29.0000000000,1337.0910238000,1.0000000000,0.0000000000,0.0000000000,0.0000000000,0.0000000000,0.0000000000,1.0000000000,0.0000000000,0.0000000000,1,1.0000000000,24.0000000000,AminDW,0.7142870015,1337.0910238000,0.0000000000,0.0000000000,0.0000000000,0.0000000000,0.0000000000
14083,14083,Wexford,ED,2020,36.0000000000,1425.6183798000,0.9113961220,0.0000000000,0.0886038780,0.0000000000,0.0000000000,0.0000000000,0.9113961220,0.0886038780,0.0000000000,1,0.9113961220,23.3150040215,AminSW,0.5225910410,1425.6183798000,0.0000000000,0.0000000000,0.0000000000,0.0000000000,0.0000000000
14084,14084,Wexford,ED,2020,26.0000000000,1134.4261046000,0.7448241570,0.0000000000,0.2551758430,0.0000000000,0.0000000000,0.0000000000,0.7448241570,0.2551758430,0.0000000000,1,0.7448241570,24.0000000000,AminDW,0.5675989279,1134.4261046000,0.0000000000,0.0000000000,0.0000000000,0.0000000000,0.0000000000
14085,14085,Wexford,ED,2020,45.0000000000,2155.9044838000,0.5509195253,0.0000000000,0.4490804747,0.0000000000,0.0000000000,0.0000000000,0.5509195253,0.4490804747,0.0000000000,1,0.5509195253,21.0281305577,AminSW,0.4578575152,2155.9044838000,0.0000000000,0.0000000000,0.0000000000,0.0000000000,0.0000000000
14086,14086,Wexford,ED,2020,19.0000000000,1190.8716568000,0.3887816931,0.0000000000,0.6112183069,0.0000000000,0.0000000000,0.0000000000,0.3887816931,0.6112183069,0.0000000000,2,0.6112183069,23.0900171972,AminDW,0.6211325081,1190.8716568000,0.0000000000,0.0000000000,0.0000000000,0.0000000000,0.0000000000
14087,14087,Wexford,ED,2020,40.0000000000,1588.1011714000,1.0000000000,0.0000000000,0.0000000000,0.0000000000,0.0000000000,0.0000000000,1.0000000000,0.0000000000,0.0000000000,1,1.0000000000,23.2373684764,AminDW,0.9713117962,1588.1011714000,0.0000000000,0.0000000000,0.0000000000,0.0000000000,0.0000000000
14088,14088,Wexford,ED,2020,29.0000000000,1196.9756777000,0.0000000000,0.0000000000,1.0000000000,0.0000000000,0.0000000000,0.0000000000,0.0000000000,1.0000000000,0.0000000000,2,1.0000000000,20.0000000000,AminDW,0.5424943069,1196.9756777000,0.0000000000,0.0000000000,0.0000000000,0.0000000000,0.0000000000
14089,14089,Wexford,ED,2020,51.0000000000,2352.7894592000,0.9410656999,0.0000000000,0.0589343001,0.0000000000,0.0000000000,0.0000000000,0.9410656999,0.0589343001,0.0000000000,1,0.9410656999,21.3847271711,AminDW,0.6097841775,2352.7894592000,0.0000000000,0.0000000000,0.0000000000,0.0000000000,0.0000000000
14090,14090,Wexford,ED,2020,38.0000000000,1595.0249611000,0.6639400623,0.0000000000,0.3360599377,0.0000000000,0.0000000000,0.0000000000,0.6639400623,0.3360599377,0.0000000000,1,0.6639400623,23.5304148723,AminDW,0.7146270534,1595.0249611000,0.0000000000,0.0000000000,0.0000000000,0.0000000000,0.0000000000
14091,14091,Wexford,ED,2020,43.0000000000,1688.9384095000,0.9863819782,0.0000000000,0.0136180218,0.0000000000,0.0000000000,0.0000000000,0.9863819782,0.0136180218,0.0000000000,1,0.9863819782,24.0000000000,AminDW,1.0000000000,1688.9384095000,0.0000000000,0.0000000000,0.0000000000,0.0000000000,0.0000000000
14092,14092,Wexford,ED,2020,20.0000000000,946.3526578000,0.0000000000,0.0000000000,0.6609027223,0.3390972777,0.0000000000,0.0000000000,0.0000000000,1.0000000000,0.0000000000,2,1.0000000000,22.6532485226,AminSW,0.2617146663,946.3526578000,0.0000000000,0.0000000000,0.0000000000,0.0000000000,0.0936760042
14093,14093,Wexford,ED,2020,18.0000000000,833.5430350000,0.0000000000,0.0000000000,1.0000000000,0.0000000000,0.0000000000,0.0000000000,0.0000000000,1.0000000000,0.0000000000,2,1.0000000000,21.3786313265,AminSW,0.6405129112,833.5430350000,0.0000000000,0.0000000000,0.0000000000,0.0000000000,0.0600054705
14094,14094,Wexford,ED,2020,21.0000000000,1373.9751860000,0.3215682601,0.0000000000,0.4373065701,0.2411251698,0.0000000000,0.0000000000,0.3215682601,0.6784317399,0.0000000000,2,0.6784317399,23.7091650533,AminDW,0.5413086652,1373.9751860000,0.0000000000,0.0000000000,0.0160784130,0.0160784130,0.0160784130
14095,14095,Wexford,ED,2020,23.0000000000,1059.3066310000,0.0000000000,0.0000000000,0.7866723738,0.0000000000,0.2133276262,0.0000000000,0.0000000000,0.7866723738,0.2133276262,2,0.7866723738,19.8089694768,AminPD,0.8158837203,1059.3066310000,0.0000000000,0.0000000000,0.0213327626,0.0213327626,0.1813284823
14096,14096,Wexford,ED,2020,35.0000000000,1457.0964940000,0.6252049248,0.0000000000,0.3747950752,0.0000000000,0.0000000000,0.0000000000,0.6252049248,0.3747950752,0.0000000000,1,0.6252049248,22.6081945565,AminDW,0.8392088767,1457.0964940000,0.0000000000,0.0000000000,0.0000000000,0.0000000000,0.0000000000
14097,14097,Wexford,ED,2020,29.0000000000,1615.9689661000,0.6764936128,0.0000000000,0.3235063872,0.0000000000,0.0000000000,0.0000000000,0.6764936128,0.3235063872,0.0000000000,1,0.6764936128,20.0000000000,AminPD,0.5762177489,1615.9689661000,0.0000000000,0.0000000000,0.0048453901,0.0048453901,0.0048453901
14098,14098,Wexford,ED,2020,27.0000000000,1184.5050160000,0.0000000000,0.0525451553,0.9474548447,0.0000000000,0.0000000000,0.0000000000,0.0525451553,0.9474548447,0.0000000000,2,0.9474548447,20.7481515300,AminPD,0.9164233172,1184.5050160000,0.0000000000,0.0000000000,0.0026272578,0.0026272578,0.0026272578
14099,14099,Wexford,ED,2020,21.0000000000,973.8571715000,0.1883404978,0.0000000000,0.8116595022,0.0000000000,0.0000000000,0.0000000000,0.1883404978,0.8116595022,0.0000000000,2,0.8116595022,21.2268557577,AminPD,0.4883464854,973.8571715000,158.0000000000,0.1622414504,0.0094170249,0.0094170249,0.0094170249
14100,14100,Wexford,ED,2020,18.0000000000,960.4602530000,0.0000000000,0.5429624999,0.4570375001,0.0000000000,0.0000000000,0.0000000000,0.5429624999,0.4570375001,0.0000000000,1,0.5429624999,20.0000000000,AminDW,0.4716573534,960.4602530000,0.0000000000,0.0000000000,0.0271481250,0.0271481250,0.1127858471
14101,14101,Wexford,ED,2020,31.0000000000,1474.9363074000,0.1675087289,0.0000000000,0.8324912711,0.0000000000,0.0000000000,0.0000000000,0.1675087289,0.8324912711,0.0000000000,2,0.8324912711,19.9488029418,AminPD,0.6540009196,1474.9363074000,0.0000000000,0.0000000000,0.0000000000,0.0000000000,0.0000000000
14102,14102,Wexford,ED,2020,19.0000000000,1253.9847316000,0.0000000000,0.0000000000,0.6109399841,0.0000000000,0.3890600159,0.0000000000,0.0000000000,0.6109399841,0.3890600159,2,0.6109399841,20.8390825469,AminPD,0.7403078428,1253.9847316000,0.0000000000,0.0000000000,0.0389060016,0.0389060016,0.3307010135
14103,14103,Wexford,ED,2020,12.0000000000,751.6075060000,0.0000000000,0.0000000000,1.0000000000,0.0000000000,0.0000000000,0.0000000000,0.0000000000,1.0000000000,0.0000000000,2,1.0000000000,19.2862764199,AminPD,0.7891186574,751.6075060000,0.0000000000,0.0000000000,0.0000000000,0.0000000000,0.0000000000
14104,14104,Wexford,ED,2020,32.0000000000,1566.7789174000,0.2488608886,0.0000000000,0.7511391114,0.0000000000,0.0000000000,0.0000000000,0.2488608886,0.7511391114,0.0000000000,2,0.7511391114,20.7437365943,AminPD,0.4595568643,1566.7789174000,0.0000000000,0.0000000000,0.0000000000,0.0000000000,0.0000000000
14105,14105,Wexford,ED,2020,33.0000000000,1689.5336740000,0.4217112810,0.0000000000,0.5782887190,0.0000000000,0.0000000000,0.0000000000,0.4217112810,0.5782887190,0.0000000000,2,0.5782887190,21.0908271225,AminDW,0.3705717108,1689.5336740000,0.0000000000,0.0000000000,0.0000000000,0.0000000000,0.0000000000
14106,14106,Wexford,ED,2020,16.0000000000,751.2819680000,0.0000000000,0.0000000000,1.0000000000,0.0000000000,0.0000000000,0.0000000000,0.0000000000,1.0000000000,0.0000000000,2,1.0000000000,22.3261952854,AminPD,0.6535293617,751.2819680000,0.0000000000,0.0000000000,0.0000000000,0.0000000000,0.0000000000
14107,14107,Wexford,ED,2020,26.0000000000,861.5423170000,0.3091406165,0.0000000000,0.6908593835,0.0000000000,0.0000000000,0.0000000000,0.3091406165,0.6908593835,0.0000000000,2,0.6908593835,19.9718365778,AminPD,0.7408768802,861.5423170000,0.0000000000,0.0000000000,0.0154570308,0.0154570308,0.0619939301
14108,14108,Wexford,ED,2020,35.0000000000,1614.3797342000,0.0000000000,0.0000000000,1.0000000000,0.0000000000,0.0000000000,0.0000000000,0.0000000000,1.0000000000,0.0000000000,2,1.0000000000,20.0000000000,AminPD,0.7506354128,1614.3797342000,0.0000000000,0.0000000000,0.0000000000,0.0000000000,0.1463390066
14109,14109,Wexford,ED,2020,33.0000000000,1046.0299380000,0.0000000000,0.6859210821,0.0000000000,0.3140789179,0.0000000000,0.0000000000,0.6859210821,0.3140789179,0.0000000000,1,0.6859210821,20.8525007895,AminDW,0.7698684777,1046.0299380000,0.0000000000,0.0000000000,0.0342960541,0.0342960541,0.0342960541
14110,14110,Wexford,ED,2020,24.0000000000,1095.5411428000,0.2060977221,0.0000000000,0.7939022779,0.0000000000,0.0000000000,0.0000000000,0.2060977221,0.7939022779,0.0000000000,2,0.7939022779,21.9910676932,AminDW,0.9159994624,1095.5411428000,0.0000000000,0.0000000000,0.0000000000,0.0000000000,0.0000000000
14111,14111,Wexford,ED,2020,31.0000000000,1758.2776080000,0.6761141998,0.0825017786,0.2413840215,0.0000000000,0.0000000000,0.0000000000,0.7586159785,0.2413840215,0.0000000000,1,0.7586159785,20.5657809640,AminDW,0.8414408346,1758.2776080000,0.0000000000,0.0000000000,0.0379307989,0.0379307989,0.0379307989
14112,14112,Wexford,ED,2020,26.0000000000,1090.4059270000,0.6396635065,0.0000000000,0.3603364935,0.0000000000,0.0000000000,0.0000000000,0.6396635065,0.3603364935,0.0000000000,1,0.6396635065,22.7534430671,AminPD,0.5707286551,1090.4059270000,0.0000000000,0.0000000000,0.0319831753,0.0319831753,0.0319831753
14113,14113,Wexford,ED,2020,21.0000000000,902.9321220000,0.6232840634,0.0000000000,0.0000000000,0.3767159366,0.0000000000,0.0000000000,0.6232840634,0.3767159366,0.0000000000,1,0.6232840634,20.0000000000,AminDW,0.4916675143,902.9321220000,0.0000000000,0.0000000000,0.0311642032,0.0311642032,0.0311642032
14114,14114,Wexford,ED,2020,12.0000000000,696.0780890000,1.0000000000,0.0000000000,0.0000000000,0.0000000000,0.0000000000,0.0000000000,1.0000000000,0.0000000000,0.0000000000,1,1.0000000000,19.7079368461,AminDW,0.9407475833,696.0780890000,41.2443090000,0.0592524167,0.0500000000,0.0500000000,0.0500000000
14115,14115,Wexford,ED,2020,26.0000000000,1011.2482752000,0.0000000000,1.0000000000,0.0000000000,0.0000000000,0.0000000000,0.0000000000,1.0000000000,0.0000000000,0.0000000000,1,1.0000000000,21.3841891792,AminDW,0.7359374837,1011.2482752000,0.0000000000,0.0000000000,0.0500000000,0.0500000000,0.0500000000
14116,14116,Wexford,ED,2020,11.0000000000,775.7777750000,0.0000000000,0.0000000000,0.9583534151,0.0000000000,0.0416465849,0.0000000000,0.0000000000,0.9583534151,0.0416465849,2,0.9583534151,19.9571150978,AminDW,0.4747493572,775.7777750000,152.3084950000,0.1963300573,0.0041646585,0.0041646585,0.0353995972
14117,14117,Wexford,ED,2020,32.0000000000,1197.8811330000,0.2496767164,0.1896682348,0.5606550488,0.0000000000,0.0000000000,0.0000000000,0.4393449512,0.5606550488,0.0000000000,2,0.5606550488,19.7495577886,AminPD,0.6244967838,1197.8811330000,0.0000000000,0.0000000000,0.0219672476,0.0219672476,0.0219672476
14118,14118,Wexford,ED,2020,14.0000000000,561.2165280000,0.2667146253,0.0000000000,0.2041992605,0.5290861142,0.0000000000,0.0000000000,0.2667146253,0.7332853747,0.0000000000,2,0.7332853747,20.0000000000,AminPD,0.7958007395,561.2165280000,0.0000000000,0.0000000000,0.0133357313,0.0133357313,0.0541755834
14119,14119,Wexford,ED,2020,11.0000000000,307.2467417000,0.5438489700,0.0000000000,0.0000000000,0.4561510300,0.0000000000,0.0000000000,0.5438489700,0.4561510300,0.0000000000,1,0.5438489700,20.0000000000,AminDW,0.5252671260,307.2467417000,0.0000000000,0.0000000000,0.0271924485,0.0271924485,0.0271924485
14120,14120,Wexford,ED,2020,19.0000000000,1373.3071161000,0.8509691790,0.0000000000,0.0000000000,0.1490308210,0.0000000000,0.0000000000,0.8509691790,0.1490308210,0.0000000000,1,0.8509691790,20.0000000000,AminDW,0.6970829269,1373.3071161000,0.0000000000,0.0000000000,0.0425484589,0.0425484589,0.0425484589
14121,14121,Wexford,ED,2020,30.0000000000,1774.2681360000,0.7276961750,0.0000000000,0.2723038250,0.0000000000,0.0000000000,0.0000000000,0.7276961750,0.2723038250,0.0000000000,1,0.7276961750,21.3506260927,AminDW,0.8330861080,1774.2681360000,0.0000000000,0.0000000000,0.0000000000,0.0000000000,0.0000000000
14122,14122,Wexford,ED,2020,30.0000000000,1138.3031289000,0.0636034446,0.7776464047,0.1587501507,0.0000000000,0.0000000000,0.0000000000,0.8412498493,0.1587501507,0.0000000000,1,0.8412498493,20.0000000000,AminDW,0.5577401657,1138.3031289000,0.0000000000,0.0000000000,0.0420624925,0.0420624925,0.0420624925
14123,14123,Wexford,ED,2020,3.0000000000,177.0100000000,0.3399242981,0.0000000000,0.6600757019,0.0000000000,0.0000000000,0.0000000000,0.3399242981,0.6600757019,0.0000000000,2,0.6600757019,20.0000000000,AminPD,0.6600757019,177.0100000000,0.0000000000,0.0000000000,0.0169962149,0.0169962149,0.0169962149
14124,14124,Wexford,ED,2020,42.0000000000,2049.2637568000,1.0000000000,0.0000000000,0.0000000000,0.0000000000,0.0000000000,0.0000000000,1.0000000000,0.0000000000,0.0000000000,1,1.0000000000,21.2811893884,AminDW,0.8338650182,2049.2637568000,0.0000000000,0.0000000000,0.0000000000,0.0000000000,0.0000000000
15008,15008,Wicklow,ED,2020,20.0000000000,762.3942660000,0.0000000000,0.0000000000,0.0000000000,0.8142693272,0.1857306728,0.0000000000,0.0000000000,0.8142693272,0.1857306728,2,0.8142693272,21.0872208055,AminDW,0.7225320160,762.3942660000,55.4000000000,0.0726658141,0.1000000000,0.1000000000,0.2392980046
15009,15009,Wicklow,ED,2020,39.0000000000,1587.0582771000,0.0000000000,0.6891702068,0.3108297932,0.0000000000,0.0000000000,0.0000000000,0.6891702068,0.3108297932,0.0000000000,1,0.6891702068,22.8645911584,AminDW,0.6705578374,1587.0582771000,0.0000000000,0.0000000000,0.0314162957,0.0314162957,0.0314162957
15010,15010,Wicklow,ED,2020,38.0000000000,1728.1031798000,0.0000000000,0.0000000000,0.0000000000,0.5742911729,0.3749087341,0.0508000930,0.0000000000,0.5742911729,0.4257088271,2,0.5742911729,20.3857986165,AminDW,0.6121820765,1728.1031798000,353.0055850000,0.2042734422,0.1076200139,0.1076200139,0.3913415692
15011,15011,Wicklow,ED,2020,12.0000000000,589.1856750000,0.0000000000,0.0000000000,0.0000000000,1.0000000000,0.0000000000,0.0000000000,0.0000000000,1.0000000000,0.0000000000,2,1.0000000000,22.6084522506,AminDW,0.7856193635,589.1856750000,74.4100000000,0.1262929551,0.1000000000,0.1000000000,0.1000000000
15012,15012,Wicklow,ED,2020,21.0000000000,1096.3307750000,0.0000000000,0.0000000000,0.7487072275,0.1985714576,0.0000000000,0.0527213149,0.0000000000,0.9472786851,0.0527213149,2,0.9472786851,23.0093300117,AminSW,0.3869609425,1096.3307750000,57.8000000000,0.0527213149,0.0330374745,0.0330374745,0.0356735402
15013,15013,Wicklow,ED,2020,27.0000000000,1134.7051990000,0.0000000000,0.0000000000,0.0804261760,0.6610624730,0.2585113510,0.0000000000,0.0000000000,0.7414886490,0.2585113510,2,0.7414886490,22.2570979654,AminDW,0.5556794527,1134.7051990000,278.2200000000,0.2451914385,0.0919573824,0.0919573824,0.2858408957
15014,15014,Wicklow,ED,2020,34.0000000000,1387.1145910000,0.0000000000,0.0576736778,0.9423263222,0.0000000000,0.0000000000,0.0000000000,0.0576736778,0.9423263222,0.0000000000,2,0.9423263222,21.9715298950,AminDW,0.6239274323,1387.1145910000,0.0000000000,0.0000000000,0.0000000000,0.0000000000,0.0000000000
15015,15015,Wicklow,ED,2020,26.0000000000,979.6679458000,0.0000000000,0.0654693810,0.3762054182,0.4868724190,0.0714527818,0.0000000000,0.0654693810,0.8630778372,0.0714527818,2,0.8630778372,21.7459625096,AminDW,0.6857036810,979.6679458000,70.0000000000,0.0714527818,0.0558325201,0.0558325201,0.1094221065
15016,15016,Wicklow,ED,2020,32.0000000000,1459.0076091000,0.0000000000,0.3652584206,0.6347415794,0.0000000000,0.0000000000,0.0000000000,0.3652584206,0.6347415794,0.0000000000,2,0.6347415794,23.1575643661,AminDW,0.3882788626,1459.0076091000,117.2700000000,0.0803765513,0.0182629210,0.0182629210,0.0182629210
15017,15017,Wicklow,ED,2020,44.0000000000,1701.9438059000,0.0000000000,0.0000000000,0.1401517284,0.4272656626,0.4325826090,0.0000000000,0.0000000000,0.5674173910,0.4325826090,2,0.5674173910,21.0998134116,AminDW,0.3351242186,1701.9438059000,521.6290700000,0.3064901839,0.0859848272,0.0859848272,0.4104217839
15018,15018,Wicklow,ED,2020,20.0000000000,1013.2722432000,0.0000000000,0.0035122091,0.0000000000,0.9964877909,0.0000000000,0.0000000000,0.0035122091,0.9964877909,0.0000000000,2,0.9964877909,22.7345818011,AminDW,0.5305718351,1013.2722432000,174.1211537000,0.1718404455,0.0996487791,0.0996487791,0.0996487791
15019,15019,Wicklow,ED,2020,21.0000000000,807.9809528000,0.0000000000,0.0000000000,0.1640880265,0.6222195450,0.1945954437,0.0190969848,0.0000000000,0.7863075715,0.2136924285,2,0.7863075715,22.1005245301,AminSW,0.3588079632,807.9809528000,235.7594120000,0.2917883289,0.0864557451,0.0864557451,0.2333571771
15020,15020,Wicklow,ED,2020,28.0000000000,1091.6628520000,0.0000000000,0.0000000000,0.1628569330,0.4201663537,0.4169767132,0.0000000000,0.0000000000,0.5830232868,0.4169767132,2,0.5830232868,19.5416605712,AminPD,0.5780520853,1091.6628520000,48.4000000000,0.0443360328,0.0837143067,0.0837143067,0.3964468416
15021,15021,Wicklow,ED,2020,36.0000000000,1326.3435735000,0.0000000000,0.0000000000,0.0000000000,0.6669916164,0.2745770679,0.0584313156,0.0000000000,0.6669916164,0.3330083836,2,0.6669916164,21.1721875358,AminDW,0.3584054151,1326.3435735000,499.0235295000,0.3762400176,0.1087646973,0.1087646973,0.3176190641
15022,15022,Wicklow,ED,2020,35.0000000000,620.8350847000,0.0000000000,0.0000000000,0.0000000000,0.4647469091,0.0174723695,0.5177807214,0.0000000000,0.4647469091,0.5352530909,3,0.5352530909,19.4099671970,AminSRPT,0.4919237449,620.8350847000,460.7035198000,0.7420706902,0.1776671082,0.1776671082,0.2166604214
15023,15023,Wicklow,ED,2020,15.0000000000,508.4895483000,0.0000000000,0.0000000000,0.0000000000,0.2159336418,0.5136935050,0.2703728532,0.0000000000,0.2159336418,0.7840663582,3,0.7840663582,18.3742631239,BktPt,0.5267448706,508.4895483000,508.4895483000,1.0000000000,0.1405559280,0.1405559280,0.5393446994
15024,15024,Wicklow,ED,2020,43.0000000000,1631.7485230000,0.0000000000,0.2407775349,0.0000000000,0.7592224651,0.0000000000,0.0000000000,0.2407775349,0.7592224651,0.0000000000,2,0.7592224651,23.2579233118,AminDW,0.6452672297,1631.7485230000,178.4400000000,0.1093550860,0.0759222465,0.0759222465,0.0759222465
15025,15025,Wicklow,ED,2020,16.0000000000,934.8397700000,0.0000000000,0.0000000000,1.0000000000,0.0000000000,0.0000000000,0.0000000000,0.0000000000,1.0000000000,0.0000000000,2,1.0000000000,24.0000000000,AminDW,0.7901886438,934.8397700000,0.0000000000,0.0000000000,0.0000000000,0.0000000000,0.0000000000
15026,15026,Wicklow,ED,2020,14.0000000000,766.2171429000,0.0000000000,0.0000000000,1.0000000000,0.0000000000,0.0000000000,0.0000000000,0.0000000000,1.0000000000,0.0000000000,2,1.0000000000,23.7859614582,AminDW,0.6173147485,766.2171429000,80.5000000000,0.1050616013,0.0000000000,0.0000000000,0.0000000000
15027,15027,Wicklow,ED,2020,25.0000000000,1002.4600504000,0.0000000000,0.4674461233,0.0000000000,0.5325538767,0.0000000000,0.0000000000,0.4674461233,0.5325538767,0.0000000000,2,0.5325538767,23.2867546196,AminDW,0.8359076128,1002.4600504000,0.0000000000,0.0000000000,0.0550060809,0.0550060809,0.0550060809
15028,15028,Wicklow,ED,2020,25.0000000000,1454.5215670000,0.0000000000,0.0223441170,0.9776558830,0.0000000000,0.0000000000,0.0000000000,0.0223441170,0.9776558830,0.0000000000,2,0.9776558830,23.5105607121,AminDW,0.6277270724,1454.5215670000,0.0000000000,0.0000000000,0.0011172058,0.0011172058,0.0011172058
15029,15029,Wicklow,ED,2020,40.0000000000,1608.8389470000,0.0000000000,0.0000000000,1.0000000000,0.0000000000,0.0000000000,0.0000000000,0.0000000000,1.0000000000,0.0000000000,2,1.0000000000,22.0954701503,AminDW,0.7958367793,1608.8389470000,0.0000000000,0.0000000000,0.0000000000,0.0000000000,0.0000000000
15030,15030,Wicklow,ED,2020,26.0000000000,850.7814557000,0.0000000000,0.0000000000,0.0000000000,0.3031498677,0.6968501323,0.0000000000,0.0000000000,0.3031498677,0.6968501323,3,0.6968501323,18.5278828790,AminSRPT,0.5578434871,850.7814557000,608.7028940000,0.7154632837,0.1000000000,0.1000000000,0.6226375993
15031,15031,Wicklow,ED,2020,16.0000000000,496.2020192000,0.0000000000,0.0956381820,0.9043618180,0.0000000000,0.0000000000,0.0000000000,0.0956381820,0.9043618180,0.0000000000,2,0.9043618180,23.2845655877,AminDW,0.6052916646,496.2020192000,60.3500000000,0.1216238501,0.0047819091,0.0047819091,0.0047819091
15032,15032,Wicklow,ED,2020,11.0000000000,304.2594375000,0.4042602623,0.4461634407,0.1495762970,0.0000000000,0.0000000000,0.0000000000,0.8504237030,0.1495762970,0.0000000000,1,0.8504237030,22.2714751453,AminDW,0.5606751196,304.2594375000,0.0000000000,0.0000000000,0.0000000000,0.0000000000,0.0000000000
15033,15033,Wicklow,ED,2020,16.0000000000,632.8635880000,0.0000000000,0.4718996379,0.1184407057,0.4096596564,0.0000000000,0.0000000000,0.4718996379,0.5281003621,0.0000000000,2,0.5281003621,20.4446006017,AminSRPT,0.3355362578,632.8635880000,212.3486800000,0.3355362578,0.0645609475,0.0645609475,0.0645609475
15035,15035,Wicklow,ED,2020,21.0000000000,774.0696425000,0.0000000000,0.0982582378,0.8563970050,0.0000000000,0.0000000000,0.0453447572,0.0982582378,0.8563970050,0.0453447572,2,0.8563970050,19.5533773368,AminDW,0.5151529102,774.0696425000,3.5587190000,0.0045974145,0.0162491012,0.0162491012,0.0185163391
15036,15036,Wicklow,ED,2020,16.0000000000,756.0276660000,0.0000000000,0.0000000000,0.6249475876,0.0000000000,0.0310835186,0.3439688939,0.0000000000,0.6249475876,0.3750524124,2,0.6249475876,20.6695690155,AminDW,0.4451667910,756.0276660000,158.9691360000,0.2102689401,0.0891005753,0.0891005753,0.1296116589
15037,15037,Wicklow,ED,2020,29.0000000000,1327.5067556000,0.1441499256,0.0000000000,0.8558500744,0.0000000000,0.0000000000,0.0000000000,0.1441499256,0.8558500744,0.0000000000,2,0.8558500744,21.4573704279,AminDW,0.7068188178,1327.5067556000,0.0000000000,0.0000000000,0.0000000000,0.0000000000,0.0000000000
15038,15038,Wicklow,ED,2020,77.0000000000,3692.0265465000,0.2741096217,0.0000000000,0.2165564456,0.4787632522,0.0305706805,0.0000000000,0.2741096217,0.6953196978,0.0305706805,2,0.6953196978,22.4696322362,AminSW,0.3518844498,3692.0265465000,127.8000000000,0.0346151357,0.0030570681,0.0030570681,0.0259850784
15039,15039,Wicklow,ED,2020,44.0000000000,2094.9312797000,0.3412713842,0.1378621174,0.4514543981,0.0000000000,0.0694121002,0.0000000000,0.4791335016,0.4514543981,0.0694121002,1,0.4791335016,22.6070701563,AminDW,0.4915379505,2094.9312797000,103.6213900000,0.0494629065,0.0069412100,0.0069412100,0.0590002852
15040,15040,Wicklow,ED,2020,22.0000000000,998.1944290000,1.0000000000,0.0000000000,0.0000000000,0.0000000000,0.0000000000,0.0000000000,1.0000000000,0.0000000000,0.0000000000,1,1.0000000000,23.5920634416,AminSW,0.5836048700,998.1944290000,0.0000000000,0.0000000000,0.0000000000,0.0000000000,0.0000000000
15041,15041,Wicklow,ED,2020,29.0000000000,1080.4851330000,0.5694938331,0.0000000000,0.4305061669,0.0000000000,0.0000000000,0.0000000000,0.5694938331,0.4305061669,0.0000000000,1,0.5694938331,23.0596816477,AminDW,0.8855505965,1080.4851330000,0.0000000000,0.0000000000,0.0000000000,0.0000000000,0.0000000000
15042,15042,Wicklow,ED,2020,28.0000000000,1041.4428199000,0.0000000000,0.1469992179,0.5918517283,0.0000000000,0.2611490538,0.0000000000,0.1469992179,0.5918517283,0.2611490538,2,0.5918517283,20.4467136754,AminSRPT,0.5614707997,1041.4428199000,662.2397329000,0.6358867911,0.0261149054,0.0261149054,0.2219766957
15043,15043,Wicklow,ED,2020,23.0000000000,1037.2061900000,0.0000000000,0.0000000000,1.0000000000,0.0000000000,0.0000000000,0.0000000000,0.0000000000,1.0000000000,0.0000000000,2,1.0000000000,19.2264819823,AminSW,0.5375654285,1037.2061900000,203.0000000000,0.1957180761,0.0000000000,0.0000000000,0.0000000000
15044,15044,Wicklow,ED,2020,22.0000000000,1455.1529050000,0.6477179805,0.0000000000,0.3522820195,0.0000000000,0.0000000000,0.0000000000,0.6477179805,0.3522820195,0.0000000000,1,0.6477179805,23.5456147614,AminSW,0.8401482757,1455.1529050000,0.0000000000,0.0000000000,0.0000000000,0.0000000000,0.0000000000
15045,15045,Wicklow,ED,2020,9.0000000000,366.9126870000,0.3200809734,0.0000000000,0.4570569673,0.0000000000,0.2228620593,0.0000000000,0.3200809734,0.4570569673,0.2228620593,2,0.4570569673,23.7534915439,AminSW,0.6095231316,366.9126870000,0.0000000000,0.0000000000,0.0222862059,0.0222862059,0.1894327504
15046,15046,Wicklow,ED,2020,13.0000000000,183.2645162000,0.0000000000,0.0000000000,0.6710276967,0.0000000000,0.2686219407,0.0603503626,0.0000000000,0.6710276967,0.3289723033,2,0.6710276967,16.6902593487,AminSRPT,0.9396496374,183.2645162000,183.2645162000,1.0000000000,0.0419497847,0.0419497847,0.2464337584
15047,15047,Wicklow,ED,2020,23.0000000000,875.3027946000,0.0000000000,0.0000000000,0.5642518665,0.0000000000,0.0000000000,0.4357481335,0.0000000000,0.5642518665,0.4357481335,2,0.5642518665,18.4932071414,AminDW,0.5642518665,875.3027946000,381.4115590000,0.4357481335,0.1089370334,0.1089370334,0.1307244401
15048,15048,Wicklow,ED,2020,13.0000000000,359.9287760000,0.3508344384,0.0000000000,0.6491655616,0.0000000000,0.0000000000,0.0000000000,0.3508344384,0.6491655616,0.0000000000,2,0.6491655616,23.8288550288,AminSW,0.8770270955,359.9287760000,0.0000000000,0.0000000000,0.0000000000,0.0000000000,0.0000000000
15049,15049,Wicklow,ED,2020,19.0000000000,1059.2166159000,0.4749157589,0.0000000000,0.0000000000,0.4725288789,0.0525553622,0.0000000000,0.4749157589,0.4725288789,0.0525553622,1,0.4749157589,22.6487113188,AminDW,0.4602971305,1059.2166159000,0.0000000000,0.0000000000,0.0052555362,0.0052555362,0.0446720579
15050,15050,Wicklow,ED,2020,32.0000000000,1590.6923248000,0.2638004504,0.0000000000,0.2896160205,0.4465835290,0.0000000000,0.0000000000,0.2638004504,0.7361995496,0.0000000000,2,0.7361995496,23.1880633438,AminPD,0.4901507594,1590.6923248000,0.0000000000,0.0000000000,0.0000000000,0.0000000000,0.0000000000
15051,15051,Wicklow,ED,2020,36.0000000000,1514.0424141000,0.6078845589,0.0000000000,0.2215118519,0.1706035892,0.0000000000,0.0000000000,0.6078845589,0.3921154411,0.0000000000,1,0.6078845589,23.3421851917,AminDW,0.5214350527,1514.0424141000,0.0000000000,0.0000000000,0.0000000000,0.0000000000,0.0000000000
15052,15052,Wicklow,ED,2020,25.0000000000,1518.4619082000,0.0889913664,0.0000000000,0.0696757682,0.8413328654,0.0000000000,0.0000000000,0.0889913664,0.9110086336,0.0000000000,2,0.9110086336,23.2774486775,AminDW,0.4835708357,1518.4619082000,0.0000000000,0.0000000000,0.0000000000,0.0000000000,0.0000000000
15053,15053,Wicklow,ED,2020,15.0000000000,415.4634290000,0.0000000000,0.0000000000,0.8970720886,0.0000000000,0.1029279114,0.0000000000,0.0000000000,0.8970720886,0.1029279114,2,0.8970720886,18.7751489434,AminSRPT,0.7946102760,415.4634290000,372.8942930000,0.8975381874,0.0102927911,0.0102927911,0.0874887247
15054,15054,Wicklow,ED,2020,44.0000000000,1949.7658460000,0.9458338548,0.0000000000,0.0235573313,0.0306088139,0.0000000000,0.0000000000,0.9458338548,0.0541661452,0.0000000000,1,0.9458338548,22.6707537598,AminPD,0.3817651322,1949.7658460000,0.0000000000,0.0000000000,0.0000000000,0.0000000000,0.0047114663
15055,15055,Wicklow,ED,2020,24.0000000000,1151.8923480000,0.5876417194,0.0000000000,0.0430595794,0.3692987012,0.0000000000,0.0000000000,0.5876417194,0.4123582806,0.0000000000,1,0.5876417194,24.0000000000,AminSW,0.5435143319,1151.8923480000,0.0000000000,0.0000000000,0.0000000000,0.0000000000,0.0000000000
15056,15056,Wicklow,ED,2020,22.0000000000,985.6766088000,0.6681456270,0.0000000000,0.3318543730,0.0000000000,0.0000000000,0.0000000000,0.6681456270,0.3318543730,0.0000000000,1,0.6681456270,22.9995501656,BminSW,0.5326892769,985.6766088000,0.0000000000,0.0000000000,0.0000000000,0.0000000000,0.0663708746
15057,15057,Wicklow,ED,2020,21.0000000000,974.1129830000,0.6733826286,0.0000000000,0.3266173714,0.0000000000,0.0000000000,0.0000000000,0.6733826286,0.3266173714,0.0000000000,1,0.6733826286,21.1114963694,AminSW,0.5758209302,974.1129830000,81.3183390000,0.0834793709,0.0000000000,0.0000000000,0.0000000000
15058,15058,Wicklow,ED,2020,19.0000000000,745.5449260000,0.0000000000,0.0000000000,0.7450186121,0.0000000000,0.2549813879,0.0000000000,0.0000000000,0.7450186121,0.2549813879,2,0.7450186121,18.8055120692,AminSRPT,0.8578221160,745.5449260000,681.0449260000,0.9134860989,0.0254981388,0.0254981388,0.2167341797
15059,15059,Wicklow,ED,2020,22.0000000000,787.5184439000,0.0000000000,0.0000000000,1.0000000000,0.0000000000,0.0000000000,0.0000000000,0.0000000000,1.0000000000,0.0000000000,2,1.0000000000,20.5384937697,AminDW,0.5306014699,787.5184439000,0.0000000000,0.0000000000,0.0000000000,0.0000000000,0.0000000000
15060,15060,Wicklow,ED,2020,16.0000000000,800.9343198000,0.5799905290,0.0000000000,0.4200094710,0.0000000000,0.0000000000,0.0000000000,0.5799905290,0.4200094710,0.0000000000,1,0.5799905290,24.0000000000,AminPD,0.5249017524,800.9343198000,0.0000000000,0.0000000000,0.0000000000,0.0000000000,0.0840018942
15061,15061,Wicklow,ED,2020,34.0000000000,1466.5098887000,0.6918642880,0.0000000000,0.3081357120,0.0000000000,0.0000000000,0.0000000000,0.6918642880,0.3081357120,0.0000000000,1,0.6918642880,22.4564579772,AminDW,0.3753506163,1466.5098887000,0.0000000000,0.0000000000,0.0000000000,0.0000000000,0.0000000000
15062,15062,Wicklow,ED,2020,39.0000000000,1012.8613550000,0.0000000000,0.0000000000,1.0000000000,0.0000000000,0.0000000000,0.0000000000,0.0000000000,1.0000000000,0.0000000000,2,1.0000000000,21.4894544219,AminDW,0.6302049929,1012.8613550000,0.0000000000,0.0000000000,0.0000000000,0.0000000000,0.0000000000
15063,15063,Wicklow,ED,2020,39.0000000000,2132.2895848000,0.5886210771,0.0311777539,0.3802011690,0.0000000000,0.0000000000,0.0000000000,0.6197988310,0.3802011690,0.0000000000,1,0.6197988310,23.0391502437,AminSW,0.6063548436,2132.2895848000,0.0000000000,0.0000000000,0.0000000000,0.0000000000,0.0000000000
15064,15064,Wicklow,ED,2020,25.0000000000,855.3616990000,0.0000000000,0.0000000000,1.0000000000,0.0000000000,0.0000000000,0.0000000000,0.0000000000,1.0000000000,0.0000000000,2,1.0000000000,20.4465294582,AminDW,0.4565769235,855.3616990000,237.9470590000,0.2781829713,0.0000000000,0.0000000000,0.0000000000
15065,15065,Wicklow,ED,2020,16.0000000000,452.2350806000,0.0000000000,0.0000000000,1.0000000000,0.0000000000,0.0000000000,0.0000000000,0.0000000000,1.0000000000,0.0000000000,2,1.0000000000,20.8084307319,AminSW,0.6027183345,452.2350806000,0.0000000000,0.0000000000,0.0000000000,0.0000000000,0.0000000000
15066,15066,Wicklow,ED,2020,26.0000000000,2096.0640960000,0.8316415988,0.0000000000,0.1115853282,0.0567730730,0.0000000000,0.0000000000,0.8316415988,0.1683584012,0.0000000000,1,0.8316415988,21.9694280322,AminSW,0.5690468299,2096.0640960000,0.0000000000,0.0000000000,0.0000000000,0.0000000000,0.0223170656
15067,15067,Wicklow,ED,2020,26.0000000000,1010.9457380000,0.0000000000,0.0000000000,0.1872504061,0.6784201834,0.1343294105,0.0000000000,0.0000000000,0.8656705895,0.1343294105,2,0.8656705895,22.4570852150,AminDW,0.8047570779,1010.9457380000,64.5000000000,0.0638016439,0.0812749594,0.0812749594,0.1820220172
15068,15068,Wicklow,ED,2020,40.0000000000,1742.8614190000,0.1361651916,0.5264819239,0.3373528845,0.0000000000,0.0000000000,0.0000000000,0.6626471155,0.3373528845,0.0000000000,1,0.6626471155,24.0000000000,AminDW,0.9215256024,1742.8614190000,0.0000000000,0.0000000000,0.0000000000,0.0000000000,0.0674705769
15069,15069,Wicklow,ED,2020,28.0000000000,1138.1491358000,0.4597616018,0.0000000000,0.5402383982,0.0000000000,0.0000000000,0.0000000000,0.4597616018,0.5402383982,0.0000000000,2,0.5402383982,22.6616665988,AminDW,0.7184929146,1138.1491358000,180.7557510000,0.1588155237,0.0000000000,0.0000000000,0.0000000000
15070,15070,Wicklow,ED,2020,32.0000000000,1453.3273256000,0.2028550497,0.0553901372,0.2093773594,0.3815855460,0.1507919077,0.0000000000,0.2582451869,0.5909629054,0.1507919077,2,0.5909629054,22.9058211650,AminDW,0.5616309514,1453.3273256000,142.7750160000,0.0982400960,0.0532377454,0.0532377454,0.1663316762
15071,15071,Wicklow,ED,2020,45.0000000000,1674.7104864000,0.8004849294,0.0000000000,0.1995150706,0.0000000000,0.0000000000,0.0000000000,0.8004849294,0.1995150706,0.0000000000,1,0.8004849294,23.2795442473,AminSW,0.5197269056,1674.7104864000,0.0000000000,0.0000000000,0.0000000000,0.0000000000,0.0000000000
15072,15072,Wicklow,ED,2020,22.0000000000,1033.7054050000,0.5960661461,0.0000000000,0.4039338539,0.0000000000,0.0000000000,0.0000000000,0.5960661461,0.4039338539,0.0000000000,1,0.5960661461,23.4732115288,AminDW,0.6817588102,1033.7054050000,0.0000000000,0.0000000000,0.0000000000,0.0000000000,0.0000000000
15073,15073,Wicklow,ED,2020,46.0000000000,1276.6509595000,0.0000000000,0.0000000000,0.2349691831,0.3036553443,0.4613754726,0.0000000000,0.0000000000,0.5386245274,0.4613754726,2,0.5386245274,20.7506971760,AminSRPT,0.3573205578,1276.6509595000,900.9490728000,0.7057129171,0.0765030817,0.0765030817,0.4225346862
15074,15074,Wicklow,ED,2020,30.0000000000,952.5874157000,0.6400233665,0.0000000000,0.3261739614,0.0000000000,0.0338026720,0.0000000000,0.6400233665,0.3261739614,0.0338026720,1,0.6400233665,22.0154115458,AminSW,0.8828453975,952.5874157000,0.0000000000,0.0000000000,0.0338026720,0.0338026720,0.0338026720
15075,15075,Wicklow,ED,2020,30.0000000000,1242.0744050000,0.0000000000,0.3397184495,0.0000000000,0.6602815505,0.0000000000,0.0000000000,0.3397184495,0.6602815505,0.0000000000,2,0.6602815505,23.1338498244,AminSW,0.5897946299,1242.0744050000,0.0000000000,0.0000000000,0.0660281551,0.0660281551,0.0660281551
15076,15076,Wicklow,ED,2020,25.0000000000,1045.4807037000,0.6952716555,0.0659983487,0.2387299958,0.0000000000,0.0000000000,0.0000000000,0.7612700042,0.2387299958,0.0000000000,1,0.7612700042,22.2024358134,AminDW,0.5163109159,1045.4807037000,0.0000000000,0.0000000000,0.0000000000,0.0000000000,0.0000000000
15077,15077,Wicklow,ED,2020,32.0000000000,1470.8852732000,0.0000000000,0.9562689183,0.0000000000,0.0437310817,0.0000000000,0.0000000000,0.9562689183,0.0437310817,0.0000000000,1,0.9562689183,24.0000000000,AminSW,0.5748280504,1470.8852732000,0.0000000000,0.0000000000,0.0043731082,0.0043731082,0.0043731082
15078,15078,Wicklow,ED,2020,41.0000000000,1834.3587328000,0.2935152494,0.0000000000,0.3857111797,0.0000000000,0.3207735709,0.0000000000,0.2935152494,0.3857111797,0.3207735709,2,0.3857111797,23.4797049830,AminDW,0.5918980718,1834.3587328000,426.8167820000,0.2326790144,0.0484778117,0.0484778117,0.2753909443
15079,15079,Wicklow,ED,2020,19.0000000000,969.4381710000,0.0000000000,0.5246215656,0.1295595777,0.3458188568,0.0000000000,0.0000000000,0.5246215656,0.4753784344,0.0000000000,1,0.5246215656,23.3130041503,AminSW,0.3924557227,969.4381710000,0.0000000000,0.0000000000,0.0345818857,0.0345818857,0.0345818857
15080,15080,Wicklow,ED,2020,34.0000000000,1756.7838106000,0.0000000000,1.0000000000,0.0000000000,0.0000000000,0.0000000000,0.0000000000,1.0000000000,0.0000000000,0.0000000000,1,1.0000000000,24.0000000000,AminDW,0.8240763541,1756.7838106000,0.0000000000,0.0000000000,0.0000000000,0.0000000000,0.0000000000
15081,15081,Wicklow,ED,2020,25.0000000000,935.0891610000,0.0785804424,0.9214195576,0.0000000000,0.0000000000,0.0000000000,0.0000000000,1.0000000000,0.0000000000,0.0000000000,1,1.0000000000,22.4503638151,AminSW,0.6396544062,935.0891610000,0.0000000000,0.0000000000,0.0000000000,0.0000000000,0.0000000000
15082,15082,Wicklow,ED,2020,62.0000000000,2577.4465312000,0.2995296580,0.2422829554,0.2953086402,0.0253783189,0.1375004275,0.0000000000,0.5418126134,0.3206869590,0.1375004275,1,0.5418126134,22.4223850406,AminDW,0.5650734479,2577.4465312000,87.9673100000,0.0341296353,0.0162878746,0.0162878746,0.1194131953
16005,16005,Clare,ED,2020,8.0000000000,188.3406670000,0.0000000000,0.0000000000,0.9564574283,0.0435425717,0.0000000000,0.0000000000,0.0000000000,1.0000000000,0.0000000000,2,1.0000000000,20.1741702869,AminSW,0.5186922111,188.3406670000,0.0000000000,0.0000000000,0.0043542572,0.0043542572,0.0521771286
16006,16006,Clare,ED,2020,40.0000000000,1629.9441226000,0.0000000000,0.6009308172,0.0000000000,0.0000000000,0.0000000000,0.3990691828,0.6009308172,0.0000000000,0.3990691828,1,0.6009308172,16.7970003072,BminDW,0.8422708684,1629.9441226000,0.0000000000,0.0000000000,0.0300465409,0.0300465409,0.0300465409
16007,16007,Clare,ED,2020,39.0000000000,2586.6263870000,0.0000000000,0.0000000000,0.0000000000,0.0000000000,0.0000000000,1.0000000000,0.0000000000,0.0000000000,1.0000000000,3,1.0000000000,15.1595799127,BminSW,0.7937365869,2586.6263870000,0.0000000000,0.0000000000,0.0000000000,0.0000000000,0.0000000000
16009,16009,Clare,ED,2020,24.0000000000,1058.9401500000,0.0000000000,0.5447952701,0.0000000000,0.0000000000,0.0850850730,0.3701196569,0.5447952701,0.0000000000,0.4552047299,1,0.5447952701,15.3861911931,BminSW,0.7554724882,1058.9401500000,0.0000000000,0.0000000000,0.1123248365,0.1123248365,0.1123248365
16010,16010,Clare,ED,2020,32.0000000000,1295.8459779000,0.0000000000,0.0043095299,0.0000000000,0.0000000000,0.0000000000,0.9956904701,0.0043095299,0.0000000000,0.9956904701,3,0.9956904701,16.9160331092,BminSW,0.9276436972,1295.8459779000,0.0000000000,0.0000000000,0.0002154765,0.0002154765,0.0002154765
16011,16011,Clare,ED,2020,29.0000000000,1205.6530920000,0.0000000000,0.0000000000,0.0000000000,0.0000000000,0.0000000000,1.0000000000,0.0000000000,0.0000000000,1.0000000000,3,1.0000000000,15.0451736311,BminSW,1.0000000000,1205.6530920000,0.0000000000,0.0000000000,0.0000000000,0.0000000000,0.0000000000
16012,16012,Clare,ED,2020,26.0000000000,911.4121440000,0.0000000000,0.0000000000,0.0000000000,0.6031456599,0.2928236712,0.1040306689,0.0000000000,0.6031456599,0.3968543401,2,0.6031456599,18.7806175205,AminPD,0.8303295013,911.4121440000,103.1397530000,0.1131647781,0.3832955202,0.3832955202,0.3832955202
16013,16013,Clare,ED,2020,34.0000000000,1514.0633027000,0.0000000000,0.0000000000,0.0000000000,0.1251797066,0.0743033662,0.8005169272,0.0000000000,0.1251797066,0.8748202934,3,0.8748202934,16.1294085369,AminPD,0.4172590093,1514.0633027000,179.9000000000,0.1188193385,0.0930803222,0.0930803222,0.0930803222
16014/16008,16014/16008,Clare,COUNTY_FALLBACK,2020,6151.0000000000,200810.9519757000,0.0296227488,0.0474461698,0.2706684006,0.4053520622,0.0998903860,0.1470202326,0.0770689185,0.6760204628,0.2469106187,2,0.6760204628,20.4911156634,,,200810.9519757000,37581.8542092000,0.1871504210,0.1649529528,0.1649529528,0.1976007757
16015,16015,Clare,ED,2020,44.0000000000,2400.6085430000,0.0000000000,0.0000000000,0.0000000000,0.0000000000,0.0000000000,1.0000000000,0.0000000000,0.0000000000,1.0000000000,3,1.0000000000,16.2765458975,BminSW,0.8187445074,2400.6085430000,0.0000000000,0.0000000000,0.0000000000,0.0000000000,0.0000000000
16016,16016,Clare,ED,2020,27.0000000000,1341.0434400000,0.0000000000,0.0000000000,0.0000000000,0.0000000000,0.0000000000,1.0000000000,0.0000000000,0.0000000000,1.0000000000,3,1.0000000000,15.6976785182,BminSW,0.8511308478,1341.0434400000,0.0000000000,0.0000000000,0.0000000000,0.0000000000,0.0000000000
16018,16018,Clare,ED,2020,65.0000000000,3267.0694204000,0.0000000000,0.5214212286,0.0000000000,0.0000000000,0.0000000000,0.4785787714,0.5214212286,0.0000000000,0.4785787714,1,0.5214212286,18.1449479686,BminSW,0.5621309019,3267.0694204000,78.1600000000,0.0239235810,0.0260710614,0.0260710614,0.0260710614
16019,16019,Clare,ED,2020,59.0000000000,2684.2184720000,0.0000000000,0.9066767468,0.0000000000,0.0000000000,0.0000000000,0.0933232532,0.9066767468,0.0000000000,0.0933232532,1,0.9066767468,20.5282544393,BminSW,0.4792851183,2684.2184720000,687.9200000000,0.2562831629,0.0453338373,0.0453338373,0.0453338373
16020/16017,16020/16017,Clare,COUNTY_FALLBACK,2020,6151.0000000000,200810.9519757000,0.0296227488,0.0474461698,0.2706684006,0.4053520622,0.0998903860,0.1470202326,0.0770689185,0.6760204628,0.2469106187,2,0.6760204628,20.4911156634,,,200810.9519757000,37581.8542092000,0.1871504210,0.1649529528,0.1649529528,0.1976007757
16021,16021,Clare,ED,2020,57.0000000000,2238.2713557000,0.0000000000,0.2429501904,0.0000000000,0.1074068823,0.0000000000,0.6496429273,0.2429501904,0.1074068823,0.6496429273,3,0.6496429273,17.2533930364,BminSW,0.6710297932,2238.2713557000,37.8600000000,0.0169148392,0.0282585419,0.0282585419,0.0282585419
16022,16022,Clare,ED,2020,36.0000000000,1256.8451470000,0.0000000000,0.0000000000,0.0000000000,1.0000000000,0.0000000000,0.0000000000,0.0000000000,1.0000000000,0.0000000000,2,1.0000000000,19.7819142631,AminPD,0.3908028616,1256.8451470000,184.0447960000,0.1464339473,0.1500000000,0.1500000000,0.1500000000
16023,16023,Clare,ED,2020,52.0000000000,2659.0352057000,0.0000000000,0.2376396395,0.0898716491,0.0000000000,0.0000000000,0.6724887114,0.2376396395,0.0898716491,0.6724887114,3,0.6724887114,21.0811681487,BminSW,0.4729010526,2659.0352057000,257.5457830000,0.0968568534,0.0118819820,0.0118819820,0.0298563118
16024,16024,Clare,ED,2020,42.0000000000,1262.4888936000,0.0000000000,0.2431718926,0.0000000000,0.7568281074,0.0000000000,0.0000000000,0.2431718926,0.7568281074,0.0000000000,2,0.7568281074,19.9858595559,AminPD,0.6370703656,1262.4888936000,0.0000000000,0.0000000000,0.1256828107,0.1256828107,0.1256828107
16025,16025,Clare,ED,2020,65.0000000000,2013.8818520000,0.0000000000,0.6223528028,0.1452800703,0.0000000000,0.0000000000,0.2323671270,0.6223528028,0.1452800703,0.2323671270,1,0.6223528028,19.0445953639,BminSW,0.6424099838,2013.8818520000,141.1900000000,0.0701083829,0.0601736542,0.0601736542,0.0601736542
16026,16026,Clare,ED,2020,50.0000000000,1550.6208981000,0.0000000000,0.0000000000,0.8207943667,0.0000000000,0.1792056333,0.0000000000,0.0000000000,0.8207943667,0.1792056333,2,0.8207943667,22.1980734147,MarSed,0.4126194751,1550.6208981000,0.0000000000,0.0000000000,0.2586119403,0.2586119403,0.3500574507
16027,16027,Clare,ED,2020,38.0000000000,1339.7869960000,0.0000000000,0.0000000000,0.8251486962,0.0000000000,0.0000000000,0.1748513038,0.0000000000,0.8251486962,0.1748513038,2,0.8251486962,22.6865441945,BminDW,0.5205354464,1339.7869960000,0.0000000000,0.0000000000,0.1650297392,0.1650297392,0.1650297392
16028,16028,Clare,ED,2020,65.0000000000,2211.9907724000,0.0000000000,0.0000000000,0.7431815688,0.1371795958,0.0000000000,0.1196388354,0.0000000000,0.8803611646,0.1196388354,2,0.8803611646,21.7215579337,AminDW,0.2500833428,2211.9907724000,258.5811650000,0.1168997485,0.1017552170,0.1017552170,0.1829312127
16029,16029,Clare,ED,2020,65.0000000000,2114.2667093000,0.0000000000,0.0000000000,0.7324243666,0.0000000000,0.0000000000,0.2675756334,0.0000000000,0.7324243666,0.2675756334,2,0.7324243666,23.3621990669,BminDW,0.3864842791,2114.2667093000,0.0000000000,0.0000000000,0.1253897192,0.1253897192,0.1464848733
16030,16030,Clare,ED,2020,22.0000000000,931.4903685000,0.0000000000,0.0000000000,1.0000000000,0.0000000000,0.0000000000,0.0000000000,0.0000000000,1.0000000000,0.0000000000,2,1.0000000000,23.8131660338,BminSW,0.6425723982,931.4903685000,173.9028140000,0.1866930887,0.1369338504,0.1369338504,0.2000000000
16031,16031,Clare,ED,2020,36.0000000000,1100.8086880000,0.0000000000,0.2973376142,0.1596355724,0.5430268134,0.0000000000,0.0000000000,0.2973376142,0.7026623858,0.0000000000,2,0.7026623858,20.9408215862,AminPD,0.4564269409,1100.8086880000,168.5228190000,0.1530900154,0.1282480172,0.1282480172,0.1282480172
16032,16032,Clare,ED,2020,32.0000000000,887.9160856000,0.0000000000,0.0000000000,0.9940660868,0.0000000000,0.0059339132,0.0000000000,0.0000000000,0.9940660868,0.0059339132,2,0.9940660868,22.2585465259,BminSW,0.4186855493,887.9160856000,27.2524750000,0.0306926245,0.2047471306,0.2047471306,0.2047471306
16033,16033,Clare,ED,2020,49.0000000000,1364.3732863000,0.0000000000,0.0000000000,0.0000000000,0.3626438461,0.6373561539,0.0000000000,0.0000000000,0.3626438461,0.6373561539,3,0.6373561539,20.6211786612,AminPD,0.4557544287,1364.3732863000,742.5541187000,0.5442455713,0.6917527309,0.6917527309,0.6917527309
16034,16034,Clare,ED,2020,63.0000000000,1688.8505514000,0.0000000000,0.0000000000,0.7987848932,0.1846074075,0.0166076992,0.0000000000,0.0000000000,0.9833923008,0.0166076992,2,0.9833923008,23.1796858284,AminDW,0.3393192941,1688.8505514000,367.3027616000,0.2174868352,0.2385744830,0.2385744830,0.2385744830
16035,16035,Clare,ED,2020,71.0000000000,1650.0903236000,0.0000000000,0.0000000000,0.0000000000,1.0000000000,0.0000000000,0.0000000000,0.0000000000,1.0000000000,0.0000000000,2,1.0000000000,22.7720222978,AminPD,0.6372771872,1650.0903236000,246.5539197000,0.1494184386,0.1500000000,0.1500000000,0.1500000000
16036,16036,Clare,ED,2020,48.0000000000,1347.1478919000,0.0000000000,0.0000000000,0.9019820268,0.0980179732,0.0000000000,0.0000000000,0.0000000000,1.0000000000,0.0000000000,2,1.0000000000,22.5715510314,AminDW,0.2191604055,1347.1478919000,158.4435892000,0.1176141017,0.1644482419,0.1644482419,0.2218764726
16037,16037,Clare,ED,2020,85.0000000000,2204.6014306000,0.0000000000,0.0000000000,0.3840491706,0.6159508294,0.0000000000,0.0000000000,0.0000000000,1.0000000000,0.0000000000,2,1.0000000000,20.8850161106,AminPD,0.3318050027,2204.6014306000,38.9386800000,0.0176624579,0.1692024585,0.1692024585,0.1692024585
16038,16038,Clare,ED,2020,34.0000000000,1094.8375304000,0.0000000000,0.0000000000,1.0000000000,0.0000000000,0.0000000000,0.0000000000,0.0000000000,1.0000000000,0.0000000000,2,1.0000000000,21.3236211596,BminPD,0.2556543708,1094.8375304000,23.9800000000,0.0219027932,0.2000000000,0.2000000000,0.2000000000
16039,16039,Clare,ED,2020,35.0000000000,661.0761849000,0.0000000000,0.0000000000,0.0000000000,0.5676045933,0.4323954067,0.0000000000,0.0000000000,0.5676045933,0.4323954067,2,0.5676045933,20.3332323896,AminPD,0.7626943698,661.0761849000,40.6271007000,0.0614560041,0.5175360957,0.5175360957,0.5175360957
16040,16040,Clare,ED,2020,29.0000000000,925.3977748000,0.0000000000,0.0000000000,0.8202070455,0.0000000000,0.0000000000,0.1797929545,0.0000000000,0.8202070455,0.1797929545,2,0.8202070455,23.7133899765,BminSW,0.3941561045,925.3977748000,0.0000000000,0.0000000000,0.1640414091,0.1640414091,0.1640414091
16041,16041,Clare,ED,2020,42.0000000000,854.5782149000,0.0000000000,0.0000000000,1.0000000000,0.0000000000,0.0000000000,0.0000000000,0.0000000000,1.0000000000,0.0000000000,2,1.0000000000,22.6673199947,BminDW,0.4792297247,854.5782149000,33.8300000000,0.0395867803,0.1754613166,0.1754613166,0.2000000000
16042,16042,Clare,ED,2020,43.0000000000,1531.6827049000,0.0000000000,0.0000000000,1.0000000000,0.0000000000,0.0000000000,0.0000000000,0.0000000000,1.0000000000,0.0000000000,2,1.0000000000,22.6931497016,BminDW,0.4760124356,1531.6827049000,28.4000000000,0.0185416992,0.2000000000,0.2000000000,0.2000000000
16043,16043,Clare,ED,2020,51.0000000000,1266.5522546000,0.0000000000,0.0442934745,0.9557065255,0.0000000000,0.0000000000,0.0000000000,0.0442934745,0.9557065255,0.0000000000,2,0.9557065255,20.9196523982,BminDW,0.5253516009,1266.5522546000,0.0000000000,0.0000000000,0.1933559788,0.1933559788,0.1933559788
16044,16044,Clare,ED,2020,49.0000000000,1774.4079899000,0.0000000000,0.0000000000,0.5406026440,0.0000000000,0.0000000000,0.4593973560,0.0000000000,0.5406026440,0.4593973560,2,0.5406026440,22.7636665229,BminSW,0.6019601670,1774.4079899000,208.9700000000,0.1177688565,0.1081205288,0.1081205288,0.1081205288
16045,16045,Clare,ED,2020,30.0000000000,1251.2865783000,0.0000000000,0.0000000000,0.9079415899,0.0000000000,0.0000000000,0.0920584101,0.0000000000,0.9079415899,0.0920584101,2,0.9079415899,22.9307245931,BminDW,0.6179175456,1251.2865783000,0.0000000000,0.0000000000,0.1652064071,0.1652064071,0.1815883180
16046,16046,Clare,ED,2020,97.0000000000,2092.3040080000,0.0000000000,0.0000000000,0.0000000000,0.5293271694,0.4706728306,0.0000000000,0.0000000000,0.5293271694,0.4706728306,2,0.5293271694,19.5956329373,BktPt,0.2273310141,2092.3040080000,924.7016238000,0.4419537602,0.5236055476,0.5236055476,0.5236055476
16047,16047,Clare,ED,2020,37.0000000000,871.3082320000,0.0000000000,0.0000000000,0.1641103995,0.8358896005,0.0000000000,0.0000000000,0.0000000000,1.0000000000,0.0000000000,2,1.0000000000,19.9149120974,AminPD,0.5224942991,871.3082320000,238.5910210000,0.2738307894,0.1253834401,0.1253834401,0.1335889601
16048,16048,Clare,ED,2020,76.0000000000,1992.1091212000,0.0000000000,0.0000000000,0.0000000000,1.0000000000,0.0000000000,0.0000000000,0.0000000000,1.0000000000,0.0000000000,2,1.0000000000,21.6982575624,AminPD,0.6537101889,1992.1091212000,411.9698062000,0.2068008232,0.1500000000,0.1500000000,0.1500000000
16049,16049,Clare,ED,2020,47.0000000000,1203.0169085000,0.0000000000,0.0000000000,0.2008494222,0.7991505778,0.0000000000,0.0000000000,0.0000000000,1.0000000000,0.0000000000,2,1.0000000000,18.3970517335,AminPD,0.3499575792,1203.0169085000,322.6543710000,0.2682043525,0.1198725867,0.1198725867,0.1299150578
16050,16050,Clare,ED,2020,50.0000000000,1852.0096805000,0.0000000000,0.0000000000,0.5196512959,0.2749836307,0.2053650734,0.0000000000,0.0000000000,0.7946349266,0.2053650734,2,0.7946349266,17.8670974296,AminPD,0.3988627359,1852.0096805000,175.0529080000,0.0945205146,0.2328634365,0.2328634365,0.2588460013
16051,16051,Clare,ED,2020,32.0000000000,1060.8222101000,0.0000000000,0.0000000000,0.0737395949,0.4030439503,0.0864322128,0.4367842421,0.0000000000,0.4767835451,0.5232164549,3,0.5232164549,16.5251558622,AminPD,0.6077616728,1060.8222101000,147.2803141000,0.1388360016,0.1468888053,0.1468888053,0.1505757851
16052,16052,Clare,ED,2020,51.0000000000,1535.2696420000,0.0000000000,0.0000000000,0.0000000000,0.6133033809,0.3866966191,0.0000000000,0.0000000000,0.6133033809,0.3866966191,2,0.6133033809,18.1140101668,AminPD,0.3747721483,1535.2696420000,830.6941900000,0.5410738070,0.4786921263,0.4786921263,0.4786921263
16053,16053,Clare,ED,2020,49.0000000000,1041.7092230000,0.0000000000,0.0000000000,0.0000000000,0.7894362342,0.2105637658,0.0000000000,0.0000000000,0.7894362342,0.2105637658,2,0.7894362342,20.1395099696,AminPD,0.2953763624,1041.7092230000,213.5268501000,0.2049774019,0.3289792010,0.3289792010,0.3289792010
16054,16054,Clare,ED,2020,69.0000000000,2002.2859518000,0.0000000000,0.0000000000,0.6726271178,0.3273728822,0.0000000000,0.0000000000,0.0000000000,1.0000000000,0.0000000000,2,1.0000000000,19.9119061951,AminDW,0.5226085324,2002.2859518000,55.3456780000,0.0276412457,0.0491059323,0.0491059323,0.0827372882
16055,16055,Clare,ED,2020,36.0000000000,1093.4740038000,0.0000000000,0.0000000000,0.0000000000,1.0000000000,0.0000000000,0.0000000000,0.0000000000,1.0000000000,0.0000000000,2,1.0000000000,19.9665783330,BktPt,0.4847421804,1093.4740038000,621.5264108000,0.5683961472,0.1500000000,0.1500000000,0.1500000000
16056,16056,Clare,ED,2020,40.0000000000,1353.4338720000,0.0000000000,0.0000000000,0.0000000000,0.8626045987,0.0389379940,0.0984574073,0.0000000000,0.8626045987,0.1373954013,2,0.8626045987,19.3761276029,AminPD,0.2513506275,1353.4338720000,302.5541800000,0.2235455948,0.1683286838,0.1683286838,0.1683286838
16057,16057,Clare,ED,2020,41.0000000000,1088.7794638000,0.0000000000,0.0000000000,0.1256500876,0.8743499124,0.0000000000,0.0000000000,0.0000000000,1.0000000000,0.0000000000,2,1.0000000000,18.3619641045,AminPD,0.8168161328,1088.7794638000,109.4210097000,0.1004987817,0.1311524869,0.1311524869,0.1374349912
16058,16058,Clare,ED,2020,55.0000000000,1355.0985090000,0.0000000000,0.0000000000,0.2547497634,0.1371972610,0.4387739113,0.1692790643,0.0000000000,0.3919470244,0.6080529756,3,0.6080529756,16.0423817548,BminDW,0.2970032731,1355.0985090000,372.4388240000,0.2748426196,0.4593535005,0.4593535005,0.4720909886
16059,16059,Clare,ED,2020,22.0000000000,778.6302155000,0.0000000000,0.0000000000,0.0000000000,1.0000000000,0.0000000000,0.0000000000,0.0000000000,1.0000000000,0.0000000000,2,1.0000000000,18.9389504754,BktPt,0.6749357154,778.6302155000,525.5253415000,0.6749357154,0.1500000000,0.1500000000,0.1500000000
16060,16060,Clare,ED,2020,36.0000000000,1305.8982182000,0.0000000000,0.0000000000,0.5776019859,0.2000309031,0.2223671110,0.0000000000,0.0000000000,0.7776328890,0.2223671110,2,0.7776328890,19.0832571273,AminPD,0.5978543145,1305.8982182000,290.3888140000,0.2223671110,0.2523717464,0.2523717464,0.2812518457
16061,16061,Clare,ED,2020,29.0000000000,724.6360380000,0.0000000000,0.0000000000,0.6032780031,0.0000000000,0.3967219969,0.0000000000,0.0000000000,0.6032780031,0.3967219969,2,0.6032780031,17.0470599752,AminPD,0.5152178341,724.6360380000,131.7036460000,0.1817514436,0.3967219969,0.3967219969,0.4268858970
16062,16062,Clare,ED,2020,72.0000000000,2105.8096103000,0.0000000000,0.0000000000,0.0000000000,0.7962853408,0.2037146592,0.0000000000,0.0000000000,0.7962853408,0.2037146592,2,0.7962853408,19.9382136975,AminPD,0.6524544936,2105.8096103000,624.8373112000,0.2967207045,0.3231574603,0.3231574603,0.3231574603
16063,16063,Clare,ED,2020,60.0000000000,972.2965755000,0.0000000000,0.0000000000,0.0456026557,0.9543973443,0.0000000000,0.0000000000,0.0000000000,1.0000000000,0.0000000000,2,1.0000000000,20.0000000000,AminPD,0.9005544404,972.2965755000,52.3512710000,0.0538429038,0.0954397344,0.0954397344,0.0977198672
16064,16064,Clare,ED,2020,82.0000000000,1889.6486780000,0.0000000000,0.0000000000,0.2183663219,0.5073942415,0.2742394366,0.0000000000,0.0000000000,0.7257605634,0.2742394366,2,0.7257605634,19.1510634825,AminDW,0.4012099264,1889.6486780000,767.5871370000,0.4062062678,0.3503485728,0.3503485728,0.3612668889
16065,16065,Clare,ED,2020,27.0000000000,695.2187097000,0.0000000000,0.0000000000,0.0000000000,0.8081315292,0.1918684708,0.0000000000,0.0000000000,0.8081315292,0.1918684708,2,0.8081315292,19.8279965738,AminPD,0.8572679380,695.2187097000,58.9300000000,0.0847646923,0.3130882002,0.3130882002,0.3130882002
16066,16066,Clare,ED,2020,20.0000000000,477.5816107000,0.0000000000,0.0000000000,0.0000000000,1.0000000000,0.0000000000,0.0000000000,0.0000000000,1.0000000000,0.0000000000,2,1.0000000000,22.8802730842,AminSW,0.5272273556,477.5816107000,0.0000000000,0.0000000000,0.1500000000,0.1500000000,0.1500000000
16067,16067,Clare,ED,2020,59.0000000000,1467.8417191000,0.0000000000,0.0000000000,0.3302173693,0.6697826307,0.0000000000,0.0000000000,0.0000000000,1.0000000000,0.0000000000,2,1.0000000000,21.2496891399,BktPt,0.4005711770,1467.8417191000,587.9750851000,0.4005711770,0.0984182954,0.0984182954,0.1149291638
16068,16068,Clare,ED,2020,48.0000000000,1995.1723317000,0.0000000000,0.0000000000,0.4799936429,0.5200063571,0.0000000000,0.0000000000,0.0000000000,1.0000000000,0.0000000000,2,1.0000000000,22.6471382661,AminSW,0.5245869984,1995.1723317000,0.0000000000,0.0000000000,0.0520006357,0.0520006357,0.0760003179
16069,16069,Clare,ED,2020,59.0000000000,1718.5636596000,0.0000000000,0.0000000000,0.1954173790,0.8045826210,0.0000000000,0.0000000000,0.0000000000,1.0000000000,0.0000000000,2,1.0000000000,20.3863710062,AminPD,0.4391515600,1718.5636596000,229.1745760000,0.1333523927,0.0982884569,0.0982884569,0.1080593259
16070,16070,Clare,ED,2020,67.0000000000,1980.8551717000,0.0000000000,0.0000000000,0.0000000000,1.0000000000,0.0000000000,0.0000000000,0.0000000000,1.0000000000,0.0000000000,2,1.0000000000,21.2324792866,AminSP,0.3304913980,1980.8551717000,879.0893935000,0.4437928659,0.1000000000,0.1000000000,0.1000000000
16071,16071,Clare,ED,2020,95.0000000000,2711.0392400000,0.0000000000,0.0000000000,0.6448699713,0.3551300287,0.0000000000,0.0000000000,0.0000000000,1.0000000000,0.0000000000,2,1.0000000000,21.2018681171,AminSW,0.4856094509,2711.0392400000,288.3060110000,0.1063452003,0.0355130029,0.0355130029,0.0677565014
16072,16072,Clare,ED,2020,61.0000000000,1961.3157086000,0.0000000000,0.0000000000,0.6885583696,0.3114416304,0.0000000000,0.0000000000,0.0000000000,1.0000000000,0.0000000000,2,1.0000000000,21.6353805468,AminDW,0.3058612147,1961.3157086000,291.6806636000,0.1487168345,0.0311441630,0.0311441630,0.0655720815
16073,16073,Clare,ED,2020,48.0000000000,1347.4205148000,0.0000000000,0.0000000000,0.4574843436,0.4343617338,0.1081539226,0.0000000000,0.0000000000,0.8918460774,0.1081539226,2,0.8918460774,22.7527563092,AminPD,0.3996953192,1347.4205148000,196.4255500000,0.1457789516,0.1515900959,0.1515900959,0.1744643131
16074,16074,Clare,ED,2020,45.0000000000,1315.0342800000,0.0000000000,0.0000000000,0.5487738251,0.0000000000,0.4512261749,0.0000000000,0.0000000000,0.5487738251,0.4512261749,2,0.5487738251,21.1641592720,BktPt,0.4512261749,1315.0342800000,988.4625780000,0.7516629741,0.4512261749,0.4512261749,0.4786648661
16075,16075,Clare,ED,2020,56.0000000000,1232.2735041000,0.0000000000,0.0000000000,0.1866007933,0.8133992067,0.0000000000,0.0000000000,0.0000000000,1.0000000000,0.0000000000,2,1.0000000000,21.5553853550,AminPD,0.6420208858,1232.2735041000,0.0000000000,0.0000000000,0.1376072925,0.1376072925,0.1593300397
16076,16076,Clare,ED,2020,31.0000000000,1134.7463080000,0.0000000000,0.0000000000,0.7004732189,0.2995267811,0.0000000000,0.0000000000,0.0000000000,1.0000000000,0.0000000000,2,1.0000000000,23.0091131806,AminSRPT,0.5138112377,1134.7463080000,794.8593990000,0.7004732189,0.0299526781,0.0299526781,0.0649763391
16077,16077,Clare,ED,2020,37.0000000000,862.9236597000,0.0000000000,0.0000000000,0.0000000000,0.0000000000,1.0000000000,0.0000000000,0.0000000000,0.0000000000,1.0000000000,3,1.0000000000,20.8948669692,AminPDPT,0.5012244503,862.9236597000,735.0016817000,0.8517574799,1.0000000000,1.0000000000,1.0000000000
16078,16078,Clare,ED,2020,55.0000000000,1612.2635571000,0.0000000000,0.0000000000,0.0000000000,1.0000000000,0.0000000000,0.0000000000,0.0000000000,1.0000000000,0.0000000000,2,1.0000000000,19.9114374561,AminPD,0.4356142226,1612.2635571000,719.2657830000,0.4461217149,0.1000000000,0.1000000000,0.1000000000
16079,16079,Clare,ED,2020,55.0000000000,1380.9326863000,0.0000000000,0.0000000000,0.3113724833,0.4665352266,0.2220922901,0.0000000000,0.0000000000,0.7779077099,0.2220922901,2,0.7779077099,19.8300600275,Cut,0.4722267283,1380.9326863000,677.6133245000,0.4906925089,0.2687458128,0.2687458128,0.2843144369
16080,16080,Clare,ED,2020,68.0000000000,2123.3890126000,0.0000000000,0.0000000000,0.7678951101,0.1201695080,0.1119353819,0.0000000000,0.0000000000,0.8880646181,0.1119353819,2,0.8880646181,21.6920720060,AminPD,0.3037370779,2123.3890126000,492.8489730000,0.2321048899,0.1239523327,0.1239523327,0.1623470882
16081,16081,Clare,ED,2020,62.0000000000,1199.8407360000,0.0000000000,0.0000000000,0.2503582275,0.6055565636,0.1440852089,0.0000000000,0.0000000000,0.8559147911,0.1440852089,2,0.8559147911,20.1850513500,AminDW,0.4095315180,1199.8407360000,224.2897251000,0.1869329140,0.2046408653,0.2046408653,0.2171587766
16082,16082,Clare,ED,2020,50.0000000000,1249.5289810000,0.0000000000,0.0000000000,0.0000000000,0.8320471707,0.1679528293,0.0000000000,0.0000000000,0.8320471707,0.1679528293,2,0.8320471707,19.5401198670,AminPD,0.4952121840,1249.5289810000,558.7470053000,0.4471661032,0.2511575464,0.2511575464,0.2511575464
16083,16083,Clare,ED,2020,82.0000000000,1574.1668143000,0.0000000000,0.0000000000,0.1829275315,0.6415853264,0.1754871421,0.0000000000,0.0000000000,0.8245128579,0.1754871421,2,0.8245128579,19.7807663121,BktPt,0.4356367260,1574.1668143000,962.0109127000,0.6111238682,0.2396456748,0.2396456748,0.2487920514
16084,16084,Clare,ED,2020,35.0000000000,981.8380332000,0.0000000000,0.0000000000,0.0000000000,0.7528838373,0.2471161627,0.0000000000,0.0000000000,0.7528838373,0.2471161627,2,0.7528838373,19.6929964945,AminPD,0.7528838373,981.8380332000,242.6280472000,0.2471161627,0.3224045465,0.3224045465,0.3224045465
16085,16085,Clare,ED,2020,56.0000000000,2189.7985470000,0.0000000000,0.0000000000,0.0000000000,0.3765417381,0.6234582619,0.0000000000,0.0000000000,0.3765417381,0.6234582619,3,0.6234582619,19.9175793270,BktPt,0.4784972113,2189.7985470000,1047.8124980000,0.4784972113,0.6611124357,0.6611124357,0.6611124357
16086,16086,Clare,ED,2020,58.0000000000,2169.9022749000,0.0000000000,0.0000000000,0.0000000000,1.0000000000,0.0000000000,0.0000000000,0.0000000000,1.0000000000,0.0000000000,2,1.0000000000,16.7686496360,AminPD,0.3573537923,2169.9022749000,202.4500000000,0.0932991326,0.1000000000,0.1000000000,0.1000000000
16087,16087,Clare,ED,2020,44.0000000000,2028.4143070000,0.0000000000,0.0000000000,0.0000000000,1.0000000000,0.0000000000,0.0000000000,0.0000000000,1.0000000000,0.0000000000,2,1.0000000000,19.2584077825,AminPD,0.7621056407,2028.4143070000,22.3000000000,0.0109938093,0.1000000000,0.1000000000,0.1000000000
16088,16088,Clare,ED,2020,6.0000000000,242.1061840000,0.0000000000,0.0000000000,0.0000000000,1.0000000000,0.0000000000,0.0000000000,0.0000000000,1.0000000000,0.0000000000,2,1.0000000000,19.5131061997,AminPD,0.4204766616,242.1061840000,0.0000000000,0.0000000000,0.1000000000,0.1000000000,0.1000000000
16089,16089,Clare,ED,2020,47.0000000000,1603.3793901000,0.0000000000,0.0000000000,0.0000000000,1.0000000000,0.0000000000,0.0000000000,0.0000000000,1.0000000000,0.0000000000,2,1.0000000000,18.6455543942,AminSW,0.6529649308,1603.3793901000,185.7400000000,0.1158428262,0.1000000000,0.1000000000,0.1000000000
16090,16090,Clare,ED,2020,59.0000000000,2070.1466081000,0.0000000000,0.0000000000,0.5454890891,0.4545109109,0.0000000000,0.0000000000,0.0000000000,1.0000000000,0.0000000000,2,1.0000000000,20.9655432927,AminDW,0.3784032079,2070.1466081000,428.3483190000,0.2069169001,0.0454510911,0.0454510911,0.0727255455
16091,16091,Clare,ED,2020,60.0000000000,1306.7293219000,0.0000000000,0.0000000000,0.1381558491,0.8618441509,0.0000000000,0.0000000000,0.0000000000,1.0000000000,0.0000000000,2,1.0000000000,21.6066000032,AminDW,0.7694188732,1306.7293219000,0.0000000000,0.0000000000,0.0861844151,0.0861844151,0.0930922075
16092,16092,Clare,ED,2020,57.0000000000,1421.9535071000,0.0000000000,0.0000000000,0.0000000000,0.8339107588,0.1660892412,0.0000000000,0.0000000000,0.8339107588,0.1660892412,2,0.8339107588,19.7900729943,AminPD,0.5866520852,1421.9535071000,291.4832870000,0.2049879167,0.2494803171,0.2494803171,0.2494803171
16093,16093,Clare,ED,2020,82.0000000000,2187.3685210000,0.0000000000,0.0000000000,0.2555384281,0.6464228750,0.0980386969,0.0000000000,0.0000000000,0.9019613031,0.0980386969,2,0.9019613031,20.0111045545,BktPt,0.3122606312,2187.3685210000,1143.8481690000,0.5229334509,0.1626809844,0.1626809844,0.1754579058
16094,16094,Clare,ED,2020,49.0000000000,1241.1088602000,0.0000000000,0.0000000000,0.4100642014,0.5899357986,0.0000000000,0.0000000000,0.0000000000,1.0000000000,0.0000000000,2,1.0000000000,21.6142092033,AminDW,0.4050708011,1241.1088602000,162.4117630000,0.1308602075,0.0589935799,0.0589935799,0.0794967899
16095,16095,Clare,ED,2020,60.0000000000,1595.0066666000,0.0000000000,0.0000000000,0.0000000000,0.1678196102,0.8321803898,0.0000000000,0.0000000000,0.1678196102,0.8321803898,3,0.8321803898,19.5318068830,BktPt,0.3633498274,1595.0066666000,579.5453970000,0.3633498274,0.8489623509,0.8489623509,0.8489623509
16096,16096,Clare,ED,2020,32.0000000000,1604.3829580000,0.0000000000,0.0000000000,0.0000000000,0.3401376805,0.6598623195,0.0000000000,0.0000000000,0.3401376805,0.6598623195,3,0.6598623195,19.0189610366,Cut,0.6598623195,1604.3829580000,1058.6718600000,0.6598623195,0.6938760875,0.6938760875,0.6938760875
16097,16097,Clare,ED,2020,18.0000000000,813.5411046000,0.0000000000,0.0000000000,0.0000000000,1.0000000000,0.0000000000,0.0000000000,0.0000000000,1.0000000000,0.0000000000,2,1.0000000000,16.9857075846,AminPD,0.6454200175,813.5411046000,0.0000000000,0.0000000000,0.1000000000,0.1000000000,0.1000000000
16098,16098,Clare,ED,2020,52.0000000000,1491.6569946000,0.0000000000,0.0000000000,0.0000000000,1.0000000000,0.0000000000,0.0000000000,0.0000000000,1.0000000000,0.0000000000,2,1.0000000000,19.2294351985,AminPD,0.6717413294,1491.6569946000,412.9093420000,0.2768125269,0.1000000000,0.1000000000,0.1000000000
16099,16099,Clare,ED,2020,46.0000000000,1048.6058358000,0.0000000000,0.0000000000,0.0000000000,0.5792857881,0.4207142119,0.0000000000,0.0000000000,0.5792857881,0.4207142119,2,0.5792857881,19.8548436535,AminDW,0.3619980233,1048.6058358000,238.7170060000,0.2276518000,0.4786427907,0.4786427907,0.4786427907
16100,16100,Clare,ED,2020,23.0000000000,916.6622958000,0.0000000000,0.0000000000,0.0000000000,1.0000000000,0.0000000000,0.0000000000,0.0000000000,1.0000000000,0.0000000000,2,1.0000000000,19.4764234766,AminPD,0.8696466512,916.6622958000,119.4900000000,0.1303533488,0.1000000000,0.1000000000,0.1000000000
16101,16101,Clare,ED,2020,46.0000000000,1828.0323210000,0.0000000000,0.0000000000,0.0000000000,1.0000000000,0.0000000000,0.0000000000,0.0000000000,1.0000000000,0.0000000000,2,1.0000000000,18.8000337659,AminPD,0.9207235023,1828.0323210000,0.0000000000,0.0000000000,0.1000000000,0.1000000000,0.1000000000
16102,16102,Clare,ED,2020,22.0000000000,719.7412330000,0.0000000000,0.0000000000,0.0000000000,1.0000000000,0.0000000000,0.0000000000,0.0000000000,1.0000000000,0.0000000000,2,1.0000000000,20.0000000000,AminPD,0.9017702519,719.7412330000,70.7000000000,0.0982297481,0.1000000000,0.1000000000,0.1000000000
16103,16103,Clare,ED,2020,26.0000000000,1174.0882330000,0.0000000000,0.0000000000,0.0000000000,1.0000000000,0.0000000000,0.0000000000,0.0000000000,1.0000000000,0.0000000000,2,1.0000000000,17.6166557271,AminPD,0.5933710776,1174.0882330000,273.1500000000,0.2326486139,0.1000000000,0.1000000000,0.1000000000
16104,16104,Clare,ED,2020,32.0000000000,1080.2947180000,0.0000000000,0.0000000000,0.5335449377,0.1560137814,0.3104412809,0.0000000000,0.0000000000,0.6895587191,0.3104412809,2,0.6895587191,22.2570271773,AminSW,0.3863439255,1080.2947180000,209.8980760000,0.1942970492,0.3260426590,0.3260426590,0.3527199059
16105,16105,Clare,ED,2020,17.0000000000,895.6556690000,0.0000000000,0.0000000000,0.0000000000,1.0000000000,0.0000000000,0.0000000000,0.0000000000,1.0000000000,0.0000000000,2,1.0000000000,21.8399064875,AminPD,0.5896959125,895.6556690000,0.0000000000,0.0000000000,0.0692734053,0.0692734053,0.1460898920
16106,16106,Clare,ED,2020,26.0000000000,957.1518782000,0.0000000000,0.0000000000,0.2572251495,0.7427748505,0.0000000000,0.0000000000,0.0000000000,1.0000000000,0.0000000000,2,1.0000000000,23.3477524161,AminPD,0.5243363542,957.1518782000,78.0000000000,0.0814917693,0.0742774850,0.0742774850,0.1257225150
16107,16107,Clare,ED,2020,14.0000000000,578.8578940000,0.0000000000,0.0000000000,1.0000000000,0.0000000000,0.0000000000,0.0000000000,0.0000000000,1.0000000000,0.0000000000,2,1.0000000000,23.6527645177,BminDW,0.4405887121,578.8578940000,58.4996400000,0.1010604513,0.0000000000,0.0000000000,0.2000000000
16108,16108,Clare,ED,2020,36.0000000000,1071.4560682000,0.0000000000,0.0000000000,0.2456470291,0.7543529709,0.0000000000,0.0000000000,0.0000000000,1.0000000000,0.0000000000,2,1.0000000000,23.3259351872,AminPD,0.3686474651,1071.4560682000,90.2608310000,0.0842412803,0.0305920930,0.0305920930,0.2172668562
16109,16109,Clare,ED,2020,44.0000000000,1702.4009630000,0.0000000000,0.0000000000,0.3852500170,0.6147499830,0.0000000000,0.0000000000,0.0000000000,1.0000000000,0.0000000000,2,1.0000000000,23.7157717245,AminDW,0.3585403012,1702.4009630000,427.5400000000,0.2511394256,0.0207359704,0.0207359704,0.1225835401
16110,16110,Clare,ED,2020,31.0000000000,1114.0151978000,0.0000000000,0.0000000000,0.0000000000,1.0000000000,0.0000000000,0.0000000000,0.0000000000,1.0000000000,0.0000000000,2,1.0000000000,22.0423965451,AminPD,0.6422334724,1114.0151978000,167.3296100000,0.1502040639,0.0629305942,0.0629305942,0.1556041087
16111,16111,Clare,ED,2020,36.0000000000,1190.3882861000,0.0000000000,0.0000000000,0.5362184860,0.4637815140,0.0000000000,0.0000000000,0.0000000000,1.0000000000,0.0000000000,2,1.0000000000,23.8027103906,MarSed,0.4228419923,1190.3882861000,29.6571429000,0.0249138397,0.0398327945,0.0398327945,0.2231890757
16112,16112,Clare,ED,2020,35.0000000000,1351.9726576000,0.6096037411,0.0000000000,0.3903705893,0.0000256696,0.0000000000,0.0000000000,0.6096037411,0.3903962589,0.0000000000,1,0.6096037411,23.2718196892,AminSW,0.3756293670,1351.9726576000,367.5854680000,0.2718882412,0.0000000000,0.0000000000,0.0000064174
16113,16113,Clare,ED,2020,29.0000000000,1078.0587251000,0.0000000000,0.0000000000,0.1710203681,0.8289796319,0.0000000000,0.0000000000,0.0000000000,1.0000000000,0.0000000000,2,1.0000000000,20.7671519938,AminPD,0.5339619305,1078.0587251000,0.0000000000,0.0000000000,0.0295017701,0.0295017701,0.1971963264
16114,16114,Clare,ED,2020,23.0000000000,1128.6102080000,0.2042866513,0.0000000000,0.3858829966,0.0000000000,0.4098303522,0.0000000000,0.2042866513,0.3858829966,0.4098303522,3,0.4098303522,22.5052412356,AminSW,0.4887161184,1128.6102080000,96.6300000000,0.0856185770,0.4098303522,0.4098303522,0.4098303522
16115,16115,Clare,ED,2020,54.0000000000,1615.5116287000,0.6036328527,0.0000000000,0.2781721702,0.0732432735,0.0449517037,0.0000000000,0.6036328527,0.3514154436,0.0449517037,1,0.6036328527,21.7006348738,AminDW,0.3754182744,1615.5116287000,503.0819927000,0.3114072247,0.0487352766,0.0487352766,0.0575871627
16116,16116,Clare,ED,2020,44.0000000000,1679.7195932000,0.0000000000,0.0000000000,0.4314606096,0.3473074752,0.2212319152,0.0000000000,0.0000000000,0.7787680848,0.2212319152,2,0.7787680848,24.0000000000,AminPD,0.5687520791,1679.7195932000,50.1417870000,0.0298512842,0.2288691713,0.2288691713,0.3122269340
16117,16117,Clare,ED,2020,21.0000000000,1146.7900000000,0.7671936449,0.0000000000,0.2328063551,0.0000000000,0.0000000000,0.0000000000,0.7671936449,0.2328063551,0.0000000000,1,0.7671936449,23.5779523714,AminSW,0.5313876124,1146.7900000000,0.0000000000,0.0000000000,0.0000000000,0.0000000000,0.0000000000
16118,16118,Clare,ED,2020,36.0000000000,1044.7671090000,0.0000000000,0.0000000000,0.0869093210,0.7183228181,0.1947678609,0.0000000000,0.0000000000,0.8052321391,0.1947678609,2,0.8052321391,22.2701006565,AminPD,0.2438857443,1044.7671090000,129.0051540000,0.1234774266,0.2121497251,0.2121497251,0.3917304297
16119,16119,Clare,ED,2020,10.0000000000,423.5281040000,0.2451549237,0.0000000000,0.7548450763,0.0000000000,0.0000000000,0.0000000000,0.2451549237,0.7548450763,0.0000000000,2,0.7548450763,23.1648724213,AminDW,0.8729054731,423.5281040000,0.0000000000,0.0000000000,0.0000000000,0.0000000000,0.0072722447
16120,16120,Clare,ED,2020,27.0000000000,918.7783238000,0.0000000000,0.0000000000,0.1700193028,0.6608141423,0.1691665550,0.0000000000,0.0000000000,0.8308334450,0.1691665550,2,0.8308334450,22.9873386353,AminPD,0.4707480616,918.7783238000,100.3515478000,0.1092228073,0.1697243126,0.1697243126,0.3349278481
16121,16121,Clare,ED,2020,29.0000000000,903.6613890000,0.0000000000,0.0000000000,0.4610734630,0.3610683459,0.1778581911,0.0000000000,0.0000000000,0.8221418089,0.1778581911,2,0.8221418089,21.9894062576,AminDW,0.3713495897,903.6613890000,241.8035800000,0.2675820644,0.1638931654,0.1638931654,0.3061797183
16122,16122,Clare,ED,2020,19.0000000000,691.8060303000,0.0000000000,0.0000000000,0.0000000000,0.0000000000,1.0000000000,0.0000000000,0.0000000000,0.0000000000,1.0000000000,3,1.0000000000,23.7671979732,AminPD,0.9264744995,691.8060303000,0.0000000000,0.0000000000,0.2000000000,0.2000000000,1.0000000000
16124,16124,Clare,ED,2020,22.0000000000,812.8431860000,0.0000000000,0.0000000000,0.0000000000,0.6097595521,0.3902404479,0.0000000000,0.0000000000,0.6097595521,0.3902404479,2,0.6097595521,20.9459875598,AminPDPT,0.5430725773,812.8431860000,530.6371330000,0.6528161177,0.3902404479,0.3902404479,0.5426803359
16125,16125,Clare,ED,2020,12.0000000000,376.9127330000,1.0000000000,0.0000000000,0.0000000000,0.0000000000,0.0000000000,0.0000000000,1.0000000000,0.0000000000,0.0000000000,1,1.0000000000,24.0000000000,AminSW,0.6343185360,376.9127330000,137.8300000000,0.3656814640,0.0000000000,0.0000000000,0.0000000000
16126,16126,Clare,ED,2020,38.0000000000,1295.0187390000,0.0000000000,0.0000000000,0.0000000000,0.5982143082,0.4017856918,0.0000000000,0.0000000000,0.5982143082,0.4017856918,2,0.5982143082,22.8396677517,AminPD,0.3263446782,1295.0187390000,333.5000000000,0.2575252311,0.4017856918,0.4017856918,0.5513392689
16127,16127,Clare,ED,2020,25.0000000000,749.3607395000,0.0000000000,0.0000000000,0.7177045175,0.0000000000,0.2822954825,0.0000000000,0.0000000000,0.7177045175,0.2822954825,2,0.7177045175,22.3394707336,Cut,0.4517528497,749.3607395000,338.5258495000,0.4517528497,0.4258363860,0.4258363860,0.4258363860
16128/16123,16128/16123,Clare,COUNTY_FALLBACK,2020,6151.0000000000,200810.9519757000,0.0296227488,0.0474461698,0.2706684006,0.4053520622,0.0998903860,0.1470202326,0.0770689185,0.6760204628,0.2469106187,2,0.6760204628,20.4911156634,,,200810.9519757000,37581.8542092000,0.1871504210,0.1649529528,0.1649529528,0.1976007757
16129,16129,Clare,ED,2020,20.0000000000,616.1154397000,0.3410080262,0.0000000000,0.0000000000,0.6589919738,0.0000000000,0.0000000000,0.3410080262,0.6589919738,0.0000000000,2,0.6589919738,21.7159342887,AminSW,0.3653703438,616.1154397000,12.2311787000,0.0198520893,0.0000000000,0.0000000000,0.1647479935
16130,16130,Clare,ED,2020,29.0000000000,809.7422820000,0.0000000000,0.0000000000,0.0000000000,0.9311385842,0.0688614158,0.0000000000,0.0000000000,0.9311385842,0.0688614158,2,0.9311385842,23.8334397240,BktPt,0.3051867224,809.7422820000,434.9044812000,0.5370899987,0.0688614158,0.0688614158,0.3016460619
16131,16131,Clare,ED,2020,49.0000000000,1272.5630917000,0.4061652333,0.0000000000,0.0000000000,0.5338298833,0.0600048834,0.0000000000,0.4061652333,0.5338298833,0.0600048834,2,0.5338298833,23.2970878962,AminDW,0.4930067725,1272.5630917000,15.2957490000,0.0120196390,0.0600048834,0.0600048834,0.1934623543
16132/16133,16132/16133,Clare,COUNTY_FALLBACK,2020,6151.0000000000,200810.9519757000,0.0296227488,0.0474461698,0.2706684006,0.4053520622,0.0998903860,0.1470202326,0.0770689185,0.6760204628,0.2469106187,2,0.6760204628,20.4911156634,,,200810.9519757000,37581.8542092000,0.1871504210,0.1649529528,0.1649529528,0.1976007757
16134,16134,Clare,ED,2020,16.0000000000,752.6121562000,0.6522118060,0.0000000000,0.2948397766,0.0529484174,0.0000000000,0.0000000000,0.6522118060,0.3477881940,0.0000000000,1,0.6522118060,22.9660063027,AminSW,0.7045666034,752.6121562000,21.5400000000,0.0286203190,0.0000000000,0.0000000000,0.0132371044
16135,16135,Clare,ED,2020,17.0000000000,569.3634030000,0.0000000000,0.0000000000,0.0000000000,0.8598434680,0.1401565320,0.0000000000,0.0000000000,0.8598434680,0.1401565320,2,0.8598434680,18.1312797022,AminPD,0.4840072624,569.3634030000,150.3673810000,0.2640973765,0.1401565320,0.1401565320,0.3551173990
16136,16136,Clare,ED,2020,29.0000000000,1361.2713940000,0.7261725409,0.0000000000,0.2256787305,0.0000000000,0.0481487287,0.0000000000,0.7261725409,0.2256787305,0.0481487287,1,0.7261725409,22.6950496882,AminDW,0.5517014280,1361.2713940000,367.8100000000,0.2701959371,0.0096297457,0.0096297457,0.0481487287
16137,16137,Clare,ED,2020,47.0000000000,1479.4366251000,0.0817977113,0.0000000000,0.6047034451,0.2697987206,0.0437001230,0.0000000000,0.0817977113,0.8745021657,0.0437001230,2,0.8745021657,23.1611245261,BminSW,0.2704407835,1479.4366251000,295.0478365000,0.1994325620,0.0898417278,0.0898417278,0.1922515063
16138,16138,Clare,ED,2020,19.0000000000,856.6530200000,0.0000000000,0.0000000000,0.2485603798,0.0000000000,0.7514396202,0.0000000000,0.0000000000,0.2485603798,0.7514396202,3,0.7514396202,21.2212390776,AminPDPT,0.4009145757,856.6530200000,506.7746820000,0.5915752004,0.8011516962,0.8011516962,0.8011516962
16139,16139,Clare,ED,2020,45.0000000000,1416.7018157000,0.0000000000,0.0000000000,0.6533637915,0.1388045966,0.2078316119,0.0000000000,0.0000000000,0.7921683881,0.2078316119,2,0.7921683881,21.1083362161,AminDW,0.5482591632,1416.7018157000,570.8820637000,0.4029655764,0.3523848299,0.3523848299,0.3523848299
16140,16140,Clare,ED,2020,36.0000000000,1397.0560556000,0.0000000000,0.0000000000,0.1579502381,0.7148048047,0.1272449572,0.0000000000,0.0000000000,0.8727550428,0.1272449572,2,0.8727550428,20.9443810111,AminSW,0.3317105367,1397.0560556000,350.9783380000,0.2512270976,0.1588350048,0.1588350048,0.3375362060
16141,16141,Clare,ED,2020,49.0000000000,1735.0256595000,0.0000000000,0.0000000000,0.7332194504,0.0000000000,0.0000000000,0.2667805496,0.0000000000,0.7332194504,0.2667805496,2,0.7332194504,22.0258957352,BminDW,0.2982138211,1735.0256595000,527.8602700000,0.3042377311,0.1466438901,0.1466438901,0.1466438901
16142,16142,Clare,ED,2020,25.0000000000,1061.5029086000,0.0000000000,0.0000000000,0.5406807301,0.0000000000,0.2037300117,0.2555892582,0.0000000000,0.5406807301,0.4593192699,2,0.5406807301,22.8981659960,BminSW,0.6074531504,1061.5029086000,101.8000000000,0.0959017627,0.3118661577,0.3118661577,0.3118661577
16143,16143,Clare,ED,2020,27.0000000000,493.7591296000,0.0000000000,0.0000000000,0.0000000000,1.0000000000,0.0000000000,0.0000000000,0.0000000000,1.0000000000,0.0000000000,2,1.0000000000,22.3986828463,BktPt,0.5248500819,493.7591296000,259.1495196000,0.5248500819,0.0000000000,0.0000000000,0.2500000000
16144,16144,Clare,ED,2020,44.0000000000,1582.2188053000,0.0000000000,0.0000000000,0.8471892767,0.1078738285,0.0000000000,0.0449368948,0.0000000000,0.9550631052,0.0449368948,2,0.9550631052,23.9317919875,BminDW,0.3647111702,1582.2188053000,269.0523243000,0.1700474823,0.1802252382,0.1802252382,0.1802252382
16145,16145,Clare,ED,2020,48.0000000000,1121.8313320000,0.0000000000,0.0000000000,0.3178839384,0.6821160616,0.0000000000,0.0000000000,0.0000000000,1.0000000000,0.0000000000,2,1.0000000000,21.2750087354,AminSW,0.4091988117,1121.8313320000,222.4036918000,0.1982505618,0.0000000000,0.0000000000,0.1705290154
16146,16146,Clare,ED,2020,41.0000000000,1134.1243670000,0.1663926863,0.0000000000,0.1972893058,0.3865428261,0.2497751818,0.0000000000,0.1663926863,0.5838321319,0.2497751818,2,0.5838321319,23.1646843683,AminDW,0.4247124689,1134.1243670000,410.5332020000,0.3619825250,0.3278873256,0.3278873256,0.3278873256
16147,16147,Clare,ED,2020,32.0000000000,1041.5669587000,0.0000000000,0.0000000000,0.6791840820,0.3208159180,0.0000000000,0.0000000000,0.0000000000,1.0000000000,0.0000000000,2,1.0000000000,22.1745651740,AminDW,0.4659476711,1041.5669587000,100.6000000000,0.0965852451,0.1358368164,0.1358368164,0.2160407959
16148,16148,Clare,ED,2020,39.0000000000,1287.5454365000,0.0000000000,0.0000000000,0.5082826588,0.3302690460,0.1614482952,0.0000000000,0.0000000000,0.8385517048,0.1614482952,2,0.8385517048,21.1395981420,AminDW,0.5590532051,1287.5454365000,264.9923767000,0.2058120585,0.2961317315,0.2961317315,0.2961317315
16149,16149,Clare,ED,2020,22.0000000000,707.7668260000,0.0593980933,0.0000000000,0.0027913289,0.7660283953,0.1717821824,0.0000000000,0.0593980933,0.7688197243,0.1717821824,2,0.7688197243,21.9597760633,AminPD,0.6730881817,707.7668260000,158.6000000000,0.2240851000,0.0171782182,0.0171782182,0.3375219539
16150,16150,Clare,ED,2020,34.0000000000,1187.5780361000,0.0000000000,0.0000000000,0.2911624723,0.7088375277,0.0000000000,0.0000000000,0.0000000000,1.0000000000,0.0000000000,2,1.0000000000,23.0236420894,AminPD,0.3605896413,1187.5780361000,413.5715411000,0.3482478865,0.0582324945,0.0582324945,0.2354418764
16151,16151,Clare,ED,2020,45.0000000000,1865.7849800000,0.0000000000,0.0000000000,0.2432320261,0.0000000000,0.0000000000,0.7567679739,0.0000000000,0.2432320261,0.7567679739,3,0.7567679739,23.3328431573,BminSW,0.6058581944,1865.7849800000,0.0000000000,0.0000000000,0.0486464052,0.0486464052,0.0486464052
16152,16152,Clare,ED,2020,20.0000000000,564.8839090000,0.0000000000,0.0000000000,0.4535501789,0.5464498211,0.0000000000,0.0000000000,0.0000000000,1.0000000000,0.0000000000,2,1.0000000000,22.8882671466,BktPt,0.4374644136,564.8839090000,308.6807110000,0.5464498211,0.0907100358,0.0907100358,0.2273224911
16153,16153,Clare,ED,2020,32.0000000000,1705.1694700000,0.0000000000,0.0000000000,0.1173712792,0.0000000000,0.0000000000,0.8826287208,0.0000000000,0.1173712792,0.8826287208,3,0.8826287208,22.3503954783,BminDW,0.4812694424,1705.1694700000,183.5811300000,0.1076615159,0.0234742558,0.0234742558,0.0234742558
16154,16154,Clare,ED,2020,23.0000000000,745.6726720000,0.0000000000,0.0000000000,0.5121967645,0.4878032355,0.0000000000,0.0000000000,0.0000000000,1.0000000000,0.0000000000,2,1.0000000000,21.6051898171,AminDW,0.3030954579,745.6726720000,256.2215420000,0.3436112810,0.1024393529,0.1024393529,0.2243901618
16155,16155,Clare,ED,2020,38.0000000000,1335.0584748000,0.0000000000,0.0000000000,1.0000000000,0.0000000000,0.0000000000,0.0000000000,0.0000000000,1.0000000000,0.0000000000,2,1.0000000000,23.5823403914,AminDW,0.3183597005,1335.0584748000,49.7175980000,0.0372400153,0.2000000000,0.2000000000,0.2000000000
18005,18005,Cork,ED,2020,17.0000000000,613.2668170000,1.0000000000,0.0000000000,0.0000000000,0.0000000000,0.0000000000,0.0000000000,1.0000000000,0.0000000000,0.0000000000,1,1.0000000000,24.0000000000,AminDW,0.6431282585,613.2668170000,0.0000000000,0.0000000000,0.0000000000,0.0000000000,0.0000000000
18009,18009,Cork,ED,2020,7.0000000000,163.2467560000,1.0000000000,0.0000000000,0.0000000000,0.0000000000,0.0000000000,0.0000000000,1.0000000000,0.0000000000,0.0000000000,1,1.0000000000,23.1923882396,AminPDPT,1.0000000000,163.2467560000,163.2467560000,1.0000000000,0.0000000000,0.0000000000,0.0000000000
18011,18011,Cork,ED,2020,40.0000000000,1664.0861217000,1.0000000000,0.0000000000,0.0000000000,0.0000000000,0.0000000000,0.0000000000,1.0000000000,0.0000000000,0.0000000000,1,1.0000000000,23.4074825893,AminDW,1.0000000000,1664.0861217000,0.0000000000,0.0000000000,0.0000000000,0.0000000000,0.0000000000
18012,18012,Cork,ED,2020,27.0000000000,1380.6599620000,0.7152361328,0.0000000000,0.2847638672,0.0000000000,0.0000000000,0.0000000000,0.7152361328,0.2847638672,0.0000000000,1,0.7152361328,24.0000000000,AminDW,0.6087394530,1380.6599620000,0.0000000000,0.0000000000,0.0000000000,0.0000000000,0.0000000000
18013,18013,Cork,ED,2020,61.0000000000,2204.5172611000,1.0000000000,0.0000000000,0.0000000000,0.0000000000,0.0000000000,0.0000000000,1.0000000000,0.0000000000,0.0000000000,1,1.0000000000,23.9118174290,AminDW,0.9689727991,2204.5172611000,0.0000000000,0.0000000000,0.0000000000,0.0000000000,0.0000000000
18014,18014,Cork,ED,2020,25.0000000000,990.7796004000,1.0000000000,0.0000000000,0.0000000000,0.0000000000,0.0000000000,0.0000000000,1.0000000000,0.0000000000,0.0000000000,1,1.0000000000,24.0000000000,AminDW,1.0000000000,990.7796004000,0.0000000000,0.0000000000,0.0000000000,0.0000000000,0.0000000000
18016,18016,Cork,ED,2020,33.0000000000,1311.7135492000,1.0000000000,0.0000000000,0.0000000000,0.0000000000,0.0000000000,0.0000000000,1.0000000000,0.0000000000,0.0000000000,1,1.0000000000,23.5280981885,AminDW,1.0000000000,1311.7135492000,0.0000000000,0.0000000000,0.0000000000,0.0000000000,0.0000000000
18017,18017,Cork,ED,2020,38.0000000000,1508.6810149000,0.5843859638,0.0000000000,0.4156140362,0.0000000000,0.0000000000,0.0000000000,0.5843859638,0.4156140362,0.0000000000,1,0.5843859638,23.4657100129,AminDW,0.9107025947,1508.6810149000,0.0000000000,0.0000000000,0.0000000000,0.0000000000,0.0000000000
18018,18018,Cork,ED,2020,55.0000000000,2247.2233266000,0.8418093539,0.0000000000,0.1581906461,0.0000000000,0.0000000000,0.0000000000,0.8418093539,0.1581906461,0.0000000000,1,0.8418093539,24.0000000000,AminDW,0.9571509036,2247.2233266000,0.0000000000,0.0000000000,0.0000000000,0.0000000000,0.0000000000
18019,18019,Cork,ED,2020,41.0000000000,1731.3298169000,1.0000000000,0.0000000000,0.0000000000,0.0000000000,0.0000000000,0.0000000000,1.0000000000,0.0000000000,0.0000000000,1,1.0000000000,23.9780314128,AminDW,0.9039654349,1731.3298169000,0.0000000000,0.0000000000,0.0000000000,0.0000000000,0.0000000000
18020,18020,Cork,ED,2020,28.0000000000,1111.3392639200,0.7119923327,0.0000000000,0.2880076673,0.0000000000,0.0000000000,0.0000000000,0.7119923327,0.2880076673,0.0000000000,1,0.7119923327,23.9870994246,AminDW,1.0000000000,1111.3392639200,0.0000000000,0.0000000000,0.0000000000,0.0000000000,0.0000000000
18021,18021,Cork,ED,2020,42.0000000000,1512.5719156000,1.0000000000,0.0000000000,0.0000000000,0.0000000000,0.0000000000,0.0000000000,1.0000000000,0.0000000000,0.0000000000,1,1.0000000000,24.0000000000,AminDW,0.6895667573,1512.5719156000,0.0000000000,0.0000000000,0.0000000000,0.0000000000,0.0000000000
18022,18022,Cork,ED,2020,37.0000000000,1968.9582960000,0.9236499827,0.0000000000,0.0763500173,0.0000000000,0.0000000000,0.0000000000,0.9236499827,0.0763500173,0.0000000000,1,0.9236499827,23.3671780644,AminDW,0.9432146632,1968.9582960000,0.0000000000,0.0000000000,0.0000000000,0.0000000000,0.0000000000
18023,18023,Cork,ED,2020,30.0000000000,1114.3312261000,1.0000000000,0.0000000000,0.0000000000,0.0000000000,0.0000000000,0.0000000000,1.0000000000,0.0000000000,0.0000000000,1,1.0000000000,24.0000000000,AminDW,0.9298540872,1114.3312261000,0.0000000000,0.0000000000,0.0000000000,0.0000000000,0.0000000000
18024,18024,Cork,ED,2020,73.0000000000,3018.6700964000,1.0000000000,0.0000000000,0.0000000000,0.0000000000,0.0000000000,0.0000000000,1.0000000000,0.0000000000,0.0000000000,1,1.0000000000,23.9980467471,AminDW,0.8994781500,3018.6700964000,0.0000000000,0.0000000000,0.0000000000,0.0000000000,0.0000000000
18025,18025,Cork,ED,2020,28.0000000000,1482.5346000000,0.5960770629,0.0000000000,0.4039229371,0.0000000000,0.0000000000,0.0000000000,0.5960770629,0.4039229371,0.0000000000,1,0.5960770629,23.6013583764,AminDW,1.0000000000,1482.5346000000,0.0000000000,0.0000000000,0.0000000000,0.0000000000,0.0000000000
18026,18026,Cork,ED,2020,41.0000000000,1547.5608074000,1.0000000000,0.0000000000,0.0000000000,0.0000000000,0.0000000000,0.0000000000,1.0000000000,0.0000000000,0.0000000000,1,1.0000000000,24.0000000000,AminDW,0.8514010455,1547.5608074000,0.0000000000,0.0000000000,0.0000000000,0.0000000000,0.0000000000
18027,18027,Cork,ED,2020,58.0000000000,2192.9843185000,0.5781421032,0.0000000000,0.4218578968,0.0000000000,0.0000000000,0.0000000000,0.5781421032,0.4218578968,0.0000000000,1,0.5781421032,23.1993803580,AminDW,0.7050222683,2192.9843185000,0.0000000000,0.0000000000,0.0000000000,0.0000000000,0.0000000000
18028,18028,Cork,ED,2020,34.0000000000,1640.5804094000,0.6739760033,0.0000000000,0.3260239967,0.0000000000,0.0000000000,0.0000000000,0.6739760033,0.3260239967,0.0000000000,1,0.6739760033,23.7653269551,AminDW,1.0000000000,1640.5804094000,0.0000000000,0.0000000000,0.0000000000,0.0000000000,0.0000000000
18029,18029,Cork,ED,2020,51.0000000000,1533.0564098000,1.0000000000,0.0000000000,0.0000000000,0.0000000000,0.0000000000,0.0000000000,1.0000000000,0.0000000000,0.0000000000,1,1.0000000000,23.1971854446,AminDW,1.0000000000,1533.0564098000,0.0000000000,0.0000000000,0.0000000000,0.0000000000,0.0000000000
18030,18030,Cork,ED,2020,41.0000000000,1498.2583725000,1.0000000000,0.0000000000,0.0000000000,0.0000000000,0.0000000000,0.0000000000,1.0000000000,0.0000000000,0.0000000000,1,1.0000000000,23.9705142899,AminDW,0.6761119021,1498.2583725000,0.0000000000,0.0000000000,0.0000000000,0.0000000000,0.0000000000
18031,18031,Cork,ED,2020,68.0000000000,2879.7455024000,0.7499515267,0.0000000000,0.2500484733,0.0000000000,0.0000000000,0.0000000000,0.7499515267,0.2500484733,0.0000000000,1,0.7499515267,23.8904069822,AminDW,0.9695030676,2879.7455024000,0.0000000000,0.0000000000,0.0000000000,0.0000000000,0.0000000000
18032,18032,Cork,ED,2020,53.0000000000,2181.9606292000,0.1334009955,0.0000000000,0.0000000000,0.0000000000,0.7265479343,0.1400510702,0.1334009955,0.0000000000,0.8665990045,3,0.8665990045,18.5369447079,AminSRPT,0.5918263582,2181.9606292000,1635.8418130000,0.7497118835,0.1076675610,0.1076675610,0.6595810652
18033/18046,18033/18046,Cork,COUNTY_FALLBACK,2020,13088.0000000000,531849.3145257700,0.5712534594,0.0000000000,0.1106991216,0.1223141383,0.1891358466,0.0065974342,0.5712534594,0.2330132599,0.1957332808,1,0.5712534594,22.4689176504,,,531849.3145257700,60670.9743465000,0.1140754960,0.0744097799,0.0744097799,0.1753415496
18034,18034,Cork,ED,2020,13.0000000000,453.9322820000,0.6434880523,0.0000000000,0.0000000000,0.0000000000,0.3565119477,0.0000000000,0.6434880523,0.0000000000,0.3565119477,1,0.6434880523,22.0461074588,AminDW,0.6635180928,453.9322820000,0.0000000000,0.0000000000,0.3565119477,0.3565119477,0.3565119477
18035,18035,Cork,ED,2020,53.0000000000,2129.4560995000,0.1382794414,0.0000000000,0.0000000000,0.0000000000,0.8497945339,0.0119260247,0.1382794414,0.0000000000,0.8617205586,3,0.8617205586,18.3695093837,AminSRPT,0.6809507455,2129.4560995000,1563.7547185000,0.7343446615,0.2948147158,0.2948147158,0.7603787872
18036,18036,Cork,ED,2020,32.0000000000,1225.9712570000,0.1477440837,0.0000000000,0.0000000000,0.2603081778,0.5919477385,0.0000000000,0.1477440837,0.2603081778,0.5919477385,3,0.5919477385,17.8002665327,AminPD,0.4577025447,1225.9712570000,483.7110930000,0.3945533717,0.0591947738,0.0591947738,0.5682326222
18037,18037,Cork,ED,2020,42.0000000000,1733.0436838000,0.5335873092,0.0000000000,0.0000000000,0.0000000000,0.4664126908,0.0000000000,0.5335873092,0.0000000000,0.4664126908,1,0.5335873092,19.3533229852,AminPDPT,0.3797334321,1733.0436838000,1085.0841638000,0.6261147217,0.0466412691,0.0466412691,0.3964507872
18038,18038,Cork,ED,2020,19.0000000000,628.4092680000,0.0857084749,0.0000000000,0.0000000000,0.0000000000,0.9142915251,0.0000000000,0.0857084749,0.0000000000,0.9142915251,3,0.9142915251,14.0535731087,AminDW,0.5482733396,628.4092680000,264.7796100000,0.4213489894,0.0914291525,0.0914291525,0.7771477963
18039,18039,Cork,ED,2020,62.0000000000,1302.9572657000,0.2974582277,0.0000000000,0.0000000000,0.0000000000,0.7025417723,0.0000000000,0.2974582277,0.0000000000,0.7025417723,3,0.7025417723,18.0633688267,AminSRPT,0.5430988831,1302.9572657000,774.7066557000,0.5945756443,0.0702541772,0.0702541772,0.5971605065
18040,18040,Cork,ED,2020,54.0000000000,2212.6991059000,0.2556222085,0.0000000000,0.0000000000,0.0000000000,0.7443777915,0.0000000000,0.2556222085,0.0000000000,0.7443777915,3,0.7443777915,19.9532344246,AminDW,0.6370956375,2212.6991059000,0.0000000000,0.0000000000,0.6065245879,0.6065245879,0.7214022575
18041,18041,Cork,ED,2020,62.0000000000,2372.3480318000,0.0000000000,0.0000000000,0.0000000000,0.0000000000,0.7587326512,0.2412673488,0.0000000000,0.0000000000,1.0000000000,3,1.0000000000,17.8630950515,AminSRPT,0.8465286860,2372.3480318000,2291.4504440000,0.9658997808,0.1361901023,0.1361901023,0.7173029582
18042,18042,Cork,ED,2020,57.0000000000,2266.0738330000,0.0959473623,0.0000000000,0.0000000000,0.0000000000,0.9040526377,0.0000000000,0.0959473623,0.0000000000,0.9040526377,3,0.9040526377,19.5112723982,AminSRPT,0.3075281149,2266.0738330000,990.6568040000,0.4371688113,0.7822177285,0.7822177285,0.8837468195
18043,18043,Cork,ED,2020,58.0000000000,1765.0378152000,0.5440762310,0.0000000000,0.0000000000,0.2633305663,0.1925932027,0.0000000000,0.5440762310,0.2633305663,0.1925932027,1,0.5440762310,20.8245406560,AminPD,0.4683359792,1765.0378152000,470.5179300000,0.2665766852,0.0816868779,0.0816868779,0.2399414568
18044,18044,Cork,ED,2020,37.0000000000,737.1183635000,0.2763240520,0.0000000000,0.0000000000,0.0000000000,0.7236759480,0.0000000000,0.2763240520,0.0000000000,0.7236759480,3,0.7236759480,18.4598303947,AminSRPT,0.5221687317,737.1183635000,524.9892840000,0.7122184306,0.0723675948,0.0723675948,0.6151245558
18045,18045,Cork,ED,2020,41.0000000000,1721.0377852000,0.1207153206,0.0000000000,0.0000000000,0.0000000000,0.8792846794,0.0000000000,0.1207153206,0.0000000000,0.8792846794,3,0.8792846794,17.1346934172,AminSRPT,0.5260886501,1721.0377852000,1237.5402322000,0.7190662767,0.0879284679,0.0879284679,0.7473919775
18047,18047,Cork,ED,2020,87.0000000000,1675.5404409000,0.0000000000,0.0000000000,0.0000000000,0.1058561224,0.6537187908,0.2404250868,0.0000000000,0.1058561224,0.8941438776,3,0.8941438776,16.8114559890,AminSRPT,0.3885335961,1675.5404409000,1205.9027949000,0.7197097518,0.1254781508,0.1254781508,0.5713715414
18048,18048,Cork,ED,2020,42.0000000000,797.0575523000,0.3893979549,0.0000000000,0.0000000000,0.0000000000,0.6106020451,0.0000000000,0.3893979549,0.0000000000,0.6106020451,3,0.6106020451,14.7225731070,AminSRPT,0.5955276453,797.0575523000,474.6698073000,0.5955276453,0.0610602045,0.0610602045,0.4131684763
18049,18049,Cork,ED,2020,91.0000000000,2180.9595989000,0.0000000000,0.0000000000,0.0000000000,0.0000000000,0.8843095594,0.1156904406,0.0000000000,0.0000000000,1.0000000000,3,1.0000000000,15.8087507465,AminSRPT,0.2981609671,2180.9595989000,1117.9360282000,0.5125890589,0.1173535661,0.1173535661,0.7863702577
18050,18050,Cork,ED,2020,61.0000000000,1249.8944273000,0.3735575372,0.0000000000,0.0000000000,0.0000000000,0.4903625834,0.1360798795,0.3735575372,0.0000000000,0.6264424628,3,0.6264424628,17.3639559564,AminSRPT,0.3583160107,1249.8944273000,660.9488383000,0.5288037324,0.0830562282,0.0830562282,0.4576321597
18051,18051,Cork,ED,2020,110.0000000000,2436.4323885000,0.0000000000,0.0000000000,0.0000000000,0.0000000000,0.7354746072,0.2645253928,0.0000000000,0.0000000000,1.0000000000,3,1.0000000000,16.8204696196,BktPt,0.2700580739,2436.4323885000,1290.8913530000,0.5298285145,0.1396788089,0.1396788089,0.7045110340
18052,18052,Cork,ED,2020,71.0000000000,2454.8509193000,0.0494736414,0.0000000000,0.0000000000,0.0000000000,0.7136048354,0.2369215232,0.0494736414,0.0000000000,0.9505263586,3,0.9505263586,17.2395091681,BktPt,0.3937147575,2454.8509193000,1701.0480724000,0.6929333505,0.1305908643,0.1305908643,0.6776405671
18053,18053,Cork,ED,2020,92.0000000000,2270.2057037000,0.2534438646,0.0000000000,0.0000000000,0.0000000000,0.7465561354,0.0000000000,0.2534438646,0.0000000000,0.7465561354,3,0.7465561354,17.3148800057,AminSRPT,0.6420183589,2270.2057037000,1740.9135952000,0.7668527977,0.0746556135,0.0746556135,0.6345727151
18054,18054,Cork,ED,2020,51.0000000000,1183.0534777000,1.0000000000,0.0000000000,0.0000000000,0.0000000000,0.0000000000,0.0000000000,1.0000000000,0.0000000000,0.0000000000,1,1.0000000000,22.2229913278,AminDW,1.0000000000,1183.0534777000,0.0000000000,0.0000000000,0.0000000000,0.0000000000,0.0000000000
18055,18055,Cork,ED,2020,26.0000000000,851.9865070000,1.0000000000,0.0000000000,0.0000000000,0.0000000000,0.0000000000,0.0000000000,1.0000000000,0.0000000000,0.0000000000,1,1.0000000000,21.8183991968,AminDW,0.9688962210,851.9865070000,0.0000000000,0.0000000000,0.0000000000,0.0000000000,0.0000000000
18056,18056,Cork,ED,2020,34.0000000000,1757.8581730000,1.0000000000,0.0000000000,0.0000000000,0.0000000000,0.0000000000,0.0000000000,1.0000000000,0.0000000000,0.0000000000,1,1.0000000000,23.4788658072,AminDW,0.7363552947,1757.8581730000,115.7000000000,0.0658187343,0.0000000000,0.0000000000,0.0000000000
18057,18057,Cork,ED,2020,40.0000000000,1787.5355164000,1.0000000000,0.0000000000,0.0000000000,0.0000000000,0.0000000000,0.0000000000,1.0000000000,0.0000000000,0.0000000000,1,1.0000000000,21.2734379033,AminDW,0.9607982055,1787.5355164000,70.0746000000,0.0392017945,0.0000000000,0.0000000000,0.0000000000
18058,18058,Cork,ED,2020,41.0000000000,1841.6939434000,0.7985888538,0.0000000000,0.2014111462,0.0000000000,0.0000000000,0.0000000000,0.7985888538,0.2014111462,0.0000000000,1,0.7985888538,23.6366586086,AminDW,0.6265231786,1841.6939434000,0.0000000000,0.0000000000,0.0000000000,0.0000000000,0.0000000000
18059,18059,Cork,ED,2020,29.0000000000,1303.3890740000,1.0000000000,0.0000000000,0.0000000000,0.0000000000,0.0000000000,0.0000000000,1.0000000000,0.0000000000,0.0000000000,1,1.0000000000,23.2228158451,AminDW,0.7263497645,1303.3890740000,176.8000000000,0.1356463726,0.0000000000,0.0000000000,0.0000000000
18060,18060,Cork,ED,2020,49.0000000000,2002.4952890000,1.0000000000,0.0000000000,0.0000000000,0.0000000000,0.0000000000,0.0000000000,1.0000000000,0.0000000000,0.0000000000,1,1.0000000000,23.3330920640,AminDW,0.7447370145,2002.4952890000,0.0000000000,0.0000000000,0.0000000000,0.0000000000,0.0000000000
18061,18061,Cork,ED,2020,46.0000000000,1486.1494340000,1.0000000000,0.0000000000,0.0000000000,0.0000000000,0.0000000000,0.0000000000,1.0000000000,0.0000000000,0.0000000000,1,1.0000000000,23.5566798433,AminDW,1.0000000000,1486.1494340000,0.0000000000,0.0000000000,0.0000000000,0.0000000000,0.0000000000
18062,18062,Cork,ED,2020,13.0000000000,337.8567514000,1.0000000000,0.0000000000,0.0000000000,0.0000000000,0.0000000000,0.0000000000,1.0000000000,0.0000000000,0.0000000000,1,1.0000000000,22.4145896337,AminDW,1.0000000000,337.8567514000,0.0000000000,0.0000000000,0.0000000000,0.0000000000,0.0000000000
18063,18063,Cork,ED,2020,40.0000000000,1503.7421131000,0.9702276078,0.0000000000,0.0297723922,0.0000000000,0.0000000000,0.0000000000,0.9702276078,0.0297723922,0.0000000000,1,0.9702276078,22.0201509727,AminDW,0.5377114454,1503.7421131000,44.7700000000,0.0297723922,0.0000000000,0.0000000000,0.0000000000
18064,18064,Cork,ED,2020,36.0000000000,1308.5588324000,1.0000000000,0.0000000000,0.0000000000,0.0000000000,0.0000000000,0.0000000000,1.0000000000,0.0000000000,0.0000000000,1,1.0000000000,23.0832329137,AminDW,0.6701698767,1308.5588324000,0.0000000000,0.0000000000,0.0000000000,0.0000000000,0.0000000000
18065,18065,Cork,ED,2020,32.0000000000,1254.8113600000,0.7319562846,0.0000000000,0.2680437154,0.0000000000,0.0000000000,0.0000000000,0.7319562846,0.2680437154,0.0000000000,1,0.7319562846,24.0000000000,AminDW,1.0000000000,1254.8113600000,0.0000000000,0.0000000000,0.0000000000,0.0000000000,0.0000000000
18066,18066,Cork,ED,2020,22.0000000000,874.6564800000,0.9555253967,0.0000000000,0.0444746033,0.0000000000,0.0000000000,0.0000000000,0.9555253967,0.0444746033,0.0000000000,1,0.9555253967,24.0000000000,AminDW,0.6187915054,874.6564800000,0.0000000000,0.0000000000,0.0000000000,0.0000000000,0.0000000000
18067,18067,Cork,ED,2020,29.0000000000,1381.4095330000,1.0000000000,0.0000000000,0.0000000000,0.0000000000,0.0000000000,0.0000000000,1.0000000000,0.0000000000,0.0000000000,1,1.0000000000,23.5010892979,AminDW,0.9260899845,1381.4095330000,0.0000000000,0.0000000000,0.0000000000,0.0000000000,0.0000000000
18068,18068,Cork,ED,2020,38.0000000000,1643.7654462000,1.0000000000,0.0000000000,0.0000000000,0.0000000000,0.0000000000,0.0000000000,1.0000000000,0.0000000000,0.0000000000,1,1.0000000000,23.2696636599,AminDW,0.6453843623,1643.7654462000,0.0000000000,0.0000000000,0.0000000000,0.0000000000,0.0000000000
18069,18069,Cork,ED,2020,32.0000000000,1163.9271130000,0.7630693564,0.0000000000,0.2369306436,0.0000000000,0.0000000000,0.0000000000,0.7630693564,0.2369306436,0.0000000000,1,0.7630693564,24.0000000000,AminDW,0.8695794622,1163.9271130000,0.0000000000,0.0000000000,0.0000000000,0.0000000000,0.0000000000
18070,18070,Cork,ED,2020,40.0000000000,972.3127839000,1.0000000000,0.0000000000,0.0000000000,0.0000000000,0.0000000000,0.0000000000,1.0000000000,0.0000000000,0.0000000000,1,1.0000000000,23.8467082247,AminDW,0.8618235631,972.3127839000,0.0000000000,0.0000000000,0.0000000000,0.0000000000,0.0000000000
18071,18071,Cork,ED,2020,26.0000000000,633.6961396000,1.0000000000,0.0000000000,0.0000000000,0.0000000000,0.0000000000,0.0000000000,1.0000000000,0.0000000000,0.0000000000,1,1.0000000000,22.7308874558,AminDW,1.0000000000,633.6961396000,0.0000000000,0.0000000000,0.0000000000,0.0000000000,0.0000000000
18072,18072,Cork,ED,2020,33.0000000000,1281.3764101000,1.0000000000,0.0000000000,0.0000000000,0.0000000000,0.0000000000,0.0000000000,1.0000000000,0.0000000000,0.0000000000,1,1.0000000000,22.6075910358,AminDW,0.8160491591,1281.3764101000,0.0000000000,0.0000000000,0.0000000000,0.0000000000,0.0000000000
18073,18073,Cork,ED,2020,51.0000000000,1414.8066968000,1.0000000000,0.0000000000,0.0000000000,0.0000000000,0.0000000000,0.0000000000,1.0000000000,0.0000000000,0.0000000000,1,1.0000000000,23.1443542763,AminDW,0.8948899801,1414.8066968000,0.0000000000,0.0000000000,0.0000000000,0.0000000000,0.0000000000
18074,18074,Cork,ED,2020,32.0000000000,1239.1329536000,1.0000000000,0.0000000000,0.0000000000,0.0000000000,0.0000000000,0.0000000000,1.0000000000,0.0000000000,0.0000000000,1,1.0000000000,23.2434710115,AminDW,0.8468314633,1239.1329536000,0.0000000000,0.0000000000,0.0000000000,0.0000000000,0.0000000000
18075,18075,Cork,ED,2020,51.0000000000,2404.6955258000,0.8591547261,0.0000000000,0.1408452739,0.0000000000,0.0000000000,0.0000000000,0.8591547261,0.1408452739,0.0000000000,1,0.8591547261,23.7369313523,AminDW,0.9703912619,2404.6955258000,0.0000000000,0.0000000000,0.0000000000,0.0000000000,0.0000000000
18076,18076,Cork,ED,2020,28.0000000000,1126.4070166000,1.0000000000,0.0000000000,0.0000000000,0.0000000000,0.0000000000,0.0000000000,1.0000000000,0.0000000000,0.0000000000,1,1.0000000000,24.0000000000,AminDW,0.9338604972,1126.4070166000,0.0000000000,0.0000000000,0.0000000000,0.0000000000,0.0000000000
18077,18077,Cork,ED,2020,28.0000000000,1416.8950328000,0.5807311154,0.0000000000,0.4192688846,0.0000000000,0.0000000000,0.0000000000,0.5807311154,0.4192688846,0.0000000000,1,0.5807311154,23.6779577954,AminDW,1.0000000000,1416.8950328000,0.0000000000,0.0000000000,0.0000000000,0.0000000000,0.0000000000
18079,18079,Cork,ED,2020,61.0000000000,2635.3445000000,0.2081531102,0.0000000000,0.7918468898,0.0000000000,0.0000000000,0.0000000000,0.2081531102,0.7918468898,0.0000000000,2,0.7918468898,23.8684043016,AminDW,1.0000000000,2635.3445000000,0.0000000000,0.0000000000,0.0000000000,0.0000000000,0.0000000000
18080,18080,Cork,ED,2020,27.0000000000,1274.5626360000,1.0000000000,0.0000000000,0.0000000000,0.0000000000,0.0000000000,0.0000000000,1.0000000000,0.0000000000,0.0000000000,1,1.0000000000,23.3776576548,AminDW,1.0000000000,1274.5626360000,0.0000000000,0.0000000000,0.0000000000,0.0000000000,0.0000000000
18081,18081,Cork,ED,2020,20.0000000000,1412.9881190000,1.0000000000,0.0000000000,0.0000000000,0.0000000000,0.0000000000,0.0000000000,1.0000000000,0.0000000000,0.0000000000,1,1.0000000000,23.4267467722,AminDW,0.7697945520,1412.9881190000,0.0000000000,0.0000000000,0.0000000000,0.0000000000,0.0000000000
18082,18082,Cork,ED,2020,20.0000000000,1059.2005470000,1.0000000000,0.0000000000,0.0000000000,0.0000000000,0.0000000000,0.0000000000,1.0000000000,0.0000000000,0.0000000000,1,1.0000000000,24.0000000000,AminDW,0.7225142275,1059.2005470000,0.0000000000,0.0000000000,0.0000000000,0.0000000000,0.0000000000
18083,18083,Cork,ED,2020,56.0000000000,2445.5314706000,0.3158161517,0.0000000000,0.6841838483,0.0000000000,0.0000000000,0.0000000000,0.3158161517,0.6841838483,0.0000000000,2,0.6841838483,23.5268922057,AminDW,1.0000000000,2445.5314706000,0.0000000000,0.0000000000,0.0000000000,0.0000000000,0.0000000000
18084,18084,Cork,ED,2020,31.0000000000,1518.5996900000,1.0000000000,0.0000000000,0.0000000000,0.0000000000,0.0000000000,0.0000000000,1.0000000000,0.0000000000,0.0000000000,1,1.0000000000,23.7378693736,AminDW,0.9348929473,1518.5996900000,0.0000000000,0.0000000000,0.0000000000,0.0000000000,0.0000000000
18085,18085,Cork,ED,2020,26.0000000000,1173.4344827000,1.0000000000,0.0000000000,0.0000000000,0.0000000000,0.0000000000,0.0000000000,1.0000000000,0.0000000000,0.0000000000,1,1.0000000000,24.0000000000,AminDW,0.8766867668,1173.4344827000,0.0000000000,0.0000000000,0.0000000000,0.0000000000,0.0000000000
18086,18086,Cork,ED,2020,28.0000000000,1379.2976672000,1.0000000000,0.0000000000,0.0000000000,0.0000000000,0.0000000000,0.0000000000,1.0000000000,0.0000000000,0.0000000000,1,1.0000000000,22.9429199544,AminDW,0.9379463098,1379.2976672000,0.0000000000,0.0000000000,0.0000000000,0.0000000000,0.0000000000
18087,18087,Cork,ED,2020,50.0000000000,2509.0119026000,0.9536072348,0.0000000000,0.0463927652,0.0000000000,0.0000000000,0.0000000000,0.9536072348,0.0463927652,0.0000000000,1,0.9536072348,24.0000000000,AminDW,1.0000000000,2509.0119026000,0.0000000000,0.0000000000,0.0000000000,0.0000000000,0.0000000000
18088,18088,Cork,ED,2020,29.0000000000,1379.3094050000,0.6859901524,0.0000000000,0.3140098476,0.0000000000,0.0000000000,0.0000000000,0.6859901524,0.3140098476,0.0000000000,1,0.6859901524,23.4816246468,AminDW,1.0000000000,1379.3094050000,0.0000000000,0.0000000000,0.0000000000,0.0000000000,0.0000000000
18089,18089,Cork,ED,2020,35.0000000000,2124.8977855000,0.3616540008,0.0000000000,0.6383459992,0.0000000000,0.0000000000,0.0000000000,0.3616540008,0.6383459992,0.0000000000,2,0.6383459992,23.7893075126,AminDW,1.0000000000,2124.8977855000,0.0000000000,0.0000000000,0.0000000000,0.0000000000,0.0000000000
18090,18090,Cork,ED,2020,25.0000000000,955.7865150000,0.0865573103,0.0000000000,0.9134426897,0.0000000000,0.0000000000,0.0000000000,0.0865573103,0.9134426897,0.0000000000,2,0.9134426897,23.0517756991,AminDW,1.0000000000,955.7865150000,0.0000000000,0.0000000000,0.0000000000,0.0000000000,0.0000000000
18091,18091,Cork,ED,2020,44.0000000000,1903.8931760000,0.6432653150,0.0000000000,0.3567346850,0.0000000000,0.0000000000,0.0000000000,0.6432653150,0.3567346850,0.0000000000,1,0.6432653150,23.6839633612,AminDW,0.9431848376,1903.8931760000,0.0000000000,0.0000000000,0.0000000000,0.0000000000,0.0000000000
18092,18092,Cork,ED,2020,26.0000000000,1347.5349020000,1.0000000000,0.0000000000,0.0000000000,0.0000000000,0.0000000000,0.0000000000,1.0000000000,0.0000000000,0.0000000000,1,1.0000000000,23.8352547309,AminDW,1.0000000000,1347.5349020000,0.0000000000,0.0000000000,0.0000000000,0.0000000000,0.0000000000
18093,18093,Cork,ED,2020,35.0000000000,1816.9902001000,0.3385602884,0.0000000000,0.6614397116,0.0000000000,0.0000000000,0.0000000000,0.3385602884,0.6614397116,0.0000000000,2,0.6614397116,23.7908629337,AminDW,1.0000000000,1816.9902001000,0.0000000000,0.0000000000,0.0000000000,0.0000000000,0.0000000000
18094,18094,Cork,ED,2020,28.0000000000,1191.1193700000,0.3512599766,0.0000000000,0.6487400234,0.0000000000,0.0000000000,0.0000000000,0.3512599766,0.6487400234,0.0000000000,2,0.6487400234,23.7170728573,AminDW,0.6940944718,1191.1193700000,0.0000000000,0.0000000000,0.0000000000,0.0000000000,0.0000000000
18095,18095,Cork,ED,2020,39.0000000000,1703.6109513000,0.2751193814,0.0000000000,0.7248806186,0.0000000000,0.0000000000,0.0000000000,0.2751193814,0.7248806186,0.0000000000,2,0.7248806186,24.0000000000,AminDW,1.0000000000,1703.6109513000,0.0000000000,0.0000000000,0.0000000000,0.0000000000,0.0000000000
18096,18096,Cork,ED,2020,8.0000000000,586.2900000000,0.6481434103,0.0000000000,0.3518565897,0.0000000000,0.0000000000,0.0000000000,0.6481434103,0.3518565897,0.0000000000,1,0.6481434103,24.0000000000,AminDW,0.8309710212,586.2900000000,0.0000000000,0.0000000000,0.0000000000,0.0000000000,0.0000000000
18097,18097,Cork,ED,2020,54.0000000000,2080.0734625000,0.5706983678,0.0000000000,0.0000000000,0.0000000000,0.4293016322,0.0000000000,0.5706983678,0.0000000000,0.4293016322,1,0.5706983678,23.8389287657,AminDW,0.8829857003,2080.0734625000,0.0000000000,0.0000000000,0.0429301632,0.0429301632,0.3649063874
18098,18098,Cork,ED,2020,9.0000000000,483.9609730000,1.0000000000,0.0000000000,0.0000000000,0.0000000000,0.0000000000,0.0000000000,1.0000000000,0.0000000000,0.0000000000,1,1.0000000000,24.0000000000,AminDW,1.0000000000,483.9609730000,0.0000000000,0.0000000000,0.0000000000,0.0000000000,0.0000000000
18099,18099,Cork,ED,2020,1.0000000000,81.8000000000,1.0000000000,0.0000000000,0.0000000000,0.0000000000,0.0000000000,0.0000000000,1.0000000000,0.0000000000,0.0000000000,1,1.0000000000,24.0000000000,AminDW,1.0000000000,81.8000000000,0.0000000000,0.0000000000,0.0000000000,0.0000000000,0.0000000000
18100,18100,Cork,ED,2020,18.0000000000,683.9710820000,1.0000000000,0.0000000000,0.0000000000,0.0000000000,0.0000000000,0.0000000000,1.0000000000,0.0000000000,0.0000000000,1,1.0000000000,24.0000000000,AminSW,0.6169641424,683.9710820000,0.0000000000,0.0000000000,0.0000000000,0.0000000000,0.0000000000
18101,18101,Cork,ED,2020,39.0000000000,2230.4349990000,1.0000000000,0.0000000000,0.0000000000,0.0000000000,0.0000000000,0.0000000000,1.0000000000,0.0000000000,0.0000000000,1,1.0000000000,23.7209512941,AminDW,0.8942273448,2230.4349990000,0.0000000000,0.0000000000,0.0000000000,0.0000000000,0.0000000000
18102,18102,Cork,ED,2020,40.0000000000,1998.2364650000,0.8923039386,0.0000000000,0.1076960614,0.0000000000,0.0000000000,0.0000000000,0.8923039386,0.1076960614,0.0000000000,1,0.8923039386,23.7645423811,AminDW,0.8682076913,1998.2364650000,0.0000000000,0.0000000000,0.0000000000,0.0000000000,0.0000000000
18103,18103,Cork,ED,2020,20.0000000000,937.4991150000,1.0000000000,0.0000000000,0.0000000000,0.0000000000,0.0000000000,0.0000000000,1.0000000000,0.0000000000,0.0000000000,1,1.0000000000,24.0000000000,AminDW,0.9304106010,937.4991150000,0.0000000000,0.0000000000,0.0000000000,0.0000000000,0.0000000000
18104,18104,Cork,ED,2020,49.0000000000,2713.7178380000,0.7937439397,0.0000000000,0.2062560603,0.0000000000,0.0000000000,0.0000000000,0.7937439397,0.2062560603,0.0000000000,1,0.7937439397,23.6915670494,AminDW,1.0000000000,2713.7178380000,0.0000000000,0.0000000000,0.0000000000,0.0000000000,0.0000000000
18105,18105,Cork,ED,2020,42.0000000000,1972.6557690000,0.5891934048,0.0000000000,0.0000000000,0.0000000000,0.4108065952,0.0000000000,0.5891934048,0.0000000000,0.4108065952,1,0.5891934048,22.3901453351,AminSW,0.6896865775,1972.6557690000,0.0000000000,0.0000000000,0.1473338656,0.1473338656,0.1473338656
18106,18106,Cork,ED,2020,54.0000000000,1844.4674547000,0.8960075693,0.0000000000,0.0313162121,0.0000000000,0.0726762186,0.0000000000,0.8960075693,0.0313162121,0.0726762186,1,0.8960075693,23.8142349299,AminSW,0.2947021617,1844.4674547000,368.7852010000,0.1999412893,0.0072676219,0.0072676219,0.0617747858
18107,18107,Cork,ED,2020,47.0000000000,1941.0167314000,0.8289504698,0.0000000000,0.1710495302,0.0000000000,0.0000000000,0.0000000000,0.8289504698,0.1710495302,0.0000000000,1,0.8289504698,24.0000000000,AminDW,0.8216935012,1941.0167314000,115.2000000000,0.0593503385,0.0000000000,0.0000000000,0.0000000000
18108,18108,Cork,ED,2020,34.0000000000,2312.5633340000,0.0000000000,0.0000000000,0.0000000000,0.0000000000,1.0000000000,0.0000000000,0.0000000000,0.0000000000,1.0000000000,3,1.0000000000,17.6642254123,AminSRPT,0.5357662278,2312.5633340000,1649.4933340000,0.7132748798,0.7199860473,0.7199860473,0.9533310079
18109,18109,Cork,ED,2020,35.0000000000,1547.0227330000,0.0000000000,0.0000000000,0.0412986821,0.0000000000,0.9587013179,0.0000000000,0.0000000000,0.0412986821,0.9587013179,3,0.9587013179,18.7152579431,AminSRPT,0.5607027689,1547.0227330000,1091.8099300000,0.7057491184,0.5326167436,0.5326167436,0.8876872222
18110,18110,Cork,ED,2020,61.0000000000,2381.6738639000,0.1232887678,0.0000000000,0.5925230397,0.0000000000,0.2841881925,0.0000000000,0.1232887678,0.5925230397,0.2841881925,2,0.5925230397,23.0962566015,AminDW,0.4953622191,2381.6738639000,592.5816906000,0.2488089153,0.1099074036,0.1099074036,0.2551413944
18111,18111,Cork,ED,2020,42.0000000000,1681.1356080000,0.3124959138,0.0000000000,0.6875040862,0.0000000000,0.0000000000,0.0000000000,0.3124959138,0.6875040862,0.0000000000,2,0.6875040862,23.2308770370,AminDW,0.6042483832,1681.1356080000,0.0000000000,0.0000000000,0.0000000000,0.0000000000,0.0000000000
18112,18112,Cork,ED,2020,56.0000000000,2269.5246950000,0.0000000000,0.0000000000,0.0000000000,0.0000000000,1.0000000000,0.0000000000,0.0000000000,0.0000000000,1.0000000000,3,1.0000000000,19.0915230239,AminSRPT,0.5578895514,2269.5246950000,1501.9734650000,0.6618008909,0.8362156793,0.8362156793,0.9727026132
18113,18113,Cork,ED,2020,32.0000000000,1117.2806746000,1.0000000000,0.0000000000,0.0000000000,0.0000000000,0.0000000000,0.0000000000,1.0000000000,0.0000000000,0.0000000000,1,1.0000000000,22.4355061931,AminDW,0.6542895283,1117.2806746000,68.8234040000,0.0615990284,0.0000000000,0.0000000000,0.0000000000
18114,18114,Cork,ED,2020,41.0000000000,1358.2722245000,0.2701069969,0.0000000000,0.0000000000,0.0000000000,0.7298930031,0.0000000000,0.2701069969,0.0000000000,0.7298930031,3,0.7298930031,21.1032095533,AminDW,0.4013039435,1358.2722245000,593.5299090000,0.4369741929,0.7298930031,0.7298930031,0.7298930031
18115,18115,Cork,ED,2020,44.0000000000,1762.8827477000,1.0000000000,0.0000000000,0.0000000000,0.0000000000,0.0000000000,0.0000000000,1.0000000000,0.0000000000,0.0000000000,1,1.0000000000,22.1884150695,AminDW,0.6277849994,1762.8827477000,113.8722890000,0.0645943635,0.0000000000,0.0000000000,0.0000000000
18116,18116,Cork,ED,2020,40.0000000000,1542.2988010000,0.0000000000,0.0000000000,0.0000000000,0.0000000000,1.0000000000,0.0000000000,0.0000000000,0.0000000000,1.0000000000,3,1.0000000000,20.4324093941,AminSRPT,0.4364892222,1542.2988010000,804.5968040000,0.5216867208,0.6606412610,0.6606412610,0.9434402102
18117,18117,Cork,ED,2020,50.0000000000,1970.5480070000,0.7439583693,0.0000000000,0.2560416307,0.0000000000,0.0000000000,0.0000000000,0.7439583693,0.2560416307,0.0000000000,1,0.7439583693,23.2779268178,AminDW,0.5886639630,1970.5480070000,0.0000000000,0.0000000000,0.0000000000,0.0000000000,0.0000000000
18118,18118,Cork,ED,2020,56.0000000000,2027.2158138000,0.9646806228,0.0000000000,0.0000000000,0.0000000000,0.0353193772,0.0000000000,0.9646806228,0.0000000000,0.0353193772,1,0.9646806228,23.0615700672,AminDW,0.6564577481,2027.2158138000,106.5000000000,0.0525351072,0.0035319377,0.0035319377,0.0035319377
18119,18119,Cork,ED,2020,32.0000000000,1367.7126713000,0.5554635241,0.0000000000,0.0000000000,0.0000000000,0.4445364759,0.0000000000,0.5554635241,0.0000000000,0.4445364759,1,0.5554635241,21.5375415154,AminDW,0.6373122208,1367.7126713000,490.9469303000,0.3589547283,0.3665835004,0.3665835004,0.4315443134
18120,18120,Cork,ED,2020,65.0000000000,2589.2403752000,0.4482886054,0.0000000000,0.3752869030,0.0000000000,0.1764244916,0.0000000000,0.4482886054,0.3752869030,0.1764244916,1,0.4482886054,23.0984182688,AminDW,0.5056514172,2589.2403752000,332.4191120000,0.1283848017,0.0176424492,0.0176424492,0.1499608179
18121,18121,Cork,ED,2020,24.0000000000,1541.1997097000,1.0000000000,0.0000000000,0.0000000000,0.0000000000,0.0000000000,0.0000000000,1.0000000000,0.0000000000,0.0000000000,1,1.0000000000,24.0000000000,AminDW,0.9944516645,1541.1997097000,0.0000000000,0.0000000000,0.0000000000,0.0000000000,0.0000000000
18122,18122,Cork,ED,2020,32.0000000000,1329.7000220000,1.0000000000,0.0000000000,0.0000000000,0.0000000000,0.0000000000,0.0000000000,1.0000000000,0.0000000000,0.0000000000,1,1.0000000000,23.6370309152,AminDW,1.0000000000,1329.7000220000,0.0000000000,0.0000000000,0.0000000000,0.0000000000,0.0000000000
18123,18123,Cork,ED,2020,57.0000000000,2770.0528308000,0.7772096033,0.0000000000,0.2227903967,0.0000000000,0.0000000000,0.0000000000,0.7772096033,0.2227903967,0.0000000000,1,0.7772096033,24.0000000000,AminDW,0.9648382157,2770.0528308000,0.0000000000,0.0000000000,0.0000000000,0.0000000000,0.0000000000
18124,18124,Cork,ED,2020,17.0000000000,841.6957950000,0.0000000000,0.0000000000,0.6883400089,0.0000000000,0.3116599911,0.0000000000,0.0000000000,0.6883400089,0.3116599911,2,0.6883400089,24.0000000000,AminDW,1.0000000000,841.6957950000,0.0000000000,0.0000000000,0.0311659991,0.0311659991,0.2649109925
18125,18125,Cork,ED,2020,29.0000000000,1328.4898073000,0.2814473984,0.0000000000,0.7185526016,0.0000000000,0.0000000000,0.0000000000,0.2814473984,0.7185526016,0.0000000000,2,0.7185526016,23.8313874907,AminDW,1.0000000000,1328.4898073000,0.0000000000,0.0000000000,0.0000000000,0.0000000000,0.0000000000
18126,18126,Cork,ED,2020,28.0000000000,1406.0537380000,0.8172554241,0.0000000000,0.1827445759,0.0000000000,0.0000000000,0.0000000000,0.8172554241,0.1827445759,0.0000000000,1,0.8172554241,24.0000000000,AminDW,0.9592120852,1406.0537380000,0.0000000000,0.0000000000,0.0000000000,0.0000000000,0.0000000000
18127,18127,Cork,ED,2020,40.0000000000,1739.9768050000,1.0000000000,0.0000000000,0.0000000000,0.0000000000,0.0000000000,0.0000000000,1.0000000000,0.0000000000,0.0000000000,1,1.0000000000,23.6393130022,AminDW,0.9761737381,1739.9768050000,0.0000000000,0.0000000000,0.0000000000,0.0000000000,0.0000000000
18128,18128,Cork,ED,2020,51.0000000000,3173.7824448000,1.0000000000,0.0000000000,0.0000000000,0.0000000000,0.0000000000,0.0000000000,1.0000000000,0.0000000000,0.0000000000,1,1.0000000000,24.0000000000,AminDW,0.6919059337,3173.7824448000,0.0000000000,0.0000000000,0.0000000000,0.0000000000,0.0000000000
18129,18129,Cork,ED,2020,60.0000000000,2996.6563174000,1.0000000000,0.0000000000,0.0000000000,0.0000000000,0.0000000000,0.0000000000,1.0000000000,0.0000000000,0.0000000000,1,1.0000000000,23.6736696183,AminDW,0.9463068224,2996.6563174000,0.0000000000,0.0000000000,0.0000000000,0.0000000000,0.0000000000
18130,18130,Cork,ED,2020,47.0000000000,2017.0913570000,1.0000000000,0.0000000000,0.0000000000,0.0000000000,0.0000000000,0.0000000000,1.0000000000,0.0000000000,0.0000000000,1,1.0000000000,23.8711015249,AminDW,0.9422931442,2017.0913570000,0.0000000000,0.0000000000,0.0000000000,0.0000000000,0.0000000000
18131,18131,Cork,ED,2020,34.0000000000,1420.1408580000,1.0000000000,0.0000000000,0.0000000000,0.0000000000,0.0000000000,0.0000000000,1.0000000000,0.0000000000,0.0000000000,1,1.0000000000,23.6367402592,AminDW,0.8696326502,1420.1408580000,0.0000000000,0.0000000000,0.0000000000,0.0000000000,0.0000000000
18132,18132,Cork,ED,2020,36.0000000000,2063.9492039000,0.6826238840,0.0000000000,0.3173761160,0.0000000000,0.0000000000,0.0000000000,0.6826238840,0.3173761160,0.0000000000,1,0.6826238840,24.0000000000,AminDW,1.0000000000,2063.9492039000,0.0000000000,0.0000000000,0.0000000000,0.0000000000,0.0000000000
18133,18133,Cork,ED,2020,35.0000000000,1653.5095249000,1.0000000000,0.0000000000,0.0000000000,0.0000000000,0.0000000000,0.0000000000,1.0000000000,0.0000000000,0.0000000000,1,1.0000000000,23.7966144162,AminDW,1.0000000000,1653.5095249000,0.0000000000,0.0000000000,0.0000000000,0.0000000000,0.0000000000
18134,18134,Cork,ED,2020,48.0000000000,1838.5925326000,0.3242859323,0.0000000000,0.6757140677,0.0000000000,0.0000000000,0.0000000000,0.3242859323,0.6757140677,0.0000000000,2,0.6757140677,24.0000000000,AminDW,1.0000000000,1838.5925326000,0.0000000000,0.0000000000,0.0000000000,0.0000000000,0.0000000000
18135,18135,Cork,ED,2020,55.0000000000,2324.8860049000,0.8244166746,0.0000000000,0.1755833254,0.0000000000,0.0000000000,0.0000000000,0.8244166746,0.1755833254,0.0000000000,1,0.8244166746,23.3597535549,AminDW,0.9373732735,2324.8860049000,0.0000000000,0.0000000000,0.0000000000,0.0000000000,0.0000000000
18136,18136,Cork,ED,2020,32.0000000000,1739.5285221000,0.7902840883,0.0000000000,0.2097159117,0.0000000000,0.0000000000,0.0000000000,0.7902840883,0.2097159117,0.0000000000,1,0.7902840883,23.8447855286,AminDW,0.8131373933,1739.5285221000,0.0000000000,0.0000000000,0.0000000000,0.0000000000,0.0000000000
18137,18137,Cork,ED,2020,26.0000000000,1187.4330792000,0.9660612453,0.0000000000,0.0000000000,0.0000000000,0.0339387547,0.0000000000,0.9660612453,0.0000000000,0.0339387547,1,0.9660612453,23.6439477985,AminDW,0.9049149422,1187.4330792000,112.9071430000,0.0950850578,0.0033938755,0.0033938755,0.0288479415
18138,18138,Cork,ED,2020,68.0000000000,3000.4219917000,0.6267435034,0.0000000000,0.3732564966,0.0000000000,0.0000000000,0.0000000000,0.6267435034,0.3732564966,0.0000000000,1,0.6267435034,23.9958145427,AminDW,0.7547064281,3000.4219917000,454.0507727000,0.1513289710,0.0000000000,0.0000000000,0.0000000000
18139,18139,Cork,ED,2020,37.0000000000,1856.6173470000,0.9496180513,0.0000000000,0.0503819487,0.0000000000,0.0000000000,0.0000000000,0.9496180513,0.0503819487,0.0000000000,1,0.9496180513,24.0000000000,AminDW,1.0000000000,1856.6173470000,0.0000000000,0.0000000000,0.0000000000,0.0000000000,0.0000000000
18140,18140,Cork,ED,2020,36.0000000000,1188.5275500000,0.8103199206,0.0000000000,0.1896800794,0.0000000000,0.0000000000,0.0000000000,0.8103199206,0.1896800794,0.0000000000,1,0.8103199206,23.9339866543,AminDW,0.9894630374,1188.5275500000,0.0000000000,0.0000000000,0.0000000000,0.0000000000,0.0000000000
18141,18141,Cork,ED,2020,67.0000000000,2891.1958051000,1.0000000000,0.0000000000,0.0000000000,0.0000000000,0.0000000000,0.0000000000,1.0000000000,0.0000000000,0.0000000000,1,1.0000000000,23.7293901165,AminDW,0.8834317418,2891.1958051000,0.0000000000,0.0000000000,0.0000000000,0.0000000000,0.0000000000
18142,18142,Cork,ED,2020,32.0000000000,1218.7169150000,0.9103647462,0.0000000000,0.0896352538,0.0000000000,0.0000000000,0.0000000000,0.9103647462,0.0896352538,0.0000000000,1,0.9103647462,24.0000000000,AminDW,0.7304585873,1218.7169150000,0.0000000000,0.0000000000,0.0000000000,0.0000000000,0.0000000000
18143,18143,Cork,ED,2020,51.0000000000,2182.5768290000,1.0000000000,0.0000000000,0.0000000000,0.0000000000,0.0000000000,0.0000000000,1.0000000000,0.0000000000,0.0000000000,1,1.0000000000,24.0000000000,AminDW,0.9173133346,2182.5768290000,180.4700000000,0.0826866654,0.0000000000,0.0000000000,0.0000000000
18144,18144,Cork,ED,2020,58.0000000000,2697.5938884000,0.4513527012,0.0000000000,0.5486472988,0.0000000000,0.0000000000,0.0000000000,0.4513527012,0.5486472988,0.0000000000,2,0.5486472988,23.8858241779,AminDW,0.8774238249,2697.5938884000,0.0000000000,0.0000000000,0.0000000000,0.0000000000,0.0000000000
18145,18145,Cork,ED,2020,55.0000000000,2261.2841724000,0.0723586208,0.0000000000,0.0000000000,0.9276413792,0.0000000000,0.0000000000,0.0723586208,0.9276413792,0.0000000000,2,0.9276413792,22.2189725148,AminPD,0.6267334893,2261.2841724000,0.0000000000,0.0000000000,0.0927641379,0.0927641379,0.0927641379
18146,18146,Cork,ED,2020,31.0000000000,1451.9430630000,0.0000000000,0.0000000000,0.0000000000,1.0000000000,0.0000000000,0.0000000000,0.0000000000,1.0000000000,0.0000000000,2,1.0000000000,21.5958596084,AminPD,0.8424731618,1451.9430630000,0.0000000000,0.0000000000,0.1000000000,0.1000000000,0.1000000000
18147,18147,Cork,ED,2020,50.0000000000,1337.1426363000,0.5004660863,0.0000000000,0.0000000000,0.0000000000,0.4995339137,0.0000000000,0.5004660863,0.0000000000,0.4995339137,1,0.5004660863,22.2916598439,AminDW,0.9103240362,1337.1426363000,0.0000000000,0.0000000000,0.0499533914,0.0499533914,0.4246038267
18148,18148,Cork,ED,2020,73.0000000000,3441.8732825000,0.0000000000,0.0000000000,0.0000000000,0.5841966532,0.4158033468,0.0000000000,0.0000000000,0.5841966532,0.4158033468,2,0.5841966532,20.3883307804,AminPD,0.9063778461,3441.8732825000,0.0000000000,0.0000000000,0.4742230121,0.4742230121,0.4742230121
18149,18149,Cork,ED,2020,26.0000000000,962.4403880000,0.0000000000,0.0000000000,0.0000000000,0.5249024763,0.4750975237,0.0000000000,0.0000000000,0.5249024763,0.4750975237,2,0.5249024763,18.9399116946,AminPD,0.4776972171,962.4403880000,241.7700000000,0.2512051687,0.5275877713,0.5275877713,0.5275877713
18150,18150,Cork,ED,2020,56.0000000000,2579.4002988000,0.0000000000,0.0000000000,0.0000000000,1.0000000000,0.0000000000,0.0000000000,0.0000000000,1.0000000000,0.0000000000,2,1.0000000000,22.0997279351,AminPD,0.8169749073,2579.4002988000,0.0000000000,0.0000000000,0.1000000000,0.1000000000,0.1000000000
18151,18151,Cork,ED,2020,51.0000000000,1685.6550752000,0.0000000000,0.0000000000,0.0000000000,1.0000000000,0.0000000000,0.0000000000,0.0000000000,1.0000000000,0.0000000000,2,1.0000000000,21.5027939182,AminPD,0.9217739839,1685.6550752000,0.0000000000,0.0000000000,0.1000000000,0.1000000000,0.1000000000
18152,18152,Cork,ED,2020,32.0000000000,1439.1743510000,0.8779000426,0.0000000000,0.0000000000,0.1220999574,0.0000000000,0.0000000000,0.8779000426,0.1220999574,0.0000000000,1,0.8779000426,23.7915471466,AminDW,0.4109115283,1439.1743510000,0.0000000000,0.0000000000,0.0122099957,0.0122099957,0.0122099957
18153,18153,Cork,ED,2020,35.0000000000,1838.9349130000,0.1507013642,0.0000000000,0.0000000000,0.8492986358,0.0000000000,0.0000000000,0.1507013642,0.8492986358,0.0000000000,2,0.8492986358,23.8666619475,AminPD,0.8160941382,1838.9349130000,0.0000000000,0.0000000000,0.0849298636,0.0849298636,0.0849298636
18154,18154,Cork,ED,2020,47.0000000000,1576.6608326000,0.0000000000,0.0000000000,0.0000000000,0.2661426953,0.7338573047,0.0000000000,0.0000000000,0.2661426953,0.7338573047,3,0.7338573047,19.6908451147,BktPt,0.3434661221,1576.6608326000,643.6995820000,0.4082676304,0.7604715742,0.7604715742,0.7604715742
18155,18155,Cork,ED,2020,36.0000000000,1666.9257141000,0.0000000000,0.0000000000,0.0000000000,0.4724561895,0.5275438105,0.0000000000,0.0000000000,0.4724561895,0.5275438105,3,0.5275438105,20.4388747652,BktPt,0.4535753073,1666.9257141000,1150.8342651000,0.6903932523,0.5747894295,0.5747894295,0.5747894295
18156,18156,Cork,ED,2020,32.0000000000,885.9734837000,0.8550402349,0.0000000000,0.0000000000,0.0000000000,0.1449597651,0.0000000000,0.8550402349,0.0000000000,0.1449597651,1,0.8550402349,23.4599743911,AminDW,0.9106705737,885.9734837000,0.0000000000,0.0000000000,0.0144959765,0.0144959765,0.1232158004
18157,18157,Cork,ED,2020,46.0000000000,1954.9633300000,0.0000000000,0.0000000000,0.0000000000,1.0000000000,0.0000000000,0.0000000000,0.0000000000,1.0000000000,0.0000000000,2,1.0000000000,23.7141463600,AminPD,0.9087092851,1954.9633300000,0.0000000000,0.0000000000,0.1000000000,0.1000000000,0.1000000000
18158,18158,Cork,ED,2020,39.0000000000,1561.3849313000,0.4582912129,0.0000000000,0.5417087871,0.0000000000,0.0000000000,0.0000000000,0.4582912129,0.5417087871,0.0000000000,2,0.5417087871,23.4233056244,AminPD,0.6844071983,1561.3849313000,0.0000000000,0.0000000000,0.0000000000,0.0000000000,0.0000000000
18159,18159,Cork,ED,2020,61.0000000000,2151.9383098000,0.0000000000,0.0000000000,0.0000000000,0.8270794050,0.1729205950,0.0000000000,0.0000000000,0.8270794050,0.1729205950,2,0.8270794050,21.1335935040,AminPD,0.6474599436,2151.9383098000,0.0000000000,0.0000000000,0.2556285355,0.2556285355,0.2556285355
18160,18160,Cork,ED,2020,10.0000000000,361.1930700000,1.0000000000,0.0000000000,0.0000000000,0.0000000000,0.0000000000,0.0000000000,1.0000000000,0.0000000000,0.0000000000,1,1.0000000000,23.7596853118,AminDW,1.0000000000,361.1930700000,0.0000000000,0.0000000000,0.0000000000,0.0000000000,0.0000000000
18161,18161,Cork,ED,2020,33.0000000000,1602.3675279000,0.2340824140,0.0000000000,0.0000000000,0.7659175860,0.0000000000,0.0000000000,0.2340824140,0.7659175860,0.0000000000,2,0.7659175860,23.8125274041,AminPD,0.8731326082,1602.3675279000,0.0000000000,0.0000000000,0.0765917586,0.0765917586,0.0765917586
18162,18162,Cork,ED,2020,41.0000000000,1823.4486150000,0.0000000000,0.0000000000,0.0000000000,1.0000000000,0.0000000000,0.0000000000,0.0000000000,1.0000000000,0.0000000000,2,1.0000000000,23.5929471256,AminPD,1.0000000000,1823.4486150000,0.0000000000,0.0000000000,0.1000000000,0.1000000000,0.1000000000
18163,18163,Cork,ED,2020,34.0000000000,1540.7081165000,0.0974227359,0.0000000000,0.0000000000,0.9025772641,0.0000000000,0.0000000000,0.0974227359,0.9025772641,0.0000000000,2,0.9025772641,23.9586696277,AminPD,0.8172917897,1540.7081165000,0.0000000000,0.0000000000,0.0902577264,0.0902577264,0.0902577264
18164,18164,Cork,ED,2020,42.0000000000,1487.8904428000,0.0000000000,0.0000000000,0.0000000000,0.6319461283,0.3680538717,0.0000000000,0.0000000000,0.6319461283,0.3680538717,2,0.6319461283,22.0197185534,AminDW,0.4653470377,1487.8904428000,496.5478788000,0.3337261028,0.4312484845,0.4312484845,0.4312484845
18165,18165,Cork,ED,2020,48.0000000000,1804.7081196000,0.0000000000,0.0000000000,0.0000000000,0.2646557088,0.7353442912,0.0000000000,0.0000000000,0.2646557088,0.7353442912,3,0.7353442912,20.3820604476,BktPt,0.2752912278,1804.7081196000,1063.2689940000,0.5891639664,0.7618098621,0.7618098621,0.7618098621
18166,18166,Cork,ED,2020,38.0000000000,2028.7197340000,0.1039916931,0.0000000000,0.0332222504,0.8627860565,0.0000000000,0.0000000000,0.1039916931,0.8960083069,0.0000000000,2,0.8960083069,21.9612187871,AminDW,0.4954217984,2028.7197340000,0.0000000000,0.0000000000,0.0862786056,0.0862786056,0.0862786056
18167,18167,Cork,ED,2020,59.0000000000,1886.6444650000,0.0000000000,0.0000000000,0.0000000000,0.6059594168,0.3940405832,0.0000000000,0.0000000000,0.6059594168,0.3940405832,2,0.6059594168,20.6806721509,AminPD,0.6266832209,1886.6444650000,320.5552290000,0.1699075978,0.4546365249,0.4546365249,0.4546365249
18168,18168,Cork,ED,2020,41.0000000000,2153.1659050000,0.6608993305,0.0000000000,0.0000000000,0.3391006695,0.0000000000,0.0000000000,0.6608993305,0.3391006695,0.0000000000,1,0.6608993305,23.2794134737,AminPD,0.5284266843,2153.1659050000,0.0000000000,0.0000000000,0.0067519182,0.0067519182,0.0067519182
18169,18169,Cork,ED,2020,15.0000000000,524.6255360000,0.0000000000,0.0000000000,0.0000000000,0.0000000000,1.0000000000,0.0000000000,0.0000000000,0.0000000000,1.0000000000,3,1.0000000000,19.8966632230,AminDW,0.6635695598,524.6255360000,176.5000000000,0.3364304402,0.1000000000,0.1000000000,0.8500000000
18170,18170,Cork,ED,2020,53.0000000000,2011.6195547000,0.0000000000,0.0000000000,0.0000000000,1.0000000000,0.0000000000,0.0000000000,0.0000000000,1.0000000000,0.0000000000,2,1.0000000000,21.5665767493,AminPD,0.7809216718,2011.6195547000,0.0000000000,0.0000000000,0.1000000000,0.1000000000,0.1000000000
18171,18171,Cork,ED,2020,54.0000000000,2288.5744753000,0.1831992336,0.0000000000,0.0000000000,0.8168007664,0.0000000000,0.0000000000,0.1831992336,0.8168007664,0.0000000000,2,0.8168007664,21.4531033855,AminDW,0.9015570931,2288.5744753000,0.0000000000,0.0000000000,0.0000000000,0.0000000000,0.0000000000
18172,18172,Cork,ED,2020,32.0000000000,1530.6634266000,0.4645386998,0.0000000000,0.0000000000,0.5354613002,0.0000000000,0.0000000000,0.4645386998,0.5354613002,0.0000000000,2,0.5354613002,22.6855634197,AminPD,0.6293340834,1530.6634266000,0.0000000000,0.0000000000,0.0535461300,0.0535461300,0.0535461300
18173,18173,Cork,ED,2020,32.0000000000,1608.8569090000,0.0698562311,0.0000000000,0.0000000000,0.9301437689,0.0000000000,0.0000000000,0.0698562311,0.9301437689,0.0000000000,2,0.9301437689,24.0000000000,AminDW,0.7149354151,1608.8569090000,0.0000000000,0.0000000000,0.0930143769,0.0930143769,0.0930143769
18174,18174,Cork,ED,2020,31.0000000000,1301.3971506000,0.0000000000,0.0000000000,0.0000000000,0.3783399436,0.6216600564,0.0000000000,0.0000000000,0.3783399436,0.6216600564,3,0.6216600564,20.2565550415,AminPD,0.5561942580,1301.3971506000,566.6288480000,0.4354004062,0.6594940507,0.6594940507,0.6594940507
18175,18175,Cork,ED,2020,33.0000000000,1071.6833050000,0.0000000000,0.0000000000,0.0000000000,0.0000000000,1.0000000000,0.0000000000,0.0000000000,0.0000000000,1.0000000000,3,1.0000000000,22.0093685457,AminDW,0.8987480728,1071.6833050000,0.0000000000,0.0000000000,0.1000000000,0.1000000000,0.8500000000
18176,18176,Cork,ED,2020,54.0000000000,2028.3913868000,0.0000000000,0.0000000000,0.1807790559,0.8192209441,0.0000000000,0.0000000000,0.0000000000,1.0000000000,0.0000000000,2,1.0000000000,21.7536593797,AminPD,0.9640601905,2028.3913868000,0.0000000000,0.0000000000,0.0819220944,0.0819220944,0.0909610472
18177,18177,Cork,ED,2020,36.0000000000,1238.8351737000,0.0000000000,0.0000000000,0.0000000000,0.4780463467,0.5219536533,0.0000000000,0.0000000000,0.4780463467,0.5219536533,3,0.5219536533,20.2812115999,AminPD,0.7461168729,1238.8351737000,314.5193478000,0.2538831271,0.5697582880,0.5697582880,0.5697582880
18178,18178,Cork,ED,2020,29.0000000000,1004.8252632000,1.0000000000,0.0000000000,0.0000000000,0.0000000000,0.0000000000,0.0000000000,1.0000000000,0.0000000000,0.0000000000,1,1.0000000000,21.6397482384,AminDW,0.9090389112,1004.8252632000,0.0000000000,0.0000000000,0.0000000000,0.0000000000,0.0000000000
18179,18179,Cork,ED,2020,30.0000000000,1379.2624858000,1.0000000000,0.0000000000,0.0000000000,0.0000000000,0.0000000000,0.0000000000,1.0000000000,0.0000000000,0.0000000000,1,1.0000000000,24.0000000000,AminDW,1.0000000000,1379.2624858000,0.0000000000,0.0000000000,0.0000000000,0.0000000000,0.0000000000
18180,18180,Cork,ED,2020,19.0000000000,826.1087889000,1.0000000000,0.0000000000,0.0000000000,0.0000000000,0.0000000000,0.0000000000,1.0000000000,0.0000000000,0.0000000000,1,1.0000000000,23.5438857387,AminDW,0.9091437545,826.1087889000,0.0000000000,0.0000000000,0.0000000000,0.0000000000,0.0000000000
18181,18181,Cork,ED,2020,15.0000000000,717.6517340000,1.0000000000,0.0000000000,0.0000000000,0.0000000000,0.0000000000,0.0000000000,1.0000000000,0.0000000000,0.0000000000,1,1.0000000000,20.7752046148,AminDW,1.0000000000,717.6517340000,0.0000000000,0.0000000000,0.0000000000,0.0000000000,0.0000000000
18182,18182,Cork,ED,2020,49.0000000000,2112.8886390000,1.0000000000,0.0000000000,0.0000000000,0.0000000000,0.0000000000,0.0000000000,1.0000000000,0.0000000000,0.0000000000,1,1.0000000000,23.5632736705,AminPD,0.5397117519,2112.8886390000,0.0000000000,0.0000000000,0.0000000000,0.0000000000,0.0000000000
18183,18183,Cork,ED,2020,23.0000000000,1292.5985300000,1.0000000000,0.0000000000,0.0000000000,0.0000000000,0.0000000000,0.0000000000,1.0000000000,0.0000000000,0.0000000000,1,1.0000000000,23.2740359994,AminDW,0.7529317939,1292.5985300000,0.0000000000,0.0000000000,0.0000000000,0.0000000000,0.0000000000
18184,18184,Cork,ED,2020,46.0000000000,1798.1091983000,1.0000000000,0.0000000000,0.0000000000,0.0000000000,0.0000000000,0.0000000000,1.0000000000,0.0000000000,0.0000000000,1,1.0000000000,23.2148190825,AminDW,0.9954391886,1798.1091983000,0.0000000000,0.0000000000,0.0000000000,0.0000000000,0.0000000000
18185,18185,Cork,ED,2020,23.0000000000,1109.3491160000,1.0000000000,0.0000000000,0.0000000000,0.0000000000,0.0000000000,0.0000000000,1.0000000000,0.0000000000,0.0000000000,1,1.0000000000,23.2857673670,AminDW,1.0000000000,1109.3491160000,0.0000000000,0.0000000000,0.0000000000,0.0000000000,0.0000000000
18186,18186,Cork,ED,2020,21.0000000000,797.3161167000,1.0000000000,0.0000000000,0.0000000000,0.0000000000,0.0000000000,0.0000000000,1.0000000000,0.0000000000,0.0000000000,1,1.0000000000,24.0000000000,AminDW,1.0000000000,797.3161167000,0.0000000000,0.0000000000,0.0000000000,0.0000000000,0.0000000000
18187,18187,Cork,ED,2020,27.0000000000,1306.2470611000,1.0000000000,0.0000000000,0.0000000000,0.0000000000,0.0000000000,0.0000000000,1.0000000000,0.0000000000,0.0000000000,1,1.0000000000,23.7320568134,AminDW,0.6353681205,1306.2470611000,0.0000000000,0.0000000000,0.0000000000,0.0000000000,0.0000000000
18188,18188,Cork,ED,2020,23.0000000000,1226.5946490000,1.0000000000,0.0000000000,0.0000000000,0.0000000000,0.0000000000,0.0000000000,1.0000000000,0.0000000000,0.0000000000,1,1.0000000000,23.5884963297,AminDW,0.9808412665,1226.5946490000,0.0000000000,0.0000000000,0.0000000000,0.0000000000,0.0000000000
18189,18189,Cork,ED,2020,71.0000000000,3428.8942336000,1.0000000000,0.0000000000,0.0000000000,0.0000000000,0.0000000000,0.0000000000,1.0000000000,0.0000000000,0.0000000000,1,1.0000000000,23.8869950749,AminDW,0.9499577070,3428.8942336000,0.0000000000,0.0000000000,0.0000000000,0.0000000000,0.0000000000
18190,18190,Cork,ED,2020,16.0000000000,772.3911330000,1.0000000000,0.0000000000,0.0000000000,0.0000000000,0.0000000000,0.0000000000,1.0000000000,0.0000000000,0.0000000000,1,1.0000000000,24.0000000000,AminDW,1.0000000000,772.3911330000,0.0000000000,0.0000000000,0.0000000000,0.0000000000,0.0000000000
18191,18191,Cork,ED,2020,17.0000000000,492.2807486000,1.0000000000,0.0000000000,0.0000000000,0.0000000000,0.0000000000,0.0000000000,1.0000000000,0.0000000000,0.0000000000,1,1.0000000000,24.0000000000,AminDW,1.0000000000,492.2807486000,0.0000000000,0.0000000000,0.0000000000,0.0000000000,0.0000000000
18192,18192,Cork,ED,2020,37.0000000000,2224.0246650000,1.0000000000,0.0000000000,0.0000000000,0.0000000000,0.0000000000,0.0000000000,1.0000000000,0.0000000000,0.0000000000,1,1.0000000000,24.0000000000,AminDW,0.9874102116,2224.0246650000,0.0000000000,0.0000000000,0.0000000000,0.0000000000,0.0000000000
18193,18193,Cork,ED,2020,41.0000000000,1412.0656418000,1.0000000000,0.0000000000,0.0000000000,0.0000000000,0.0000000000,0.0000000000,1.0000000000,0.0000000000,0.0000000000,1,1.0000000000,23.6912324845,AminDW,0.4202537695,1412.0656418000,0.0000000000,0.0000000000,0.0000000000,0.0000000000,0.0000000000
18194,18194,Cork,ED,2020,8.0000000000,684.8800000000,1.0000000000,0.0000000000,0.0000000000,0.0000000000,0.0000000000,0.0000000000,1.0000000000,0.0000000000,0.0000000000,1,1.0000000000,23.7035977105,AminDW,1.0000000000,684.8800000000,0.0000000000,0.0000000000,0.0000000000,0.0000000000,0.0000000000
18195,18195,Cork,ED,2020,7.0000000000,504.7355240000,1.0000000000,0.0000000000,0.0000000000,0.0000000000,0.0000000000,0.0000000000,1.0000000000,0.0000000000,0.0000000000,1,1.0000000000,24.0000000000,AminDW,1.0000000000,504.7355240000,0.0000000000,0.0000000000,0.0000000000,0.0000000000,0.0000000000
18196,18196,Cork,ED,2020,36.0000000000,1788.7627670000,1.0000000000,0.0000000000,0.0000000000,0.0000000000,0.0000000000,0.0000000000,1.0000000000,0.0000000000,0.0000000000,1,1.0000000000,23.5043501484,AminDW,0.5839919392,1788.7627670000,0.0000000000,0.0000000000,0.0000000000,0.0000000000,0.0000000000
18197,18197,Cork,ED,2020,40.0000000000,1496.6050320000,0.8210951492,0.0000000000,0.1789048508,0.0000000000,0.0000000000,0.0000000000,0.8210951492,0.1789048508,0.0000000000,1,0.8210951492,23.9410109026,AminDW,0.8018465436,1496.6050320000,0.0000000000,0.0000000000,0.0000000000,0.0000000000,0.0000000000
18198,18198,Cork,ED,2020,53.0000000000,1982.9231807000,0.9004350083,0.0000000000,0.0995649917,0.0000000000,0.0000000000,0.0000000000,0.9004350083,0.0995649917,0.0000000000,1,0.9004350083,23.1165568001,AminDW,1.0000000000,1982.9231807000,0.0000000000,0.0000000000,0.0000000000,0.0000000000,0.0000000000
18199,18199,Cork,ED,2020,47.0000000000,2005.8648940000,0.0000000000,0.0000000000,0.0000000000,0.0000000000,1.0000000000,0.0000000000,0.0000000000,0.0000000000,1.0000000000,3,1.0000000000,18.4259467557,AminSRPT,0.7427392186,2005.8648940000,1608.5145240000,0.8019057160,0.1000000000,0.1000000000,0.8500000000
18200,18200,Cork,ED,2020,29.0000000000,1053.6153540000,0.6561896838,0.0000000000,0.0000000000,0.0000000000,0.3438103162,0.0000000000,0.6561896838,0.0000000000,0.3438103162,1,0.6561896838,21.3545959923,AminDW,0.6898831943,1053.6153540000,0.0000000000,0.0000000000,0.0343810316,0.0343810316,0.2922387688
18201,18201,Cork,ED,2020,46.0000000000,2275.3717510000,0.9846178982,0.0000000000,0.0153821018,0.0000000000,0.0000000000,0.0000000000,0.9846178982,0.0153821018,0.0000000000,1,0.9846178982,22.9347145147,AminSW,0.5217433149,2275.3717510000,0.0000000000,0.0000000000,0.0000000000,0.0000000000,0.0000000000
18202,18202,Cork,ED,2020,33.0000000000,1504.6997616000,0.0579517604,0.0000000000,0.0000000000,0.0000000000,0.9420482396,0.0000000000,0.0579517604,0.0000000000,0.9420482396,3,0.9420482396,20.5532199022,AminSRPT,0.3728300904,1504.6997616000,634.3616181000,0.4215868403,0.0942048240,0.0942048240,0.8007410037
18203,18203,Cork,ED,2020,80.0000000000,3452.9166253000,0.1118812339,0.0000000000,0.3702593423,0.0000000000,0.5178594238,0.0000000000,0.1118812339,0.3702593423,0.5178594238,3,0.5178594238,22.0763385842,AminDW,0.4291887908,3452.9166253000,1025.2117870000,0.2969118280,0.0517859424,0.0517859424,0.4401805102
18204,18204,Cork,ED,2020,34.0000000000,1612.9017649000,0.7062752008,0.0000000000,0.2937247992,0.0000000000,0.0000000000,0.0000000000,0.7062752008,0.2937247992,0.0000000000,1,0.7062752008,24.0000000000,AminDW,0.8817911598,1612.9017649000,0.0000000000,0.0000000000,0.0000000000,0.0000000000,0.0000000000
18205,18205,Cork,ED,2020,40.0000000000,1461.0615460000,0.1537583010,0.0000000000,0.0000000000,0.0000000000,0.8462416990,0.0000000000,0.1537583010,0.0000000000,0.8462416990,3,0.8462416990,20.8714360237,AminDW,0.5081310517,1461.0615460000,110.7600000000,0.0758078948,0.0846241699,0.0846241699,0.7193054441
18206,18206,Cork,ED,2020,62.0000000000,2755.1470618000,0.0960928742,0.0000000000,0.0000000000,0.0000000000,0.9039071258,0.0000000000,0.0960928742,0.0000000000,0.9039071258,3,0.9039071258,19.1078404754,AminSW,0.4068374786,2755.1470618000,1006.7390660000,0.3654030233,0.0903907126,0.0903907126,0.7683210569
18207,18207,Cork,ED,2020,64.0000000000,2864.3085582000,0.2518413781,0.0000000000,0.3614979524,0.0000000000,0.3866606696,0.0000000000,0.2518413781,0.3614979524,0.3866606696,3,0.3866606696,23.0321503624,AminDW,0.9557205526,2864.3085582000,0.0000000000,0.0000000000,0.0386660670,0.0386660670,0.3286615691
18208,18208,Cork,ED,2020,33.0000000000,1487.8138476000,0.1724081715,0.0000000000,0.8275918285,0.0000000000,0.0000000000,0.0000000000,0.1724081715,0.8275918285,0.0000000000,2,0.8275918285,23.7437296738,AminDW,0.8661336199,1487.8138476000,0.0000000000,0.0000000000,0.0000000000,0.0000000000,0.0000000000
18209,18209,Cork,ED,2020,44.0000000000,1678.8721446000,0.2052679372,0.0000000000,0.0000000000,0.0000000000,0.7947320628,0.0000000000,0.2052679372,0.0000000000,0.7947320628,3,0.7947320628,21.8807641598,AminSRPT,0.5002486493,1678.8721446000,839.8535226000,0.5002486493,0.0794732063,0.0794732063,0.6755222534
18210,18210,Cork,ED,2020,71.0000000000,3771.4350019000,0.0000000000,0.0000000000,0.2294484674,0.0000000000,0.7705515326,0.0000000000,0.0000000000,0.2294484674,0.7705515326,3,0.7705515326,21.7251373537,AminDW,0.6164606522,3771.4350019000,626.3513000000,0.1660777130,0.0770551533,0.0770551533,0.6549688027
18211,18211,Cork,ED,2020,59.0000000000,2747.6660757000,0.0000000000,0.0000000000,0.5191219430,0.0000000000,0.4808780570,0.0000000000,0.0000000000,0.5191219430,0.4808780570,2,0.5191219430,22.5812734107,AminDW,0.6658354729,2747.6660757000,563.1225347000,0.2049457682,0.2325389971,0.2325389971,0.4394882137
18212,18212,Cork,ED,2020,59.0000000000,2155.6287691000,0.7394329844,0.0000000000,0.0000000000,0.0000000000,0.2605670156,0.0000000000,0.7394329844,0.0000000000,0.2605670156,1,0.7394329844,22.3122325828,AminDW,0.7457024051,2155.6287691000,0.0000000000,0.0000000000,0.0260567016,0.0260567016,0.2214819633
18213,18213,Cork,ED,2020,48.0000000000,1909.7133768000,0.8222360182,0.0000000000,0.1777639818,0.0000000000,0.0000000000,0.0000000000,0.8222360182,0.1777639818,0.0000000000,1,0.8222360182,23.3034648256,AminDW,0.6817451784,1909.7133768000,92.9300000000,0.0486617527,0.0000000000,0.0000000000,0.0000000000
18214,18214,Cork,ED,2020,34.0000000000,1458.9128180000,0.8478159639,0.0000000000,0.1521840361,0.0000000000,0.0000000000,0.0000000000,0.8478159639,0.1521840361,0.0000000000,1,0.8478159639,23.9873095296,AminDW,0.6071085764,1458.9128180000,0.0000000000,0.0000000000,0.0000000000,0.0000000000,0.0000000000
18215,18215,Cork,ED,2020,26.0000000000,1055.5847697000,0.9620628592,0.0000000000,0.0379371408,0.0000000000,0.0000000000,0.0000000000,0.9620628592,0.0379371408,0.0000000000,1,0.9620628592,23.0611838779,AminDW,0.8483945333,1055.5847697000,0.0000000000,0.0000000000,0.0000000000,0.0000000000,0.0000000000
18216,18216,Cork,ED,2020,50.0000000000,2160.4140170000,0.2069186723,0.0000000000,0.5436750381,0.0000000000,0.2494062896,0.0000000000,0.2069186723,0.5436750381,0.2494062896,2,0.5436750381,21.6003876687,AminDW,0.6834039778,2160.4140170000,236.9484840000,0.1096773499,0.1236502438,0.1236502438,0.2284469486
18217,18217,Cork,ED,2020,59.0000000000,2510.5538851000,0.0121267499,0.0000000000,0.2649697790,0.0000000000,0.7229034711,0.0000000000,0.0121267499,0.2649697790,0.7229034711,3,0.7229034711,22.9569870842,AminDW,0.5837464122,2510.5538851000,1045.0270620000,0.4162535878,0.0722903471,0.0722903471,0.6144679505
18218,18218,Cork,ED,2020,59.0000000000,2909.8292394000,0.0003008392,0.0000000000,0.0000000000,0.0000000000,0.8092618690,0.1904372918,0.0003008392,0.0000000000,0.9996991608,3,0.9996991608,19.5604005262,AminDW,0.4647630551,2909.8292394000,1124.8095918000,0.3865551891,0.1285355099,0.1285355099,0.7450037762
18219,18219,Cork,ED,2020,55.0000000000,2138.6328162000,0.0442896089,0.0000000000,0.6309468343,0.0000000000,0.3247635568,0.0000000000,0.0442896089,0.6309468343,0.3247635568,2,0.6309468343,21.9294154815,AminDW,0.4109448389,2138.6328162000,631.4800000000,0.2952727533,0.0324763557,0.0324763557,0.2760490232
18220,18220,Cork,ED,2020,53.0000000000,2628.7946848000,0.8223672610,0.0000000000,0.1776327390,0.0000000000,0.0000000000,0.0000000000,0.8223672610,0.1776327390,0.0000000000,1,0.8223672610,23.7180674230,AminDW,0.8680459900,2628.7946848000,0.0000000000,0.0000000000,0.0000000000,0.0000000000,0.0000000000
18221,18221,Cork,ED,2020,31.0000000000,1185.4850340000,0.0000000000,0.0000000000,0.0000000000,0.5261899460,0.4738100540,0.0000000000,0.0000000000,0.5261899460,0.4738100540,2,0.5261899460,24.0000000000,AminDW,0.6315104751,1185.4850340000,0.0000000000,0.0000000000,0.4738100540,0.4738100540,0.4738100540
18222,18222,Cork,ED,2020,49.0000000000,1849.2427470000,0.7998354626,0.0000000000,0.0000000000,0.2001645374,0.0000000000,0.0000000000,0.7998354626,0.2001645374,0.0000000000,1,0.7998354626,23.8377714335,AminPD,0.8317622273,1849.2427470000,0.0000000000,0.0000000000,0.0200164537,0.0200164537,0.0200164537
18223,18223,Cork,ED,2020,79.0000000000,3181.1171305000,0.4637465397,0.0000000000,0.5362534603,0.0000000000,0.0000000000,0.0000000000,0.4637465397,0.5362534603,0.0000000000,2,0.5362534603,24.0000000000,AminDW,1.0000000000,3181.1171305000,0.0000000000,0.0000000000,0.0000000000,0.0000000000,0.0000000000
18224,18224,Cork,ED,2020,56.0000000000,2285.2013405000,1.0000000000,0.0000000000,0.0000000000,0.0000000000,0.0000000000,0.0000000000,1.0000000000,0.0000000000,0.0000000000,1,1.0000000000,23.8946788645,AminDW,0.7768287298,2285.2013405000,0.0000000000,0.0000000000,0.0000000000,0.0000000000,0.0000000000
18225,18225,Cork,ED,2020,31.0000000000,1358.3917435000,0.5021700148,0.0000000000,0.0000000000,0.4978299852,0.0000000000,0.0000000000,0.5021700148,0.4978299852,0.0000000000,1,0.5021700148,23.9681976866,AminPD,0.5433557293,1358.3917435000,0.0000000000,0.0000000000,0.0497829985,0.0497829985,0.0497829985
18226,18226,Cork,ED,2020,13.0000000000,847.9105960000,1.0000000000,0.0000000000,0.0000000000,0.0000000000,0.0000000000,0.0000000000,1.0000000000,0.0000000000,0.0000000000,1,1.0000000000,22.7498681995,AminDW,0.6329522623,847.9105960000,0.0000000000,0.0000000000,0.0000000000,0.0000000000,0.0000000000
18227,18227,Cork,ED,2020,69.0000000000,3071.8908066000,0.2975137046,0.0000000000,0.0000000000,0.7024862954,0.0000000000,0.0000000000,0.2975137046,0.7024862954,0.0000000000,2,0.7024862954,22.4180050705,AminPD,0.4553007457,3071.8908066000,0.0000000000,0.0000000000,0.0055513041,0.0055513041,0.0055513041
18228,18228,Cork,ED,2020,32.0000000000,1888.3934693000,1.0000000000,0.0000000000,0.0000000000,0.0000000000,0.0000000000,0.0000000000,1.0000000000,0.0000000000,0.0000000000,1,1.0000000000,23.8517258164,AminPD,0.5677291442,1888.3934693000,0.0000000000,0.0000000000,0.0000000000,0.0000000000,0.0000000000
18229,18229,Cork,ED,2020,49.0000000000,1839.8013281000,0.9310680501,0.0000000000,0.0000000000,0.0689319499,0.0000000000,0.0000000000,0.9310680501,0.0689319499,0.0000000000,1,0.9310680501,23.3187886872,AminDW,0.9270650604,1839.8013281000,0.0000000000,0.0000000000,0.0068931950,0.0068931950,0.0068931950
18230,18230,Cork,ED,2020,93.0000000000,3584.5877983000,0.3690591146,0.0000000000,0.6267679231,0.0000000000,0.0041729623,0.0000000000,0.3690591146,0.6267679231,0.0041729623,2,0.6267679231,23.7599805011,AminDW,0.7647259709,3584.5877983000,0.0000000000,0.0000000000,0.0004172962,0.0004172962,0.0035470180
18231,18231,Cork,ED,2020,31.0000000000,1412.3108669000,0.8264540458,0.0000000000,0.0000000000,0.1735459542,0.0000000000,0.0000000000,0.8264540458,0.1735459542,0.0000000000,1,0.8264540458,23.3963287765,AminDW,0.8440847251,1412.3108669000,85.0000000000,0.0601850499,0.0000000000,0.0000000000,0.0150462625
18232,18232,Cork,ED,2020,50.0000000000,2095.5106899000,0.8954690219,0.0000000000,0.0000000000,0.1045309781,0.0000000000,0.0000000000,0.8954690219,0.1045309781,0.0000000000,1,0.8954690219,24.0000000000,AminDW,0.6113668296,2095.5106899000,0.0000000000,0.0000000000,0.0104530978,0.0104530978,0.0104530978
18233,18233,Cork,ED,2020,91.0000000000,3992.5184324000,0.5356242973,0.0000000000,0.1830613420,0.0000000000,0.2813143608,0.0000000000,0.5356242973,0.1830613420,0.2813143608,1,0.5356242973,22.9103352193,AminDW,0.5469261421,3992.5184324000,212.2578410000,0.0531638976,0.0386360839,0.0386360839,0.2408679813
18234,18234,Cork,ED,2020,43.0000000000,1867.4254136000,0.2306271655,0.0000000000,0.0000000000,0.7693728345,0.0000000000,0.0000000000,0.2306271655,0.7693728345,0.0000000000,2,0.7693728345,23.1918880447,AminDW,0.7310246166,1867.4254136000,0.0000000000,0.0000000000,0.0341098409,0.0341098409,0.0341098409
18235,18235,Cork,ED,2020,55.0000000000,2527.8832690000,0.2065685815,0.0000000000,0.1684191751,0.6250122434,0.0000000000,0.0000000000,0.2065685815,0.7934314185,0.0000000000,2,0.7934314185,23.8006237051,AminPD,0.5781667259,2527.8832690000,0.0000000000,0.0000000000,0.0625012243,0.0625012243,0.0625012243
18236,18236,Cork,ED,2020,41.0000000000,1883.2878816000,0.6145102903,0.0000000000,0.0000000000,0.3854897097,0.0000000000,0.0000000000,0.6145102903,0.3854897097,0.0000000000,1,0.6145102903,24.0000000000,AminPD,0.8002657232,1883.2878816000,0.0000000000,0.0000000000,0.0000000000,0.0000000000,0.0000000000
18237,18237,Cork,ED,2020,39.0000000000,1852.3288910000,0.6979154173,0.0000000000,0.1749473334,0.0000000000,0.1271372493,0.0000000000,0.6979154173,0.1749473334,0.1271372493,1,0.6979154173,23.6188850892,AminDW,0.7056339349,1852.3288910000,0.0000000000,0.0000000000,0.0127137249,0.0127137249,0.1080666619
18238,18238,Cork,ED,2020,68.0000000000,3089.7810566000,0.2175764650,0.0000000000,0.7824235350,0.0000000000,0.0000000000,0.0000000000,0.2175764650,0.7824235350,0.0000000000,2,0.7824235350,23.5419277835,AminDW,0.8140867202,3089.7810566000,47.1000000000,0.0152437986,0.0000000000,0.0000000000,0.0000000000
18239,18239,Cork,ED,2020,29.0000000000,1132.9074570000,0.2340901566,0.0000000000,0.0000000000,0.7659098434,0.0000000000,0.0000000000,0.2340901566,0.7659098434,0.0000000000,2,0.7659098434,23.9406432471,AminDW,0.6856866386,1132.9074570000,0.0000000000,0.0000000000,0.0000000000,0.0000000000,0.0000000000
18240,18240,Cork,ED,2020,43.0000000000,1142.8564770000,0.9476749695,0.0000000000,0.0000000000,0.0523250305,0.0000000000,0.0000000000,0.9476749695,0.0523250305,0.0000000000,1,0.9476749695,23.9742358480,AminDW,0.7637306430,1142.8564770000,0.0000000000,0.0000000000,0.0000000000,0.0000000000,0.0130812576
18241,18241,Cork,ED,2020,25.0000000000,880.7769040000,0.5139059891,0.0000000000,0.0000000000,0.4860940109,0.0000000000,0.0000000000,0.5139059891,0.4860940109,0.0000000000,1,0.5139059891,24.0000000000,AminDW,0.5534165619,880.7769040000,0.0000000000,0.0000000000,0.0000000000,0.0000000000,0.1215235027
18242,18242,Cork,ED,2020,31.0000000000,1456.9760646000,0.3394780484,0.0000000000,0.0000000000,0.4551682757,0.2053536759,0.0000000000,0.3394780484,0.4551682757,0.2053536759,2,0.4551682757,23.8577327349,AminPD,0.4406871805,1456.9760646000,0.0000000000,0.0000000000,0.2053536759,0.2053536759,0.2053536759
18243,18243,Cork,ED,2020,7.0000000000,242.5114800000,0.0000000000,0.0000000000,0.0000000000,0.9527431856,0.0472568144,0.0000000000,0.0000000000,0.9527431856,0.0472568144,2,0.9527431856,24.0000000000,AminPD,0.9527431856,242.5114800000,0.0000000000,0.0000000000,0.0472568144,0.0472568144,0.2854426108
18244,18244,Cork,ED,2020,34.0000000000,1508.3279277000,0.6347903364,0.0000000000,0.0000000000,0.3652096636,0.0000000000,0.0000000000,0.6347903364,0.3652096636,0.0000000000,1,0.6347903364,23.7361500979,AminDW,0.6347903364,1508.3279277000,0.0000000000,0.0000000000,0.0365209664,0.0365209664,0.0365209664
18245,18245,Cork,ED,2020,31.0000000000,1073.7993707000,1.0000000000,0.0000000000,0.0000000000,0.0000000000,0.0000000000,0.0000000000,1.0000000000,0.0000000000,0.0000000000,1,1.0000000000,24.0000000000,AminPD,0.5485362327,1073.7993707000,0.0000000000,0.0000000000,0.0000000000,0.0000000000,0.0000000000
18246,18246,Cork,ED,2020,38.0000000000,1738.0225224000,1.0000000000,0.0000000000,0.0000000000,0.0000000000,0.0000000000,0.0000000000,1.0000000000,0.0000000000,0.0000000000,1,1.0000000000,23.1121707149,AminDW,0.9504321728,1738.0225224000,0.0000000000,0.0000000000,0.0000000000,0.0000000000,0.0000000000
18247,18247,Cork,ED,2020,33.0000000000,1529.4040347000,1.0000000000,0.0000000000,0.0000000000,0.0000000000,0.0000000000,0.0000000000,1.0000000000,0.0000000000,0.0000000000,1,1.0000000000,23.5836854189,AminDW,0.4743708338,1529.4040347000,0.0000000000,0.0000000000,0.0000000000,0.0000000000,0.0000000000
18248,18248,Cork,ED,2020,18.0000000000,779.3295290000,0.6549585727,0.0000000000,0.3450414273,0.0000000000,0.0000000000,0.0000000000,0.6549585727,0.3450414273,0.0000000000,1,0.6549585727,23.3919131993,AminDW,0.9345591331,779.3295290000,0.0000000000,0.0000000000,0.0000000000,0.0000000000,0.0000000000
18249,18249,Cork,ED,2020,67.0000000000,3271.0714185000,0.9257771892,0.0000000000,0.0742228108,0.0000000000,0.0000000000,0.0000000000,0.9257771892,0.0742228108,0.0000000000,1,0.9257771892,24.0000000000,AminDW,1.0000000000,3271.0714185000,0.0000000000,0.0000000000,0.0000000000,0.0000000000,0.0000000000
18250,18250,Cork,ED,2020,39.0000000000,1878.9381450000,1.0000000000,0.0000000000,0.0000000000,0.0000000000,0.0000000000,0.0000000000,1.0000000000,0.0000000000,0.0000000000,1,1.0000000000,24.0000000000,AminDW,0.7111571643,1878.9381450000,0.0000000000,0.0000000000,0.0000000000,0.0000000000,0.0000000000
18251,18251,Cork,ED,2020,22.0000000000,561.0015985000,0.3624137419,0.0000000000,0.6375862581,0.0000000000,0.0000000000,0.0000000000,0.3624137419,0.6375862581,0.0000000000,2,0.6375862581,24.0000000000,AminDW,1.0000000000,561.0015985000,0.0000000000,0.0000000000,0.0000000000,0.0000000000,0.0000000000
18252,18252,Cork,ED,2020,45.0000000000,2290.9484160000,1.0000000000,0.0000000000,0.0000000000,0.0000000000,0.0000000000,0.0000000000,1.0000000000,0.0000000000,0.0000000000,1,1.0000000000,23.6507996451,AminDW,0.5884718497,2290.9484160000,0.0000000000,0.0000000000,0.0000000000,0.0000000000,0.0000000000
18253,18253,Cork,ED,2020,29.0000000000,1369.8012535000,1.0000000000,0.0000000000,0.0000000000,0.0000000000,0.0000000000,0.0000000000,1.0000000000,0.0000000000,0.0000000000,1,1.0000000000,23.8925391551,AminDW,1.0000000000,1369.8012535000,0.0000000000,0.0000000000,0.0000000000,0.0000000000,0.0000000000
18254,18254,Cork,ED,2020,22.0000000000,1033.5037690000,1.0000000000,0.0000000000,0.0000000000,0.0000000000,0.0000000000,0.0000000000,1.0000000000,0.0000000000,0.0000000000,1,1.0000000000,24.0000000000,AminDW,1.0000000000,1033.5037690000,0.0000000000,0.0000000000,0.0000000000,0.0000000000,0.0000000000
18255,18255,Cork,ED,2020,42.0000000000,2043.2121746000,1.0000000000,0.0000000000,0.0000000000,0.0000000000,0.0000000000,0.0000000000,1.0000000000,0.0000000000,0.0000000000,1,1.0000000000,23.6774196982,AminDW,1.0000000000,2043.2121746000,0.0000000000,0.0000000000,0.0000000000,0.0000000000,0.0000000000
18256,18256,Cork,ED,2020,31.0000000000,1383.3753462000,1.0000000000,0.0000000000,0.0000000000,0.0000000000,0.0000000000,0.0000000000,1.0000000000,0.0000000000,0.0000000000,1,1.0000000000,23.3236005669,AminDW,0.7429114224,1383.3753462000,0.0000000000,0.0000000000,0.0000000000,0.0000000000,0.0000000000
18257,18257,Cork,ED,2020,49.0000000000,2077.2856238000,1.0000000000,0.0000000000,0.0000000000,0.0000000000,0.0000000000,0.0000000000,1.0000000000,0.0000000000,0.0000000000,1,1.0000000000,24.0000000000,AminDW,0.7664885394,2077.2856238000,0.0000000000,0.0000000000,0.0000000000,0.0000000000,0.0000000000
18258,18258,Cork,ED,2020,40.0000000000,1632.3280263000,1.0000000000,0.0000000000,0.0000000000,0.0000000000,0.0000000000,0.0000000000,1.0000000000,0.0000000000,0.0000000000,1,1.0000000000,23.5636903438,AminDW,0.9753237589,1632.3280263000,0.0000000000,0.0000000000,0.0000000000,0.0000000000,0.0000000000
18259,18259,Cork,ED,2020,49.0000000000,2119.8391330000,0.8294874274,0.0000000000,0.1705125726,0.0000000000,0.0000000000,0.0000000000,0.8294874274,0.1705125726,0.0000000000,1,0.8294874274,23.8258892412,AminDW,0.8656454655,2119.8391330000,206.3100000000,0.0973234227,0.0000000000,0.0000000000,0.0000000000
18260,18260,Cork,ED,2020,66.0000000000,2609.4390037000,1.0000000000,0.0000000000,0.0000000000,0.0000000000,0.0000000000,0.0000000000,1.0000000000,0.0000000000,0.0000000000,1,1.0000000000,23.7443895032,AminDW,0.6830513832,2609.4390037000,0.0000000000,0.0000000000,0.0000000000,0.0000000000,0.0000000000
18261,18261,Cork,ED,2020,23.0000000000,1158.9699610000,1.0000000000,0.0000000000,0.0000000000,0.0000000000,0.0000000000,0.0000000000,1.0000000000,0.0000000000,0.0000000000,1,1.0000000000,24.0000000000,AminDW,0.5695763274,1158.9699610000,0.0000000000,0.0000000000,0.0000000000,0.0000000000,0.0000000000
18262,18262,Cork,ED,2020,22.0000000000,1446.9568623000,1.0000000000,0.0000000000,0.0000000000,0.0000000000,0.0000000000,0.0000000000,1.0000000000,0.0000000000,0.0000000000,1,1.0000000000,24.0000000000,AminDW,0.8686208242,1446.9568623000,0.0000000000,0.0000000000,0.0000000000,0.0000000000,0.0000000000
18263,18263,Cork,ED,2020,44.0000000000,1980.9380612000,0.4247898328,0.0000000000,0.5752101672,0.0000000000,0.0000000000,0.0000000000,0.4247898328,0.5752101672,0.0000000000,2,0.5752101672,24.0000000000,AminDW,0.9598797663,1980.9380612000,0.0000000000,0.0000000000,0.0000000000,0.0000000000,0.0000000000
18264,18264,Cork,ED,2020,43.0000000000,2184.5652164000,0.7404008152,0.0000000000,0.2595991848,0.0000000000,0.0000000000,0.0000000000,0.7404008152,0.2595991848,0.0000000000,1,0.7404008152,24.0000000000,AminDW,0.9848024679,2184.5652164000,0.0000000000,0.0000000000,0.0000000000,0.0000000000,0.0000000000
18265,18265,Cork,ED,2020,64.0000000000,2649.5097869000,0.0000000000,0.0000000000,0.0000000000,0.5549112478,0.4450887522,0.0000000000,0.0000000000,0.5549112478,0.4450887522,2,0.5549112478,19.0442640059,AminPD,0.5059017553,2649.5097869000,265.2511300000,0.1001132856,0.1000000000,0.1000000000,0.4338165642
18266,18266,Cork,ED,2020,83.0000000000,3838.4736909000,0.1587952793,0.0000000000,0.0000000000,0.1592679659,0.6819367547,0.0000000000,0.1587952793,0.1592679659,0.6819367547,3,0.6819367547,20.5823782854,AminDW,0.3616253844,3838.4736909000,1940.0775959000,0.5054294368,0.1509952261,0.1509952261,0.6067188305
18267,18267,Cork,ED,2020,33.0000000000,1257.4043660000,0.0000000000,0.0000000000,0.0000000000,0.0000000000,1.0000000000,0.0000000000,0.0000000000,0.0000000000,1.0000000000,3,1.0000000000,22.3715728883,AminDW,0.7345942976,1257.4043660000,282.0222890000,0.2242892554,0.3018603299,0.3018603299,0.8836433883
18268,18268,Cork,ED,2020,43.0000000000,1297.6410022000,0.0000000000,0.0000000000,0.0000000000,1.0000000000,0.0000000000,0.0000000000,0.0000000000,1.0000000000,0.0000000000,2,1.0000000000,20.8894009900,AminPD,0.7894410730,1297.6410022000,86.4855900000,0.0666483179,0.1000000000,0.1000000000,0.1000000000
18269,18269,Cork,ED,2020,23.0000000000,943.5033737000,0.0000000000,0.0000000000,0.0000000000,1.0000000000,0.0000000000,0.0000000000,0.0000000000,1.0000000000,0.0000000000,2,1.0000000000,21.8337170340,AminPD,1.0000000000,943.5033737000,0.0000000000,0.0000000000,0.1000000000,0.1000000000,0.1000000000
18270,18270,Cork,ED,2020,49.0000000000,1729.9433900000,0.0000000000,0.0000000000,0.0000000000,1.0000000000,0.0000000000,0.0000000000,0.0000000000,1.0000000000,0.0000000000,2,1.0000000000,21.1036008456,AminPD,0.8874420804,1729.9433900000,0.0000000000,0.0000000000,0.1000000000,0.1000000000,0.1000000000
18271,18271,Cork,ED,2020,59.0000000000,1968.6254089000,0.1835594645,0.0000000000,0.0000000000,0.0000000000,0.8164405355,0.0000000000,0.1835594645,0.0000000000,0.8164405355,3,0.8164405355,22.4060360185,AminDW,0.7184632636,1968.6254089000,0.0000000000,0.0000000000,0.1907389662,0.1907389662,0.7121569406
18272,18272,Cork,ED,2020,40.0000000000,1549.4892440000,0.3189309006,0.0000000000,0.0000000000,0.6810690994,0.0000000000,0.0000000000,0.3189309006,0.6810690994,0.0000000000,2,0.6810690994,23.0673864142,AminPD,0.7919535349,1549.4892440000,11.0600800000,0.0071378876,0.0681069099,0.0681069099,0.0681069099
18273,18273,Cork,ED,2020,45.0000000000,2164.9932414000,0.0000000000,0.0000000000,0.0000000000,0.0000000000,1.0000000000,0.0000000000,0.0000000000,0.0000000000,1.0000000000,3,1.0000000000,21.6829363833,AminDW,0.7177706292,2164.9932414000,251.5900000000,0.1162082150,0.1847873317,0.1847873317,0.8641312219
18274,18274,Cork,ED,2020,64.0000000000,2178.1663266000,0.0000000000,0.0000000000,0.0000000000,1.0000000000,0.0000000000,0.0000000000,0.0000000000,1.0000000000,0.0000000000,2,1.0000000000,20.0048698156,AminPD,0.7392881561,2178.1663266000,519.1096253000,0.2383241440,0.1000000000,0.1000000000,0.1000000000
18275,18275,Cork,ED,2020,34.0000000000,1685.9666391000,0.7596124380,0.0000000000,0.0000000000,0.0000000000,0.2403875620,0.0000000000,0.7596124380,0.0000000000,0.2403875620,1,0.7596124380,23.8071415333,AminDW,0.7682714296,1685.9666391000,292.7112291000,0.1736162640,0.0240387562,0.0240387562,0.2043294277
18276,18276,Cork,ED,2020,49.0000000000,2100.5165810000,0.0000000000,0.0000000000,0.0000000000,1.0000000000,0.0000000000,0.0000000000,0.0000000000,1.0000000000,0.0000000000,2,1.0000000000,23.2607705866,AminPD,0.8556990986,2100.5165810000,156.8064360000,0.0746513679,0.1000000000,0.1000000000,0.1000000000
18277,18277,Cork,ED,2020,31.0000000000,1582.4754090000,0.3252494649,0.0000000000,0.0000000000,0.1250951508,0.5496553842,0.0000000000,0.3252494649,0.1250951508,0.5496553842,3,0.5496553842,22.8547057416,AminDW,0.7529629859,1582.4754090000,0.0000000000,0.0000000000,0.0549655384,0.0549655384,0.4984808643
18278,18278,Cork,ED,2020,52.0000000000,1991.5146198000,1.0000000000,0.0000000000,0.0000000000,0.0000000000,0.0000000000,0.0000000000,1.0000000000,0.0000000000,0.0000000000,1,1.0000000000,23.5809379998,AminDW,0.9601523674,1991.5146198000,0.0000000000,0.0000000000,0.0000000000,0.0000000000,0.0000000000
18279,18279,Cork,ED,2020,41.0000000000,1551.0384910000,0.9556675734,0.0000000000,0.0000000000,0.0443324266,0.0000000000,0.0000000000,0.9556675734,0.0443324266,0.0000000000,1,0.9556675734,24.0000000000,AminDW,0.5415502324,1551.0384910000,0.0000000000,0.0000000000,0.0000000000,0.0000000000,0.0110831066
18280,18280,Cork,ED,2020,29.0000000000,1135.6926346000,0.3159046700,0.0000000000,0.0000000000,0.6750425901,0.0090527399,0.0000000000,0.3159046700,0.6750425901,0.0090527399,2,0.6750425901,23.6227853541,AminPD,0.5260393168,1135.6926346000,0.0000000000,0.0000000000,0.0090527399,0.0090527399,0.1778133874
18281,18281,Cork,ED,2020,19.0000000000,835.0424500000,0.7617097789,0.0000000000,0.0000000000,0.2382902211,0.0000000000,0.0000000000,0.7617097789,0.2382902211,0.0000000000,1,0.7617097789,23.5149947167,AminDW,0.5828685715,835.0424500000,0.0000000000,0.0000000000,0.0000000000,0.0000000000,0.0595725553
18282,18282,Cork,ED,2020,42.0000000000,2010.8552327000,0.7069026017,0.0000000000,0.2930973983,0.0000000000,0.0000000000,0.0000000000,0.7069026017,0.2930973983,0.0000000000,1,0.7069026017,24.0000000000,AminDW,1.0000000000,2010.8552327000,0.0000000000,0.0000000000,0.0000000000,0.0000000000,0.0000000000
18283,18283,Cork,ED,2020,31.0000000000,1367.5942379000,0.6224305927,0.0000000000,0.0000000000,0.3775694073,0.0000000000,0.0000000000,0.6224305927,0.3775694073,0.0000000000,1,0.6224305927,23.2853065208,AminDW,0.6224305927,1367.5942379000,0.0000000000,0.0000000000,0.0000000000,0.0000000000,0.0943923518
18284,18284,Cork,ED,2020,116.0000000000,3920.3122695000,0.6305440994,0.0000000000,0.1493299025,0.1282968464,0.0918291517,0.0000000000,0.6305440994,0.2776267489,0.0918291517,1,0.6305440994,23.4287343359,AminDW,0.8609463791,3920.3122695000,0.0000000000,0.0000000000,0.0091829152,0.0091829152,0.1101289906
18285,18285,Cork,ED,2020,42.0000000000,1628.8170812000,0.1648496956,0.0000000000,0.0000000000,0.8317016507,0.0034486537,0.0000000000,0.1648496956,0.8317016507,0.0034486537,2,0.8317016507,22.8899445144,AminPD,0.6053420555,1628.8170812000,0.0000000000,0.0000000000,0.0003448654,0.0003448654,0.2108567683
18286,18286,Cork,ED,2020,32.0000000000,1282.8857000000,0.8611383181,0.0000000000,0.0000000000,0.0000000000,0.1388616819,0.0000000000,0.8611383181,0.0000000000,0.1388616819,1,0.8611383181,21.3988872867,AminSW,0.4315184977,1282.8857000000,368.3447400000,0.2871220250,0.0138861682,0.0138861682,0.1180324296
18287,18287,Cork,ED,2020,48.0000000000,1722.5081807000,0.8716570930,0.0000000000,0.0000000000,0.0000000000,0.1283429070,0.0000000000,0.8716570930,0.0000000000,0.1283429070,1,0.8716570930,21.8464005910,AminSW,0.3973588622,1722.5081807000,411.4065537000,0.2388415674,0.0128342907,0.0128342907,0.1090914709
18288,18288,Cork,ED,2020,45.0000000000,1586.4798718000,0.9571630241,0.0000000000,0.0000000000,0.0000000000,0.0428369759,0.0000000000,0.9571630241,0.0000000000,0.0428369759,1,0.9571630241,23.8455448415,AminDW,0.8585846718,1586.4798718000,1.8698060000,0.0011785879,0.0428369759,0.0428369759,0.0428369759
18289,18289,Cork,ED,2020,45.0000000000,1733.5071000000,0.8925300046,0.0000000000,0.0000000000,0.0000000000,0.1074699954,0.0000000000,0.8925300046,0.0000000000,0.1074699954,1,0.8925300046,21.7623290081,AminSW,0.3752819518,1733.5071000000,538.4961360000,0.3106397061,0.1074699954,0.1074699954,0.1074699954
18290,18290,Cork,ED,2020,25.0000000000,766.2997241000,0.7646106210,0.0000000000,0.0000000000,0.0000000000,0.2353893790,0.0000000000,0.7646106210,0.0000000000,0.2353893790,1,0.7646106210,19.2405124357,AminDW,0.3467996812,766.2997241000,237.8491862000,0.3103866264,0.0235389379,0.0235389379,0.0235389379
18291,18291,Cork,ED,2020,56.0000000000,1616.0929936000,0.4400580206,0.0000000000,0.0000000000,0.3608249074,0.1991170720,0.0000000000,0.4400580206,0.3608249074,0.1991170720,1,0.4400580206,22.3167270728,AminPD,0.4080621076,1616.0929936000,323.6427127000,0.2002624317,0.1991170720,0.1991170720,0.2893232989
18292,18292,Cork,ED,2020,57.0000000000,2205.7242679000,1.0000000000,0.0000000000,0.0000000000,0.0000000000,0.0000000000,0.0000000000,1.0000000000,0.0000000000,0.0000000000,1,1.0000000000,22.0029841299,AminDW,0.6107749342,2205.7242679000,0.0000000000,0.0000000000,0.0000000000,0.0000000000,0.0000000000
18293,18293,Cork,ED,2020,45.0000000000,1550.4343201000,0.5184467518,0.0000000000,0.0000000000,0.0000000000,0.4815532482,0.0000000000,0.5184467518,0.0000000000,0.4815532482,1,0.5184467518,18.3842146209,AminSW,0.8438809546,1550.4343201000,65.9100000000,0.0425106689,0.0481553248,0.0481553248,0.0481553248
18294,18294,Cork,ED,2020,53.0000000000,1648.1450354000,0.3370864456,0.0000000000,0.0000000000,0.0000000000,0.6629135544,0.0000000000,0.3370864456,0.0000000000,0.6629135544,3,0.6629135544,21.1460126961,AminSW,0.4059426417,1648.1450354000,488.5932898000,0.2964504211,0.2167876134,0.2167876134,0.5885592309
18295,18295,Cork,ED,2020,49.0000000000,1292.5068067000,0.5876694952,0.0000000000,0.0000000000,0.0000000000,0.4123305048,0.0000000000,0.5876694952,0.0000000000,0.4123305048,1,0.5876694952,22.0435391993,AminDW,0.4626465274,1292.5068067000,532.9399840000,0.4123305048,0.0412330505,0.0412330505,0.3504809290
18296,18296,Cork,ED,2020,37.0000000000,1196.7261074000,0.4381284462,0.0000000000,0.0000000000,0.0000000000,0.5618715538,0.0000000000,0.4381284462,0.0000000000,0.5618715538,3,0.5618715538,20.3161539063,AminDW,0.8545378287,1196.7261074000,119.8670670000,0.1001624902,0.2115472125,0.2115472125,0.5034841636
18297,18297,Cork,ED,2020,35.0000000000,1363.0219049000,0.0300802209,0.0000000000,0.4711577874,0.0000000000,0.4987619917,0.0000000000,0.0300802209,0.4711577874,0.4987619917,3,0.4987619917,19.1475484567,AminSRPT,0.6352115339,1363.0219049000,1142.6606750000,0.8383289153,0.4987619917,0.4987619917,0.4987619917
18298,18298,Cork,ED,2020,49.0000000000,1577.6506596500,0.7075445364,0.0000000000,0.1892321302,0.0000000000,0.1032233334,0.0000000000,0.7075445364,0.1892321302,0.1032233334,1,0.7075445364,21.6840687020,AminDW,0.5113278544,1577.6506596500,719.5311050000,0.4560775864,0.1032233334,0.1032233334,0.1032233334
18299,18299,Cork,ED,2020,48.0000000000,1487.7931519000,0.2166585425,0.0000000000,0.2750788787,0.0000000000,0.5082625787,0.0000000000,0.2166585425,0.2750788787,0.5082625787,3,0.5082625787,21.4808868698,AminDW,0.4265606714,1487.7931519000,694.0245510000,0.4664791944,0.1618753300,0.1618753300,0.4505313706
18300,18300,Cork,ED,2020,63.0000000000,2493.8294110000,0.7039930980,0.0000000000,0.0772145838,0.0000000000,0.2187923182,0.0000000000,0.7039930980,0.0772145838,0.2187923182,1,0.7039930980,21.3684682164,AminDW,0.4967578999,2493.8294110000,192.5600000000,0.0772145838,0.2187923182,0.2187923182,0.2187923182
18301,18301,Cork,ED,2020,38.0000000000,1013.4645710000,1.0000000000,0.0000000000,0.0000000000,0.0000000000,0.0000000000,0.0000000000,1.0000000000,0.0000000000,0.0000000000,1,1.0000000000,22.3337472307,AminDW,0.5425923922,1013.4645710000,0.0000000000,0.0000000000,0.0000000000,0.0000000000,0.0000000000
18302,18302,Cork,ED,2020,41.0000000000,1461.2627821000,0.5834956026,0.0000000000,0.0000000000,0.1500957600,0.2664086374,0.0000000000,0.5834956026,0.1500957600,0.2664086374,1,0.5834956026,22.3419735434,AminDW,0.6625461573,1461.2627821000,100.7487410000,0.0689463540,0.2664086374,0.2664086374,0.3039325774
18303,18303,Cork,ED,2020,48.0000000000,1652.5608714000,0.9617388516,0.0000000000,0.0000000000,0.0000000000,0.0382611484,0.0000000000,0.9617388516,0.0000000000,0.0382611484,1,0.9617388516,23.5366939836,AminDW,0.7402103490,1652.5608714000,0.0000000000,0.0000000000,0.0038261148,0.0038261148,0.0325219761
18304,18304,Cork,ED,2020,26.0000000000,927.4610940000,1.0000000000,0.0000000000,0.0000000000,0.0000000000,0.0000000000,0.0000000000,1.0000000000,0.0000000000,0.0000000000,1,1.0000000000,23.0105029678,AminDW,0.6878606069,927.4610940000,144.4100000000,0.1557046446,0.0000000000,0.0000000000,0.0000000000
18305,18305,Cork,ED,2020,43.0000000000,1617.6398329000,0.9523004204,0.0000000000,0.0000000000,0.0476995796,0.0000000000,0.0000000000,0.9523004204,0.0476995796,0.0000000000,1,0.9523004204,22.9973158013,AminSW,0.5171926976,1617.6398329000,0.0000000000,0.0000000000,0.0000000000,0.0000000000,0.0119248949
18306,18306,Cork,ED,2020,67.0000000000,1647.0506470000,0.6861029767,0.0000000000,0.0000000000,0.0602455897,0.2536514336,0.0000000000,0.6861029767,0.0602455897,0.2536514336,1,0.6861029767,22.1650705437,AminDW,0.6442650162,1647.0506470000,0.0000000000,0.0000000000,0.0253651434,0.0253651434,0.0404265408
18307,18307,Cork,ED,2020,34.0000000000,1231.9124070000,0.1323820801,0.0000000000,0.0000000000,0.0000000000,0.8676179199,0.0000000000,0.1323820801,0.0000000000,0.8676179199,3,0.8676179199,19.0944138726,AminSW,0.9155109353,1231.9124070000,68.5000000000,0.0556046027,0.0867617920,0.0867617920,0.0867617920
18308,18308,Cork,ED,2020,42.0000000000,1823.3726977000,0.6053134262,0.0000000000,0.0000000000,0.2225804650,0.1721061089,0.0000000000,0.6053134262,0.2225804650,0.1721061089,1,0.6053134262,23.1471191172,AminDW,0.3200197258,1823.3726977000,417.2367440000,0.2288269121,0.1721061089,0.1721061089,0.2277512251
18309,18309,Cork,ED,2020,51.0000000000,1488.9188192000,0.2670833681,0.0000000000,0.0000000000,0.0000000000,0.7329166319,0.0000000000,0.2670833681,0.0000000000,0.7329166319,3,0.7329166319,18.5339230293,AminSRPT,0.3879512622,1488.9188192000,706.7779352000,0.4746920558,0.0732916632,0.0732916632,0.4738289279
18310,18310,Cork,ED,2020,56.0000000000,1785.7755530000,0.7161921401,0.0000000000,0.0000000000,0.0000000000,0.2838078599,0.0000000000,0.7161921401,0.0000000000,0.2838078599,1,0.7161921401,20.5683872199,AminSRPT,0.3497147858,1785.7755530000,812.2670580000,0.4548539466,0.0283807860,0.0283807860,0.2412366809
18311,18311,Cork,ED,2020,20.0000000000,733.9242380000,0.0000000000,0.0000000000,0.0000000000,0.0000000000,1.0000000000,0.0000000000,0.0000000000,0.0000000000,1.0000000000,3,1.0000000000,17.1554964042,AminDW,0.3604843120,733.9242380000,52.7000000000,0.0718057768,0.1383949712,0.1383949712,0.8013594208
18312,18312,Cork,ED,2020,40.0000000000,2208.8548870000,0.3996814287,0.0000000000,0.0000000000,0.0000000000,0.6003185713,0.0000000000,0.3996814287,0.0000000000,0.6003185713,3,0.6003185713,18.0297233777,AminDW,0.3834361831,2208.8548870000,1116.3000000000,0.5053749826,0.0600318571,0.0600318571,0.3824131288
18313,18313,Cork,ED,2020,35.0000000000,1399.0558580000,0.5243245477,0.0000000000,0.0000000000,0.0000000000,0.4756754523,0.0000000000,0.5243245477,0.0000000000,0.4756754523,1,0.5243245477,18.9088510632,AminDW,0.4971633734,1399.0558580000,538.1965280000,0.3846855184,0.2887202724,0.2887202724,0.4445162556
18314,18314,Cork,ED,2020,42.0000000000,1743.8013280000,0.0000000000,0.0000000000,0.0000000000,0.5019897244,0.4980102756,0.0000000000,0.0000000000,0.5019897244,0.4980102756,2,0.5019897244,17.0449706023,AminPD,0.4216817812,1743.8013280000,521.1197200000,0.2988412221,0.0498010276,0.0498010276,0.5488061654
18315,18315,Cork,ED,2020,33.0000000000,1015.9163832000,0.0000000000,0.0000000000,0.0000000000,0.0000000000,1.0000000000,0.0000000000,0.0000000000,0.0000000000,1.0000000000,3,1.0000000000,16.2468506648,AminSRPT,0.5230098045,1015.9163832000,637.6906735000,0.6276999604,0.1000000000,0.1000000000,0.5557015147
18316,18316,Cork,ED,2020,51.0000000000,1794.5309822000,0.5161084274,0.0000000000,0.0000000000,0.0000000000,0.4838915726,0.0000000000,0.5161084274,0.0000000000,0.4838915726,1,0.5161084274,21.4554391887,AminDW,0.5267289332,1794.5309822000,704.4995923000,0.3925814596,0.0483891573,0.0483891573,0.4113078367
18317,18317,Cork,ED,2020,23.0000000000,1159.1328510000,0.0000000000,0.0000000000,0.0000000000,0.0822166328,0.9177833672,0.0000000000,0.0000000000,0.0822166328,0.9177833672,3,0.9177833672,18.3373347961,AminSW,0.3593203313,1159.1328510000,318.2300000000,0.2745414382,0.0917783367,0.0917783367,0.2406396168
18318,18318,Cork,ED,2020,28.0000000000,742.5943390000,0.0576096797,0.0000000000,0.0000000000,0.4634697330,0.4789205874,0.0000000000,0.0576096797,0.4634697330,0.4789205874,3,0.4789205874,17.8280317001,AminSW,0.4546381897,742.5943390000,281.3483500000,0.3788721988,0.0478920587,0.0478920587,0.4047063813
18319,18319,Cork,ED,2020,28.0000000000,889.1731688000,0.0000000000,0.0000000000,0.0000000000,0.0000000000,1.0000000000,0.0000000000,0.0000000000,0.0000000000,1.0000000000,3,1.0000000000,16.8932536679,AminSRPT,0.8200809037,889.1731688000,828.1431688000,0.9313632011,0.1000000000,0.1000000000,0.7748951637
18320,18320,Cork,ED,2020,52.0000000000,2647.4158296000,0.5958330123,0.0000000000,0.4041669877,0.0000000000,0.0000000000,0.0000000000,0.5958330123,0.4041669877,0.0000000000,1,0.5958330123,23.9996115918,AminDW,1.0000000000,2647.4158296000,0.0000000000,0.0000000000,0.0000000000,0.0000000000,0.0000000000
18321,18321,Cork,ED,2020,51.0000000000,2231.7971716000,1.0000000000,0.0000000000,0.0000000000,0.0000000000,0.0000000000,0.0000000000,1.0000000000,0.0000000000,0.0000000000,1,1.0000000000,23.8585893001,AminDW,0.5726218795,2231.7971716000,0.0000000000,0.0000000000,0.0000000000,0.0000000000,0.0000000000
18322,18322,Cork,ED,2020,24.0000000000,1421.1199910000,0.0750816262,0.0000000000,0.9249183738,0.0000000000,0.0000000000,0.0000000000,0.0750816262,0.9249183738,0.0000000000,2,0.9249183738,23.0430083254,AminDW,0.9249183738,1421.1199910000,0.0000000000,0.0000000000,0.0000000000,0.0000000000,0.0000000000
18323,18323,Cork,ED,2020,54.0000000000,2325.5719130000,1.0000000000,0.0000000000,0.0000000000,0.0000000000,0.0000000000,0.0000000000,1.0000000000,0.0000000000,0.0000000000,1,1.0000000000,23.5209350467,AminDW,0.7672272769,2325.5719130000,0.0000000000,0.0000000000,0.0000000000,0.0000000000,0.0000000000
18324,18324,Cork,ED,2020,48.0000000000,1395.2214368000,1.0000000000,0.0000000000,0.0000000000,0.0000000000,0.0000000000,0.0000000000,1.0000000000,0.0000000000,0.0000000000,1,1.0000000000,23.4127105206,AminDW,1.0000000000,1395.2214368000,0.0000000000,0.0000000000,0.0000000000,0.0000000000,0.0000000000
18325,18325,Cork,ED,2020,25.0000000000,1221.0361850000,1.0000000000,0.0000000000,0.0000000000,0.0000000000,0.0000000000,0.0000000000,1.0000000000,0.0000000000,0.0000000000,1,1.0000000000,23.8839018845,AminDW,0.9830471855,1221.0361850000,0.0000000000,0.0000000000,0.0000000000,0.0000000000,0.0000000000
19001,19001,Kerry,ED,2020,4.0000000000,72.4947100000,1.0000000000,0.0000000000,0.0000000000,0.0000000000,0.0000000000,0.0000000000,1.0000000000,0.0000000000,0.0000000000,1,1.0000000000,24.0000000000,AminSW,1.0000000000,72.4947100000,0.0000000000,0.0000000000,0.0000000000,0.0000000000,0.0000000000
19002,19002,Kerry,ED,2020,7.0000000000,90.2580468000,0.0000000000,0.0000000000,0.0000000000,1.0000000000,0.0000000000,0.0000000000,0.0000000000,1.0000000000,0.0000000000,2,1.0000000000,22.8477481655,AminPD,0.8898867508,90.2580468000,0.0000000000,0.0000000000,0.1000000000,0.1000000000,0.1000000000
19004,19004,Kerry,ED,2020,55.0000000000,2678.6624780000,0.0928529160,0.0000000000,0.0000000000,0.0000000000,0.9071470840,0.0000000000,0.0928529160,0.0000000000,0.9071470840,3,0.9071470840,17.5218764057,BktPt,0.5755181919,2678.6624780000,2111.4525660000,0.7882488307,0.5214863330,0.5214863330,0.8428702922
19005,19005,Kerry,ED,2020,70.0000000000,2166.7076560000,0.0000000000,0.0000000000,0.0000000000,0.1835434295,0.8164565705,0.0000000000,0.0000000000,0.1835434295,0.8164565705,3,0.8164565705,17.1902737284,AminSRPT,0.3386344175,2166.7076560000,1095.2689690000,0.5054991918,0.3695298231,0.3695298231,0.7572640650
19006,19006,Kerry,ED,2020,16.0000000000,1011.2940500000,0.0000000000,0.0000000000,0.0000000000,0.0000000000,1.0000000000,0.0000000000,0.0000000000,0.0000000000,1.0000000000,3,1.0000000000,15.8365927299,AminSRPT,0.7164016737,1011.2940500000,778.4927500000,0.7697986061,0.1000000000,0.1000000000,0.8500000000
19007,19007,Kerry,ED,2020,91.0000000000,2071.3428432000,0.1524268492,0.0000000000,0.0000000000,0.0000000000,0.8475731508,0.0000000000,0.1524268492,0.0000000000,0.8475731508,3,0.8475731508,17.6675282225,AminDW,0.3116576019,2071.3428432000,643.6300630000,0.3107308214,0.6004027508,0.6004027508,0.8063780841
19008,19008,Kerry,ED,2020,37.0000000000,872.4176192000,0.6243474378,0.0000000000,0.0000000000,0.0000000000,0.3756525622,0.0000000000,0.6243474378,0.0000000000,0.3756525622,1,0.6243474378,19.1089604450,AminSW,0.5559796817,872.4176192000,309.3781260000,0.3546215931,0.0375652562,0.0375652562,0.3193046779
19009/19020,19009/19020,Kerry,COUNTY_FALLBACK,2020,7820.0000000000,254300.9223785400,0.1941298306,0.0000000000,0.0415696541,0.3147004529,0.4409506402,0.0086494221,0.1941298306,0.3562701070,0.4496000623,3,0.4496000623,19.5277943207,,,254300.9223785400,100588.3292096000,0.3955484246,0.2513479562,0.2513479562,0.4380261133
19010,19010,Kerry,ED,2020,93.0000000000,2936.1587737000,0.3391601994,0.0000000000,0.0000000000,0.0000000000,0.6608398006,0.0000000000,0.3391601994,0.0000000000,0.6608398006,3,0.6608398006,16.0212837263,AminPDPT,0.4704449330,2936.1587737000,2200.1420215000,0.7493266513,0.2558759598,0.2558759598,0.5188354919
19012,19012,Kerry,ED,2020,41.0000000000,2080.8607758000,0.0000000000,0.0000000000,0.0000000000,0.0000000000,1.0000000000,0.0000000000,0.0000000000,0.0000000000,1.0000000000,3,1.0000000000,17.8315054043,AminSRPT,0.4611189297,2080.8607758000,2080.8607758000,1.0000000000,0.1684236070,0.1684236070,0.8614039345
19013,19013,Kerry,ED,2020,31.0000000000,1204.2856600000,0.1188227609,0.0000000000,0.0000000000,0.0000000000,0.8811772391,0.0000000000,0.1188227609,0.0000000000,0.8811772391,3,0.8811772391,16.9595880715,AminSRPT,0.5559170280,1204.2856600000,1020.4309200000,0.8473329492,0.0881177239,0.0881177239,0.7490006533
19014/19011,19014/19011,Kerry,COUNTY_FALLBACK,2020,7820.0000000000,254300.9223785400,0.1941298306,0.0000000000,0.0415696541,0.3147004529,0.4409506402,0.0086494221,0.1941298306,0.3562701070,0.4496000623,3,0.4496000623,19.5277943207,,,254300.9223785400,100588.3292096000,0.3955484246,0.2513479562,0.2513479562,0.4380261133
19015,19015,Kerry,ED,2020,76.0000000000,2359.8708328000,0.0852618026,0.0000000000,0.0000000000,0.0000000000,0.9147381974,0.0000000000,0.0852618026,0.0000000000,0.9147381974,3,0.9147381974,18.3663264763,AminDW,0.4481344056,2359.8708328000,824.2625708000,0.3492829181,0.6782735726,0.6782735726,0.8753274266
19016,19016,Kerry,ED,2020,95.0000000000,2187.9637396000,0.0380502443,0.0000000000,0.0000000000,0.0000000000,0.8838268888,0.0781228669,0.0380502443,0.0000000000,0.9619497557,3,0.9619497557,17.1982239003,AminPD,0.3349395399,2187.9637396000,1215.7915415000,0.5556726190,0.2632271768,0.2632271768,0.8005753441
19017,19017,Kerry,ED,2020,62.0000000000,2199.5069680000,0.0000000000,0.0000000000,0.0000000000,0.0000000000,0.9238374770,0.0761625230,0.0000000000,0.0000000000,1.0000000000,3,1.0000000000,16.3908953354,BktPt,0.3865729968,2199.5069680000,1795.8354500000,0.8164718167,0.2083679222,0.2083679222,0.8242678697
19018,19018,Kerry,ED,2020,22.0000000000,1319.0071430000,0.0000000000,0.0000000000,0.0000000000,0.0000000000,1.0000000000,0.0000000000,0.0000000000,0.0000000000,1.0000000000,3,1.0000000000,19.6548746075,AminSRPT,0.3900108849,1319.0071430000,1319.0071430000,1.0000000000,0.1137148613,0.1137148613,0.8522858102
19019,19019,Kerry,ED,2020,34.0000000000,797.6106900000,0.5769474228,0.0000000000,0.0000000000,0.0000000000,0.2223030110,0.2007495662,0.5769474228,0.0000000000,0.4230525772,1,0.5769474228,20.4964936616,AminSRPT,0.5391986772,797.6106900000,430.0706290000,0.5391986772,0.2724904026,0.2724904026,0.2825278809
19021,19021,Kerry,ED,2020,50.0000000000,2181.9813340000,0.0000000000,0.0000000000,0.0000000000,0.0000000000,0.8548016910,0.1451983090,0.0000000000,0.0000000000,1.0000000000,3,1.0000000000,17.0759079702,Cut,0.4336300271,2181.9813340000,2145.5813340000,0.9833179141,0.4319328865,0.4319328865,0.8218331201
19022,19022,Kerry,ED,2020,47.0000000000,1099.7423883000,0.3982699067,0.0000000000,0.0000000000,0.0000000000,0.6017300933,0.0000000000,0.3982699067,0.0000000000,0.6017300933,3,0.6017300933,16.8230662030,AminPDPT,0.5256312198,1099.7423883000,733.9050399000,0.6673426865,0.4945121053,0.4945121053,0.5838604286
19023,19023,Kerry,ED,2020,32.0000000000,802.7611137000,0.0000000000,0.0000000000,0.0000000000,0.0000000000,1.0000000000,0.0000000000,0.0000000000,0.0000000000,1.0000000000,3,1.0000000000,18.4233735327,AminSRPT,0.8715034080,802.7611137000,736.1985494000,0.9170829738,0.1000000000,0.1000000000,0.8500000000
19024,19024,Kerry,ED,2020,55.0000000000,1753.4081257000,0.0000000000,0.0000000000,0.0000000000,0.0000000000,1.0000000000,0.0000000000,0.0000000000,0.0000000000,1.0000000000,3,1.0000000000,17.3310910277,BktPt,0.3891773427,1753.4081257000,1586.4081257000,0.9047569145,0.5998763292,0.5998763292,0.9333127215
19025,19025,Kerry,ED,2020,60.0000000000,1574.3133572000,0.5676116835,0.0000000000,0.0000000000,0.0000000000,0.4323883165,0.0000000000,0.5676116835,0.0000000000,0.4323883165,1,0.5676116835,15.4160246426,AminDW,0.4043308991,1574.3133572000,648.6956580000,0.4120498978,0.2824392962,0.2824392962,0.2824392962
19026,19026,Kerry,ED,2020,52.0000000000,1496.4711842000,0.0000000000,0.0000000000,0.0000000000,0.0000000000,1.0000000000,0.0000000000,0.0000000000,0.0000000000,1.0000000000,3,1.0000000000,17.7769117867,AminSRPT,0.5024278034,1496.4711842000,800.2886860000,0.5347838932,0.1910067153,0.1910067153,0.8651677859
19027,19027,Kerry,ED,2020,27.0000000000,1165.1579910000,0.5147280546,0.0000000000,0.0000000000,0.0000000000,0.4852719454,0.0000000000,0.5147280546,0.0000000000,0.4852719454,1,0.5147280546,17.8781447623,AminPDPT,0.3670746828,1165.1579910000,844.9800000000,0.7252063725,0.3069814148,0.3069814148,0.4555568570
19028,19028,Kerry,ED,2020,45.0000000000,1424.8511670000,0.4817160563,0.0000000000,0.0000000000,0.0711538727,0.4471300710,0.0000000000,0.4817160563,0.0711538727,0.4471300710,1,0.4817160563,19.3312841037,AminDW,0.5627460808,1424.8511670000,623.0217570000,0.4372539192,0.0518283944,0.0518283944,0.3871759476
19029,19029,Kerry,ED,2020,17.0000000000,486.5921351000,0.0000000000,0.0000000000,0.0000000000,0.0000000000,1.0000000000,0.0000000000,0.0000000000,0.0000000000,1.0000000000,3,1.0000000000,15.0318336894,AminSRPT,0.8362077924,486.5921351000,486.5921351000,1.0000000000,0.1000000000,0.1000000000,0.8500000000
19030,19030,Kerry,ED,2020,49.0000000000,915.3733597000,0.7543928417,0.0000000000,0.2320556814,0.0000000000,0.0135514770,0.0000000000,0.7543928417,0.2320556814,0.0135514770,1,0.7543928417,19.0137293289,AminDW,0.4521217739,915.3733597000,149.6685960000,0.1635055187,0.0013551477,0.0013551477,0.0579298917
19031,19031,Kerry,ED,2020,37.0000000000,1431.2939660000,0.1913102727,0.0000000000,0.0000000000,0.0000000000,0.6635623076,0.1451274196,0.1913102727,0.0000000000,0.8086897273,3,0.8086897273,15.4602669330,BktPt,0.4608087106,1431.2939660000,1267.9338800000,0.8858654547,0.1311228002,0.1311228002,0.6123136398
19032,19032,Kerry,ED,2020,37.0000000000,1015.9385623000,0.5222439653,0.0000000000,0.0000000000,0.0000000000,0.4777560347,0.0000000000,0.5222439653,0.0000000000,0.4777560347,1,0.5222439653,17.2162997786,AminSRPT,0.2691423568,1015.9385623000,702.9607790000,0.6919323718,0.0808709236,0.0808709236,0.4116085162
19034,19034,Kerry,ED,2020,17.0000000000,513.4897178000,0.3201032311,0.0000000000,0.0000000000,0.0000000000,0.6798967689,0.0000000000,0.3201032311,0.0000000000,0.6798967689,3,0.6798967689,15.6362942837,AminSRPT,0.5903136703,513.4897178000,349.1200000000,0.6798967689,0.0679896769,0.0679896769,0.5779122536
19035,19035,Kerry,ED,2020,46.0000000000,1468.5507820000,1.0000000000,0.0000000000,0.0000000000,0.0000000000,0.0000000000,0.0000000000,1.0000000000,0.0000000000,0.0000000000,1,1.0000000000,17.3450785156,AminDW,0.9819452713,1468.5507820000,0.0000000000,0.0000000000,0.0000000000,0.0000000000,0.0000000000
19036,19036,Kerry,ED,2020,131.0000000000,4411.8834005200,0.5354398066,0.0000000000,0.0000000000,0.0677391534,0.3968210399,0.0000000000,0.5354398066,0.0677391534,0.3968210399,1,0.5354398066,18.3520575788,AminDW,0.4966729686,4411.8834005200,1744.9614985000,0.3955139654,0.1535442608,0.1535442608,0.3619198395
19037,19037,Kerry,ED,2020,32.0000000000,856.6622398000,0.0000000000,0.0000000000,0.0744970585,0.0000000000,0.9255029415,0.0000000000,0.0000000000,0.0744970585,0.9255029415,3,0.9255029415,18.0448889826,AminDW,0.6562196512,856.6622398000,86.7614126000,0.1012784369,0.1573413754,0.1573413754,0.8123754255
19038,19038,Kerry,ED,2020,60.0000000000,1678.3730592000,0.3268338217,0.0000000000,0.0000000000,0.0000000000,0.6731661783,0.0000000000,0.3268338217,0.0000000000,0.6731661783,3,0.6731661783,17.9807951341,AminDW,0.6685941716,1678.3730592000,240.3103920000,0.1431805585,0.2367193607,0.2367193607,0.6004250421
19039,19039,Kerry,ED,2020,54.0000000000,1572.7326094000,0.2444833284,0.0000000000,0.0000000000,0.0000000000,0.7555166716,0.0000000000,0.2444833284,0.0000000000,0.7555166716,3,0.7555166716,17.1126195621,AminPDPT,0.3635503322,1572.7326094000,939.8857064000,0.5976131612,0.2715720361,0.2715720361,0.6748592324
19040,19040,Kerry,ED,2020,55.0000000000,1746.9285953000,0.6254053621,0.0000000000,0.0000000000,0.0362922676,0.3383023703,0.0000000000,0.6254053621,0.0362922676,0.3383023703,1,0.6254053621,18.6585890724,AminDW,0.5151893095,1746.9285953000,749.9896586000,0.4293190120,0.0374594638,0.0374594638,0.2911862415
19041,19041,Kerry,ED,2020,33.0000000000,446.3784805000,0.0000000000,0.0000000000,0.0000000000,0.0000000000,1.0000000000,0.0000000000,0.0000000000,0.0000000000,1.0000000000,3,1.0000000000,19.1630596247,AminSRPT,0.8827123007,446.3784805000,446.3784805000,1.0000000000,0.1000000000,0.1000000000,0.8500000000
19042,19042,Kerry,ED,2020,27.0000000000,1113.9571050000,0.1075765624,0.0000000000,0.0000000000,0.0000000000,0.8924234376,0.0000000000,0.1075765624,0.0000000000,0.8924234376,3,0.8924234376,19.9207435012,AminDW,1.0000000000,1113.9571050000,0.0000000000,0.0000000000,0.4393994533,0.4393994533,0.8169194402
19043,19043,Kerry,ED,2020,45.0000000000,1282.6899716000,0.3036711633,0.0000000000,0.0000000000,0.4600129641,0.2363158727,0.0000000000,0.3036711633,0.4600129641,0.2363158727,2,0.4600129641,19.1484114709,AminDW,0.6878471030,1282.6899716000,172.9600000000,0.1348416249,0.0696328837,0.0696328837,0.2468697882
19044,19044,Kerry,ED,2020,18.0000000000,840.5898801000,0.7772040749,0.0000000000,0.0524631584,0.0000000000,0.1703327668,0.0000000000,0.7772040749,0.0524631584,0.1703327668,1,0.7772040749,18.9653932071,BktPt,0.3227971290,840.5898801000,408.0200000000,0.4853972308,0.0170332767,0.0170332767,0.1552754834
19045,19045,Kerry,ED,2020,49.0000000000,1223.5815166000,0.4315598379,0.0000000000,0.0000000000,0.1512653628,0.4171747993,0.0000000000,0.4315598379,0.1512653628,0.4171747993,1,0.4315598379,17.6023670579,AminDW,0.3679406585,1223.5815166000,484.8403070000,0.3962468380,0.0862354791,0.0862354791,0.3746236928
19046,19046,Kerry,ED,2020,48.0000000000,1548.2218712000,0.3499347445,0.0000000000,0.0000000000,0.0000000000,0.6500652555,0.0000000000,0.3499347445,0.0000000000,0.6500652555,3,0.6500652555,19.6477409298,AminPDPT,0.5752768961,1548.2218712000,1350.3452462000,0.8721910414,0.0650065255,0.0650065255,0.5525554671
19047,19047,Kerry,ED,2020,63.0000000000,2987.4214185000,0.1215094723,0.0000000000,0.0000000000,0.0000000000,0.7866052656,0.0918852621,0.1215094723,0.0000000000,0.8784905277,3,0.8784905277,18.8792900850,AminPDPT,0.4140312037,2987.4214185000,2039.9891965000,0.6828595336,0.2842943059,0.2842943059,0.7266237984
19048,19048,Kerry,ED,2020,56.0000000000,2250.6687095000,0.3604059663,0.0000000000,0.0000000000,0.0000000000,0.6395940337,0.0000000000,0.3604059663,0.0000000000,0.6395940337,3,0.6395940337,20.5671666659,AminPDPT,0.4124498413,2250.6687095000,1310.5403425000,0.5822893156,0.1636897631,0.1636897631,0.5602766553
19049,19049,Kerry,ED,2020,78.0000000000,2775.6102964000,0.1264578701,0.0000000000,0.0000000000,0.0000000000,0.8735421299,0.0000000000,0.1264578701,0.0000000000,0.8735421299,3,0.8735421299,17.3179584075,AminSRPT,0.5026160834,2775.6102964000,2209.0141401000,0.7958660994,0.3610688354,0.3610688354,0.7881299142
19050,19050,Kerry,ED,2020,50.0000000000,1900.3980130000,0.0736844224,0.0000000000,0.0000000000,0.0000000000,0.9263155776,0.0000000000,0.0736844224,0.0000000000,0.9263155776,3,0.9263155776,18.8409790144,AminSRPT,0.6330404709,1900.3980130000,1607.7788530000,0.8460221711,0.4109316977,0.4109316977,0.8404182642
19051,19051,Kerry,ED,2020,29.0000000000,997.2322711000,0.2601648799,0.0000000000,0.0000000000,0.0000000000,0.7398351201,0.0000000000,0.2601648799,0.0000000000,0.7398351201,3,0.7398351201,20.5924771198,AminPDPT,0.4597102233,997.2322711000,724.3190651000,0.7263293478,0.2191051694,0.2191051694,0.6530467950
19052,19052,Kerry,ED,2020,29.0000000000,1999.8983971000,0.0000000000,0.0000000000,0.0000000000,0.0000000000,0.9998800539,0.0001199461,0.0000000000,0.0000000000,1.0000000000,3,1.0000000000,17.5441369173,BktPt,0.5777692916,1999.8983971000,1935.3838341000,0.9677410797,0.1000179919,0.1000179919,0.8499340296
19053,19053,Kerry,ED,2020,47.0000000000,2211.1941915000,0.1399631128,0.0000000000,0.0000000000,0.0000000000,0.8600368872,0.0000000000,0.1399631128,0.0000000000,0.8600368872,3,0.8600368872,18.3410206611,AminSRPT,0.2947950621,2211.1941915000,1824.9538715000,0.8253250115,0.2736677635,0.2736677635,0.7623086999
19054,19054,Kerry,ED,2020,61.0000000000,2033.5520239000,0.2697058863,0.0000000000,0.0000000000,0.0000000000,0.6055586060,0.1247355076,0.2697058863,0.0000000000,0.7302941137,3,0.7302941137,15.7271734820,AminSRPT,0.7887743009,2033.5520239000,1797.3163770000,0.8838310286,0.1504783380,0.1504783380,0.5619352342
19055,19055,Kerry,ED,2020,30.0000000000,1589.1499060000,0.2365914767,0.0000000000,0.0000000000,0.0000000000,0.7634085233,0.0000000000,0.2365914767,0.0000000000,0.7634085233,3,0.7634085233,19.4096644700,AminDW,0.3397728546,1589.1499060000,715.2316940000,0.4500718852,0.2823189031,0.2823189031,0.6832269199
19056,19056,Kerry,ED,2020,79.0000000000,3063.6387113000,0.4025437421,0.0000000000,0.0000000000,0.0000000000,0.5974562579,0.0000000000,0.4025437421,0.0000000000,0.5974562579,3,0.5974562579,19.4268221033,AminSRPT,0.3613705741,3063.6387113000,1986.5532885000,0.6484293599,0.0996981174,0.0996981174,0.5144965678
19057,19057,Kerry,ED,2020,72.0000000000,3150.2941952000,0.2919873823,0.0000000000,0.0000000000,0.0000000000,0.7080126177,0.0000000000,0.2919873823,0.0000000000,0.7080126177,3,0.7080126177,20.2118740217,AminSRPT,0.4409881571,3150.2941952000,2467.9143662000,0.7833917131,0.1808632762,0.1808632762,0.6201543941
19058,19058,Kerry,ED,2020,39.0000000000,2418.1697240000,0.0000000000,0.0000000000,0.0000000000,0.0000000000,1.0000000000,0.0000000000,0.0000000000,0.0000000000,1.0000000000,3,1.0000000000,19.8158850888,AminPDPT,0.5269688010,2418.1697240000,2418.1697240000,1.0000000000,0.2169098053,0.2169098053,0.8694849675
19059,19059,Kerry,ED,2020,24.0000000000,934.2388011000,0.0000000000,0.0000000000,0.0000000000,0.0000000000,1.0000000000,0.0000000000,0.0000000000,0.0000000000,1.0000000000,3,1.0000000000,18.8628567656,AminSRPT,0.7955554835,934.2388011000,934.2388011000,1.0000000000,0.5622629247,0.5622629247,0.9270438208
19060,19060,Kerry,ED,2020,54.0000000000,2660.7250870000,0.0464785733,0.0000000000,0.0000000000,0.0000000000,0.9332262071,0.0202952196,0.0464785733,0.0000000000,0.9535214267,3,0.9535214267,18.1773254420,AminSRPT,0.3566842304,2660.7250870000,2086.4549410000,0.7841678012,0.4449707442,0.4449707442,0.8570932283
19061,19061,Kerry,ED,2020,43.0000000000,1973.6312772000,0.1433380629,0.0000000000,0.0000000000,0.0000000000,0.8566619371,0.0000000000,0.1433380629,0.0000000000,0.8566619371,3,0.8566619371,18.2562537304,AminPDPT,0.3894091104,1973.6312772000,1707.2820072000,0.8650460838,0.2017486670,0.2017486670,0.7475097254
19062,19062,Kerry,ED,2020,27.0000000000,787.8571492000,0.4210431121,0.0000000000,0.0000000000,0.5789568879,0.0000000000,0.0000000000,0.4210431121,0.5789568879,0.0000000000,2,0.5789568879,23.6339219303,AminDW,0.9370444248,787.8571492000,0.0000000000,0.0000000000,0.0578956888,0.0578956888,0.0578956888
19063,19063,Kerry,ED,2020,29.0000000000,706.6652343000,0.0000000000,0.0000000000,0.0000000000,1.0000000000,0.0000000000,0.0000000000,0.0000000000,1.0000000000,0.0000000000,2,1.0000000000,22.0226588996,AminDW,0.7154049814,706.6652343000,0.0000000000,0.0000000000,0.1000000000,0.1000000000,0.1000000000
19064,19064,Kerry,ED,2020,23.0000000000,958.1188580000,0.0000000000,0.0000000000,0.0000000000,1.0000000000,0.0000000000,0.0000000000,0.0000000000,1.0000000000,0.0000000000,2,1.0000000000,23.3126022993,AminDW,0.6566709889,958.1188580000,0.0000000000,0.0000000000,0.1000000000,0.1000000000,0.1000000000
19065,19065,Kerry,ED,2020,47.0000000000,1395.4740741000,0.2675787820,0.0000000000,0.1227324844,0.0000000000,0.6096887336,0.0000000000,0.2675787820,0.1227324844,0.6096887336,3,0.6096887336,20.1772662918,AminSRPT,0.3450416306,1395.4740741000,802.5503080000,0.5751094362,0.2015413383,0.2015413383,0.5416641677
19066,19066,Kerry,ED,2020,74.0000000000,1619.8935978000,0.3288690104,0.0000000000,0.0000000000,0.0000000000,0.6711309896,0.0000000000,0.3288690104,0.0000000000,0.6711309896,3,0.6711309896,17.9154401860,AminSRPT,0.3546667243,1619.8935978000,818.6530856000,0.5053746041,0.2289265702,0.2289265702,0.5974302531
19067,19067,Kerry,ED,2020,55.0000000000,1360.7202725000,0.6657473907,0.0000000000,0.0000000000,0.0337615312,0.3004910780,0.0000000000,0.6657473907,0.0337615312,0.3004910780,1,0.6657473907,20.1645680298,AlluvMIN,0.2720344492,1360.7202725000,408.8843016000,0.3004910780,0.0834780017,0.0834780017,0.2671356929
19068,19068,Kerry,ED,2020,31.0000000000,1415.9061260000,0.0000000000,0.0000000000,0.0159469243,0.0000000000,0.9840530757,0.0000000000,0.0000000000,0.0159469243,0.9840530757,3,0.9840530757,18.0850350131,BktPt,0.6309955408,1415.9061260000,1279.7861260000,0.9038636831,0.6695557473,0.6695557473,0.9316368543
19069,19069,Kerry,ED,2020,33.0000000000,727.6557906000,0.2325990889,0.0000000000,0.0000000000,0.0000000000,0.7674009111,0.0000000000,0.2325990889,0.0000000000,0.7674009111,3,0.7674009111,19.7097818508,AminSRPT,0.3593375799,727.6557906000,522.7765738000,0.7184393783,0.2930815877,0.2930815877,0.6883476906
19070,19070,Kerry,ED,2020,195.0000000000,4435.6210765000,0.0000000000,0.0000000000,0.0598986249,0.5630376925,0.3770636826,0.0000000000,0.0000000000,0.6229363174,0.3770636826,2,0.6229363174,20.5063323693,AminPD,0.5106178327,4435.6210765000,1412.3556427000,0.3184121498,0.4333674518,0.4333674518,0.4363623831
19071,19071,Kerry,ED,2020,48.0000000000,1653.7977037000,0.4452686704,0.0000000000,0.0000000000,0.0000000000,0.2972693686,0.2574619611,0.4452686704,0.0000000000,0.5547313296,3,0.5547313296,20.1579254689,AminSRPT,0.3742437166,1653.7977037000,980.4833991000,0.5928677957,0.0940924271,0.0940924271,0.3299175516
19072,19072,Kerry,ED,2020,21.0000000000,1161.5009870000,0.0763322640,0.0000000000,0.0000000000,0.5292470638,0.3944206722,0.0000000000,0.0763322640,0.5292470638,0.3944206722,2,0.5292470638,21.0577122118,AminPD,0.9236677360,1161.5009870000,0.0000000000,0.0000000000,0.4473453785,0.4473453785,0.4473453785
19073,19073,Kerry,ED,2020,60.0000000000,1534.6887267000,0.0000000000,0.0000000000,0.1181535492,0.0000000000,0.8818464508,0.0000000000,0.0000000000,0.1181535492,0.8818464508,3,0.8818464508,19.6302712392,AminDW,0.4483581919,1534.6887267000,738.0008510000,0.4808798280,0.5401745607,0.5401745607,0.8249011358
19074,19074,Kerry,ED,2020,56.0000000000,1778.0014858000,0.4342836675,0.0000000000,0.0000000000,0.5657163325,0.0000000000,0.0000000000,0.4342836675,0.5657163325,0.0000000000,2,0.5657163325,22.7919712359,AminDW,0.6927293536,1778.0014858000,0.0000000000,0.0000000000,0.0565716333,0.0565716333,0.0565716333
19075,19075,Kerry,ED,2020,50.0000000000,1708.4868442000,0.3529394180,0.0000000000,0.0000000000,0.0000000000,0.6470605820,0.0000000000,0.3529394180,0.0000000000,0.6470605820,3,0.6470605820,18.2594027876,AlluvMIN,0.3223287868,1708.4868442000,554.8000000000,0.3247317952,0.0922567532,0.0922567532,0.5545932772
19076,19076,Kerry,ED,2020,49.0000000000,2114.4318180000,0.2068331891,0.0000000000,0.0000000000,0.0000000000,0.7931668109,0.0000000000,0.2068331891,0.0000000000,0.7931668109,3,0.7931668109,19.3922154599,AminSRPT,0.5311098837,2114.4318180000,1685.6879790000,0.7972297639,0.4167019312,0.4167019312,0.7304226643
19077,19077,Kerry,ED,2020,56.0000000000,925.7017558000,0.0367367954,0.0000000000,0.1539612744,0.6079494357,0.2013524945,0.0000000000,0.0367367954,0.7619107101,0.2013524945,2,0.7619107101,19.2934503647,AminPD,0.6079494357,925.7017558000,286.9973937000,0.3100322452,0.2385110338,0.2385110338,0.2582080374
19078,19078,Kerry,ED,2020,49.0000000000,1379.1240348000,0.2136802880,0.0000000000,0.0000000000,0.5787067551,0.2076129568,0.0000000000,0.2136802880,0.5787067551,0.2076129568,2,0.5787067551,23.1020737873,AminDW,0.7514716433,1379.1240348000,0.0000000000,0.0000000000,0.2654836323,0.2654836323,0.2654836323
19079,19079,Kerry,ED,2020,104.0000000000,2260.3024725000,0.0000000000,0.0000000000,0.2759391500,0.6934613082,0.0305995418,0.0000000000,0.0000000000,0.9694004582,0.0305995418,2,0.9694004582,22.5140712111,AminDW,0.7504007465,2260.3024725000,207.7812099000,0.0919262853,0.0999456726,0.0999456726,0.1137426301
19080,19080,Kerry,ED,2020,33.0000000000,832.2757976000,0.0000000000,0.0000000000,0.0000000000,0.9449389335,0.0550610665,0.0000000000,0.0000000000,0.9449389335,0.0550610665,2,0.9449389335,22.3579061557,AminPD,0.6482223875,832.2757976000,96.1000000000,0.1154665320,0.1495549598,0.1495549598,0.1495549598
19081,19081,Kerry,ED,2020,75.0000000000,2084.3275760000,0.1661576952,0.0000000000,0.0000000000,0.2988655527,0.5349767521,0.0000000000,0.1661576952,0.2988655527,0.5349767521,3,0.5349767521,19.6129372567,Cut,0.5761089538,2084.3275760000,1200.7997791000,0.5761089538,0.4612249291,0.4612249291,0.5475902443
19082,19082,Kerry,ED,2020,123.0000000000,3020.0407186000,0.5836834752,0.0000000000,0.0000000000,0.2639361379,0.1523803868,0.0000000000,0.5836834752,0.2639361379,0.1523803868,1,0.5836834752,22.5249171706,AminDW,0.5555619953,3020.0407186000,0.0000000000,0.0000000000,0.1787740006,0.1787740006,0.1787740006
19083,19083,Kerry,ED,2020,79.0000000000,2182.8021357000,0.0000000000,0.0000000000,0.4377757547,0.3128954577,0.2493287876,0.0000000000,0.0000000000,0.7506712124,0.2493287876,2,0.7506712124,22.1682809868,AminDW,0.5172700531,2182.8021357000,124.1354100000,0.0568697492,0.2806183333,0.2806183333,0.3025071211
19084,19084,Kerry,ED,2020,124.0000000000,1800.9337491000,0.4592928574,0.0000000000,0.0000000000,0.2680589333,0.2726482092,0.0000000000,0.4592928574,0.2680589333,0.2726482092,1,0.4592928574,21.4247457369,AminPD,0.2530857969,1800.9337491000,534.5003406000,0.2967906737,0.2994541025,0.2994541025,0.2994541025
19085,19085,Kerry,ED,2020,90.0000000000,2886.1954219000,0.2709456481,0.0000000000,0.0000000000,0.7290543519,0.0000000000,0.0000000000,0.2709456481,0.7290543519,0.0000000000,2,0.7290543519,21.9272102490,AminPD,0.5399679417,2886.1954219000,103.6125860000,0.0358993661,0.0729054352,0.0729054352,0.0729054352
19086,19086,Kerry,ED,2020,32.0000000000,979.2905930000,0.3779062060,0.0000000000,0.1470452193,0.0884432733,0.3866053013,0.0000000000,0.3779062060,0.2354884926,0.3866053013,3,0.3866053013,20.1867932764,AminPD,0.4281370651,979.2905930000,45.9400000000,0.0469115095,0.3954496287,0.3954496287,0.3954496287
19087,19087,Kerry,ED,2020,44.0000000000,1589.8766938000,0.5331675539,0.0000000000,0.0000000000,0.4348173847,0.0320150614,0.0000000000,0.5331675539,0.4348173847,0.0320150614,1,0.5331675539,23.2304666209,AminDW,0.6969372851,1589.8766938000,0.0000000000,0.0000000000,0.0754967999,0.0754967999,0.0754967999
19088,19088,Kerry,ED,2020,73.0000000000,2177.1902510000,0.1863772088,0.0000000000,0.0000000000,0.7605864307,0.0530363605,0.0000000000,0.1863772088,0.7605864307,0.0530363605,2,0.7605864307,22.2389638856,AminPD,0.5747226823,2177.1902510000,77.6300000000,0.0356560480,0.1290950036,0.1290950036,0.1290950036
19089,19089,Kerry,ED,2020,82.0000000000,3085.1266203200,0.0000000000,0.0000000000,0.2442263126,0.6655407621,0.0902329253,0.0000000000,0.0000000000,0.9097670747,0.0902329253,2,0.9097670747,22.4260594752,AminDW,0.5303680515,3085.1266203200,51.6000000000,0.0167254075,0.1567870015,0.1567870015,0.1689983172
19090,19090,Kerry,ED,2020,17.0000000000,777.9808511000,0.4520430684,0.0000000000,0.0000000000,0.0000000000,0.5479569316,0.0000000000,0.4520430684,0.0000000000,0.5479569316,3,0.5479569316,20.1843790939,AminSRPT,0.4836879975,777.9808511000,426.3000000000,0.5479569316,0.1126377338,0.1126377338,0.4754037320
19091,19091,Kerry,ED,2020,101.0000000000,2825.8716774000,0.0000000000,0.0000000000,0.5165553620,0.4217447748,0.0616998632,0.0000000000,0.0000000000,0.9383001368,0.0616998632,2,0.9383001368,20.8135908770,AminDW,0.4794085082,2825.8716774000,487.9050220000,0.1726564677,0.1038743407,0.1038743407,0.1038743407
19092,19092,Kerry,ED,2020,25.0000000000,1008.7871647000,0.0000000000,0.0000000000,0.0000000000,1.0000000000,0.0000000000,0.0000000000,0.0000000000,1.0000000000,0.0000000000,2,1.0000000000,21.9537804680,AminDW,0.9332267476,1008.7871647000,0.0000000000,0.0000000000,0.1000000000,0.1000000000,0.1000000000
19093,19093,Kerry,ED,2020,39.0000000000,1296.3109024000,0.4434755268,0.0000000000,0.0000000000,0.0000000000,0.5565244732,0.0000000000,0.4434755268,0.0000000000,0.5565244732,3,0.5565244732,19.6155243321,AminDW,1.0000000000,1296.3109024000,0.0000000000,0.0000000000,0.5565244732,0.5565244732,0.5565244732
19094,19094,Kerry,ED,2020,56.0000000000,1683.0000187000,0.0000000000,0.0000000000,0.0000000000,1.0000000000,0.0000000000,0.0000000000,0.0000000000,1.0000000000,0.0000000000,2,1.0000000000,19.4319197907,AminPD,1.0000000000,1683.0000187000,0.0000000000,0.0000000000,0.1000000000,0.1000000000,0.1000000000
19095,19095,Kerry,ED,2020,30.0000000000,772.3481817000,0.0000000000,0.0000000000,0.0000000000,0.6907289234,0.3092710766,0.0000000000,0.0000000000,0.6907289234,0.3092710766,2,0.6907289234,19.5482048593,AminPD,0.7754086951,772.3481817000,173.4626860000,0.2245913049,0.3783439690,0.3783439690,0.3783439690
19096,19096,Kerry,ED,2020,21.0000000000,873.4906130000,0.0000000000,0.0000000000,0.0000000000,0.8422421513,0.1577578487,0.0000000000,0.0000000000,0.8422421513,0.1577578487,2,0.8422421513,19.9519808280,AminPD,0.8078403528,873.4906130000,160.8589320000,0.1841564518,0.2419820639,0.2419820639,0.2419820639
19097,19097,Kerry,ED,2020,33.0000000000,1417.2067692000,0.3539659983,0.0000000000,0.0000000000,0.5553812027,0.0906527989,0.0000000000,0.3539659983,0.5553812027,0.0906527989,2,0.5553812027,20.1896727292,AminPD,0.6425316854,1417.2067692000,0.0000000000,0.0000000000,0.1461909192,0.1461909192,0.1461909192
19098,19098,Kerry,ED,2020,20.0000000000,1005.7582118000,0.0000000000,0.0000000000,0.0000000000,0.2458145478,0.7541854522,0.0000000000,0.0000000000,0.2458145478,0.7541854522,3,0.7541854522,17.8915608393,AminPD,0.5502742322,1005.7582118000,452.3153840000,0.4497257678,0.7787669070,0.7787669070,0.7787669070
19099,19099,Kerry,ED,2020,31.0000000000,1378.9725776000,0.0000000000,0.0000000000,0.0000000000,0.8397937685,0.1602062315,0.0000000000,0.0000000000,0.8397937685,0.1602062315,2,0.8397937685,19.3974356753,AminPD,0.8804198077,1378.9725776000,164.8978060000,0.1195801923,0.2441856084,0.2441856084,0.2441856084
19100,19100,Kerry,ED,2020,27.0000000000,745.7646566000,0.0000000000,0.0000000000,0.0000000000,1.0000000000,0.0000000000,0.0000000000,0.0000000000,1.0000000000,0.0000000000,2,1.0000000000,18.3515406922,AminPD,0.9301665112,745.7646566000,0.0000000000,0.0000000000,0.1000000000,0.1000000000,0.1000000000
19101,19101,Kerry,ED,2020,17.0000000000,701.0274190000,0.0000000000,0.0000000000,0.0000000000,1.0000000000,0.0000000000,0.0000000000,0.0000000000,1.0000000000,0.0000000000,2,1.0000000000,19.0529043772,AminPD,0.9367006214,701.0274190000,0.0000000000,0.0000000000,0.1000000000,0.1000000000,0.1000000000
19102,19102,Kerry,ED,2020,26.0000000000,823.8090827000,0.8302516895,0.0000000000,0.0000000000,0.1697483105,0.0000000000,0.0000000000,0.8302516895,0.1697483105,0.0000000000,1,0.8302516895,19.8075767756,AminDW,0.8302516895,823.8090827000,0.0000000000,0.0000000000,0.0169748311,0.0169748311,0.0169748311
19103,19103,Kerry,ED,2020,26.0000000000,1188.9845190000,0.0000000000,0.0000000000,0.0000000000,1.0000000000,0.0000000000,0.0000000000,0.0000000000,1.0000000000,0.0000000000,2,1.0000000000,19.4509936929,AminPD,1.0000000000,1188.9845190000,0.0000000000,0.0000000000,0.1000000000,0.1000000000,0.1000000000
19104,19104,Kerry,ED,2020,43.0000000000,1433.9495860000,0.4285249712,0.0000000000,0.0000000000,0.2505953302,0.3208796986,0.0000000000,0.4285249712,0.2505953302,0.3208796986,1,0.4285249712,19.9088129448,AminDW,0.4960935949,1433.9495860000,100.4000000000,0.0700164085,0.3459392316,0.3459392316,0.3459392316
19105,19105,Kerry,ED,2020,37.0000000000,1035.8021798000,0.0000000000,0.0000000000,0.0000000000,1.0000000000,0.0000000000,0.0000000000,0.0000000000,1.0000000000,0.0000000000,2,1.0000000000,21.3337429368,AminPD,0.8253866333,1035.8021798000,0.0000000000,0.0000000000,0.1000000000,0.1000000000,0.1000000000
19106,19106,Kerry,ED,2020,39.0000000000,1142.8171776000,0.0000000000,0.0000000000,0.0000000000,0.8075298527,0.1924701473,0.0000000000,0.0000000000,0.8075298527,0.1924701473,2,0.8075298527,19.6427425068,AminPD,0.9112510936,1142.8171776000,0.0000000000,0.0000000000,0.2732231326,0.2732231326,0.2732231326
19107,19107,Kerry,ED,2020,38.0000000000,1420.3160335000,0.0000000000,0.0000000000,0.0000000000,0.9278329628,0.0721670372,0.0000000000,0.0000000000,0.9278329628,0.0721670372,2,0.9278329628,18.2336527774,AminPD,0.8020265329,1420.3160335000,281.1848895000,0.1979734671,0.1649503335,0.1649503335,0.1649503335
19108,19108,Kerry,ED,2020,36.0000000000,1635.7485900000,0.0000000000,0.0000000000,0.0000000000,0.4953493153,0.5046506847,0.0000000000,0.0000000000,0.4953493153,0.5046506847,3,0.5046506847,19.0968888648,AminPD,0.5440025664,1635.7485900000,745.8971590000,0.4559974336,0.5541856163,0.5541856163,0.5541856163
19109,19109,Kerry,ED,2020,76.0000000000,3212.1312134000,0.0000000000,0.0000000000,0.1669023602,0.4816347379,0.3514629019,0.0000000000,0.0000000000,0.6485370981,0.3514629019,2,0.6485370981,19.4315802439,AminPD,0.4378253404,3212.1312134000,764.8206986000,0.2381038157,0.3996263757,0.3996263757,0.4079714937
19110,19110,Kerry,ED,2020,50.0000000000,1342.1835366000,0.0980121082,0.0000000000,0.0000000000,0.9019878918,0.0000000000,0.0000000000,0.0980121082,0.9019878918,0.0000000000,2,0.9019878918,20.2691976101,AminPD,1.0000000000,1342.1835366000,0.0000000000,0.0000000000,0.0901987892,0.0901987892,0.0901987892
19111,19111,Kerry,ED,2020,58.0000000000,1771.9746700000,0.8594343259,0.0000000000,0.0000000000,0.1405656741,0.0000000000,0.0000000000,0.8594343259,0.1405656741,0.0000000000,1,0.8594343259,20.4371158613,AminDW,0.7655682335,1771.9746700000,0.0000000000,0.0000000000,0.0140565674,0.0140565674,0.0140565674
19112,19112,Kerry,ED,2020,58.0000000000,1789.0810836000,0.0000000000,0.0000000000,0.0000000000,0.9498059195,0.0501940805,0.0000000000,0.0000000000,0.9498059195,0.0501940805,2,0.9498059195,21.1571290575,AminPD,0.8390432895,1789.0810836000,287.9646060000,0.1609567105,0.1451746725,0.1451746725,0.1451746725
19113,19113,Kerry,ED,2020,45.0000000000,1564.8041692000,0.0000000000,0.0000000000,0.0000000000,0.0545946909,0.9454053091,0.0000000000,0.0000000000,0.0545946909,0.9454053091,3,0.9454053091,17.7797303215,BktPt,0.9454053091,1564.8041692000,1479.3741692000,0.9454053091,0.9508647782,0.9508647782,0.9508647782
19114,19114,Kerry,ED,2020,35.0000000000,1226.4618280000,0.0000000000,0.0000000000,0.0000000000,0.4779427632,0.5220572368,0.0000000000,0.0000000000,0.4779427632,0.5220572368,3,0.5220572368,19.8684019377,AminPD,0.5721795836,1226.4618280000,524.7054100000,0.4278204164,0.5698515131,0.5698515131,0.5698515131
19115,19115,Kerry,ED,2020,49.0000000000,1320.8117560000,0.0000000000,0.0000000000,0.0000000000,0.8905103635,0.1094896365,0.0000000000,0.0000000000,0.8905103635,0.1094896365,2,0.8905103635,19.5255380101,AminPD,0.7713002844,1320.8117560000,302.0692730000,0.2286997156,0.1985406728,0.1985406728,0.1985406728
19116,19116,Kerry,ED,2020,47.0000000000,1775.1267185000,0.0000000000,0.0000000000,0.0000000000,0.9651934037,0.0348065963,0.0000000000,0.0000000000,0.9651934037,0.0348065963,2,0.9651934037,18.8901573992,AminPD,0.8930070079,1775.1267185000,189.9261190000,0.1069929921,0.1313259366,0.1313259366,0.1313259366
19117,19117,Kerry,ED,2020,45.0000000000,1715.1827720000,0.0000000000,0.0000000000,0.0000000000,0.8409645401,0.1590354599,0.0000000000,0.0000000000,0.8409645401,0.1590354599,2,0.8409645401,19.0526257408,AminPD,0.6003690125,1715.1827720000,584.2830420000,0.3406535161,0.2431319139,0.2431319139,0.2431319139
19118,19118,Kerry,ED,2020,61.0000000000,1723.2102803000,0.0000000000,0.0000000000,0.0000000000,1.0000000000,0.0000000000,0.0000000000,0.0000000000,1.0000000000,0.0000000000,2,1.0000000000,20.5162102746,AminPD,0.9520875167,1723.2102803000,82.5632838000,0.0479124833,0.1000000000,0.1000000000,0.1000000000
19119,19119,Kerry,ED,2020,24.0000000000,824.4523990000,0.0000000000,0.0000000000,0.0000000000,0.6659167499,0.3340832501,0.0000000000,0.0000000000,0.6659167499,0.3340832501,2,0.6659167499,19.5740336562,AminPDPT,0.5303004279,824.4523990000,437.2074600000,0.5303004279,0.4006749251,0.4006749251,0.4006749251
19120,19120,Kerry,ED,2020,54.0000000000,1691.6913011000,0.0000000000,0.0000000000,0.0000000000,1.0000000000,0.0000000000,0.0000000000,0.0000000000,1.0000000000,0.0000000000,2,1.0000000000,21.3527334095,AminPD,0.6553696326,1691.6913011000,0.0000000000,0.0000000000,0.1000000000,0.1000000000,0.1000000000
19121,19121,Kerry,ED,2020,73.0000000000,2735.2241511000,0.0000000000,0.0000000000,0.0000000000,0.6750793997,0.3249206003,0.0000000000,0.0000000000,0.6750793997,0.3249206003,2,0.6750793997,19.8505664262,AminPD,0.7620480509,2735.2241511000,502.3284780000,0.1836516681,0.3924285403,0.3924285403,0.3924285403
19122,19122,Kerry,ED,2020,43.0000000000,1774.3602735000,0.0000000000,0.0000000000,0.0000000000,0.9595552059,0.0404447941,0.0000000000,0.0000000000,0.9595552059,0.0404447941,2,0.9595552059,20.1637707998,AminPD,0.9621584128,1774.3602735000,67.1446090000,0.0378415872,0.1364003147,0.1364003147,0.1364003147
19123,19123,Kerry,ED,2020,30.0000000000,1223.1141852000,0.0000000000,0.0000000000,0.0000000000,0.1381865340,0.8618134660,0.0000000000,0.0000000000,0.1381865340,0.8618134660,3,0.8618134660,19.4782989130,AminPD,0.5580341519,1223.1141852000,540.5746982000,0.4419658481,0.8756321194,0.8756321194,0.8756321194
19124,19124,Kerry,ED,2020,27.0000000000,1039.4957208000,0.0000000000,0.0000000000,1.0000000000,0.0000000000,0.0000000000,0.0000000000,0.0000000000,1.0000000000,0.0000000000,2,1.0000000000,20.4907994984,AminDW,0.6780685327,1039.4957208000,0.0000000000,0.0000000000,0.0000000000,0.0000000000,0.0500000000
19125,19125,Kerry,ED,2020,56.0000000000,1650.3333506000,0.0000000000,0.0000000000,0.3980938357,0.6019061643,0.0000000000,0.0000000000,0.0000000000,1.0000000000,0.0000000000,2,1.0000000000,19.2122682369,AminDW,0.4569910276,1650.3333506000,204.4095240000,0.1238595366,0.0601906164,0.0601906164,0.0800953082
19126,19126,Kerry,ED,2020,53.0000000000,2230.1544827000,0.0000000000,0.0000000000,0.0000000000,0.8193140362,0.1806859638,0.0000000000,0.0000000000,0.8193140362,0.1806859638,2,0.8193140362,19.3348636646,AminPD,0.5249372970,2230.1544827000,730.6935941000,0.3276425915,0.2626173674,0.2626173674,0.2626173674
19127,19127,Kerry,ED,2020,38.0000000000,997.6204880000,0.0000000000,0.0000000000,0.0000000000,1.0000000000,0.0000000000,0.0000000000,0.0000000000,1.0000000000,0.0000000000,2,1.0000000000,19.5415434650,AminPD,0.9786491955,997.6204880000,21.3000000000,0.0213508045,0.1000000000,0.1000000000,0.1000000000
19128,19128,Kerry,ED,2020,53.0000000000,2413.9049490000,0.1248042986,0.0000000000,0.0000000000,0.7238988166,0.1512968848,0.0000000000,0.1248042986,0.7238988166,0.1512968848,2,0.7238988166,20.1411838499,AminPD,0.7678182050,2413.9049490000,0.0000000000,0.0000000000,0.2236867665,0.2236867665,0.2236867665
19129,19129,Kerry,ED,2020,63.0000000000,1752.8108088000,0.4500117024,0.0000000000,0.0000000000,0.5032861666,0.0467021310,0.0000000000,0.4500117024,0.5032861666,0.0467021310,2,0.5032861666,20.7283287652,AminDW,0.4654894287,1752.8108088000,100.6875430000,0.0574434745,0.0970307477,0.0970307477,0.0970307477
19130,19130,Kerry,ED,2020,22.0000000000,637.4319758000,0.9347274037,0.0000000000,0.0000000000,0.0652725963,0.0000000000,0.0000000000,0.9347274037,0.0652725963,0.0000000000,1,0.9347274037,23.7614012949,AminDW,0.9347274037,637.4319758000,12.2688170000,0.0192472569,0.0065272596,0.0065272596,0.0065272596
19131,19131,Kerry,ED,2020,36.0000000000,1164.9934330000,0.0000000000,0.0000000000,0.3164910544,0.4830099613,0.2004989843,0.0000000000,0.0000000000,0.7995010157,0.2004989843,2,0.7995010157,22.8667918955,BminPD,0.5191459873,1164.9934330000,60.3500000000,0.0518028671,0.2487999804,0.2487999804,0.2646245331
19132,19132,Kerry,ED,2020,61.0000000000,1678.2365487000,0.6016920091,0.0000000000,0.0000000000,0.1695827792,0.2287252118,0.0000000000,0.6016920091,0.1695827792,0.2287252118,1,0.6016920091,19.2386181136,AminDW,0.5313322382,1678.2365487000,238.5400000000,0.1421372930,0.2456834897,0.2456834897,0.2456834897
19133,19133,Kerry,ED,2020,40.0000000000,1266.9943714000,1.0000000000,0.0000000000,0.0000000000,0.0000000000,0.0000000000,0.0000000000,1.0000000000,0.0000000000,0.0000000000,1,1.0000000000,20.6476307764,AminDW,0.5417869676,1266.9943714000,0.0000000000,0.0000000000,0.0000000000,0.0000000000,0.0000000000
19134,19134,Kerry,ED,2020,46.0000000000,1716.7113800000,0.4127430786,0.0000000000,0.0000000000,0.5872569214,0.0000000000,0.0000000000,0.4127430786,0.5872569214,0.0000000000,2,0.5872569214,20.4409937260,AminPD,0.5112103585,1716.7113800000,32.2000000000,0.0187567930,0.0587256921,0.0587256921,0.0587256921
19135,19135,Kerry,ED,2020,36.0000000000,836.4798088000,0.6478334146,0.0000000000,0.0000000000,0.3521665854,0.0000000000,0.0000000000,0.6478334146,0.3521665854,0.0000000000,1,0.6478334146,21.0144122668,BminDW,0.2995523997,836.4798088000,78.8504288000,0.0942645931,0.0352166585,0.0352166585,0.0352166585
19136,19136,Kerry,ED,2020,42.0000000000,1481.0056310000,0.5447118141,0.0000000000,0.0000000000,0.4552881859,0.0000000000,0.0000000000,0.5447118141,0.4552881859,0.0000000000,1,0.5447118141,20.6689237497,AminDW,0.6110297126,1481.0056310000,128.1795710000,0.0865490099,0.0455288186,0.0455288186,0.0455288186
19137,19137,Kerry,ED,2020,34.0000000000,653.6638085000,0.0000000000,0.0000000000,0.0000000000,0.0000000000,1.0000000000,0.0000000000,0.0000000000,0.0000000000,1.0000000000,3,1.0000000000,15.8411700990,BktPt,0.7006131598,653.6638085000,653.6638085000,1.0000000000,0.1000000000,0.1000000000,0.8500000000
19138,19138,Kerry,ED,2020,19.0000000000,216.7126288000,0.0000000000,0.0000000000,0.0000000000,0.0000000000,1.0000000000,0.0000000000,0.0000000000,0.0000000000,1.0000000000,3,1.0000000000,18.7051775886,BktPt,0.6834698865,216.7126288000,216.7126288000,1.0000000000,0.1000000000,0.1000000000,0.8500000000
19139,19139,Kerry,ED,2020,54.0000000000,985.6140484000,0.0000000000,0.0000000000,0.0000000000,0.5005352532,0.4994647468,0.0000000000,0.0000000000,0.5005352532,0.4994647468,2,0.5005352532,19.4947878182,AminSRPT,0.3728554835,985.6140484000,492.2794711000,0.4994647468,0.4832242796,0.4832242796,0.5384692733
19140,19140,Kerry,ED,2020,62.0000000000,1922.3003973000,0.0000000000,0.0000000000,0.0000000000,1.0000000000,0.0000000000,0.0000000000,0.0000000000,1.0000000000,0.0000000000,2,1.0000000000,20.3731077862,AminPD,0.6752187631,1922.3003973000,624.3271008000,0.3247812369,0.1000000000,0.1000000000,0.1000000000
19141,19141,Kerry,ED,2020,53.0000000000,1484.7600856000,0.0000000000,0.0000000000,0.0000000000,0.7218656718,0.2781343282,0.0000000000,0.0000000000,0.7218656718,0.2781343282,2,0.7218656718,21.4477571002,AminDW,0.8091947630,1484.7600856000,283.3000000000,0.1908052370,0.3503208954,0.3503208954,0.3503208954
19142,19142,Kerry,ED,2020,70.0000000000,3090.5223590000,0.3196847879,0.0000000000,0.0000000000,0.6803152121,0.0000000000,0.0000000000,0.3196847879,0.6803152121,0.0000000000,2,0.6803152121,22.2878501507,AminPD,0.5063388044,3090.5223590000,0.0000000000,0.0000000000,0.0680315212,0.0680315212,0.0680315212
19143,19143,Kerry,ED,2020,68.0000000000,2023.8848601000,0.4487205551,0.0000000000,0.0000000000,0.5512794449,0.0000000000,0.0000000000,0.4487205551,0.5512794449,0.0000000000,2,0.5512794449,21.8927014316,AminPD,0.5300543526,2023.8848601000,0.0000000000,0.0000000000,0.0551279445,0.0551279445,0.0551279445
19144,19144,Kerry,ED,2020,28.0000000000,1068.2407400000,0.0000000000,0.0000000000,0.2380763825,0.0000000000,0.7619236175,0.0000000000,0.0000000000,0.2380763825,0.7619236175,3,0.7619236175,21.0446109966,BktPt,0.5928137968,1068.2407400000,813.9178490000,0.7619236175,0.7619236175,0.7619236175,0.7738274366
19145,19145,Kerry,ED,2020,34.0000000000,1047.2106512000,0.0000000000,0.0000000000,0.4923894962,0.2382897373,0.2693207664,0.0000000000,0.0000000000,0.7306792336,0.2693207664,2,0.7306792336,20.3649199476,AminDW,0.4628995376,1047.2106512000,312.9177740000,0.2988107251,0.2931497402,0.2931497402,0.3177692150
19146,19146,Kerry,ED,2020,37.0000000000,1094.9054749000,0.0000000000,0.0000000000,0.0000000000,0.1936074773,0.8063925227,0.0000000000,0.0000000000,0.1936074773,0.8063925227,3,0.8063925227,22.2731790843,AminDW,0.2942537117,1094.9054749000,478.5994462000,0.4371148534,0.8257532704,0.8257532704,0.8257532704
19147,19147,Kerry,ED,2020,29.0000000000,723.7722922000,0.0000000000,0.0000000000,0.0000000000,1.0000000000,0.0000000000,0.0000000000,0.0000000000,1.0000000000,0.0000000000,2,1.0000000000,20.9211052719,AminPD,1.0000000000,723.7722922000,0.0000000000,0.0000000000,0.1000000000,0.1000000000,0.1000000000
19148,19148,Kerry,ED,2020,48.0000000000,1804.6564525000,0.0000000000,0.0000000000,0.0000000000,0.7307459149,0.2692540851,0.0000000000,0.0000000000,0.7307459149,0.2692540851,2,0.7307459149,20.1876201727,AminPD,0.6204523689,1804.6564525000,436.6477720000,0.2419561748,0.3423286766,0.3423286766,0.3423286766
19149,19149,Kerry,ED,2020,56.0000000000,1527.0361373000,0.5905852769,0.0000000000,0.0000000000,0.0000000000,0.4094147231,0.0000000000,0.5905852769,0.0000000000,0.4094147231,1,0.5905852769,15.1929570344,AminPD,0.4051273620,1527.0361373000,345.2910773000,0.2261184715,0.0409414723,0.0409414723,0.3480025146
19150,19150,Kerry,ED,2020,31.0000000000,1060.3025320000,0.0000000000,0.0000000000,0.3909355938,0.1886847970,0.4203796092,0.0000000000,0.0000000000,0.5796203908,0.4203796092,2,0.5796203908,20.7845284142,AminDW,0.3909355938,1060.3025320000,232.8251350000,0.2195836829,0.4392480889,0.4392480889,0.4587948686
19151,19151,Kerry,ED,2020,66.0000000000,891.7528430000,0.0604409556,0.0000000000,0.0000000000,0.5796784917,0.3598805527,0.0000000000,0.0604409556,0.5796784917,0.3598805527,2,0.5796784917,19.7260845918,AminPD,0.4593491787,891.7528430000,374.8229000000,0.4203215083,0.0939559044,0.0939559044,0.3638663190
19152,19152,Kerry,ED,2020,42.0000000000,1410.5020823000,0.1726626718,0.0000000000,0.0000000000,0.0000000000,0.8273373282,0.0000000000,0.1726626718,0.0000000000,0.8273373282,3,0.8273373282,17.8895050903,BktPt,0.4155680410,1410.5020823000,1133.6738283000,0.8037377913,0.3827321110,0.3827321110,0.7532364587
19153,19153,Kerry,ED,2020,29.0000000000,1143.6351319000,0.0762480948,0.0000000000,0.0000000000,0.8188233343,0.1049285709,0.0000000000,0.0762480948,0.8188233343,0.1049285709,2,0.8188233343,20.4461399355,AminPD,0.6910187636,1143.6351319000,132.5800000000,0.1159285827,0.1868109043,0.1868109043,0.1868109043
19154,19154,Kerry,ED,2020,36.0000000000,948.0642018000,0.0000000000,0.0000000000,0.3390179013,0.1402106310,0.5207714677,0.0000000000,0.0000000000,0.4792285323,0.5207714677,3,0.5207714677,20.1004036115,BktPt,0.3464092117,948.0642018000,379.9181728000,0.4007304274,0.5347925308,0.5347925308,0.5517434258
19155,19155,Kerry,ED,2020,47.0000000000,1500.7619505000,0.7425893401,0.0000000000,0.0000000000,0.2574106599,0.0000000000,0.0000000000,0.7425893401,0.2574106599,0.0000000000,1,0.7425893401,20.8780237189,AminPD,0.5372534093,1500.7619505000,67.9000000000,0.0452436844,0.0257410660,0.0257410660,0.0257410660
19156,19156,Kerry,ED,2020,14.0000000000,618.7307180000,0.7495297575,0.0000000000,0.0000000000,0.0000000000,0.2504702425,0.0000000000,0.7495297575,0.0000000000,0.2504702425,1,0.7495297575,17.3582630174,AminDW,0.5228697826,618.7307180000,154.9736330000,0.2504702425,0.0250470243,0.0250470243,0.2128997062
19157,19157,Kerry,ED,2020,78.0000000000,2171.1702909000,0.0000000000,0.0000000000,0.0000000000,0.8383694520,0.1616305480,0.0000000000,0.0000000000,0.8383694520,0.1616305480,2,0.8383694520,18.8156645977,BktPt,0.5214056755,2171.1702909000,1288.4221811000,0.5934229049,0.2454674932,0.2454674932,0.2454674932
19158,19158,Kerry,ED,2020,43.0000000000,1124.4470681000,0.0000000000,0.0000000000,0.2266250927,0.4013154148,0.3720594925,0.0000000000,0.0000000000,0.6279405075,0.3720594925,2,0.6279405075,20.9114967885,BktPt,0.3825183076,1124.4470681000,585.1046395000,0.5203487617,0.4121910340,0.4121910340,0.4235222886
19159,19159,Kerry,ED,2020,52.0000000000,1423.4172960000,0.0000000000,0.0000000000,0.0000000000,0.3969423206,0.6030576794,0.0000000000,0.0000000000,0.3969423206,0.6030576794,3,0.6030576794,20.7795420895,BktPt,0.6179529178,1423.4172960000,879.6048713000,0.6179529178,0.6427519114,0.6427519114,0.6427519114
19160,19160,Kerry,ED,2020,25.0000000000,932.9884172000,0.0000000000,0.0000000000,0.0000000000,0.0000000000,1.0000000000,0.0000000000,0.0000000000,0.0000000000,1.0000000000,3,1.0000000000,18.4034398690,BktPt,0.4241304680,932.9884172000,395.7088140000,0.4241304680,1.0000000000,1.0000000000,1.0000000000
19161,19161,Kerry,ED,2020,37.0000000000,1281.0488419000,0.0000000000,0.0000000000,0.1633661365,0.6344657583,0.2021681052,0.0000000000,0.0000000000,0.7978318948,0.2021681052,2,0.7978318948,20.7274198626,AminPDPT,0.3573434087,1281.0488419000,509.3743599000,0.3976229034,0.2656146810,0.2656146810,0.2737829878
19162,19162,Kerry,ED,2020,34.0000000000,1030.5508610000,0.0000000000,0.0000000000,0.0000000000,0.6560509496,0.3439490504,0.0000000000,0.0000000000,0.6560509496,0.3439490504,2,0.6560509496,21.3346293677,AminPD,0.5246649064,1030.5508610000,489.8569900000,0.4753350936,0.4095541453,0.4095541453,0.4095541453
19163,19163,Kerry,ED,2020,33.0000000000,910.2899480000,0.0000000000,0.0000000000,0.0000000000,0.8884742656,0.1115257344,0.0000000000,0.0000000000,0.8884742656,0.1115257344,2,0.8884742656,21.3317482750,AminPD,0.7930716818,910.2899480000,0.0000000000,0.0000000000,0.2003731610,0.2003731610,0.2003731610
19164,19164,Kerry,ED,2020,36.0000000000,1512.2200710000,0.0400168515,0.0000000000,0.6346379230,0.2135096513,0.1118355742,0.0000000000,0.0400168515,0.8481475743,0.1118355742,2,0.8481475743,21.9971986696,AminPD,0.4621705487,1512.2200710000,0.0000000000,0.0000000000,0.1331865394,0.1331865394,0.1649184355
19165,19165,Kerry,ED,2020,36.0000000000,880.2945653000,0.2435464224,0.0000000000,0.0000000000,0.5181467772,0.2383068004,0.0000000000,0.2435464224,0.5181467772,0.2383068004,2,0.5181467772,22.2054692028,BminPD,0.4615771016,880.2945653000,209.7801813000,0.2383068004,0.0756453578,0.0756453578,0.2543754581
19166,19166,Kerry,ED,2020,70.0000000000,2088.9961902000,0.7331436253,0.0000000000,0.0000000000,0.2668563747,0.0000000000,0.0000000000,0.7331436253,0.2668563747,0.0000000000,1,0.7331436253,22.1103590564,AminDW,0.6861603372,2088.9961902000,0.0000000000,0.0000000000,0.0266856375,0.0266856375,0.0266856375
20065,20065,Limerick,ED,2020,8.0000000000,456.5199810000,0.5388592181,0.0000000000,0.4611407819,0.0000000000,0.0000000000,0.0000000000,0.5388592181,0.4611407819,0.0000000000,1,0.5388592181,24.0000000000,Made,0.5388592181,456.5199810000,0.0000000000,0.0000000000,0.0000000000,0.0000000000,0.0922281564
21001,21001,Limerick,ED,2020,23.0000000000,833.4359718000,0.4059565767,0.0000000000,0.0000000000,0.5940434233,0.0000000000,0.0000000000,0.4059565767,0.5940434233,0.0000000000,2,0.5940434233,24.0000000000,BminPD,0.4469526807,833.4359718000,0.0000000000,0.0000000000,0.0000000000,0.0000000000,0.0000000000
21002,21002,Limerick,ED,2020,37.0000000000,1951.5398670000,0.2817210672,0.2249626500,0.4933162828,0.0000000000,0.0000000000,0.0000000000,0.5066837172,0.4933162828,0.0000000000,1,0.5066837172,23.8566707221,BminDW,0.7792647810,1951.5398670000,0.0000000000,0.0000000000,0.0112481325,0.0112481325,0.1099113891
21003,21003,Limerick,ED,2020,27.0000000000,1307.6543590000,0.8422289510,0.0000000000,0.1577710490,0.0000000000,0.0000000000,0.0000000000,0.8422289510,0.1577710490,0.0000000000,1,0.8422289510,23.9723592280,BminDW,0.6215896069,1307.6543590000,0.0000000000,0.0000000000,0.0107356351,0.0107356351,0.0422898449
21004,21004,Limerick,ED,2020,30.0000000000,1289.6863540000,0.5608852926,0.2676389069,0.1714758005,0.0000000000,0.0000000000,0.0000000000,0.8285241995,0.1714758005,0.0000000000,1,0.8285241995,23.7320278695,BminDW,0.6782394070,1289.6863540000,0.0000000000,0.0000000000,0.0133819453,0.0133819453,0.0133819453
21005,21005,Limerick,ED,2020,38.0000000000,1329.1553027000,0.0452693526,0.0000000000,0.0000000000,0.9547306474,0.0000000000,0.0000000000,0.0452693526,0.9547306474,0.0000000000,2,0.9547306474,22.5365781295,AminPD,0.6256759844,1329.1553027000,0.0000000000,0.0000000000,0.0000000000,0.0000000000,0.0000000000
21006,21006,Limerick,ED,2020,35.0000000000,1542.9883190000,0.6077572095,0.0268958614,0.0643556395,0.3009912896,0.0000000000,0.0000000000,0.6346530709,0.3653469291,0.0000000000,1,0.6346530709,23.1355734949,AminPD,0.4592479012,1542.9883190000,0.0000000000,0.0000000000,0.0013447931,0.0013447931,0.0765926155
21007,21007,Limerick,ED,2020,28.0000000000,1380.8712280000,0.6890381396,0.0000000000,0.0000000000,0.3109618604,0.0000000000,0.0000000000,0.6890381396,0.3109618604,0.0000000000,1,0.6890381396,23.9834490939,AminDW,0.5582206518,1380.8712280000,0.0000000000,0.0000000000,0.0000000000,0.0000000000,0.0000000000
21008,21008,Limerick,ED,2020,41.0000000000,1669.1859960000,0.1600780264,0.4192689872,0.0675001793,0.3531528071,0.0000000000,0.0000000000,0.5793470136,0.4206529864,0.0000000000,1,0.5793470136,23.5376299335,BminSW,0.3458751759,1669.1859960000,0.0000000000,0.0000000000,0.0209634494,0.0209634494,0.0706638572
21009,21009,Limerick,ED,2020,34.0000000000,1813.7514411000,0.3411768481,0.0000000000,0.0000000000,0.6588231519,0.0000000000,0.0000000000,0.3411768481,0.6588231519,0.0000000000,2,0.6588231519,22.0826793895,AminPD,0.7269592730,1813.7514411000,0.0000000000,0.0000000000,0.0000000000,0.0000000000,0.0000000000
21010,21010,Limerick,ED,2020,33.0000000000,1613.2036092000,0.5574486735,0.0000000000,0.0000000000,0.4425513265,0.0000000000,0.0000000000,0.5574486735,0.4425513265,0.0000000000,1,0.5574486735,23.9045377787,AminDW,0.3329264880,1613.2036092000,0.0000000000,0.0000000000,0.0000000000,0.0000000000,0.0000000000
21011,21011,Limerick,ED,2020,24.0000000000,1138.8111480000,0.3330413025,0.0000000000,0.3433931962,0.3235655013,0.0000000000,0.0000000000,0.3330413025,0.6669586975,0.0000000000,2,0.6669586975,24.0000000000,BminPD,0.3772003820,1138.8111480000,0.0000000000,0.0000000000,0.0000000000,0.0000000000,0.0686786392
21012,21012,Limerick,ED,2020,26.0000000000,1144.0912490000,1.0000000000,0.0000000000,0.0000000000,0.0000000000,0.0000000000,0.0000000000,1.0000000000,0.0000000000,0.0000000000,1,1.0000000000,24.0000000000,BminDW,0.8026468604,1144.0912490000,0.0000000000,0.0000000000,0.0000000000,0.0000000000,0.0000000000
21013,21013,Limerick,ED,2020,36.0000000000,1731.6800350000,0.6279970971,0.0000000000,0.0000000000,0.3720029029,0.0000000000,0.0000000000,0.6279970971,0.3720029029,0.0000000000,1,0.6279970971,23.6232560364,BminDW,0.6117290917,1731.6800350000,0.0000000000,0.0000000000,0.0000000000,0.0000000000,0.0000000000
21014,21014,Limerick,ED,2020,32.0000000000,1516.8351568000,0.5380247783,0.0000000000,0.0000000000,0.4619752217,0.0000000000,0.0000000000,0.5380247783,0.4619752217,0.0000000000,1,0.5380247783,24.0000000000,BminDW,0.7821209434,1516.8351568000,0.0000000000,0.0000000000,0.0000000000,0.0000000000,0.0000000000
21015,21015,Limerick,ED,2020,41.0000000000,1668.0794470000,0.5940689772,0.0000000000,0.0892948536,0.3166361692,0.0000000000,0.0000000000,0.5940689772,0.4059310228,0.0000000000,1,0.5940689772,23.8279968676,BminDW,0.4456191618,1668.0794470000,155.1973480000,0.0930395421,0.0000000000,0.0000000000,0.0178589707
21016,21016,Limerick,ED,2020,19.0000000000,1010.1618979000,0.6137010436,0.0000000000,0.0000000000,0.0000000000,0.3862989564,0.0000000000,0.6137010436,0.0000000000,0.3862989564,1,0.6137010436,22.9462000360,BminDW,0.6936459952,1010.1618979000,0.0000000000,0.0000000000,0.3862989564,0.3862989564,0.3862989564
21017,21017,Limerick,ED,2020,33.0000000000,1318.0280600000,0.6508300043,0.0000000000,0.2597349331,0.0894350626,0.0000000000,0.0000000000,0.6508300043,0.3491699957,0.0000000000,1,0.6508300043,23.5902970381,BminPD,0.4036100961,1318.0280600000,0.0000000000,0.0000000000,0.0000000000,0.0000000000,0.0519469866
21018,21018,Limerick,ED,2020,31.0000000000,1266.8289942000,0.2572722929,0.5955486941,0.0000000000,0.1471790130,0.0000000000,0.0000000000,0.8528209870,0.1471790130,0.0000000000,1,0.8528209870,24.0000000000,BminDW,0.9038544266,1266.8289942000,0.0000000000,0.0000000000,0.0297774347,0.0297774347,0.0297774347
21019,21019,Limerick,ED,2020,30.0000000000,1326.5913138000,0.8850543086,0.0000000000,0.0000000000,0.1149456914,0.0000000000,0.0000000000,0.8850543086,0.1149456914,0.0000000000,1,0.8850543086,23.6238178293,BminDW,0.7470659603,1326.5913138000,0.0000000000,0.0000000000,0.0000000000,0.0000000000,0.0000000000
21020,21020,Limerick,ED,2020,22.0000000000,1213.0953906000,0.8629951105,0.0000000000,0.0000000000,0.1370048895,0.0000000000,0.0000000000,0.8629951105,0.1370048895,0.0000000000,1,0.8629951105,24.0000000000,BminDW,0.5895293941,1213.0953906000,0.0000000000,0.0000000000,0.0000000000,0.0000000000,0.0000000000
21021,21021,Limerick,ED,2020,28.0000000000,991.8074970000,0.0000000000,0.0000000000,0.0000000000,1.0000000000,0.0000000000,0.0000000000,0.0000000000,1.0000000000,0.0000000000,2,1.0000000000,20.0000000000,AminPD,0.7461844614,991.8074970000,0.0000000000,0.0000000000,0.1000000000,0.1000000000,0.1000000000
21022,21022,Limerick,ED,2020,69.0000000000,1497.8645146000,0.0000000000,0.0000000000,0.2255584189,0.7744415811,0.0000000000,0.0000000000,0.0000000000,1.0000000000,0.0000000000,2,1.0000000000,20.4035730338,AminPD,0.4853883705,1497.8645146000,0.0000000000,0.0000000000,0.0774441581,0.0774441581,0.0887220791
21023,21023,Limerick,ED,2020,71.0000000000,1932.6512193000,0.0000000000,0.0000000000,0.0000000000,0.2601536304,0.7398463696,0.0000000000,0.0000000000,0.2601536304,0.7398463696,3,0.7398463696,19.5060332985,BktPt,0.6066170210,1932.6512193000,1172.3791253000,0.6066170210,0.7658617326,0.7658617326,0.7658617326
21024,21024,Limerick,ED,2020,55.0000000000,1441.8379958000,0.0000000000,0.0000000000,0.0000000000,0.6925827844,0.3074172156,0.0000000000,0.0000000000,0.6925827844,0.3074172156,2,0.6925827844,20.1026352154,BktPt,0.4812288933,1441.8379958000,1346.4520048000,0.9338441688,0.3766754940,0.3766754940,0.3766754940
21025,21025,Limerick,ED,2020,39.0000000000,2058.5237400000,0.7104292220,0.0000000000,0.0481412957,0.2414294824,0.0000000000,0.0000000000,0.7104292220,0.2895707780,0.0000000000,1,0.7104292220,23.9701270824,AminDW,0.9503658641,2058.5237400000,0.0000000000,0.0000000000,0.0000000000,0.0000000000,0.0000000000
21026,21026,Limerick,ED,2020,33.0000000000,1566.9710838000,0.6774815681,0.0000000000,0.0022873613,0.3202310706,0.0000000000,0.0000000000,0.6774815681,0.3225184319,0.0000000000,1,0.6774815681,23.7989752311,BminDW,0.8541511089,1566.9710838000,0.0000000000,0.0000000000,0.0000000000,0.0000000000,0.0004574723
21027,21027,Limerick,ED,2020,40.0000000000,1344.8277868000,0.4538487805,0.0000000000,0.0000000000,0.0365510166,0.5096002029,0.0000000000,0.4538487805,0.0365510166,0.5096002029,3,0.5096002029,24.0000000000,AminSW,0.4009840652,1344.8277868000,0.0000000000,0.0000000000,0.5096002029,0.5096002029,0.5096002029
21028,21028,Limerick,ED,2020,46.0000000000,1726.3694680000,0.6886717554,0.0000000000,0.0000000000,0.3113282446,0.0000000000,0.0000000000,0.6886717554,0.3113282446,0.0000000000,1,0.6886717554,23.2726695801,BminPD,0.3190081887,1726.3694680000,0.0000000000,0.0000000000,0.0000000000,0.0000000000,0.0000000000
21029,21029,Limerick,ED,2020,44.0000000000,2094.4346947000,0.6287898262,0.0000000000,0.0000000000,0.3712101738,0.0000000000,0.0000000000,0.6287898262,0.3712101738,0.0000000000,1,0.6287898262,23.4281034386,AminPD,0.4813643145,2094.4346947000,0.0000000000,0.0000000000,0.0000000000,0.0000000000,0.0000000000
21030,21030,Limerick,ED,2020,25.0000000000,1142.5317780000,1.0000000000,0.0000000000,0.0000000000,0.0000000000,0.0000000000,0.0000000000,1.0000000000,0.0000000000,0.0000000000,1,1.0000000000,23.8590848823,BminDW,0.5608961303,1142.5317780000,0.0000000000,0.0000000000,0.0000000000,0.0000000000,0.0000000000
21031,21031,Limerick,ED,2020,29.0000000000,1161.3099920000,0.6431199285,0.0000000000,0.0000000000,0.3568800715,0.0000000000,0.0000000000,0.6431199285,0.3568800715,0.0000000000,1,0.6431199285,23.0498660929,BminDW,0.6757557090,1161.3099920000,0.0000000000,0.0000000000,0.0000000000,0.0000000000,0.0057082089
21032,21032,Limerick,ED,2020,50.0000000000,2517.3817179000,0.0205996343,0.0000000000,0.4441653509,0.5352350148,0.0000000000,0.0000000000,0.0205996343,0.9794003657,0.0000000000,2,0.9794003657,23.3748266348,AminPD,0.6080781723,2517.3817179000,0.0000000000,0.0000000000,0.0000000000,0.0000000000,0.0888330702
21033,21033,Limerick,ED,2020,32.0000000000,1480.1931480000,0.6139152510,0.0000000000,0.0874142676,0.2986704813,0.0000000000,0.0000000000,0.6139152510,0.3860847490,0.0000000000,1,0.6139152510,23.4460182436,AminDW,0.7013295187,1480.1931480000,0.0000000000,0.0000000000,0.0000000000,0.0000000000,0.0746676203
21034,21034,Limerick,ED,2020,48.0000000000,2424.3564098000,0.2085914422,0.0000000000,0.0000000000,0.7914085578,0.0000000000,0.0000000000,0.2085914422,0.7914085578,0.0000000000,2,0.7914085578,23.8651188420,BminDW,0.3452264674,2424.3564098000,0.0000000000,0.0000000000,0.0000000000,0.0000000000,0.0000000000
21035,21035,Limerick,ED,2020,53.0000000000,1836.8289210000,0.8289433559,0.0000000000,0.0000000000,0.1710566441,0.0000000000,0.0000000000,0.8289433559,0.1710566441,0.0000000000,1,0.8289433559,23.3766430902,BminDW,0.4882318603,1836.8289210000,0.0000000000,0.0000000000,0.0000000000,0.0000000000,0.0000000000
21036,21036,Limerick,ED,2020,43.0000000000,1580.1649986000,0.7819335859,0.0000000000,0.2180664141,0.0000000000,0.0000000000,0.0000000000,0.7819335859,0.2180664141,0.0000000000,1,0.7819335859,23.9441302775,AminDW,0.4198512399,1580.1649986000,0.0000000000,0.0000000000,0.0000000000,0.0000000000,0.0436132828
21037,21037,Limerick,ED,2020,36.0000000000,1157.9681897000,0.3049211246,0.0000000000,0.6950788754,0.0000000000,0.0000000000,0.0000000000,0.3049211246,0.6950788754,0.0000000000,2,0.6950788754,23.6100208313,AminPD,0.5964731891,1157.9681897000,0.0000000000,0.0000000000,0.0000000000,0.0000000000,0.0000000000
21038,21038,Limerick,ED,2020,51.0000000000,1903.1715421000,0.6197704694,0.0000000000,0.1880199362,0.1922095944,0.0000000000,0.0000000000,0.6197704694,0.3802295306,0.0000000000,1,0.6197704694,23.4340761533,BminDW,0.6137895128,1903.1715421000,0.0000000000,0.0000000000,0.0000000000,0.0000000000,0.0431351188
21039,21039,Limerick,ED,2020,45.0000000000,1436.7440620000,0.4344072146,0.0000000000,0.1089328650,0.3243747034,0.1322852170,0.0000000000,0.4344072146,0.4333075685,0.1322852170,1,0.4344072146,23.7954565801,AminPD,0.3410842160,1436.7440620000,190.0600000000,0.1322852170,0.1322852170,0.1322852170,0.1548933402
21040,21040,Limerick,ED,2020,31.0000000000,1270.9286685000,0.2090496368,0.0000000000,0.6949214743,0.0000000000,0.0960288890,0.0000000000,0.2090496368,0.6949214743,0.0960288890,2,0.6949214743,23.1140425565,AminDW,0.5234008261,1270.9286685000,331.1317200000,0.2605431195,0.0960288890,0.0960288890,0.0960288890
21041,21041,Limerick,ED,2020,44.0000000000,1482.7913717000,0.8146770576,0.0000000000,0.0000000000,0.1853229424,0.0000000000,0.0000000000,0.8146770576,0.1853229424,0.0000000000,1,0.8146770576,24.0000000000,BminPD,0.3175480786,1482.7913717000,0.0000000000,0.0000000000,0.0000000000,0.0000000000,0.0000000000
21042,21042,Limerick,ED,2020,41.0000000000,2070.6423453000,0.7510319184,0.0000000000,0.0000000000,0.2489680816,0.0000000000,0.0000000000,0.7510319184,0.2489680816,0.0000000000,1,0.7510319184,23.7419760220,BminDW,0.6960296626,2070.6423453000,0.0000000000,0.0000000000,0.0000000000,0.0000000000,0.0054526558
21043,21043,Limerick,ED,2020,47.0000000000,2079.1783192000,0.5869068508,0.0000000000,0.0000000000,0.4130931492,0.0000000000,0.0000000000,0.5869068508,0.4130931492,0.0000000000,1,0.5869068508,23.4702715059,AlluvMIN,0.2740299558,2079.1783192000,0.0000000000,0.0000000000,0.0000000000,0.0000000000,0.0017564631
21044,21044,Limerick,ED,2020,49.0000000000,1476.1159692000,0.5372751810,0.0000000000,0.4627248190,0.0000000000,0.0000000000,0.0000000000,0.5372751810,0.4627248190,0.0000000000,1,0.5372751810,23.9756253704,AminDW,0.5762754126,1476.1159692000,0.0000000000,0.0000000000,0.0000000000,0.0000000000,0.0925449638
21045,21045,Limerick,ED,2020,25.0000000000,875.8466602000,0.0397329825,0.0000000000,0.8520276392,0.0000000000,0.1082393783,0.0000000000,0.0397329825,0.8520276392,0.1082393783,2,0.8520276392,22.7651043623,AminSW,0.3591826783,875.8466602000,194.6522300000,0.2222446449,0.1082393783,0.1082393783,0.1082393783
21046,21046,Limerick,ED,2020,33.0000000000,1792.2931380000,0.0800264795,0.0000000000,0.0000000000,0.9199735205,0.0000000000,0.0000000000,0.0800264795,0.9199735205,0.0000000000,2,0.9199735205,24.0000000000,AminPD,0.5122592976,1792.2931380000,0.0000000000,0.0000000000,0.0000000000,0.0000000000,0.0000000000
21047,21047,Limerick,ED,2020,54.0000000000,2280.9229257000,0.2812010996,0.0000000000,0.0000000000,0.7187989004,0.0000000000,0.0000000000,0.2812010996,0.7187989004,0.0000000000,2,0.7187989004,23.7507587856,AminPD,0.7300338043,2280.9229257000,0.0000000000,0.0000000000,0.0000000000,0.0000000000,0.0000000000
21048,21048,Limerick,ED,2020,52.0000000000,2170.4213774000,0.7429520787,0.0000000000,0.0000000000,0.2570479213,0.0000000000,0.0000000000,0.7429520787,0.2570479213,0.0000000000,1,0.7429520787,24.0000000000,BminDW,0.5377787844,2170.4213774000,0.0000000000,0.0000000000,0.0000000000,0.0000000000,0.0000000000
21049,21049,Limerick,ED,2020,42.0000000000,1686.6490670000,0.0000000000,0.0000000000,0.2719602370,0.6810234621,0.0470163009,0.0000000000,0.0000000000,0.9529836991,0.0470163009,2,0.9529836991,22.8145726108,AminPD,0.4378482848,1686.6490670000,0.0000000000,0.0000000000,0.0470163009,0.0470163009,0.2172721664
21050,21050,Limerick,ED,2020,56.0000000000,2228.0625848000,0.9177246980,0.0000000000,0.0000000000,0.0822753020,0.0000000000,0.0000000000,0.9177246980,0.0822753020,0.0000000000,1,0.9177246980,24.0000000000,BminDW,0.4781410672,2228.0625848000,92.0266130000,0.0413034237,0.0000000000,0.0000000000,0.0000000000
21051,21051,Limerick,ED,2020,18.0000000000,461.1358840000,0.8424759328,0.0000000000,0.1575240672,0.0000000000,0.0000000000,0.0000000000,0.8424759328,0.1575240672,0.0000000000,1,0.8424759328,24.0000000000,BminDW,0.7490227848,461.1358840000,0.0000000000,0.0000000000,0.0000000000,0.0000000000,0.0315048134
21052,21052,Limerick,ED,2020,51.0000000000,1539.2383069000,0.4869406552,0.2452004660,0.0725152054,0.1953436733,0.0000000000,0.0000000000,0.7321411213,0.2678588787,0.0000000000,1,0.7321411213,24.0000000000,BminDW,0.3524454430,1539.2383069000,0.0000000000,0.0000000000,0.0122600233,0.0122600233,0.0122600233
21053,21053,Limerick,ED,2020,68.0000000000,2565.5534035000,0.2441008580,0.0000000000,0.1050705639,0.6508285782,0.0000000000,0.0000000000,0.2441008580,0.7558991420,0.0000000000,2,0.7558991420,23.7693952349,AminDW,0.2046422122,2565.5534035000,63.0000000000,0.0245561055,0.0000000000,0.0000000000,0.1405189190
21054,21054,Limerick,ED,2020,44.0000000000,1476.9759237000,0.0335821317,0.0000000000,0.1954066450,0.7710112233,0.0000000000,0.0000000000,0.0335821317,0.9664178683,0.0000000000,2,0.9664178683,23.8459013472,AminDW,0.3039252371,1476.9759237000,0.0000000000,0.0000000000,0.0000000000,0.0000000000,0.1407590471
21055,21055,Limerick,ED,2020,48.0000000000,2149.2652587000,0.3728440101,0.0000000000,0.0000000000,0.6271559899,0.0000000000,0.0000000000,0.3728440101,0.6271559899,0.0000000000,2,0.6271559899,23.8152857129,BminDW,0.4355466302,2149.2652587000,0.0000000000,0.0000000000,0.0000000000,0.0000000000,0.0691884767
21056,21056,Limerick,ED,2020,22.0000000000,747.2466520000,0.5857033482,0.0000000000,0.0000000000,0.4142966518,0.0000000000,0.0000000000,0.5857033482,0.4142966518,0.0000000000,1,0.5857033482,22.2257531747,BminDW,0.4939109115,747.2466520000,0.0000000000,0.0000000000,0.0000000000,0.0000000000,0.0000000000
21057,21057,Limerick,ED,2020,39.0000000000,1026.6056701000,0.0000000000,0.0000000000,0.1095052797,0.8904947203,0.0000000000,0.0000000000,0.0000000000,1.0000000000,0.0000000000,2,1.0000000000,23.6054960422,AminPD,0.7096420957,1026.6056701000,0.0000000000,0.0000000000,0.0000000000,0.0000000000,0.1313711503
21058,21058,Limerick,ED,2020,22.0000000000,608.4461110000,0.3664125039,0.0000000000,0.6335874961,0.0000000000,0.0000000000,0.0000000000,0.3664125039,0.6335874961,0.0000000000,2,0.6335874961,22.5351014595,AlluvMIN,0.7078298246,608.4461110000,0.0000000000,0.0000000000,0.0000000000,0.0000000000,0.1267174992
21059,21059,Limerick,ED,2020,35.0000000000,955.9901735000,0.0000000000,0.0000000000,0.3872295971,0.5205509299,0.0922194730,0.0000000000,0.0000000000,0.9077805270,0.0922194730,2,0.9077805270,23.3553430451,AminSW,0.4099617681,955.9901735000,144.2166020000,0.1508557368,0.0922194730,0.0922194730,0.2223572055
21060,21060,Limerick,ED,2020,48.0000000000,1839.4372829000,1.0000000000,0.0000000000,0.0000000000,0.0000000000,0.0000000000,0.0000000000,1.0000000000,0.0000000000,0.0000000000,1,1.0000000000,22.2954505440,BminSW,0.4493194868,1839.4372829000,0.0000000000,0.0000000000,0.0120165325,0.0120165325,0.0120165325
21061,21061,Limerick,ED,2020,39.0000000000,1217.4306807000,0.0000000000,0.0000000000,0.0000000000,1.0000000000,0.0000000000,0.0000000000,0.0000000000,1.0000000000,0.0000000000,2,1.0000000000,23.1542201488,AminPD,0.7168002432,1217.4306807000,0.0000000000,0.0000000000,0.0000000000,0.0000000000,0.2387057225
21062,21062,Limerick,ED,2020,32.0000000000,1080.2523732000,0.0000000000,0.0000000000,0.0000000000,0.6877674066,0.3122325934,0.0000000000,0.0000000000,0.6877674066,0.3122325934,2,0.6877674066,23.3133264452,AminPD,0.7982405312,1080.2523732000,0.0000000000,0.0000000000,0.3122325934,0.3122325934,0.4841744450
21063,21063,Limerick,ED,2020,37.0000000000,1208.3137715000,0.0000000000,0.0000000000,0.0000000000,0.9480136845,0.0519863155,0.0000000000,0.0000000000,0.9480136845,0.0519863155,2,0.9480136845,22.6572723093,AminDW,0.8539614178,1208.3137715000,77.0000000000,0.0637251696,0.0519863155,0.0519863155,0.2889897367
21064,21064,Limerick,ED,2020,60.0000000000,2261.6886942000,0.5634771698,0.0000000000,0.0504862964,0.3860365338,0.0000000000,0.0000000000,0.5634771698,0.4365228302,0.0000000000,1,0.5634771698,23.4980302891,AminDW,0.3008135395,2261.6886942000,0.0000000000,0.0000000000,0.0000000000,0.0000000000,0.0100972593
21066,21066,Limerick,ED,2020,7.0000000000,180.8823530000,0.6761182834,0.3238817166,0.0000000000,0.0000000000,0.0000000000,0.0000000000,1.0000000000,0.0000000000,0.0000000000,1,1.0000000000,24.0000000000,BminDW,0.5902071995,180.8823530000,0.0000000000,0.0000000000,0.0161940858,0.0161940858,0.0161940858
21067,21067,Limerick,ED,2020,25.0000000000,735.8036810000,1.0000000000,0.0000000000,0.0000000000,0.0000000000,0.0000000000,0.0000000000,1.0000000000,0.0000000000,0.0000000000,1,1.0000000000,24.0000000000,BminDW,1.0000000000,735.8036810000,0.0000000000,0.0000000000,0.0275193935,0.0275193935,0.0275193935
21068,21068,Limerick,ED,2020,59.0000000000,1825.6904135000,0.3418842057,0.4452017286,0.2129140657,0.0000000000,0.0000000000,0.0000000000,0.7870859343,0.2129140657,0.0000000000,1,0.7870859343,23.8712815720,BminDW,0.6812133287,1825.6904135000,0.0000000000,0.0000000000,0.0222600864,0.0222600864,0.0648428996
21069,21069,Limerick,ED,2020,47.0000000000,1711.8693401000,0.0000000000,0.0000000000,0.0726116060,0.1563247771,0.7710636169,0.0000000000,0.0000000000,0.2289363831,0.7710636169,3,0.7710636169,22.7906856981,AminPD,0.6626705044,1711.8693401000,337.8640211000,0.1973655426,0.4809564703,0.4809564703,0.7617936201
21070,21070,Limerick,ED,2020,30.0000000000,1144.2219352000,0.1022546819,0.0000000000,0.4612937455,0.4364515726,0.0000000000,0.0000000000,0.1022546819,0.8977453181,0.0000000000,2,0.8977453181,23.5460670836,AminDW,0.4416708372,1144.2219352000,0.0000000000,0.0000000000,0.0000000000,0.0000000000,0.1091128931
21071,21071,Limerick,ED,2020,48.0000000000,1802.5242050000,0.1904460467,0.0000000000,0.0704420427,0.7391119106,0.0000000000,0.0000000000,0.1904460467,0.8095539533,0.0000000000,2,0.8095539533,23.1855865259,AminPD,0.3066626731,1802.5242050000,127.9000000000,0.0709560513,0.0000000000,0.0000000000,0.1847779776
21072,21072,Limerick,ED,2020,37.0000000000,1600.9908820000,0.6247019394,0.0000000000,0.1386141561,0.2366839045,0.0000000000,0.0000000000,0.6247019394,0.3752980606,0.0000000000,1,0.6247019394,22.5174936880,AminDW,0.6401375133,1600.9908820000,60.3036650000,0.0376664637,0.0000000000,0.0000000000,0.0868938073
21073,21073,Limerick,ED,2020,39.0000000000,1556.8323245000,0.5654006293,0.0583869118,0.0888067493,0.2874057096,0.0000000000,0.0000000000,0.6237875411,0.3762124589,0.0000000000,1,0.6237875411,23.4501141924,AminDW,0.3186738207,1556.8323245000,138.2572180000,0.0888067493,0.0029193456,0.0029193456,0.0747707730
21074,21074,Limerick,ED,2020,27.0000000000,784.8153240000,0.7631498019,0.0000000000,0.0000000000,0.0000000000,0.2368501981,0.0000000000,0.7631498019,0.0000000000,0.2368501981,1,0.7631498019,23.0486796738,AminDW,0.7585828306,784.8153240000,0.0000000000,0.0000000000,0.1126282372,0.1126282372,0.2161465380
21075,21075,Limerick,ED,2020,38.0000000000,1029.8718381000,0.3015300134,0.0000000000,0.0000000000,0.0000000000,0.6984699866,0.0000000000,0.3015300134,0.0000000000,0.6984699866,3,0.6984699866,23.6855919465,AminDW,0.6170244390,1029.8718381000,0.0000000000,0.0000000000,0.0698469987,0.0698469987,0.5936994886
21076,21076,Limerick,ED,2020,23.0000000000,670.2836410000,0.3099851567,0.0000000000,0.0000000000,0.0000000000,0.6900148433,0.0000000000,0.3099851567,0.0000000000,0.6900148433,3,0.6900148433,22.1008283328,AminDW,0.6768681395,670.2836410000,216.5900000000,0.3231318605,0.0690014843,0.0690014843,0.5865126168
21077,21077,Limerick,ED,2020,40.0000000000,1532.2510610000,0.3624098486,0.0000000000,0.0612484105,0.0967147492,0.4796269918,0.0000000000,0.3624098486,0.1579631597,0.4796269918,3,0.4796269918,22.8753801228,AminDW,1.0000000000,1532.2510610000,0.0000000000,0.0000000000,0.0479626992,0.0479626992,0.4318616303
21078,21078,Limerick,ED,2020,44.0000000000,1080.5982796000,0.0000000000,0.0000000000,0.0000000000,1.0000000000,0.0000000000,0.0000000000,0.0000000000,1.0000000000,0.0000000000,2,1.0000000000,20.7946609416,AminPDPT,0.6348769491,1080.5982796000,985.7651560000,0.9122401679,0.1000000000,0.1000000000,0.1000000000
21079,21079,Limerick,ED,2020,59.0000000000,1613.6407731000,0.3366475817,0.0000000000,0.0000000000,0.6633524183,0.0000000000,0.0000000000,0.3366475817,0.6633524183,0.0000000000,2,0.6633524183,23.0818512839,AminDW,0.2223748616,1613.6407731000,59.3000425000,0.0367492217,0.0513482669,0.0513482669,0.0513482669
21080,21080,Limerick,ED,2020,30.0000000000,1222.1332942000,0.0000000000,0.0000000000,0.0509846187,0.9490153813,0.0000000000,0.0000000000,0.0000000000,1.0000000000,0.0000000000,2,1.0000000000,22.2290949946,AminPD,0.6727519861,1222.1332942000,0.0000000000,0.0000000000,0.0000000000,0.0000000000,0.0025492309
21081,21081,Limerick,ED,2020,30.0000000000,806.0292080000,0.4333543134,0.0408191275,0.1996205577,0.3262060015,0.0000000000,0.0000000000,0.4741734409,0.5258265591,0.0000000000,2,0.5258265591,24.0000000000,AminDW,0.8362000189,806.0292080000,0.0000000000,0.0000000000,0.0020409564,0.0020409564,0.0020409564
21082,21082,Limerick,ED,2020,18.0000000000,952.9868130000,0.0000000000,0.0000000000,0.6075986353,0.3924013647,0.0000000000,0.0000000000,0.0000000000,1.0000000000,0.0000000000,2,1.0000000000,21.1053394797,AminSPPT,0.4969780070,952.9868130000,847.5668130000,0.8893793717,0.0392401365,0.0392401365,0.0696200682
21083,21083,Limerick,ED,2020,61.0000000000,2922.8849951000,0.2459669557,0.0000000000,0.0000000000,0.7540330443,0.0000000000,0.0000000000,0.2459669557,0.7540330443,0.0000000000,2,0.7540330443,22.9976068149,AminPD,0.5834144870,2922.8849951000,0.0000000000,0.0000000000,0.0045024009,0.0045024009,0.0045024009
21084,21084,Limerick,ED,2020,36.0000000000,770.5887346000,0.0000000000,0.0000000000,0.0000000000,0.8522109578,0.1477890422,0.0000000000,0.0000000000,0.8522109578,0.1477890422,2,0.8522109578,20.8540342920,AminPDPT,0.4414109815,770.5887346000,579.9001757000,0.7525417251,0.2330101380,0.2330101380,0.2330101380
21085,21085,Limerick,ED,2020,31.0000000000,946.3537763000,0.0000000000,0.0000000000,0.3430567494,0.6112923745,0.0456508761,0.0000000000,0.0000000000,0.9543491239,0.0456508761,2,0.9543491239,22.2780948850,AminSRPT,0.4487083854,946.3537763000,467.8387540000,0.4943592615,0.0907748098,0.0907748098,0.1079276472
21086,21086,Limerick,ED,2020,25.0000000000,1506.6802370000,0.1781215963,0.5654039332,0.0000000000,0.1849994506,0.0714750200,0.0000000000,0.7435255295,0.1849994506,0.0714750200,1,0.7435255295,23.9859212861,AminDW,0.5164891593,1506.6802370000,82.0000000000,0.0544242886,0.0354176987,0.0354176987,0.0890239636
21087,21087,Limerick,ED,2020,44.0000000000,1551.7975100000,0.1343900236,0.0000000000,0.0000000000,0.8656099764,0.0000000000,0.0000000000,0.1343900236,0.8656099764,0.0000000000,2,0.8656099764,23.8513465845,AminPD,0.5104392377,1551.7975100000,0.0000000000,0.0000000000,0.0000000000,0.0000000000,0.0000000000
21088,21088,Limerick,ED,2020,59.0000000000,2169.8820896000,0.3734799549,0.0000000000,0.0000000000,0.6265200451,0.0000000000,0.0000000000,0.3734799549,0.6265200451,0.0000000000,2,0.6265200451,23.7883739977,AminDW,0.4950621654,2169.8820896000,0.0000000000,0.0000000000,0.0042499721,0.0042499721,0.0042499721
21089,21089,Limerick,ED,2020,66.0000000000,2449.5010257000,0.0000000000,0.0000000000,0.0000000000,1.0000000000,0.0000000000,0.0000000000,0.0000000000,1.0000000000,0.0000000000,2,1.0000000000,20.9795449535,AminPDPT,0.4951852508,2449.5010257000,2026.9112067000,0.8274792235,0.1000000000,0.1000000000,0.1000000000
21090,21090,Limerick,ED,2020,27.0000000000,924.7012588000,0.0000000000,0.0000000000,0.0000000000,1.0000000000,0.0000000000,0.0000000000,0.0000000000,1.0000000000,0.0000000000,2,1.0000000000,21.3295522595,AminPD,0.5775692471,924.7012588000,0.0000000000,0.0000000000,0.0000000000,0.0000000000,0.0000000000
21091,21091,Limerick,ED,2020,20.0000000000,602.3270200000,0.0000000000,0.0000000000,0.4712888358,0.3092916901,0.2194194742,0.0000000000,0.0000000000,0.7805805258,0.2194194742,2,0.7805805258,22.8767336587,AminPD,0.2712313985,602.3270200000,132.1622780000,0.2194194742,0.2308795747,0.2308795747,0.2544440165
21092,21092,Limerick,ED,2020,42.0000000000,1055.2335484000,0.0000000000,0.0000000000,0.0000000000,0.8068576190,0.1931423810,0.0000000000,0.0000000000,0.8068576190,0.1931423810,2,0.8068576190,22.3798973558,AminPDPT,0.6099841693,1055.2335484000,847.4860794000,0.8031265502,0.2738281429,0.2738281429,0.2738281429
21093,21093,Limerick,ED,2020,61.0000000000,2064.2857920000,0.0000000000,0.0000000000,0.2180636135,0.6619669589,0.1199694277,0.0000000000,0.0000000000,0.8800305723,0.1199694277,2,0.8800305723,20.7977241496,AminPDPT,0.3570735103,2064.2857920000,1244.2135510000,0.6027331854,0.1832171811,0.1832171811,0.1941203618
21094,21094,Limerick,ED,2020,38.0000000000,875.1740963000,0.0000000000,0.0000000000,0.0000000000,0.8760936887,0.1239063113,0.0000000000,0.0000000000,0.8760936887,0.1239063113,2,0.8760936887,19.9734126240,AminSPPT,0.5265154858,875.1740963000,569.2323085000,0.6504217971,0.2115156802,0.2115156802,0.2115156802
21095,21095,Limerick,ED,2020,37.0000000000,1291.6933008000,0.2806585802,0.0000000000,0.0000000000,0.7193414198,0.0000000000,0.0000000000,0.2806585802,0.7193414198,0.0000000000,2,0.7193414198,24.0000000000,AminPD,0.5027515575,1291.6933008000,0.0000000000,0.0000000000,0.0000000000,0.0000000000,0.0000000000
21096,21096,Limerick,ED,2020,41.0000000000,1388.9822645000,0.8718842922,0.0000000000,0.0000000000,0.1281157078,0.0000000000,0.0000000000,0.8718842922,0.1281157078,0.0000000000,1,0.8718842922,23.6069064279,AminDW,0.3830117234,1388.9822645000,0.0000000000,0.0000000000,0.0000000000,0.0000000000,0.0000000000
21097,21097,Limerick,ED,2020,26.0000000000,1202.9496653000,0.2048915407,0.2629536456,0.0000000000,0.5321548137,0.0000000000,0.0000000000,0.4678451863,0.5321548137,0.0000000000,2,0.5321548137,24.0000000000,AminDW,0.6406454339,1202.9496653000,0.0000000000,0.0000000000,0.0131476823,0.0131476823,0.0131476823
21098,21098,Limerick,ED,2020,91.0000000000,3721.2727307000,0.0000000000,0.0000000000,0.2229288752,0.7770711248,0.0000000000,0.0000000000,0.0000000000,1.0000000000,0.0000000000,2,1.0000000000,21.9045845300,BminPD,0.4227652188,3721.2727307000,573.5391440000,0.1541244584,0.0354305906,0.0354305906,0.0465770344
21099,21099,Limerick,ED,2020,44.0000000000,978.5253933000,0.0000000000,0.0000000000,0.0000000000,1.0000000000,0.0000000000,0.0000000000,0.0000000000,1.0000000000,0.0000000000,2,1.0000000000,21.5370666751,AminSW,0.6550410541,978.5253933000,161.3813360000,0.1649229924,0.1000000000,0.1000000000,0.1000000000
21100,21100,Limerick,ED,2020,46.0000000000,1663.8157380000,0.0000000000,0.0000000000,0.4726363581,0.5273636419,0.0000000000,0.0000000000,0.0000000000,1.0000000000,0.0000000000,2,1.0000000000,22.2540334596,AminSW,0.4726363581,1663.8157380000,149.1828190000,0.0896630652,0.0089663065,0.0089663065,0.0325981244
21101,21101,Limerick,ED,2020,58.0000000000,2142.0706750000,0.2860988660,0.0000000000,0.0000000000,0.7139011340,0.0000000000,0.0000000000,0.2860988660,0.7139011340,0.0000000000,2,0.7139011340,23.5352160824,BminPD,0.3930126778,2142.0706750000,0.0000000000,0.0000000000,0.0245023261,0.0245023261,0.0245023261
21103,21103,Limerick,ED,2020,42.0000000000,1242.3003996000,0.0000000000,0.0000000000,0.0000000000,0.6805896660,0.3194103340,0.0000000000,0.0000000000,0.6805896660,0.3194103340,2,0.6805896660,21.5015300768,AminPD,1.0000000000,1242.3003996000,0.0000000000,0.0000000000,0.3874693006,0.3874693006,0.3874693006
21104,21104,Limerick,ED,2020,62.0000000000,1900.0114946000,0.0000000000,0.0000000000,0.0000000000,0.6415877825,0.3584122175,0.0000000000,0.0000000000,0.6415877825,0.3584122175,2,0.6415877825,19.9473318243,AminSPPT,0.3446440318,1900.0114946000,1900.0114946000,1.0000000000,0.4225709957,0.4225709957,0.4225709957
21105,21105,Limerick,ED,2020,26.0000000000,768.3429490000,0.0000000000,0.0000000000,0.3335536317,0.3962101369,0.2702362315,0.0000000000,0.0000000000,0.7297637685,0.2702362315,2,0.7297637685,21.8321571140,AminSPPT,0.3335536317,768.3429490000,539.0976840000,0.7016367947,0.3098572451,0.3098572451,0.3265349267
21106,21106,Limerick,ED,2020,71.0000000000,2466.8268920000,0.0000000000,0.0000000000,0.2274581981,0.7725418019,0.0000000000,0.0000000000,0.0000000000,1.0000000000,0.0000000000,2,1.0000000000,19.8419233367,AminPDPT,0.2920893433,2466.8268920000,1058.0176940000,0.4288982326,0.0772541802,0.0772541802,0.0886270901
21107,21107,Limerick,ED,2020,33.0000000000,1446.8972550000,0.3513798822,0.6486201178,0.0000000000,0.0000000000,0.0000000000,0.0000000000,1.0000000000,0.0000000000,0.0000000000,1,1.0000000000,22.6920328286,BminDW,0.8634086807,1446.8972550000,0.0000000000,0.0000000000,0.0324310059,0.0324310059,0.0324310059
21108,21108,Limerick,ED,2020,32.0000000000,1274.4491881000,0.4267780560,0.5732219440,0.0000000000,0.0000000000,0.0000000000,0.0000000000,1.0000000000,0.0000000000,0.0000000000,1,1.0000000000,23.8210991838,BminDW,0.3746085183,1274.4491881000,53.8507641000,0.0422541476,0.0286610972,0.0286610972,0.0286610972
21109,21109,Limerick,ED,2020,13.0000000000,584.4578590000,0.0000000000,1.0000000000,0.0000000000,0.0000000000,0.0000000000,0.0000000000,1.0000000000,0.0000000000,0.0000000000,1,1.0000000000,22.8296846565,BminDW,0.8672241671,584.4578590000,0.0000000000,0.0000000000,0.0500000000,0.0500000000,0.0500000000
21110,21110,Limerick,ED,2020,46.0000000000,1455.2698302000,0.6812939474,0.0000000000,0.0000000000,0.3187060526,0.0000000000,0.0000000000,0.6812939474,0.3187060526,0.0000000000,1,0.6812939474,23.4350642534,BminPD,0.6383660135,1455.2698302000,0.0000000000,0.0000000000,0.0000000000,0.0000000000,0.0000000000
21111,21111,Limerick,ED,2020,25.0000000000,631.5733600000,0.4359958137,0.5640041863,0.0000000000,0.0000000000,0.0000000000,0.0000000000,1.0000000000,0.0000000000,0.0000000000,1,1.0000000000,23.8763009890,BminSW,0.5806861819,631.5733600000,0.0000000000,0.0000000000,0.0282002093,0.0282002093,0.0282002093
21112,21112,Limerick,ED,2020,46.0000000000,1168.0517917000,1.0000000000,0.0000000000,0.0000000000,0.0000000000,0.0000000000,0.0000000000,1.0000000000,0.0000000000,0.0000000000,1,1.0000000000,23.7430091695,BminDW,0.5556353916,1168.0517917000,0.0000000000,0.0000000000,0.0000000000,0.0000000000,0.0000000000
21113,21113,Limerick,ED,2020,26.0000000000,1087.6628021000,0.2248400143,0.6684061326,0.1067538531,0.0000000000,0.0000000000,0.0000000000,0.8932461469,0.1067538531,0.0000000000,1,0.8932461469,22.5390886501,BminDW,0.5943689964,1087.6628021000,0.0000000000,0.0000000000,0.0334203066,0.0334203066,0.0547710772
21114,21114,Limerick,ED,2020,46.0000000000,2013.1362719000,0.8208082185,0.1791917815,0.0000000000,0.0000000000,0.0000000000,0.0000000000,1.0000000000,0.0000000000,0.0000000000,1,1.0000000000,23.7615660665,BminDW,0.8962654352,2013.1362719000,0.0000000000,0.0000000000,0.0089595891,0.0089595891,0.0089595891
21115,21115,Limerick,ED,2020,50.0000000000,2034.9542760000,0.9938254126,0.0061745874,0.0000000000,0.0000000000,0.0000000000,0.0000000000,1.0000000000,0.0000000000,0.0000000000,1,1.0000000000,24.0000000000,BminDW,0.9551537835,2034.9542760000,0.0000000000,0.0000000000,0.0003087294,0.0003087294,0.0003087294
21116,21116,Limerick,ED,2020,43.0000000000,1732.2119170000,0.6424967898,0.0000000000,0.0000000000,0.3575032102,0.0000000000,0.0000000000,0.6424967898,0.3575032102,0.0000000000,1,0.6424967898,22.3886534363,BminDW,0.3819239064,1732.2119170000,0.0000000000,0.0000000000,0.0357503210,0.0357503210,0.0357503210
21117,21117,Limerick,ED,2020,11.0000000000,303.1299190000,0.0000000000,0.0000000000,0.0000000000,1.0000000000,0.0000000000,0.0000000000,0.0000000000,1.0000000000,0.0000000000,2,1.0000000000,21.3300931671,AminPD,0.5337134306,303.1299190000,0.0000000000,0.0000000000,0.1000000000,0.1000000000,0.1000000000
21118,21118,Limerick,ED,2020,42.0000000000,1172.2110813000,0.5999712249,0.4000287751,0.0000000000,0.0000000000,0.0000000000,0.0000000000,1.0000000000,0.0000000000,0.0000000000,1,1.0000000000,24.0000000000,BminDW,0.4587458493,1172.2110813000,0.0000000000,0.0000000000,0.0200014388,0.0200014388,0.0200014388
21119,21119,Limerick,ED,2020,51.0000000000,1299.5251848000,0.3942615523,0.6057384477,0.0000000000,0.0000000000,0.0000000000,0.0000000000,1.0000000000,0.0000000000,0.0000000000,1,1.0000000000,23.0251824168,BminSW,0.5905892548,1299.5251848000,0.0000000000,0.0000000000,0.0302869224,0.0302869224,0.0302869224
21120,21120,Limerick,ED,2020,28.0000000000,1099.5061087000,0.1973027601,0.4569757491,0.3457214908,0.0000000000,0.0000000000,0.0000000000,0.6542785092,0.3457214908,0.0000000000,1,0.6542785092,23.5434313679,BminSW,0.5292678350,1099.5061087000,235.1500000000,0.2138687527,0.0228487875,0.0228487875,0.0919930856
21121,21121,Limerick,ED,2020,39.0000000000,1965.5720560000,0.5915198359,0.0000000000,0.0409549982,0.3675251659,0.0000000000,0.0000000000,0.5915198359,0.4084801641,0.0000000000,1,0.5915198359,23.5904500181,BminDW,0.7687620463,1965.5720560000,0.0000000000,0.0000000000,0.0000000000,0.0000000000,0.0081909996
21122,21122,Limerick,ED,2020,33.0000000000,1349.9918967000,0.2051938243,0.7948061757,0.0000000000,0.0000000000,0.0000000000,0.0000000000,1.0000000000,0.0000000000,0.0000000000,1,1.0000000000,23.9947089631,BminDW,0.6169936968,1349.9918967000,0.0000000000,0.0000000000,0.0397403088,0.0397403088,0.0397403088
21123,21123,Limerick,ED,2020,39.0000000000,1661.6123917000,0.0000000000,0.0000000000,0.0000000000,1.0000000000,0.0000000000,0.0000000000,0.0000000000,1.0000000000,0.0000000000,2,1.0000000000,19.7101532798,AminPD,0.8753560090,1661.6123917000,0.0000000000,0.0000000000,0.1000000000,0.1000000000,0.1000000000
21124,21124,Limerick,ED,2020,19.0000000000,540.6117546000,0.0000000000,0.0000000000,0.0000000000,1.0000000000,0.0000000000,0.0000000000,0.0000000000,1.0000000000,0.0000000000,2,1.0000000000,19.0666129700,AminPD,1.0000000000,540.6117546000,0.0000000000,0.0000000000,0.1000000000,0.1000000000,0.1000000000
21125,21125,Limerick,ED,2020,47.0000000000,1762.4879881000,0.1543216191,0.8456783809,0.0000000000,0.0000000000,0.0000000000,0.0000000000,1.0000000000,0.0000000000,0.0000000000,1,1.0000000000,22.7279345930,BminDW,0.5284582127,1762.4879881000,0.0000000000,0.0000000000,0.0422839190,0.0422839190,0.0422839190
21126,21126,Limerick,ED,2020,32.0000000000,940.9370206000,0.5817095121,0.4182904879,0.0000000000,0.0000000000,0.0000000000,0.0000000000,1.0000000000,0.0000000000,0.0000000000,1,1.0000000000,23.9567209185,BminSW,0.2919960141,940.9370206000,30.3061540000,0.0322084830,0.0209145244,0.0209145244,0.0209145244
21127,21127,Limerick,ED,2020,23.0000000000,865.7908600000,0.8220512561,0.0901497944,0.0000000000,0.0877989495,0.0000000000,0.0000000000,0.9122010505,0.0877989495,0.0000000000,1,0.9122010505,24.0000000000,BminDW,0.6927254141,865.7908600000,0.0000000000,0.0000000000,0.0045074897,0.0045074897,0.0045074897
21128,21128,Limerick,ED,2020,6.0000000000,268.1142860000,1.0000000000,0.0000000000,0.0000000000,0.0000000000,0.0000000000,0.0000000000,1.0000000000,0.0000000000,0.0000000000,1,1.0000000000,24.0000000000,BminDW,0.8955669225,268.1142860000,0.0000000000,0.0000000000,0.0000000000,0.0000000000,0.0000000000
21129,21129,Limerick,ED,2020,40.0000000000,2170.8031243000,0.4564501630,0.5435498370,0.0000000000,0.0000000000,0.0000000000,0.0000000000,1.0000000000,0.0000000000,0.0000000000,1,1.0000000000,24.0000000000,BminDW,0.5532886128,2170.8031243000,0.0000000000,0.0000000000,0.0271774918,0.0271774918,0.0271774918
21130,21130,Limerick,ED,2020,17.0000000000,756.6898830000,0.8400930121,0.0000000000,0.0938297202,0.0660772677,0.0000000000,0.0000000000,0.8400930121,0.1599069879,0.0000000000,1,0.8400930121,21.8857509847,BminDW,0.2772602155,756.6898830000,0.0000000000,0.0000000000,0.0066077268,0.0066077268,0.0253736708
21131,21131,Limerick,ED,2020,37.0000000000,1252.1886031000,0.1920863330,0.1189996456,0.0000000000,0.6889140214,0.0000000000,0.0000000000,0.3110859786,0.6889140214,0.0000000000,2,0.6889140214,20.3595226177,AminPD,0.4784605000,1252.1886031000,0.0000000000,0.0000000000,0.0748413844,0.0748413844,0.0748413844
21132,21132,Limerick,ED,2020,50.0000000000,1985.0944305000,0.0000000000,0.0000000000,0.6826598346,0.2845205681,0.0328195974,0.0000000000,0.0000000000,0.9671804026,0.0328195974,2,0.9671804026,23.3596386648,AminSW,0.5342884911,1985.0944305000,0.0000000000,0.0000000000,0.0032819597,0.0032819597,0.0990267998
21133,21133,Limerick,ED,2020,82.0000000000,2414.2384845000,0.0668763931,0.0000000000,0.2596564076,0.3717488396,0.3017183597,0.0000000000,0.0668763931,0.6314052472,0.3017183597,2,0.6314052472,23.1152981987,AminPD,0.4452286210,2414.2384845000,32.2000000000,0.0133375390,0.0301718360,0.0301718360,0.3376102938
21134,21134,Limerick,ED,2020,76.0000000000,2599.4330278000,0.3448863750,0.0000000000,0.2293189408,0.4257946842,0.0000000000,0.0000000000,0.3448863750,0.6551136250,0.0000000000,2,0.6551136250,23.5483630517,AminPD,0.5295480647,2599.4330278000,0.0000000000,0.0000000000,0.0000000000,0.0000000000,0.0619441584
21135,21135,Limerick,ED,2020,77.0000000000,3147.1442130000,0.0813245224,0.0000000000,0.0596445499,0.8590309277,0.0000000000,0.0000000000,0.0813245224,0.9186754776,0.0000000000,2,0.9186754776,23.8338175932,AminPD,0.5850942361,3147.1442130000,0.0000000000,0.0000000000,0.0000000000,0.0000000000,0.0997919600
21136,21136,Limerick,ED,2020,48.0000000000,1860.3264730000,0.6032655823,0.0000000000,0.0000000000,0.3967344177,0.0000000000,0.0000000000,0.6032655823,0.3967344177,0.0000000000,1,0.6032655823,23.1158756144,AminDW,0.5859325236,1860.3264730000,0.0000000000,0.0000000000,0.0000000000,0.0000000000,0.0198367209
22001,22001,Tipperary,ED,2020,5.0000000000,244.5298707000,1.0000000000,0.0000000000,0.0000000000,0.0000000000,0.0000000000,0.0000000000,1.0000000000,0.0000000000,0.0000000000,1,1.0000000000,24.0000000000,AlluvMIN,0.9970789430,244.5298707000,0.0000000000,0.0000000000,0.0000000000,0.0000000000,0.0000000000
22002,22002,Tipperary,ED,2020,4.0000000000,73.5449290000,1.0000000000,0.0000000000,0.0000000000,0.0000000000,0.0000000000,0.0000000000,1.0000000000,0.0000000000,0.0000000000,1,1.0000000000,21.3621566757,Made,1.0000000000,73.5449290000,0.0000000000,0.0000000000,0.0000000000,0.0000000000,0.0000000000
22003,22003,Tipperary,ED,2020,7.0000000000,163.8153470000,0.8512715967,0.0000000000,0.1487284033,0.0000000000,0.0000000000,0.0000000000,0.8512715967,0.1487284033,0.0000000000,1,0.8512715967,24.0000000000,BminDW,0.5635329576,163.8153470000,0.0000000000,0.0000000000,0.0000000000,0.0000000000,0.0297456807
22005,22005,Tipperary,ED,2020,41.0000000000,1675.4740280000,0.6971558248,0.0000000000,0.0000000000,0.0000000000,0.3028441752,0.0000000000,0.6971558248,0.0000000000,0.3028441752,1,0.6971558248,23.5243825110,BminDW,0.7830288808,1675.4740280000,246.6824750000,0.1472314526,0.3377019664,0.3377019664,0.3377019664
22006,22006,Tipperary,ED,2020,60.0000000000,3112.8950943000,0.8944665990,0.0000000000,0.1023163294,0.0000000000,0.0032170715,0.0000000000,0.8944665990,0.1023163294,0.0032170715,1,0.8944665990,23.5882679877,BminDW,0.8678980356,3112.8950943000,40.6896226000,0.0130713119,0.0479404015,0.0479404015,0.0479404015
22007,22007,Tipperary,ED,2020,43.0000000000,2043.5003273000,1.0000000000,0.0000000000,0.0000000000,0.0000000000,0.0000000000,0.0000000000,1.0000000000,0.0000000000,0.0000000000,1,1.0000000000,23.8098904694,BminDW,0.7618030281,2043.5003273000,371.6555900000,0.1818720482,0.0500000000,0.0500000000,0.0500000000
22008,22008,Tipperary,ED,2020,35.0000000000,1763.2764610000,0.8532334516,0.0000000000,0.1467665484,0.0000000000,0.0000000000,0.0000000000,0.8532334516,0.1467665484,0.0000000000,1,0.8532334516,22.7804874292,BminDW,0.8103576935,1763.2764610000,334.3918150000,0.1896423065,0.0426616726,0.0426616726,0.0720149823
22009,22009,Tipperary,ED,2020,21.0000000000,1271.6791711000,0.0000000000,0.7681473615,0.0000000000,0.0000000000,0.2318526385,0.0000000000,0.7681473615,0.0000000000,0.2318526385,1,0.7681473615,22.9310196857,BminDW,0.7946022818,1271.6791711000,192.8000000000,0.1516105669,0.2702600065,0.2702600065,0.2702600065
22010,22010,Tipperary,ED,2020,51.0000000000,2029.8970996000,0.9333463750,0.0000000000,0.0000000000,0.0000000000,0.0666536250,0.0000000000,0.9333463750,0.0000000000,0.0666536250,1,0.9333463750,23.5778170233,BminDW,0.8580012326,2029.8970996000,197.6000000000,0.0973448359,0.1133209437,0.1133209437,0.1133209437
22011,22011,Tipperary,ED,2020,37.0000000000,1626.9401680000,0.4636434596,0.5039644457,0.0000000000,0.0000000000,0.0323920947,0.0000000000,0.9676079053,0.0000000000,0.0323920947,1,0.9676079053,23.0254712305,BminDW,0.8712982787,1626.9401680000,0.0000000000,0.0000000000,0.0807724900,0.0807724900,0.0807724900
22012,22012,Tipperary,ED,2020,26.0000000000,1470.6409541000,0.4175355299,0.5373575364,0.0000000000,0.0000000000,0.0451069338,0.0000000000,0.9548930662,0.0000000000,0.0451069338,1,0.9548930662,22.8476307506,AminSW,0.4175355299,1470.6409541000,143.1000000000,0.0973045118,0.0928515871,0.0928515871,0.0928515871
22013,22013,Tipperary,ED,2020,24.0000000000,1211.8461680000,0.6449067057,0.0000000000,0.2831360605,0.0000000000,0.0719572338,0.0000000000,0.6449067057,0.2831360605,0.0719572338,1,0.6449067057,23.9567901922,BminDW,0.7738649366,1211.8461680000,0.0000000000,0.0000000000,0.1042025691,0.1042025691,0.1608297812
22014,22014,Tipperary,ED,2020,32.0000000000,1387.4675880000,0.2435457152,0.3240045432,0.0000000000,0.0000000000,0.4324497417,0.0000000000,0.5675502583,0.0000000000,0.4324497417,1,0.5675502583,22.6454393513,BminDW,0.4623586119,1387.4675880000,483.0100000000,0.3481234475,0.4608272546,0.4608272546,0.4608272546
22015,22015,Tipperary,ED,2020,58.0000000000,3020.7912047000,0.4768149968,0.3660208803,0.1571641229,0.0000000000,0.0000000000,0.0000000000,0.8428358771,0.1571641229,0.0000000000,1,0.8428358771,23.9976354351,BminDW,0.6869826691,3020.7912047000,154.6000000000,0.0511786448,0.0421417939,0.0421417939,0.0735746184
22016,22016,Tipperary,ED,2020,42.0000000000,1879.9629503000,0.7557876766,0.0000000000,0.0000000000,0.0000000000,0.2442123234,0.0000000000,0.7557876766,0.0000000000,0.2442123234,1,0.7557876766,22.9076137304,BminDW,0.6728344926,1879.9629503000,280.5794100000,0.1492473083,0.2820017072,0.2820017072,0.2820017072
22017,22017,Tipperary,ED,2020,41.0000000000,2398.2089540000,0.3563363057,0.4190585784,0.0000000000,0.0000000000,0.2246051159,0.0000000000,0.7753948841,0.0000000000,0.2246051159,1,0.7753948841,23.8237753265,BminDW,0.7422133055,2398.2089540000,0.0000000000,0.0000000000,0.2633748601,0.2633748601,0.2633748601
22018,22018,Tipperary,ED,2020,22.0000000000,1799.9991700000,0.9218444084,0.0000000000,0.0000000000,0.0000000000,0.0781555916,0.0000000000,0.9218444084,0.0000000000,0.0781555916,1,0.9218444084,24.0000000000,BminDW,0.5625220205,1799.9991700000,659.3600000000,0.3663112800,0.1242478120,0.1242478120,0.1242478120
22019,22019,Tipperary,ED,2020,35.0000000000,1931.5587830000,0.5334433314,0.2214178697,0.0000000000,0.0000000000,0.2451387989,0.0000000000,0.7548612011,0.0000000000,0.2451387989,1,0.7548612011,21.9963713463,BminPD,0.5273200163,1931.5587830000,85.0000000000,0.0440059090,0.2828818589,0.2828818589,0.2828818589
22020,22020,Tipperary,ED,2020,24.0000000000,1181.1369479000,0.8621667028,0.0000000000,0.0000000000,0.0000000000,0.1378332972,0.0000000000,0.8621667028,0.0000000000,0.1378332972,1,0.8621667028,22.3054760893,Cut,0.9716737818,1181.1369479000,1147.6798050000,0.9716737818,0.1809416324,0.1809416324,0.1809416324
22021,22021,Tipperary,ED,2020,32.0000000000,1293.1190150000,0.0000000000,0.8883982957,0.0000000000,0.0000000000,0.1116017043,0.0000000000,0.8883982957,0.0000000000,0.1116017043,1,0.8883982957,22.1208690215,BminDW,0.7741783373,1293.1190150000,145.2000000000,0.1122866483,0.1560216191,0.1560216191,0.1560216191
22022,22022,Tipperary,ED,2020,40.0000000000,2027.4162350000,0.6293764221,0.0000000000,0.0000000000,0.0000000000,0.3706235779,0.0000000000,0.6293764221,0.0000000000,0.3706235779,1,0.6293764221,22.7466672920,BminDW,0.6078670792,2027.4162350000,338.5166500000,0.1669694876,0.4020923990,0.4020923990,0.4020923990
22023,22023,Tipperary,ED,2020,33.0000000000,1656.4437200000,0.4584240991,0.0000000000,0.0000000000,0.0000000000,0.5415759009,0.0000000000,0.4584240991,0.0000000000,0.5415759009,3,0.5415759009,22.9676799885,BminDW,0.6873301557,1656.4437200000,396.0700000000,0.2391086369,0.5644971059,0.5644971059,0.5644971059
22024,22024,Tipperary,ED,2020,47.0000000000,1810.9302607000,0.0000000000,0.0000000000,0.1350391768,0.5384373160,0.3265235072,0.0000000000,0.0000000000,0.6734764928,0.3265235072,2,0.6734764928,22.4984032113,AminDW,0.3748024006,1810.9302607000,844.5692517000,0.4663731509,0.0326523507,0.0326523507,0.4121543101
22025,22025,Tipperary,ED,2020,46.0000000000,2303.4883855000,0.0000000000,0.0000000000,0.5796764400,0.1630752264,0.2572483335,0.0000000000,0.0000000000,0.7427516665,0.2572483335,2,0.7427516665,23.4881675951,AminDW,0.6402805190,2303.4883855000,0.0000000000,0.0000000000,0.0257248334,0.0257248334,0.2594298901
22026,22026,Tipperary,ED,2020,30.0000000000,1504.8636431000,1.0000000000,0.0000000000,0.0000000000,0.0000000000,0.0000000000,0.0000000000,1.0000000000,0.0000000000,0.0000000000,1,1.0000000000,23.5846799789,BminDW,0.9398616609,1504.8636431000,0.0000000000,0.0000000000,0.0500000000,0.0500000000,0.0500000000
22027,22027,Tipperary,ED,2020,45.0000000000,1812.0544775000,0.6913276091,0.0000000000,0.3054186885,0.0032537024,0.0000000000,0.0000000000,0.6913276091,0.3086723909,0.0000000000,1,0.6913276091,21.1897886276,AminPD,0.7407637267,1812.0544775000,0.0000000000,0.0000000000,0.0000000000,0.0000000000,0.0111751450
22028,22028,Tipperary,ED,2020,61.0000000000,2555.4297770000,0.8072980583,0.0000000000,0.0000000000,0.0000000000,0.1927019417,0.0000000000,0.8072980583,0.0000000000,0.1927019417,1,0.8072980583,23.7899374873,BminDW,0.5766865833,2555.4297770000,263.0514300000,0.1029382346,0.2330668446,0.2330668446,0.2330668446
22029,22029,Tipperary,ED,2020,66.0000000000,2393.4349559000,0.9527071965,0.0000000000,0.0472928035,0.0000000000,0.0000000000,0.0000000000,0.9527071965,0.0472928035,0.0000000000,1,0.9527071965,23.8228487476,BminDW,0.6903279013,2393.4349559000,7.0000000000,0.0029246669,0.0476353598,0.0476353598,0.0476353598
22030,22030,Tipperary,ED,2020,53.0000000000,1969.0261742000,0.8061455921,0.0000000000,0.1938544079,0.0000000000,0.0000000000,0.0000000000,0.8061455921,0.1938544079,0.0000000000,1,0.8061455921,23.5673495806,BminDW,0.8331389417,1969.0261742000,0.0000000000,0.0000000000,0.0000000000,0.0000000000,0.0005434780
22031,22031,Tipperary,ED,2020,40.0000000000,1190.9216038000,0.1690587435,0.0000000000,0.2368753190,0.5940659375,0.0000000000,0.0000000000,0.1690587435,0.8309412565,0.0000000000,2,0.8309412565,23.3857785419,AminDW,0.6876030221,1190.9216038000,0.0000000000,0.0000000000,0.0000000000,0.0000000000,0.1549417604
22032,22032,Tipperary,ED,2020,44.0000000000,1698.6435692000,0.4018204075,0.0000000000,0.0000000000,0.5981795925,0.0000000000,0.0000000000,0.4018204075,0.5981795925,0.0000000000,2,0.5981795925,23.7411847441,AminDW,0.4371941799,1698.6435692000,0.0000000000,0.0000000000,0.0000000000,0.0000000000,0.1495448981
22033,22033,Tipperary,ED,2020,35.0000000000,1169.7470840000,0.8840364196,0.0000000000,0.0000000000,0.1159635804,0.0000000000,0.0000000000,0.8840364196,0.1159635804,0.0000000000,1,0.8840364196,23.5041474624,AminDW,0.6089489059,1169.7470840000,73.7233750000,0.0630250556,0.0000000000,0.0000000000,0.0289908951
22034,22034,Tipperary,ED,2020,63.0000000000,1906.5318468000,0.6867864069,0.0000000000,0.2726163169,0.0000000000,0.0000000000,0.0405972762,0.6867864069,0.2726163169,0.0405972762,1,0.6867864069,22.9771124667,AminDW,0.6679819321,1906.5318468000,19.4000000000,0.0101755447,0.0000000000,0.0000000000,0.0134509047
22035,22035,Tipperary,ED,2020,27.0000000000,1252.7681460000,0.3386979477,0.0000000000,0.5166064831,0.0000000000,0.1446955692,0.0000000000,0.3386979477,0.5166064831,0.1446955692,2,0.5166064831,23.6724054636,AminDW,0.6346150375,1252.7681460000,53.2634400000,0.0425165983,0.1446955692,0.1446955692,0.1446955692
22036,22036,Tipperary,ED,2020,35.0000000000,1666.2608372000,0.0000000000,0.0000000000,0.6243020161,0.0000000000,0.3756979839,0.0000000000,0.0000000000,0.6243020161,0.3756979839,2,0.6243020161,21.1440965941,AminDW,0.5041832698,1666.2608372000,382.6700000000,0.2296579212,0.1849937479,0.1849937479,0.3439139446
22037/22045,22037/22045,Tipperary,COUNTY_FALLBACK,2020,7093.0000000000,304232.1178311800,0.5473480515,0.0308669562,0.2018805591,0.1197901175,0.0980572122,0.0020571035,0.5782150077,0.3216706766,0.1001143157,1,0.5782150077,23.3446330788,,,304232.1178311800,18540.1340705000,0.0609407521,0.0746645764,0.0746645764,0.1380132128
22038,22038,Tipperary,ED,2020,45.0000000000,1310.5982052000,0.0000000000,0.0000000000,0.0947725088,0.9052274912,0.0000000000,0.0000000000,0.0000000000,1.0000000000,0.0000000000,2,1.0000000000,23.3658544253,AminPD,0.6369987780,1310.5982052000,0.0000000000,0.0000000000,0.0000000000,0.0000000000,0.2263068728
22039,22039,Tipperary,ED,2020,43.0000000000,1846.2675854000,0.7466346408,0.0000000000,0.2533653592,0.0000000000,0.0000000000,0.0000000000,0.7466346408,0.2533653592,0.0000000000,1,0.7466346408,23.8651333090,BminDW,0.8597684160,1846.2675854000,0.0000000000,0.0000000000,0.0256676590,0.0256676590,0.0763407308
22040,22040,Tipperary,ED,2020,48.0000000000,1876.5757250000,0.0000000000,0.0000000000,0.4599030929,0.5400969071,0.0000000000,0.0000000000,0.0000000000,1.0000000000,0.0000000000,2,1.0000000000,22.6293225657,AminDW,0.4686644233,1876.5757250000,78.7700000000,0.0419753911,0.0000000000,0.0000000000,0.1350242268
22041,22041,Tipperary,ED,2020,63.0000000000,2426.2762781000,0.3454183829,0.0000000000,0.4894396654,0.0000000000,0.1651419517,0.0000000000,0.3454183829,0.4894396654,0.1651419517,2,0.4894396654,22.8314836321,AminDW,0.2968609688,2426.2762781000,400.6800000000,0.1651419517,0.1651419517,0.1651419517,0.1651419517
22042,22042,Tipperary,ED,2020,53.0000000000,3043.1645377000,0.5470744349,0.0000000000,0.4529255651,0.0000000000,0.0000000000,0.0000000000,0.5470744349,0.4529255651,0.0000000000,1,0.5470744349,23.3076352744,AminDW,0.6628187726,3043.1645377000,0.0000000000,0.0000000000,0.0051201635,0.0051201635,0.0051201635
22043,22043,Tipperary,ED,2020,31.0000000000,1476.4625754000,0.0000000000,0.0000000000,0.0000000000,0.3112381250,0.6887618750,0.0000000000,0.0000000000,0.3112381250,0.6887618750,3,0.6887618750,20.4640252405,BktPt,0.3027140093,1476.4625754000,893.2012268000,0.6049602893,0.6887618750,0.6887618750,0.7665714063
22044,22044,Tipperary,ED,2020,35.0000000000,1710.9765630000,0.6368681995,0.3631318005,0.0000000000,0.0000000000,0.0000000000,0.0000000000,1.0000000000,0.0000000000,0.0000000000,1,1.0000000000,24.0000000000,BminDW,1.0000000000,1710.9765630000,0.0000000000,0.0000000000,0.0500000000,0.0500000000,0.0500000000
22046,22046,Tipperary,ED,2020,50.0000000000,2263.8494110000,0.1661632758,0.0000000000,0.6381144819,0.0000000000,0.1957222423,0.0000000000,0.1661632758,0.6381144819,0.1957222423,2,0.6381144819,24.0000000000,AminDW,0.8396059463,2263.8494110000,111.8400000000,0.0494025793,0.0278803880,0.0278803880,0.1746720698
22047,22047,Tipperary,ED,2020,30.0000000000,1332.0916855000,0.8395648828,0.0000000000,0.1604351172,0.0000000000,0.0000000000,0.0000000000,0.8395648828,0.1604351172,0.0000000000,1,0.8395648828,23.8355969019,BminDW,0.9690604737,1332.0916855000,0.0000000000,0.0000000000,0.0000000000,0.0000000000,0.0320870234
22048,22048,Tipperary,ED,2020,56.0000000000,2635.3199938000,1.0000000000,0.0000000000,0.0000000000,0.0000000000,0.0000000000,0.0000000000,1.0000000000,0.0000000000,0.0000000000,1,1.0000000000,23.6782174453,BminDW,0.9250486372,2635.3199938000,0.0000000000,0.0000000000,0.0177715704,0.0177715704,0.0177715704
22049,22049,Tipperary,ED,2020,57.0000000000,1596.0220307000,0.0000000000,0.0000000000,0.0000000000,0.9777621804,0.0222378196,0.0000000000,0.0000000000,0.9777621804,0.0222378196,2,0.9777621804,22.5408050884,AminDW,0.4778714531,1596.0220307000,110.3730050000,0.0691550636,0.0222378196,0.0222378196,0.2666783647
22050,22050,Tipperary,ED,2020,29.0000000000,1002.8646990000,0.0000000000,0.0000000000,0.8751251698,0.0469156009,0.0779592293,0.0000000000,0.0000000000,0.9220407707,0.0779592293,2,0.9220407707,22.2975182877,AminDW,0.3101070845,1002.8646990000,133.9400000000,0.1335573983,0.0779592293,0.0779592293,0.0896881295
22051,22051,Tipperary,ED,2020,59.0000000000,2603.1320362000,0.3599301615,0.0000000000,0.4626825971,0.1773872414,0.0000000000,0.0000000000,0.3599301615,0.6400698385,0.0000000000,2,0.6400698385,23.9052271120,AminDW,0.6767968461,2603.1320362000,0.0000000000,0.0000000000,0.0000000000,0.0000000000,0.0842681752
22052,22052,Tipperary,ED,2020,50.0000000000,2010.8846230000,0.7780595918,0.0000000000,0.0000000000,0.0000000000,0.2219404082,0.0000000000,0.7780595918,0.0000000000,0.2219404082,1,0.7780595918,24.0000000000,AminSP,0.4887799075,2010.8846230000,0.0000000000,0.0000000000,0.0221940408,0.0221940408,0.1886493469
22053,22053,Tipperary,ED,2020,23.0000000000,1098.2049770000,0.0151155753,0.0000000000,0.4436781113,0.1971812836,0.3440250299,0.0000000000,0.0151155753,0.6408593949,0.3440250299,2,0.6408593949,23.8914592426,AminDW,0.5563218887,1098.2049770000,0.0000000000,0.0000000000,0.3447808086,0.3447808086,0.3940761295
22054,22054,Tipperary,ED,2020,55.0000000000,1809.0936254000,0.2329923039,0.0000000000,0.1871610114,0.3774306036,0.2024160811,0.0000000000,0.2329923039,0.5645916150,0.2024160811,2,0.5645916150,23.7525176662,BminDW,0.3850900751,1809.0936254000,0.0000000000,0.0000000000,0.2024160811,0.2024160811,0.2967737320
22055,22055,Tipperary,ED,2020,51.0000000000,2310.2339680000,0.5737933609,0.0000000000,0.0000000000,0.4262066391,0.0000000000,0.0000000000,0.5737933609,0.4262066391,0.0000000000,1,0.5737933609,23.7727502897,AminPD,0.5795822174,2310.2339680000,118.0200000000,0.0510857349,0.0044274736,0.0044274736,0.1109791334
22056,22056,Tipperary,ED,2020,43.0000000000,1571.2335609000,0.1726668821,0.0000000000,0.4329239248,0.0000000000,0.3944091931,0.0000000000,0.1726668821,0.4329239248,0.3944091931,2,0.4329239248,23.8126312934,BminDW,0.9678596478,1571.2335609000,28.1000000000,0.0178840375,0.4030425373,0.4030425373,0.4896273222
22057,22057,Tipperary,ED,2020,55.0000000000,2236.8782000000,0.6837550444,0.0000000000,0.0554659699,0.2607789856,0.0000000000,0.0000000000,0.6837550444,0.3162449556,0.0000000000,1,0.6837550444,23.5649651376,AminDW,0.7237973221,2236.8782000000,0.0000000000,0.0000000000,0.0000000000,0.0000000000,0.0731585791
22058,22058,Tipperary,ED,2020,36.0000000000,1820.5925770000,0.5370368260,0.0000000000,0.1848085630,0.2028982446,0.0752563664,0.0000000000,0.5370368260,0.3877068076,0.0752563664,1,0.5370368260,23.6500296859,AminDW,0.9247436336,1820.5925770000,0.0000000000,0.0000000000,0.0752563664,0.0752563664,0.1259809275
22059,22059,Tipperary,ED,2020,74.0000000000,2756.4617291000,0.4888530549,0.0000000000,0.0356242929,0.1057043517,0.3698183005,0.0000000000,0.4888530549,0.1413286446,0.3698183005,1,0.4888530549,22.9927955790,BminDW,0.2579519137,2756.4617291000,389.7200000000,0.1413841505,0.3904967670,0.3904967670,0.4169228549
22060,22060,Tipperary,ED,2020,40.0000000000,1385.6570799000,0.4720300220,0.0000000000,0.0595529603,0.3682788400,0.1001381778,0.0000000000,0.4720300220,0.4278318002,0.1001381778,1,0.4720300220,22.5993564355,AminPD,0.3448242635,1385.6570799000,469.0830270000,0.3385274999,0.1001381778,0.1001381778,0.1001381778
22061,22061,Tipperary,ED,2020,58.0000000000,1860.1864535000,0.6976851299,0.0000000000,0.3023148701,0.0000000000,0.0000000000,0.0000000000,0.6976851299,0.3023148701,0.0000000000,1,0.6976851299,23.3213917843,BminDW,0.6545606521,1860.1864535000,0.0000000000,0.0000000000,0.0168967153,0.0168967153,0.0773596893
22062,22062,Tipperary,ED,2020,14.0000000000,699.0342290000,0.0000000000,0.0000000000,0.0000000000,0.4572022181,0.5427977819,0.0000000000,0.0000000000,0.4572022181,0.5427977819,3,0.5427977819,24.0000000000,BminDW,1.0000000000,699.0342290000,0.0000000000,0.0000000000,0.5427977819,0.5427977819,0.5427977819
22063,22063,Tipperary,ED,2020,48.0000000000,1574.7026266000,0.6805428393,0.0000000000,0.2118812939,0.1075758668,0.0000000000,0.0000000000,0.6805428393,0.3194571607,0.0000000000,1,0.6805428393,24.0000000000,AminDW,0.4312019267,1574.7026266000,0.0000000000,0.0000000000,0.0000000000,0.0000000000,0.0526512146
22064,22064,Tipperary,ED,2020,113.0000000000,4571.0837644200,0.4252439688,0.0000000000,0.5738206690,0.0009353622,0.0000000000,0.0000000000,0.4252439688,0.5747560312,0.0000000000,2,0.5747560312,23.6836636398,BminDW,0.8548582225,4571.0837644200,0.0000000000,0.0000000000,0.0008086190,0.0008086190,0.1158065933
22065,22065,Tipperary,ED,2020,48.0000000000,1806.8589411000,0.0000000000,0.0000000000,0.3864503820,0.6135496180,0.0000000000,0.0000000000,0.0000000000,1.0000000000,0.0000000000,2,1.0000000000,21.6932012205,AminDW,0.4467618383,1806.8589411000,313.1888565000,0.1733333186,0.0567613547,0.0567613547,0.0682453724
22066,22066,Tipperary,ED,2020,53.0000000000,2432.1266212000,0.1849483362,0.0000000000,0.8150516638,0.0000000000,0.0000000000,0.0000000000,0.1849483362,0.8150516638,0.0000000000,2,0.8150516638,23.5501878930,AminDW,0.4927277657,2432.1266212000,56.0300000000,0.0230374519,0.0000000000,0.0000000000,0.0000000000
22067,22067,Tipperary,ED,2020,69.0000000000,2675.9683570000,0.2676968172,0.0000000000,0.0972025433,0.5493339987,0.0857666408,0.0000000000,0.2676968172,0.6465365420,0.0857666408,2,0.6465365420,23.6559573055,AminDW,0.6601627184,2675.9683570000,129.4500000000,0.0483750115,0.0857666408,0.0857666408,0.2350213837
22068,22068,Tipperary,ED,2020,74.0000000000,2967.2674779000,0.9021406539,0.0000000000,0.0978593461,0.0000000000,0.0000000000,0.0000000000,0.9021406539,0.0978593461,0.0000000000,1,0.9021406539,23.8029837201,BminDW,0.8611778419,2967.2674779000,0.0000000000,0.0000000000,0.0451070327,0.0451070327,0.0646789019
22069,22069,Tipperary,ED,2020,30.0000000000,1449.2588545000,0.7460099357,0.0000000000,0.2539900643,0.0000000000,0.0000000000,0.0000000000,0.7460099357,0.2539900643,0.0000000000,1,0.7460099357,22.6158442339,AlluvMIN,0.3592582377,1449.2588545000,143.3600000000,0.0989195267,0.0000000000,0.0000000000,0.0507980129
22070,22070,Tipperary,ED,2020,41.0000000000,1795.5834197000,0.3242722445,0.0000000000,0.6757277555,0.0000000000,0.0000000000,0.0000000000,0.3242722445,0.6757277555,0.0000000000,2,0.6757277555,23.8106402096,BminDW,0.8237841531,1795.5834197000,0.0000000000,0.0000000000,0.0000000000,0.0000000000,0.1351455511
22071,22071,Tipperary,ED,2020,42.0000000000,1933.2718172000,0.5925936435,0.0000000000,0.0000000000,0.0663593257,0.3410470308,0.0000000000,0.5925936435,0.0663593257,0.3410470308,1,0.5925936435,23.5956078224,BminDW,0.6970748718,1933.2718172000,585.6366130000,0.3029251282,0.3706767130,0.3706767130,0.3706767130
22072,22072,Tipperary,ED,2020,25.0000000000,1408.6004330000,0.5350985875,0.0000000000,0.0000000000,0.0000000000,0.4649014125,0.0000000000,0.5350985875,0.0000000000,0.4649014125,1,0.5350985875,23.2535268403,BminDW,0.8860997084,1408.6004330000,55.5000000000,0.0394008114,0.4916563419,0.4916563419,0.4916563419
22073,22073,Tipperary,ED,2020,69.0000000000,3308.4825314000,0.7398047627,0.0000000000,0.2601952373,0.0000000000,0.0000000000,0.0000000000,0.7398047627,0.2601952373,0.0000000000,1,0.7398047627,24.0000000000,BminDW,0.9320503718,3308.4825314000,129.9000000000,0.0392627130,0.0089956498,0.0089956498,0.0610346972
22074,22074,Tipperary,ED,2020,62.0000000000,1959.2986088000,0.2951716104,0.0000000000,0.0461241847,0.1926970098,0.4660071951,0.0000000000,0.2951716104,0.2388211945,0.4660071951,3,0.4660071951,22.8225375399,AminDW,0.3323935148,1959.2986088000,0.0000000000,0.0000000000,0.4686867254,0.4686867254,0.5101621521
22075,22075,Tipperary,ED,2020,33.0000000000,1321.1579353000,0.9121982339,0.0000000000,0.0878017661,0.0000000000,0.0000000000,0.0000000000,0.9121982339,0.0878017661,0.0000000000,1,0.9121982339,23.4758385947,BminDW,0.7029641578,1321.1579353000,51.6000000000,0.0390566477,0.0456099117,0.0456099117,0.0631702649
22076,22076,Tipperary,ED,2020,50.0000000000,2311.8929803000,0.5802958031,0.0000000000,0.0766127176,0.0000000000,0.3430914793,0.0000000000,0.5802958031,0.0766127176,0.3430914793,1,0.5802958031,23.7235093365,BminDW,0.9096939574,2311.8929803000,0.0000000000,0.0000000000,0.3721062695,0.3721062695,0.3874288130
22077,22077,Tipperary,ED,2020,62.0000000000,2537.8745843000,0.7033371685,0.0000000000,0.2966628315,0.0000000000,0.0000000000,0.0000000000,0.7033371685,0.2966628315,0.0000000000,1,0.7033371685,23.9257646532,BminDW,0.9586968862,2537.8745843000,0.0000000000,0.0000000000,0.0351668584,0.0351668584,0.0944994247
22078,22078,Tipperary,ED,2020,76.0000000000,3029.1968536000,0.4867448975,0.0000000000,0.0202043056,0.0000000000,0.4930507969,0.0000000000,0.4867448975,0.0202043056,0.4930507969,3,0.4930507969,23.1956650499,BminDW,0.8520389781,3029.1968536000,229.4030620000,0.0757306551,0.5111603184,0.5111603184,0.5152011795
22079,22079,Tipperary,ED,2020,66.0000000000,2766.9121359000,0.5487481411,0.0000000000,0.4512518589,0.0000000000,0.0000000000,0.0000000000,0.5487481411,0.4512518589,0.0000000000,1,0.5487481411,23.9975447439,BminDW,0.8787562259,2766.9121359000,94.3608700000,0.0341033128,0.0141302469,0.0141302469,0.1043806187
22080,22080,Tipperary,ED,2020,35.0000000000,1230.8031279000,0.2671807315,0.0000000000,0.0000000000,0.0000000000,0.7328192685,0.0000000000,0.2671807315,0.0000000000,0.7328192685,3,0.7328192685,22.8662392479,BminDW,0.5354608426,1230.8031279000,468.8370088000,0.3809195786,0.7461783051,0.7461783051,0.7461783051
22081,22081,Tipperary,ED,2020,60.0000000000,2132.2773218000,0.0000000000,0.0000000000,0.5794844687,0.4205155313,0.0000000000,0.0000000000,0.0000000000,1.0000000000,0.0000000000,2,1.0000000000,23.0962851144,AminSW,0.4443979806,2132.2773218000,183.4000000000,0.0860113261,0.0085532658,0.0085532658,0.0922989841
23082,23082,Tipperary,ED,2020,5.0000000000,311.9900000000,0.5576781307,0.0000000000,0.4423218693,0.0000000000,0.0000000000,0.0000000000,0.5576781307,0.4423218693,0.0000000000,1,0.5576781307,24.0000000000,AminPD,0.5079008943,311.9900000000,0.0000000000,0.0000000000,0.0000000000,0.0000000000,0.0884643739
23089,23089,Tipperary,ED,2020,30.0000000000,1239.2584410000,0.8562043282,0.0000000000,0.1437956718,0.0000000000,0.0000000000,0.0000000000,0.8562043282,0.1437956718,0.0000000000,1,0.8562043282,24.0000000000,AminPD,0.6862803810,1239.2584410000,0.0000000000,0.0000000000,0.0000000000,0.0000000000,0.0287591344
23090,23090,Tipperary,ED,2020,57.0000000000,3009.7590109000,0.2299541447,0.0000000000,0.3277063510,0.4423395043,0.0000000000,0.0000000000,0.2299541447,0.7700458553,0.0000000000,2,0.7700458553,23.8072935415,AminDW,0.7659214583,3009.7590109000,0.0000000000,0.0000000000,0.0000000000,0.0000000000,0.1029762935
23091,23091,Tipperary,ED,2020,26.0000000000,1666.8598200000,0.8558967004,0.0000000000,0.1441032996,0.0000000000,0.0000000000,0.0000000000,0.8558967004,0.1441032996,0.0000000000,1,0.8558967004,24.0000000000,AminPD,0.7264769271,1666.8598200000,0.0000000000,0.0000000000,0.0000000000,0.0000000000,0.0000000000
23092,23092,Tipperary,ED,2020,35.0000000000,1371.6524485000,0.7383302159,0.0000000000,0.1665290652,0.0951407189,0.0000000000,0.0000000000,0.7383302159,0.2616697841,0.0000000000,1,0.7383302159,23.8559058745,AminDW,0.5375705051,1371.6524485000,0.0000000000,0.0000000000,0.0095140719,0.0095140719,0.0095140719
23093,23093,Tipperary,ED,2020,35.0000000000,1726.5404437000,0.8987570777,0.0000000000,0.1012429223,0.0000000000,0.0000000000,0.0000000000,0.8987570777,0.1012429223,0.0000000000,1,0.8987570777,23.3748191628,BminDW,0.4048238217,1726.5404437000,0.0000000000,0.0000000000,0.0252611005,0.0252611005,0.0455096850
23094,23094,Tipperary,ED,2020,47.0000000000,2531.1131109000,0.5661474609,0.0000000000,0.4338525391,0.0000000000,0.0000000000,0.0000000000,0.5661474609,0.4338525391,0.0000000000,1,0.5661474609,23.9835417035,AminDW,0.4410782375,2531.1131109000,0.0000000000,0.0000000000,0.0000000000,0.0000000000,0.0216926270
23095,23095,Tipperary,ED,2020,45.0000000000,2542.0405588000,0.4391073050,0.0000000000,0.3134704555,0.0000000000,0.2474222395,0.0000000000,0.4391073050,0.3134704555,0.2474222395,1,0.4391073050,22.0659893309,BminDW,0.5718623218,2542.0405588000,0.0000000000,0.0000000000,0.2609829990,0.2609829990,0.3057334940
23096,23096,Tipperary,ED,2020,74.0000000000,3546.1182023000,1.0000000000,0.0000000000,0.0000000000,0.0000000000,0.0000000000,0.0000000000,1.0000000000,0.0000000000,0.0000000000,1,1.0000000000,23.6028080192,BminDW,0.6939072304,3546.1182023000,0.0000000000,0.0000000000,0.0085642943,0.0085642943,0.0085642943
23097,23097,Tipperary,ED,2020,33.0000000000,1002.5362680000,0.2506994580,0.0000000000,0.4413306672,0.3079698749,0.0000000000,0.0000000000,0.2506994580,0.7493005420,0.0000000000,2,0.7493005420,22.9051255351,AminPD,0.7237415275,1002.5362680000,0.0000000000,0.0000000000,0.0000000000,0.0000000000,0.0769924687
23098,23098,Tipperary,ED,2020,33.0000000000,1598.4980220000,0.3007197966,0.0000000000,0.3948131392,0.0745074428,0.2299596214,0.0000000000,0.3007197966,0.4693205820,0.2299596214,2,0.4693205820,22.8387056884,AminDW,0.4196314232,1598.4980220000,211.1000000000,0.1320614709,0.0304467064,0.0304467064,0.2197793781
23099,23099,Tipperary,ED,2020,36.0000000000,1328.6961509000,0.7075282647,0.0000000000,0.2924717353,0.0000000000,0.0000000000,0.0000000000,0.7075282647,0.2924717353,0.0000000000,1,0.7075282647,24.0000000000,BminDW,0.3272169982,1328.6961509000,0.0000000000,0.0000000000,0.0302485075,0.0302485075,0.0887428545
23100,23100,Tipperary,ED,2020,69.0000000000,3307.8734514000,0.4823250930,0.0000000000,0.0000000000,0.4696613327,0.0480135743,0.0000000000,0.4823250930,0.4696613327,0.0480135743,1,0.4823250930,23.4062596744,AminPD,0.6088556821,3307.8734514000,0.0000000000,0.0000000000,0.0048013574,0.0048013574,0.1582268713
23101,23101,Tipperary,ED,2020,28.0000000000,1577.0818251000,0.1503769850,0.0000000000,0.0000000000,0.8496230150,0.0000000000,0.0000000000,0.1503769850,0.8496230150,0.0000000000,2,0.8496230150,23.3051723870,AminPD,0.5319165231,1577.0818251000,0.0000000000,0.0000000000,0.0849623015,0.0849623015,0.0849623015
23102,23102,Tipperary,ED,2020,47.0000000000,1977.1810943000,0.0000000000,0.0000000000,1.0000000000,0.0000000000,0.0000000000,0.0000000000,0.0000000000,1.0000000000,0.0000000000,2,1.0000000000,23.7490673862,AminPD,0.6541196827,1977.1810943000,0.0000000000,0.0000000000,0.0000000000,0.0000000000,0.0500000000
23103,23103,Tipperary,ED,2020,44.0000000000,1864.2595460000,0.2237296319,0.0000000000,0.7762703681,0.0000000000,0.0000000000,0.0000000000,0.2237296319,0.7762703681,0.0000000000,2,0.7762703681,23.5005085842,AminPD,0.6506827376,1864.2595460000,0.0000000000,0.0000000000,0.0000000000,0.0000000000,0.0388135184
23105,23105,Tipperary,ED,2020,28.0000000000,1227.9785977000,1.0000000000,0.0000000000,0.0000000000,0.0000000000,0.0000000000,0.0000000000,1.0000000000,0.0000000000,0.0000000000,1,1.0000000000,23.6905483526,BminDW,0.9433958213,1227.9785977000,0.0000000000,0.0000000000,0.0500000000,0.0500000000,0.0500000000
23106,23106,Tipperary,ED,2020,23.0000000000,1337.4588560000,0.6567071967,0.0000000000,0.3432928033,0.0000000000,0.0000000000,0.0000000000,0.6567071967,0.3432928033,0.0000000000,1,0.6567071967,23.3638981893,BminDW,0.8847067337,1337.4588560000,0.0000000000,0.0000000000,0.0000000000,0.0000000000,0.0171646402
23107,23107,Tipperary,ED,2020,36.0000000000,1528.1888778000,0.4099476126,0.0000000000,0.5242373226,0.0658150648,0.0000000000,0.0000000000,0.4099476126,0.5900523874,0.0000000000,2,0.5900523874,21.6682211919,BminDW,0.3687058271,1528.1888778000,153.5300000000,0.1004653301,0.0204973806,0.0204973806,0.0467092468
23108,23108,Tipperary,ED,2020,44.0000000000,2009.5690820000,1.0000000000,0.0000000000,0.0000000000,0.0000000000,0.0000000000,0.0000000000,1.0000000000,0.0000000000,0.0000000000,1,1.0000000000,23.5338304075,BminDW,0.6691744773,2009.5690820000,0.0000000000,0.0000000000,0.0094309541,0.0094309541,0.0094309541
23109,23109,Tipperary,ED,2020,36.0000000000,1452.0200021000,0.0894536166,0.0000000000,0.9105463834,0.0000000000,0.0000000000,0.0000000000,0.0894536166,0.9105463834,0.0000000000,2,0.9105463834,23.1601069127,AminPD,0.5537213105,1452.0200021000,227.7053906000,0.1568197341,0.0044726808,0.0044726808,0.0500000000
23110,23110,Tipperary,ED,2020,52.0000000000,2129.9649486000,0.7365085292,0.0446806602,0.0000000000,0.2188108106,0.0000000000,0.0000000000,0.7811891894,0.2188108106,0.0000000000,1,0.7811891894,23.8374046483,AminPD,0.5263137843,2129.9649486000,0.0000000000,0.0000000000,0.0022340330,0.0022340330,0.0569367357
23111,23111,Tipperary,ED,2020,58.0000000000,3054.9854020000,1.0000000000,0.0000000000,0.0000000000,0.0000000000,0.0000000000,0.0000000000,1.0000000000,0.0000000000,0.0000000000,1,1.0000000000,23.3835977093,AminDW,0.6187869814,3054.9854020000,0.0000000000,0.0000000000,0.0000000000,0.0000000000,0.0000000000
23112,23112,Tipperary,ED,2020,59.0000000000,2741.2723996200,0.8491503434,0.0000000000,0.1508496566,0.0000000000,0.0000000000,0.0000000000,0.8491503434,0.1508496566,0.0000000000,1,0.8491503434,23.8994627458,AminDW,0.5262197417,2741.2723996200,0.0000000000,0.0000000000,0.0000000000,0.0000000000,0.0075424828
23113,23113,Tipperary,ED,2020,36.0000000000,1705.7701962000,1.0000000000,0.0000000000,0.0000000000,0.0000000000,0.0000000000,0.0000000000,1.0000000000,0.0000000000,0.0000000000,1,1.0000000000,23.8368076189,BminDW,0.9950901030,1705.7701962000,0.0000000000,0.0000000000,0.0465055584,0.0465055584,0.0465055584
23114,23114,Tipperary,ED,2020,32.0000000000,1030.4452926000,0.4669628863,0.0000000000,0.0000000000,0.4057881681,0.1272489456,0.0000000000,0.4669628863,0.4057881681,0.1272489456,1,0.4669628863,24.0000000000,AminPD,0.9041049528,1030.4452926000,0.0000000000,0.0000000000,0.1272489456,0.1272489456,0.1996697014
23115,23115,Tipperary,ED,2020,56.0000000000,2622.8304050000,0.4892319658,0.0000000000,0.3961216852,0.1146463490,0.0000000000,0.0000000000,0.4892319658,0.5107680342,0.0000000000,2,0.5107680342,23.5630674413,AminPD,0.4374342096,2622.8304050000,0.0000000000,0.0000000000,0.0114646349,0.0114646349,0.0312707192
23116,23116,Tipperary,ED,2020,35.0000000000,1444.9823880000,1.0000000000,0.0000000000,0.0000000000,0.0000000000,0.0000000000,0.0000000000,1.0000000000,0.0000000000,0.0000000000,1,1.0000000000,23.1514083423,BminDW,0.7244914358,1444.9823880000,0.0000000000,0.0000000000,0.0000000000,0.0000000000,0.0000000000
23117,23117,Tipperary,ED,2020,52.0000000000,2340.6860532000,1.0000000000,0.0000000000,0.0000000000,0.0000000000,0.0000000000,0.0000000000,1.0000000000,0.0000000000,0.0000000000,1,1.0000000000,23.8361647264,AminDW,0.5933950225,2340.6860532000,0.0000000000,0.0000000000,0.0000000000,0.0000000000,0.0000000000
23118,23118,Tipperary,ED,2020,37.0000000000,1023.5064100000,0.4641285422,0.0000000000,0.1737094641,0.0000000000,0.3621619937,0.0000000000,0.4641285422,0.1737094641,0.3621619937,1,0.4641285422,21.0509778713,AminSRPT,0.3621619937,1023.5064100000,548.4678720000,0.5358714578,0.0362161994,0.0362161994,0.3078376946
23119,23119,Tipperary,ED,2020,69.0000000000,2796.3362789000,0.3406458264,0.0000000000,0.3096067110,0.1481175451,0.2016299174,0.0000000000,0.3406458264,0.4577242562,0.2016299174,2,0.4577242562,23.0235414336,AminDW,0.6761601744,2796.3362789000,167.8795990000,0.0600355545,0.0201629917,0.0201629917,0.2084148161
23120,23120,Tipperary,ED,2020,45.0000000000,1925.3877997000,0.9800575620,0.0000000000,0.0000000000,0.0086216398,0.0113207982,0.0000000000,0.9800575620,0.0086216398,0.0113207982,1,0.9800575620,22.2023853028,AminDW,0.6587393017,1925.3877997000,32.6791850000,0.0169727808,0.0011320798,0.0011320798,0.0117780884
23121,23121,Tipperary,ED,2020,16.0000000000,676.2785770000,1.0000000000,0.0000000000,0.0000000000,0.0000000000,0.0000000000,0.0000000000,1.0000000000,0.0000000000,0.0000000000,1,1.0000000000,23.8334359481,AminDW,0.9833435948,676.2785770000,0.0000000000,0.0000000000,0.0000000000,0.0000000000,0.0000000000
23122,23122,Tipperary,ED,2020,68.0000000000,2660.9437410000,0.3506261104,0.0000000000,0.0000000000,0.0866550790,0.3566126320,0.2061061786,0.3506261104,0.0866550790,0.5627188106,3,0.5627188106,22.4214936065,AminDW,0.5814513525,2660.9437410000,721.5405820000,0.2711596532,0.0871878079,0.0871878079,0.3866163605
23123,23123,Tipperary,ED,2020,57.0000000000,1793.4341782000,0.0089214314,0.0000000000,0.0000000000,0.6360943700,0.3549841985,0.0000000000,0.0089214314,0.6360943700,0.3549841985,2,0.6360943700,21.9474216630,AminDW,0.6360943700,1793.4341782000,0.0000000000,0.0000000000,0.0354984199,0.0354984199,0.4607601613
23124,23124,Tipperary,ED,2020,45.0000000000,2263.1305139000,1.0000000000,0.0000000000,0.0000000000,0.0000000000,0.0000000000,0.0000000000,1.0000000000,0.0000000000,0.0000000000,1,1.0000000000,23.8104395671,AminDW,0.5664933521,2263.1305139000,0.0000000000,0.0000000000,0.0000000000,0.0000000000,0.0000000000
23125,23125,Tipperary,ED,2020,34.0000000000,1149.8635301000,0.9400265699,0.0000000000,0.0000000000,0.0000000000,0.0599734301,0.0000000000,0.9400265699,0.0000000000,0.0599734301,1,0.9400265699,22.9586949680,AminDW,0.8023569809,1149.8635301000,0.0000000000,0.0000000000,0.0059973430,0.0059973430,0.0509774156
23126,23126,Tipperary,ED,2020,61.0000000000,1558.9103488000,0.7086306230,0.0000000000,0.0000000000,0.0000000000,0.2913693770,0.0000000000,0.7086306230,0.0000000000,0.2913693770,1,0.7086306230,22.8265724090,AminDW,0.5417104162,1558.9103488000,583.3104452000,0.3741783135,0.0291369377,0.0291369377,0.2476639705
23127,23127,Tipperary,ED,2020,47.0000000000,1814.7062462000,1.0000000000,0.0000000000,0.0000000000,0.0000000000,0.0000000000,0.0000000000,1.0000000000,0.0000000000,0.0000000000,1,1.0000000000,23.4836078831,AminDW,0.8023456101,1814.7062462000,0.0000000000,0.0000000000,0.0000000000,0.0000000000,0.0000000000
23128,23128,Tipperary,ED,2020,49.0000000000,1957.6517065000,0.4117185791,0.0000000000,0.5882814209,0.0000000000,0.0000000000,0.0000000000,0.4117185791,0.5882814209,0.0000000000,2,0.5882814209,22.0996322075,AminPDPT,0.4012083017,1957.6517065000,1256.2806795000,0.6417283909,0.0000000000,0.0000000000,0.0000000000
23129,23129,Tipperary,ED,2020,68.0000000000,2393.4562762000,0.9694341264,0.0000000000,0.0000000000,0.0000000000,0.0305658736,0.0000000000,0.9694341264,0.0000000000,0.0305658736,1,0.9694341264,23.6236187989,AminDW,0.5942627159,2393.4562762000,73.1580820000,0.0305658736,0.0030565874,0.0030565874,0.0259809926
23130,23130,Tipperary,ED,2020,39.0000000000,2010.2909682000,1.0000000000,0.0000000000,0.0000000000,0.0000000000,0.0000000000,0.0000000000,1.0000000000,0.0000000000,0.0000000000,1,1.0000000000,23.8975783589,AminDW,0.6561236737,2010.2909682000,0.0000000000,0.0000000000,0.0000000000,0.0000000000,0.0000000000
23131,23131,Tipperary,ED,2020,34.0000000000,1249.9441236000,0.4856109649,0.0000000000,0.0000000000,0.4254730334,0.0889160018,0.0000000000,0.4856109649,0.4254730334,0.0889160018,1,0.4856109649,22.0130490691,AminPD,0.4254730334,1249.9441236000,111.1400339000,0.0889160018,0.0088916002,0.0088916002,0.1819468598
23132,23132,Tipperary,ED,2020,30.0000000000,1659.9190361000,1.0000000000,0.0000000000,0.0000000000,0.0000000000,0.0000000000,0.0000000000,1.0000000000,0.0000000000,0.0000000000,1,1.0000000000,24.0000000000,BminDW,0.3521758823,1659.9190361000,0.0000000000,0.0000000000,0.0000000000,0.0000000000,0.0000000000
23133,23133,Tipperary,ED,2020,31.0000000000,1240.7459326000,0.9213789613,0.0000000000,0.0786210387,0.0000000000,0.0000000000,0.0000000000,0.9213789613,0.0786210387,0.0000000000,1,0.9213789613,24.0000000000,BminDW,0.4056486234,1240.7459326000,0.0000000000,0.0000000000,0.0000000000,0.0000000000,0.0157242077
23134,23134,Tipperary,ED,2020,35.0000000000,1781.9479490000,1.0000000000,0.0000000000,0.0000000000,0.0000000000,0.0000000000,0.0000000000,1.0000000000,0.0000000000,0.0000000000,1,1.0000000000,23.8950513677,AminDW,0.5500936773,1781.9479490000,0.0000000000,0.0000000000,0.0000000000,0.0000000000,0.0000000000
23135,23135,Tipperary,ED,2020,42.0000000000,1547.5994530000,0.5910739187,0.0000000000,0.1498449741,0.1730723770,0.0860087301,0.0000000000,0.5910739187,0.3229173511,0.0860087301,1,0.5910739187,21.2185749622,AminDW,0.7762025850,1547.5994530000,0.0000000000,0.0000000000,0.0086008730,0.0086008730,0.1163755149
23137/23136,23137/23136,Tipperary,COUNTY_FALLBACK,2020,7093.0000000000,304232.1178311800,0.5473480515,0.0308669562,0.2018805591,0.1197901175,0.0980572122,0.0020571035,0.5782150077,0.3216706766,0.1001143157,1,0.5782150077,23.3446330788,,,304232.1178311800,18540.1340705000,0.0609407521,0.0746645764,0.0746645764,0.1380132128
23138,23138,Tipperary,ED,2020,40.0000000000,1490.2291998000,0.2164638648,0.0000000000,0.0348268575,0.0144273109,0.7342819668,0.0000000000,0.2164638648,0.0492541684,0.7342819668,3,0.7342819668,23.0199396320,AminDW,0.4225943431,1490.2291998000,0.0000000000,0.0000000000,0.0748709278,0.0748709278,0.6325477744
23139,23139,Tipperary,ED,2020,31.0000000000,1681.6522644000,0.7328702507,0.0000000000,0.1695055237,0.0976242256,0.0000000000,0.0000000000,0.7328702507,0.2671297493,0.0000000000,1,0.7328702507,23.8428926089,AminDW,0.5802805848,1681.6522644000,0.0000000000,0.0000000000,0.0097624226,0.0097624226,0.0436635273
23140,23140,Tipperary,ED,2020,45.0000000000,2044.1861030000,0.0000000000,0.0000000000,0.2507501637,0.6916134450,0.0576363912,0.0000000000,0.0000000000,0.9423636088,0.0576363912,2,0.9423636088,23.7219039895,AminPD,0.4770505002,2044.1861030000,0.0000000000,0.0000000000,0.0057636391,0.0057636391,0.0615284407
23141,23141,Tipperary,ED,2020,34.0000000000,1933.8061370000,0.0000000000,0.0000000000,1.0000000000,0.0000000000,0.0000000000,0.0000000000,0.0000000000,1.0000000000,0.0000000000,2,1.0000000000,23.9894749760,AminPD,0.3091086896,1933.8061370000,0.0000000000,0.0000000000,0.0000000000,0.0000000000,0.0613254195
23142,23142,Tipperary,ED,2020,33.0000000000,1714.8618610000,0.0000000000,0.0000000000,1.0000000000,0.0000000000,0.0000000000,0.0000000000,0.0000000000,1.0000000000,0.0000000000,2,1.0000000000,23.3729448182,AminPD,0.6893487049,1714.8618610000,0.0000000000,0.0000000000,0.0000000000,0.0000000000,0.0500000000
23143,23143,Tipperary,ED,2020,39.0000000000,2138.6570457000,0.0707920890,0.0000000000,0.5637203628,0.1509089644,0.2145785838,0.0000000000,0.0707920890,0.7146293272,0.2145785838,2,0.7146293272,22.9459834130,BminDW,0.3618300894,2138.6570457000,151.4000000000,0.0707920890,0.2181181882,0.2181181882,0.2463042063
23144,23144,Tipperary,ED,2020,34.0000000000,1236.4892893000,0.0000000000,0.0000000000,1.0000000000,0.0000000000,0.0000000000,0.0000000000,0.0000000000,1.0000000000,0.0000000000,2,1.0000000000,22.8516738596,AminPD,0.7459862332,1236.4892893000,0.0000000000,0.0000000000,0.0000000000,0.0000000000,0.1012792290
23145,23145,Tipperary,ED,2020,42.0000000000,2091.3447068000,0.0000000000,0.0000000000,1.0000000000,0.0000000000,0.0000000000,0.0000000000,0.0000000000,1.0000000000,0.0000000000,2,1.0000000000,23.3332601501,AminPD,0.6790103526,2091.3447068000,0.0000000000,0.0000000000,0.0000000000,0.0000000000,0.0500000000
23146,23146,Tipperary,ED,2020,43.0000000000,1980.9257184000,0.6163812790,0.0000000000,0.0000000000,0.3836187210,0.0000000000,0.0000000000,0.6163812790,0.3836187210,0.0000000000,1,0.6163812790,23.0199026738,BminDW,0.4088504293,1980.9257184000,711.1755280000,0.3590117092,0.0308190640,0.0308190640,0.0308190640
23147,23147,Tipperary,ED,2020,22.0000000000,1046.5970290000,0.0000000000,0.0000000000,0.9398049122,0.0601950878,0.0000000000,0.0000000000,0.0000000000,1.0000000000,0.0000000000,2,1.0000000000,22.2329397574,AminPD,0.3521317086,1046.5970290000,63.0000000000,0.0601950878,0.0000000000,0.0000000000,0.0469902456
23148,23148,Tipperary,ED,2020,31.0000000000,1359.1509920000,0.0000000000,0.0000000000,0.0000000000,1.0000000000,0.0000000000,0.0000000000,0.0000000000,1.0000000000,0.0000000000,2,1.0000000000,24.0000000000,AminPD,0.5862064544,1359.1509920000,0.0000000000,0.0000000000,0.0000000000,0.0000000000,0.0491370745
23149,23149,Tipperary,ED,2020,48.0000000000,2183.8298965000,0.5022449452,0.0000000000,0.4977550548,0.0000000000,0.0000000000,0.0000000000,0.5022449452,0.4977550548,0.0000000000,1,0.5022449452,23.9942761110,AminDW,0.6151333266,2183.8298965000,0.0000000000,0.0000000000,0.0000000000,0.0000000000,0.0575165825
23150,23150,Tipperary,ED,2020,27.0000000000,1583.7865888000,0.1265567062,0.0000000000,0.0000000000,0.8734432938,0.0000000000,0.0000000000,0.1265567062,0.8734432938,0.0000000000,2,0.8734432938,23.9828044762,BminPD,0.6540180225,1583.7865888000,0.0000000000,0.0000000000,0.0000000000,0.0000000000,0.0000000000
23151,23151,Tipperary,ED,2020,30.0000000000,996.1168890000,0.0842872969,0.0000000000,0.9157127031,0.0000000000,0.0000000000,0.0000000000,0.0842872969,0.9157127031,0.0000000000,2,0.9157127031,22.4830068472,AminPD,0.4890396914,996.1168890000,0.0000000000,0.0000000000,0.0042143648,0.0042143648,0.0500000000
23152,23152,Tipperary,ED,2020,16.0000000000,646.4683380000,0.1691936504,0.0000000000,0.8308063496,0.0000000000,0.0000000000,0.0000000000,0.1691936504,0.8308063496,0.0000000000,2,0.8308063496,22.9898911646,BminDW,0.6266947880,646.4683380000,0.0000000000,0.0000000000,0.0084596825,0.0084596825,0.0500000000
23153,23153,Tipperary,ED,2020,31.0000000000,1545.2433950000,1.0000000000,0.0000000000,0.0000000000,0.0000000000,0.0000000000,0.0000000000,1.0000000000,0.0000000000,0.0000000000,1,1.0000000000,23.1082958164,BminDW,0.6292895593,1545.2433950000,0.0000000000,0.0000000000,0.0330823461,0.0330823461,0.0330823461
23154,23154,Tipperary,ED,2020,25.0000000000,1433.7222018000,1.0000000000,0.0000000000,0.0000000000,0.0000000000,0.0000000000,0.0000000000,1.0000000000,0.0000000000,0.0000000000,1,1.0000000000,23.7464166353,BminDW,0.6010058230,1433.7222018000,0.0000000000,0.0000000000,0.0000000000,0.0000000000,0.0000000000
23155,23155,Tipperary,ED,2020,29.0000000000,1215.9947564000,0.3977990877,0.0000000000,0.0000000000,0.6022009123,0.0000000000,0.0000000000,0.3977990877,0.6022009123,0.0000000000,2,0.6022009123,21.9893005400,AminDW,0.4391848129,1215.9947564000,0.0000000000,0.0000000000,0.0000000000,0.0000000000,0.0301100456
23156,23156,Tipperary,ED,2020,43.0000000000,1672.6791663200,0.8214389669,0.0000000000,0.1785610331,0.0000000000,0.0000000000,0.0000000000,0.8214389669,0.1785610331,0.0000000000,1,0.8214389669,23.7798523845,AminDW,0.4919538127,1672.6791663200,0.0000000000,0.0000000000,0.0000000000,0.0000000000,0.0357122066
23157,23157,Tipperary,ED,2020,32.0000000000,1146.0727080000,0.9331542951,0.0000000000,0.0000000000,0.0668457049,0.0000000000,0.0000000000,0.9331542951,0.0668457049,0.0000000000,1,0.9331542951,24.0000000000,AminDW,0.7855741479,1146.0727080000,0.0000000000,0.0000000000,0.0066845705,0.0066845705,0.0066845705
23158,23158,Tipperary,ED,2020,48.0000000000,1727.6657506000,0.1330935486,0.0000000000,0.0643983502,0.8025081012,0.0000000000,0.0000000000,0.1330935486,0.8669064514,0.0000000000,2,0.8669064514,23.7347607199,AminPD,0.4643110583,1727.6657506000,0.0000000000,0.0000000000,0.0000000000,0.0000000000,0.2006270253
23159,23159,Tipperary,ED,2020,72.0000000000,2631.4006582000,0.2769518366,0.0032682214,0.0402951956,0.2399822467,0.4395024997,0.0000000000,0.2802200581,0.2802774423,0.4395024997,3,0.4395024997,21.7054232018,AminDW,0.4438252524,2631.4006582000,658.8344559000,0.2503740561,0.0705695078,0.0705695078,0.4273234985
23160,23160,Tipperary,ED,2020,27.0000000000,1154.3634340000,1.0000000000,0.0000000000,0.0000000000,0.0000000000,0.0000000000,0.0000000000,1.0000000000,0.0000000000,0.0000000000,1,1.0000000000,23.6827688844,AminDW,0.5898279649,1154.3634340000,0.0000000000,0.0000000000,0.0000000000,0.0000000000,0.0000000000
23161,23161,Tipperary,ED,2020,43.0000000000,2231.2842781000,0.0000000000,0.0000000000,0.4863496278,0.0000000000,0.5136503722,0.0000000000,0.0000000000,0.4863496278,0.5136503722,3,0.5136503722,22.9628771454,AminSW,0.5595179387,2231.2842781000,236.0300000000,0.1057821284,0.0513650372,0.0513650372,0.4366028164
23162,23162,Tipperary,ED,2020,53.0000000000,1894.2214130000,0.0056211285,0.1590679938,0.1765444543,0.6295882082,0.0291782152,0.0000000000,0.1646891223,0.8061326625,0.0291782152,2,0.8061326625,23.7584231723,AminPD,0.6330117033,1894.2214130000,0.0000000000,0.0000000000,0.0108712212,0.0108712212,0.1901519346
23163,23163,Tipperary,ED,2020,49.0000000000,1523.9277311000,0.4238351871,0.0859686436,0.0000000000,0.4901961693,0.0000000000,0.0000000000,0.5098038307,0.4901961693,0.0000000000,1,0.5098038307,23.8685384117,AminDW,0.7533551392,1523.9277311000,0.0000000000,0.0000000000,0.0042984322,0.0042984322,0.0467146016
23164,23164,Tipperary,ED,2020,49.0000000000,2078.8808220000,0.9250928070,0.0000000000,0.0749071930,0.0000000000,0.0000000000,0.0000000000,0.9250928070,0.0749071930,0.0000000000,1,0.9250928070,23.1900934714,AminDW,0.5083475641,2078.8808220000,0.0000000000,0.0000000000,0.0000000000,0.0000000000,0.0149814386
23165,23165,Tipperary,ED,2020,45.0000000000,1639.5040091000,0.0000000000,0.0000000000,0.3770517502,0.0000000000,0.6229482498,0.0000000000,0.0000000000,0.3770517502,0.6229482498,3,0.6229482498,23.2361574061,AminDW,0.5099809207,1639.5040091000,0.0000000000,0.0000000000,0.0622948250,0.0622948250,0.5295060123
23166,23166,Tipperary,ED,2020,36.0000000000,1537.1262497000,1.0000000000,0.0000000000,0.0000000000,0.0000000000,0.0000000000,0.0000000000,1.0000000000,0.0000000000,0.0000000000,1,1.0000000000,23.9063264972,BminSW,0.5694286609,1537.1262497000,0.0000000000,0.0000000000,0.0065121521,0.0065121521,0.0065121521
23167,23167,Tipperary,ED,2020,49.0000000000,1922.2453417000,1.0000000000,0.0000000000,0.0000000000,0.0000000000,0.0000000000,0.0000000000,1.0000000000,0.0000000000,0.0000000000,1,1.0000000000,23.8439325129,BminDW,0.5221356597,1922.2453417000,0.0000000000,0.0000000000,0.0000000000,0.0000000000,0.0000000000
23168,23168,Tipperary,ED,2020,44.0000000000,1534.2510281000,0.6339870107,0.1910856814,0.0000000000,0.0000000000,0.1749273079,0.0000000000,0.8250726921,0.0000000000,0.1749273079,1,0.8250726921,23.0556539988,AminSW,0.4452096760,1534.2510281000,0.0000000000,0.0000000000,0.0286381376,0.0286381376,0.1598336185
23169,23169,Tipperary,ED,2020,50.0000000000,2589.1020525000,0.6614869610,0.3385130390,0.0000000000,0.0000000000,0.0000000000,0.0000000000,1.0000000000,0.0000000000,0.0000000000,1,1.0000000000,23.9619669252,AminDW,0.5613633288,2589.1020525000,0.0000000000,0.0000000000,0.0169256519,0.0169256519,0.0169256519
23170,23170,Tipperary,ED,2020,32.0000000000,1136.3465898000,0.8764267423,0.0000000000,0.0000000000,0.1235732577,0.0000000000,0.0000000000,0.8764267423,0.1235732577,0.0000000000,1,0.8764267423,24.0000000000,AminDW,0.7096124783,1136.3465898000,0.0000000000,0.0000000000,0.0000000000,0.0000000000,0.0000000000
23171,23171,Tipperary,ED,2020,24.0000000000,1702.2000000000,0.8231641405,0.0000000000,0.0000000000,0.1768358595,0.0000000000,0.0000000000,0.8231641405,0.1768358595,0.0000000000,1,0.8231641405,24.0000000000,BminDW,0.5756726589,1702.2000000000,0.0000000000,0.0000000000,0.0000000000,0.0000000000,0.0000000000
23172,23172,Tipperary,ED,2020,39.0000000000,1482.7503135200,1.0000000000,0.0000000000,0.0000000000,0.0000000000,0.0000000000,0.0000000000,1.0000000000,0.0000000000,0.0000000000,1,1.0000000000,23.7376496930,BminDW,0.3978691279,1482.7503135200,0.0000000000,0.0000000000,0.0000000000,0.0000000000,0.0000000000
23173,23173,Tipperary,ED,2020,38.0000000000,1607.2596586000,0.7906693295,0.0000000000,0.0000000000,0.2093306705,0.0000000000,0.0000000000,0.7906693295,0.2093306705,0.0000000000,1,0.7906693295,24.0000000000,AminDW,0.4771705604,1607.2596586000,0.0000000000,0.0000000000,0.0000000000,0.0000000000,0.0000000000
23174,23174,Tipperary,ED,2020,21.0000000000,733.7168270000,0.9701519725,0.0298480275,0.0000000000,0.0000000000,0.0000000000,0.0000000000,1.0000000000,0.0000000000,0.0000000000,1,1.0000000000,24.0000000000,AminPD,0.8013995296,733.7168270000,0.0000000000,0.0000000000,0.0014924014,0.0014924014,0.0014924014
23175,23175,Tipperary,ED,2020,44.0000000000,1329.6058930000,0.5385598535,0.0000000000,0.0000000000,0.1009737567,0.3604663897,0.0000000000,0.5385598535,0.1009737567,0.3604663897,1,0.5385598535,23.6463727737,AminDW,0.4644763988,1329.6058930000,359.1786640000,0.2701391938,0.0360466390,0.0360466390,0.3316398704
23176,23176,Tipperary,ED,2020,30.0000000000,1643.3870510000,1.0000000000,0.0000000000,0.0000000000,0.0000000000,0.0000000000,0.0000000000,1.0000000000,0.0000000000,0.0000000000,1,1.0000000000,24.0000000000,BminDW,0.6048808364,1643.3870510000,0.0000000000,0.0000000000,0.0000000000,0.0000000000,0.0000000000
23177,23177,Tipperary,ED,2020,85.0000000000,3257.8614196000,0.7493754366,0.0976380269,0.0000000000,0.1529865365,0.0000000000,0.0000000000,0.8470134635,0.1529865365,0.0000000000,1,0.8470134635,24.0000000000,AminDW,0.5748824305,3257.8614196000,0.0000000000,0.0000000000,0.0201805550,0.0201805550,0.0201805550
24016,24016,Waterford,ED,2020,10.0000000000,294.4763890000,1.0000000000,0.0000000000,0.0000000000,0.0000000000,0.0000000000,0.0000000000,1.0000000000,0.0000000000,0.0000000000,1,1.0000000000,21.6486925069,AminDW,1.0000000000,294.4763890000,0.0000000000,0.0000000000,0.0000000000,0.0000000000,0.0000000000
24018,24018,Waterford,ED,2020,3.0000000000,142.5600000000,0.0000000000,1.0000000000,0.0000000000,0.0000000000,0.0000000000,0.0000000000,1.0000000000,0.0000000000,0.0000000000,1,1.0000000000,24.0000000000,AminDW,1.0000000000,142.5600000000,0.0000000000,0.0000000000,0.0000000000,0.0000000000,0.0000000000
24020,24020,Waterford,ED,2020,3.0000000000,139.1800000000,0.0000000000,1.0000000000,0.0000000000,0.0000000000,0.0000000000,0.0000000000,1.0000000000,0.0000000000,0.0000000000,1,1.0000000000,24.0000000000,AminPD,1.0000000000,139.1800000000,0.0000000000,0.0000000000,0.0000000000,0.0000000000,0.0000000000
25003,25003,Waterford,ED,2020,26.0000000000,1673.7579750000,0.1356886739,0.0000000000,0.7580700430,0.0000000000,0.1062412832,0.0000000000,0.1356886739,0.7580700430,0.1062412832,2,0.7580700430,21.3593369483,AminPD,0.3737742549,1673.7579750000,459.5381400000,0.2745547127,0.0106241283,0.0106241283,0.0903050907
25004,25004,Waterford,ED,2020,20.0000000000,632.2730538000,0.8587765421,0.0000000000,0.1412234579,0.0000000000,0.0000000000,0.0000000000,0.8587765421,0.1412234579,0.0000000000,1,0.8587765421,24.0000000000,AminDW,0.6531599462,632.2730538000,41.2080100000,0.0651743891,0.0000000000,0.0000000000,0.0282446916
25005,25005,Waterford,ED,2020,28.0000000000,1539.3601966000,1.0000000000,0.0000000000,0.0000000000,0.0000000000,0.0000000000,0.0000000000,1.0000000000,0.0000000000,0.0000000000,1,1.0000000000,24.0000000000,AminDW,1.0000000000,1539.3601966000,0.0000000000,0.0000000000,0.0000000000,0.0000000000,0.0000000000
25006,25006,Waterford,ED,2020,14.0000000000,840.2410130000,0.6792586938,0.0000000000,0.3207413062,0.0000000000,0.0000000000,0.0000000000,0.6792586938,0.3207413062,0.0000000000,1,0.6792586938,24.0000000000,AminDW,0.6297014842,840.2410130000,0.0000000000,0.0000000000,0.0000000000,0.0000000000,0.0000000000
25007,25007,Waterford,ED,2020,45.0000000000,2210.7009889000,0.7102005187,0.0000000000,0.2897994813,0.0000000000,0.0000000000,0.0000000000,0.7102005187,0.2897994813,0.0000000000,1,0.7102005187,23.3925003848,AminDW,0.9415569990,2210.7009889000,0.0000000000,0.0000000000,0.0000000000,0.0000000000,0.0000000000
25008,25008,Waterford,ED,2020,25.0000000000,1277.3616913000,0.6094763109,0.0000000000,0.3905236891,0.0000000000,0.0000000000,0.0000000000,0.6094763109,0.3905236891,0.0000000000,1,0.6094763109,23.2985932206,AminDW,0.5417964267,1277.3616913000,197.7480215000,0.1548097323,0.0000000000,0.0000000000,0.0000000000
25009,25009,Waterford,ED,2020,29.0000000000,1553.5997817000,1.0000000000,0.0000000000,0.0000000000,0.0000000000,0.0000000000,0.0000000000,1.0000000000,0.0000000000,0.0000000000,1,1.0000000000,24.0000000000,AminDW,0.6580408660,1553.5997817000,0.0000000000,0.0000000000,0.0000000000,0.0000000000,0.0000000000
25010,25010,Waterford,ED,2020,11.0000000000,648.2748150000,1.0000000000,0.0000000000,0.0000000000,0.0000000000,0.0000000000,0.0000000000,1.0000000000,0.0000000000,0.0000000000,1,1.0000000000,22.5361146569,AminDW,0.3247079713,648.2748150000,0.0000000000,0.0000000000,0.0000000000,0.0000000000,0.0000000000
25011,25011,Waterford,ED,2020,25.0000000000,1586.7913090000,0.7415854261,0.0000000000,0.0000000000,0.0000000000,0.0772943482,0.1811202257,0.7415854261,0.0000000000,0.2584145739,1,0.7415854261,21.3515105760,AminDW,0.3592048455,1586.7913090000,410.0500000000,0.2584145739,0.0530094912,0.0530094912,0.1200362637
25012,25012,Waterford,ED,2020,19.0000000000,1145.1707160000,1.0000000000,0.0000000000,0.0000000000,0.0000000000,0.0000000000,0.0000000000,1.0000000000,0.0000000000,0.0000000000,1,1.0000000000,20.3468328857,AminDW,0.4688209299,1145.1707160000,0.0000000000,0.0000000000,0.0000000000,0.0000000000,0.0000000000
25013,25013,Waterford,ED,2020,40.0000000000,1660.8106848000,0.5546227927,0.0000000000,0.4453772073,0.0000000000,0.0000000000,0.0000000000,0.5546227927,0.4453772073,0.0000000000,1,0.5546227927,24.0000000000,AminDW,0.3978029393,1660.8106848000,350.9388526000,0.2113057532,0.0000000000,0.0000000000,0.0000000000
25014,25014,Waterford,ED,2020,48.0000000000,2067.5309781000,0.3803806566,0.0000000000,0.5532480139,0.0000000000,0.0663713295,0.0000000000,0.3803806566,0.5532480139,0.0663713295,2,0.5532480139,22.5573075656,AminDW,0.4859752874,2067.5309781000,195.1000000000,0.0943637614,0.0066371330,0.0066371330,0.0564156301
25015,25015,Waterford,ED,2020,40.0000000000,1637.3888960000,0.0886623943,0.0000000000,0.6948850208,0.0000000000,0.1412291604,0.0752234245,0.0886623943,0.6948850208,0.2164525849,2,0.6948850208,20.5494058658,AminDW,0.4372271681,1637.3888960000,709.1655520000,0.4331075859,0.0329287722,0.0329287722,0.1426118137
25016,25016,Waterford,ED,2020,18.0000000000,563.9261464000,0.4873730260,0.0000000000,0.5126269740,0.0000000000,0.0000000000,0.0000000000,0.4873730260,0.5126269740,0.0000000000,2,0.5126269740,24.0000000000,AminDW,0.4580134448,563.9261464000,166.6403895000,0.2955003781,0.0000000000,0.0000000000,0.0000000000
25017,25017,Waterford,ED,2020,19.0000000000,304.1727860000,0.0000000000,0.0000000000,1.0000000000,0.0000000000,0.0000000000,0.0000000000,0.0000000000,1.0000000000,0.0000000000,2,1.0000000000,21.9649724483,AminPD,0.8614973399,304.1727860000,42.1287400000,0.1385026601,0.0000000000,0.0000000000,0.0000000000
25018,25018,Waterford,ED,2020,27.0000000000,1087.9344172000,0.0000000000,0.0000000000,0.8135181710,0.0000000000,0.1864818290,0.0000000000,0.0000000000,0.8135181710,0.1864818290,2,0.8135181710,19.9429350922,AminDW,0.6118671371,1087.9344172000,202.8800000000,0.1864818290,0.1864818290,0.1864818290,0.1864818290
25019,25019,Waterford,ED,2020,22.0000000000,922.8858400000,0.2265093254,0.0000000000,0.7734906746,0.0000000000,0.0000000000,0.0000000000,0.2265093254,0.7734906746,0.0000000000,2,0.7734906746,24.0000000000,AminSRPT,0.4324294866,922.8858400000,475.6924090000,0.5154401426,0.0000000000,0.0000000000,0.0000000000
25020,25020,Waterford,ED,2020,29.0000000000,1755.2426010000,1.0000000000,0.0000000000,0.0000000000,0.0000000000,0.0000000000,0.0000000000,1.0000000000,0.0000000000,0.0000000000,1,1.0000000000,23.7689599855,AminDW,0.5074384205,1755.2426010000,136.9800000000,0.0780404942,0.0000000000,0.0000000000,0.0000000000
25021,25021,Waterford,ED,2020,27.0000000000,1269.8362481000,0.2785104509,0.0000000000,0.7214895491,0.0000000000,0.0000000000,0.0000000000,0.2785104509,0.7214895491,0.0000000000,2,0.7214895491,23.7026388240,AminDW,0.7950101184,1269.8362481000,208.9148895000,0.1645211261,0.0000000000,0.0000000000,0.0000000000
25022,25022,Waterford,ED,2020,22.0000000000,894.0129314000,1.0000000000,0.0000000000,0.0000000000,0.0000000000,0.0000000000,0.0000000000,1.0000000000,0.0000000000,0.0000000000,1,1.0000000000,22.6577375362,AminDW,0.7523996158,894.0129314000,52.7000000000,0.0589476932,0.0000000000,0.0000000000,0.0000000000
25023,25023,Waterford,ED,2020,29.0000000000,1317.4315640000,1.0000000000,0.0000000000,0.0000000000,0.0000000000,0.0000000000,0.0000000000,1.0000000000,0.0000000000,0.0000000000,1,1.0000000000,21.9074286306,AminDW,0.9040526230,1317.4315640000,48.6041030000,0.0368930761,0.0000000000,0.0000000000,0.0000000000
25024,25024,Waterford,ED,2020,40.0000000000,1162.3513355000,0.8058666884,0.1941333116,0.0000000000,0.0000000000,0.0000000000,0.0000000000,1.0000000000,0.0000000000,0.0000000000,1,1.0000000000,23.5019061945,AminDW,0.8444159847,1162.3513355000,70.9900000000,0.0610744771,0.0000000000,0.0000000000,0.0000000000
25025,25025,Waterford,ED,2020,40.0000000000,1644.5718940000,0.8170221052,0.0000000000,0.1829778948,0.0000000000,0.0000000000,0.0000000000,0.8170221052,0.1829778948,0.0000000000,1,0.8170221052,23.5108757465,AminDW,0.8338529085,1644.5718940000,0.0000000000,0.0000000000,0.0000000000,0.0000000000,0.0000000000
25026,25026,Waterford,ED,2020,29.0000000000,1319.9162642000,0.1889392356,0.0000000000,0.5903649461,0.0000000000,0.0618978660,0.1587979523,0.1889392356,0.5903649461,0.2206958183,2,0.5903649461,22.4908133538,AminDW,0.6722274693,1319.9162642000,81.7000000000,0.0618978660,0.0458892747,0.0458892747,0.1002525718
25027,25027,Waterford,ED,2020,21.0000000000,1045.8367430000,1.0000000000,0.0000000000,0.0000000000,0.0000000000,0.0000000000,0.0000000000,1.0000000000,0.0000000000,0.0000000000,1,1.0000000000,24.0000000000,AminDW,0.6947085497,1045.8367430000,25.5700000000,0.0244493227,0.0000000000,0.0000000000,0.0000000000
25028,25028,Waterford,ED,2020,30.0000000000,1326.3930463000,1.0000000000,0.0000000000,0.0000000000,0.0000000000,0.0000000000,0.0000000000,1.0000000000,0.0000000000,0.0000000000,1,1.0000000000,23.9915710354,AminDW,0.8803571804,1326.3930463000,0.0000000000,0.0000000000,0.0000000000,0.0000000000,0.0000000000
25029,25029,Waterford,ED,2020,30.0000000000,1231.5375841000,1.0000000000,0.0000000000,0.0000000000,0.0000000000,0.0000000000,0.0000000000,1.0000000000,0.0000000000,0.0000000000,1,1.0000000000,24.0000000000,AminDW,0.9888254324,1231.5375841000,0.0000000000,0.0000000000,0.0000000000,0.0000000000,0.0000000000
25030,25030,Waterford,ED,2020,21.0000000000,874.8971460000,0.8230039557,0.0000000000,0.1769960443,0.0000000000,0.0000000000,0.0000000000,0.8230039557,0.1769960443,0.0000000000,1,0.8230039557,24.0000000000,AminDW,0.7749127621,874.8971460000,0.0000000000,0.0000000000,0.0000000000,0.0000000000,0.0000000000
25031,25031,Waterford,ED,2020,28.0000000000,991.6162631000,0.0000000000,0.0000000000,0.7353301850,0.0000000000,0.2646698150,0.0000000000,0.0000000000,0.7353301850,0.2646698150,2,0.7353301850,18.4222213503,AminDW,0.5203868759,991.6162631000,153.3000000000,0.1545960930,0.0264669815,0.0264669815,0.2249693427
25032,25032,Waterford,ED,2020,32.0000000000,1875.3050000000,0.5244711986,0.0000000000,0.4755288014,0.0000000000,0.0000000000,0.0000000000,0.5244711986,0.4755288014,0.0000000000,1,0.5244711986,23.7902207908,AminDW,0.6452310424,1875.3050000000,0.0000000000,0.0000000000,0.0000000000,0.0000000000,0.0000000000
25033,25033,Waterford,ED,2020,16.0000000000,753.7608273000,0.0703471016,0.0000000000,0.9296528984,0.0000000000,0.0000000000,0.0000000000,0.0703471016,0.9296528984,0.0000000000,2,0.9296528984,24.0000000000,AminSRPT,0.5803791470,753.7608273000,647.8359378000,0.8594714853,0.0000000000,0.0000000000,0.0000000000
25034,25034,Waterford,ED,2020,22.0000000000,1393.3041240000,0.9290535366,0.0000000000,0.0709464634,0.0000000000,0.0000000000,0.0000000000,0.9290535366,0.0709464634,0.0000000000,1,0.9290535366,22.0762908357,AminSRPT,0.4923641452,1393.3041240000,686.0129940000,0.4923641452,0.0000000000,0.0000000000,0.0000000000
25035,25035,Waterford,ED,2020,44.0000000000,1839.7792873000,0.0000000000,0.0000000000,0.7692286814,0.0000000000,0.2307713186,0.0000000000,0.0000000000,0.7692286814,0.2307713186,2,0.7692286814,22.3757617578,AminDW,0.5049712005,1839.7792873000,99.1000000000,0.0538651569,0.0230771319,0.0230771319,0.1961556208
25036,25036,Waterford,ED,2020,17.0000000000,838.9469813000,1.0000000000,0.0000000000,0.0000000000,0.0000000000,0.0000000000,0.0000000000,1.0000000000,0.0000000000,0.0000000000,1,1.0000000000,24.0000000000,AminDW,0.6458245693,838.9469813000,0.0000000000,0.0000000000,0.0000000000,0.0000000000,0.0000000000
25037,25037,Waterford,ED,2020,27.0000000000,966.4478241000,0.0000000000,1.0000000000,0.0000000000,0.0000000000,0.0000000000,0.0000000000,1.0000000000,0.0000000000,0.0000000000,1,1.0000000000,20.0077629056,AminDW,0.9283590820,966.4478241000,0.0000000000,0.0000000000,0.0000000000,0.0000000000,0.0000000000
25038,25038,Waterford,ED,2020,27.0000000000,1164.9381760000,0.0000000000,1.0000000000,0.0000000000,0.0000000000,0.0000000000,0.0000000000,1.0000000000,0.0000000000,0.0000000000,1,1.0000000000,23.6663315118,AminDW,0.6684030037,1164.9381760000,0.0000000000,0.0000000000,0.0000000000,0.0000000000,0.0000000000
25039,25039,Waterford,ED,2020,21.0000000000,1008.9017750000,0.0000000000,1.0000000000,0.0000000000,0.0000000000,0.0000000000,0.0000000000,1.0000000000,0.0000000000,0.0000000000,1,1.0000000000,23.5420763334,AminDW,0.6371637427,1008.9017750000,0.0000000000,0.0000000000,0.0000000000,0.0000000000,0.0000000000
25040,25040,Waterford,ED,2020,28.0000000000,860.2136020000,0.7752077047,0.1373184936,0.0830026401,0.0000000000,0.0044711616,0.0000000000,0.9125261983,0.0830026401,0.0044711616,1,0.9125261983,22.8019233809,AminDW,0.7470837296,860.2136020000,89.9268240000,0.1045401093,0.0004471162,0.0004471162,0.0038004873
25041,25041,Waterford,ED,2020,15.0000000000,704.5963330000,0.0000000000,1.0000000000,0.0000000000,0.0000000000,0.0000000000,0.0000000000,1.0000000000,0.0000000000,0.0000000000,1,1.0000000000,22.9791034010,AminDW,0.9630142838,704.5963330000,0.0000000000,0.0000000000,0.0000000000,0.0000000000,0.0000000000
25042,25042,Waterford,ED,2020,23.0000000000,1035.7455020000,1.0000000000,0.0000000000,0.0000000000,0.0000000000,0.0000000000,0.0000000000,1.0000000000,0.0000000000,0.0000000000,1,1.0000000000,23.1193829853,AminDW,0.7176816125,1035.7455020000,136.7000000000,0.1319822290,0.0000000000,0.0000000000,0.0000000000
25043,25043,Waterford,ED,2020,39.0000000000,1638.5830240000,0.1677083748,0.8322916252,0.0000000000,0.0000000000,0.0000000000,0.0000000000,1.0000000000,0.0000000000,0.0000000000,1,1.0000000000,23.5563949807,AminDW,0.6050123854,1638.5830240000,0.0000000000,0.0000000000,0.0000000000,0.0000000000,0.0000000000
25044,25044,Waterford,ED,2020,12.0000000000,825.3300000000,0.0000000000,1.0000000000,0.0000000000,0.0000000000,0.0000000000,0.0000000000,1.0000000000,0.0000000000,0.0000000000,1,1.0000000000,22.3642906474,AminDW,1.0000000000,825.3300000000,0.0000000000,0.0000000000,0.0000000000,0.0000000000,0.0000000000
25045,25045,Waterford,ED,2020,18.0000000000,884.6524600000,0.0000000000,1.0000000000,0.0000000000,0.0000000000,0.0000000000,0.0000000000,1.0000000000,0.0000000000,0.0000000000,1,1.0000000000,23.9359352259,AminDW,1.0000000000,884.6524600000,0.0000000000,0.0000000000,0.0000000000,0.0000000000,0.0000000000
25046,25046,Waterford,ED,2020,9.0000000000,425.1182120000,0.0000000000,1.0000000000,0.0000000000,0.0000000000,0.0000000000,0.0000000000,1.0000000000,0.0000000000,0.0000000000,1,1.0000000000,23.4378202550,AminDW,0.8728824161,425.1182120000,0.0000000000,0.0000000000,0.0000000000,0.0000000000,0.0000000000
25047,25047,Waterford,ED,2020,31.0000000000,1295.0885327000,0.5153327822,0.4846672178,0.0000000000,0.0000000000,0.0000000000,0.0000000000,1.0000000000,0.0000000000,0.0000000000,1,1.0000000000,24.0000000000,AminDW,0.9035192368,1295.0885327000,0.0000000000,0.0000000000,0.0000000000,0.0000000000,0.0000000000
25048,25048,Waterford,ED,2020,22.0000000000,819.0772880000,0.0000000000,1.0000000000,0.0000000000,0.0000000000,0.0000000000,0.0000000000,1.0000000000,0.0000000000,0.0000000000,1,1.0000000000,21.9311377610,AminDW,0.8146038253,819.0772880000,0.0000000000,0.0000000000,0.0000000000,0.0000000000,0.0000000000
25049,25049,Waterford,ED,2020,38.0000000000,1391.9931923000,0.2311044135,0.7688955865,0.0000000000,0.0000000000,0.0000000000,0.0000000000,1.0000000000,0.0000000000,0.0000000000,1,1.0000000000,22.7108085586,AminDW,0.6097736526,1391.9931923000,191.4587190000,0.1375428559,0.0000000000,0.0000000000,0.0000000000
25050,25050,Waterford,ED,2020,31.0000000000,1494.0249030000,0.7419219618,0.2580780382,0.0000000000,0.0000000000,0.0000000000,0.0000000000,1.0000000000,0.0000000000,0.0000000000,1,1.0000000000,23.5574370958,AminDW,0.9416341723,1494.0249030000,0.0000000000,0.0000000000,0.0000000000,0.0000000000,0.0000000000
25051,25051,Waterford,ED,2020,28.0000000000,1270.1322930000,0.0000000000,1.0000000000,0.0000000000,0.0000000000,0.0000000000,0.0000000000,1.0000000000,0.0000000000,0.0000000000,1,1.0000000000,23.8548661293,AminDW,0.6838947799,1270.1322930000,0.0000000000,0.0000000000,0.0000000000,0.0000000000,0.0000000000
25052,25052,Waterford,ED,2020,8.0000000000,410.1308370000,0.5160081074,0.0000000000,0.4839918926,0.0000000000,0.0000000000,0.0000000000,0.5160081074,0.4839918926,0.0000000000,1,0.5160081074,20.9124486974,AminPDPT,0.4839918926,410.1308370000,198.5000000000,0.4839918926,0.0000000000,0.0000000000,0.0000000000
25053,25053,Waterford,ED,2020,34.0000000000,1049.3792030000,0.3964519602,0.0000000000,0.6035480398,0.0000000000,0.0000000000,0.0000000000,0.3964519602,0.6035480398,0.0000000000,2,0.6035480398,23.4949394857,AminDW,0.4614217269,1049.3792030000,304.2728390000,0.2899550879,0.0000000000,0.0000000000,0.0000000000
25054,25054,Waterford,ED,2020,33.0000000000,1788.3502690000,0.8946179598,0.0000000000,0.1053820402,0.0000000000,0.0000000000,0.0000000000,0.8946179598,0.1053820402,0.0000000000,1,0.8946179598,24.0000000000,AminDW,0.6233120482,1788.3502690000,0.0000000000,0.0000000000,0.0000000000,0.0000000000,0.0000000000
25055,25055,Waterford,ED,2020,60.0000000000,1878.7134390000,0.4017647874,0.0000000000,0.5982352126,0.0000000000,0.0000000000,0.0000000000,0.4017647874,0.5982352126,0.0000000000,2,0.5982352126,22.7050163961,AminDW,0.5582870804,1878.7134390000,525.1353450000,0.2795185972,0.0000000000,0.0000000000,0.0000000000
25056,25056,Waterford,ED,2020,33.0000000000,1573.5631837000,0.7876094183,0.0000000000,0.1880763372,0.0243142445,0.0000000000,0.0000000000,0.7876094183,0.2123905817,0.0000000000,1,0.7876094183,23.9194948120,AminDW,0.6640730353,1573.5631837000,176.7500000000,0.1123246920,0.0000000000,0.0000000000,0.0060785611
25057,25057,Waterford,ED,2020,56.0000000000,2153.8472772000,0.2825144092,0.0000000000,0.6651141896,0.0000000000,0.0523714013,0.0000000000,0.2825144092,0.6651141896,0.0523714013,2,0.6651141896,22.8400291764,AminDW,0.6290190412,2153.8472772000,549.1707090000,0.2549719819,0.0052371401,0.0052371401,0.0445156911
25058,25058,Waterford,ED,2020,43.0000000000,2471.2883338000,0.4231092157,0.0000000000,0.5102194033,0.0000000000,0.0666713810,0.0000000000,0.4231092157,0.5102194033,0.0666713810,2,0.5102194033,22.8619935515,AminDW,0.5969461094,2471.2883338000,375.3900000000,0.1519005269,0.0066671381,0.0066671381,0.0566706738
25059,25059,Waterford,ED,2020,38.0000000000,2255.9841010000,1.0000000000,0.0000000000,0.0000000000,0.0000000000,0.0000000000,0.0000000000,1.0000000000,0.0000000000,0.0000000000,1,1.0000000000,24.0000000000,AminDW,0.9452567064,2255.9841010000,38.5000000000,0.0170657231,0.0000000000,0.0000000000,0.0000000000
25060,25060,Waterford,ED,2020,26.0000000000,991.5453441000,1.0000000000,0.0000000000,0.0000000000,0.0000000000,0.0000000000,0.0000000000,1.0000000000,0.0000000000,0.0000000000,1,1.0000000000,23.3716878369,AminDW,0.8472784367,991.5453441000,38.5720160000,0.0389009098,0.0000000000,0.0000000000,0.0000000000
25061,25061,Waterford,ED,2020,15.0000000000,551.0903678000,0.3237581537,0.0000000000,0.6762418463,0.0000000000,0.0000000000,0.0000000000,0.3237581537,0.6762418463,0.0000000000,2,0.6762418463,24.0000000000,AminDW,0.8156563679,551.0903678000,21.9000000000,0.0397393990,0.0000000000,0.0000000000,0.0000000000
25062,25062,Waterford,ED,2020,24.0000000000,929.5208410000,1.0000000000,0.0000000000,0.0000000000,0.0000000000,0.0000000000,0.0000000000,1.0000000000,0.0000000000,0.0000000000,1,1.0000000000,23.0855503583,AminDW,0.8320209799,929.5208410000,61.3000000000,0.0659479565,0.0000000000,0.0000000000,0.0000000000
25063,25063,Waterford,ED,2020,11.0000000000,485.2243198000,1.0000000000,0.0000000000,0.0000000000,0.0000000000,0.0000000000,0.0000000000,1.0000000000,0.0000000000,0.0000000000,1,1.0000000000,22.9167896609,AminDW,0.8749009571,485.2243198000,0.0000000000,0.0000000000,0.0000000000,0.0000000000,0.0000000000
25064,25064,Waterford,ED,2020,21.0000000000,838.3386140000,0.8016708318,0.0000000000,0.1983291682,0.0000000000,0.0000000000,0.0000000000,0.8016708318,0.1983291682,0.0000000000,1,0.8016708318,23.5780941089,AminDW,0.8091463314,838.3386140000,0.0000000000,0.0000000000,0.0000000000,0.0000000000,0.0000000000
25065,25065,Waterford,ED,2020,59.0000000000,2011.2256561000,1.0000000000,0.0000000000,0.0000000000,0.0000000000,0.0000000000,0.0000000000,1.0000000000,0.0000000000,0.0000000000,1,1.0000000000,23.1013837187,AminDW,0.8895929207,2011.2256561000,2.5218150000,0.0012538697,0.0000000000,0.0000000000,0.0000000000
25067,25067,Waterford,ED,2020,37.0000000000,1661.3083620000,0.2332570857,0.0000000000,0.7667429143,0.0000000000,0.0000000000,0.0000000000,0.2332570857,0.7667429143,0.0000000000,2,0.7667429143,23.8140020197,AminDW,0.5747194915,1661.3083620000,121.8655850000,0.0733551867,0.0000000000,0.0000000000,0.0000000000
25068,25068,Waterford,ED,2020,24.0000000000,1279.0854118000,1.0000000000,0.0000000000,0.0000000000,0.0000000000,0.0000000000,0.0000000000,1.0000000000,0.0000000000,0.0000000000,1,1.0000000000,23.8741288123,AminDW,0.8669784938,1279.0854118000,0.0000000000,0.0000000000,0.0000000000,0.0000000000,0.0000000000
25069,25069,Waterford,ED,2020,35.0000000000,1656.8536974000,0.6593126938,0.0000000000,0.3406873062,0.0000000000,0.0000000000,0.0000000000,0.6593126938,0.3406873062,0.0000000000,1,0.6593126938,24.0000000000,AminDW,0.6518028273,1656.8536974000,0.0000000000,0.0000000000,0.0000000000,0.0000000000,0.0000000000
25070,25070,Waterford,ED,2020,14.0000000000,477.3121478000,0.0000000000,0.3566499067,0.6433500933,0.0000000000,0.0000000000,0.0000000000,0.3566499067,0.6433500933,0.0000000000,2,0.6433500933,21.5519403883,AminDW,0.6002850217,477.3121478000,190.7888148000,0.3997149783,0.0000000000,0.0000000000,0.0000000000
25071,25071,Waterford,ED,2020,18.0000000000,894.1864910000,0.0000000000,0.0950584703,0.9049415297,0.0000000000,0.0000000000,0.0000000000,0.0950584703,0.9049415297,0.0000000000,2,0.9049415297,20.2918216352,AminDW,0.4422236871,894.1864910000,94.0800000000,0.1052129516,0.0000000000,0.0000000000,0.0000000000
25072,25072,Waterford,ED,2020,21.0000000000,1104.6682997000,0.4480267052,0.0000000000,0.5519732948,0.0000000000,0.0000000000,0.0000000000,0.4480267052,0.5519732948,0.0000000000,2,0.5519732948,21.2502811271,AminDW,0.7768087415,1104.6682997000,0.0000000000,0.0000000000,0.0000000000,0.0000000000,0.0000000000
25073,25073,Waterford,ED,2020,39.0000000000,1662.4908673000,0.0000000000,1.0000000000,0.0000000000,0.0000000000,0.0000000000,0.0000000000,1.0000000000,0.0000000000,0.0000000000,1,1.0000000000,20.0834039228,AminDW,0.6819968191,1662.4908673000,38.3057410000,0.0230411738,0.0000000000,0.0000000000,0.0000000000
25074,25074,Waterford,ED,2020,4.0000000000,325.2078100000,0.0000000000,1.0000000000,0.0000000000,0.0000000000,0.0000000000,0.0000000000,1.0000000000,0.0000000000,0.0000000000,1,1.0000000000,24.0000000000,AminSW,0.5221276820,325.2078100000,0.0000000000,0.0000000000,0.0000000000,0.0000000000,0.0000000000
25075,25075,Waterford,ED,2020,12.0000000000,620.3196420000,1.0000000000,0.0000000000,0.0000000000,0.0000000000,0.0000000000,0.0000000000,1.0000000000,0.0000000000,0.0000000000,1,1.0000000000,20.3367388454,AminPD,0.4842664647,620.3196420000,0.0000000000,0.0000000000,0.0000000000,0.0000000000,0.0000000000
25076,25076,Waterford,ED,2020,14.0000000000,994.5570898000,0.8453582991,0.1546417009,0.0000000000,0.0000000000,0.0000000000,0.0000000000,1.0000000000,0.0000000000,0.0000000000,1,1.0000000000,23.7908616789,AminDW,0.6200592123,994.5570898000,0.0000000000,0.0000000000,0.0000000000,0.0000000000,0.0000000000
25077,25077,Waterford,ED,2020,19.0000000000,1356.4003200000,0.1613830348,0.0000000000,0.8386169652,0.0000000000,0.0000000000,0.0000000000,0.1613830348,0.8386169652,0.0000000000,2,0.8386169652,19.7438809215,AminDW,0.5429739209,1356.4003200000,0.0000000000,0.0000000000,0.0000000000,0.0000000000,0.0000000000
25078,25078,Waterford,ED,2020,25.0000000000,1143.0761380000,0.8698625620,0.1301374380,0.0000000000,0.0000000000,0.0000000000,0.0000000000,1.0000000000,0.0000000000,0.0000000000,1,1.0000000000,22.3469750376,AminDW,0.7960792005,1143.0761380000,0.0000000000,0.0000000000,0.0000000000,0.0000000000,0.0000000000
25079,25079,Waterford,ED,2020,25.0000000000,1236.9037995000,0.3582269378,0.6417730622,0.0000000000,0.0000000000,0.0000000000,0.0000000000,1.0000000000,0.0000000000,0.0000000000,1,1.0000000000,22.8785818860,AminPD,0.5198805766,1236.9037995000,209.4100000000,0.1693017679,0.0000000000,0.0000000000,0.0000000000
25080,25080,Waterford,ED,2020,22.0000000000,1168.1160220000,0.0000000000,1.0000000000,0.0000000000,0.0000000000,0.0000000000,0.0000000000,1.0000000000,0.0000000000,0.0000000000,1,1.0000000000,22.1781226797,AminDW,0.8111715935,1168.1160220000,0.0000000000,0.0000000000,0.0000000000,0.0000000000,0.0000000000
25081,25081,Waterford,ED,2020,16.0000000000,846.8255690000,0.3415090186,0.0000000000,0.6584909814,0.0000000000,0.0000000000,0.0000000000,0.3415090186,0.6584909814,0.0000000000,2,0.6584909814,18.9363641900,AminDW,0.5848767292,846.8255690000,0.0000000000,0.0000000000,0.0000000000,0.0000000000,0.0000000000
25082,25082,Waterford,ED,2020,39.0000000000,1736.1400808000,0.0700404313,0.9299595687,0.0000000000,0.0000000000,0.0000000000,0.0000000000,1.0000000000,0.0000000000,0.0000000000,1,1.0000000000,22.6927249966,AminDW,0.7771686258,1736.1400808000,180.8764800000,0.1041831140,0.0000000000,0.0000000000,0.0000000000
25083,25083,Waterford,ED,2020,16.0000000000,776.3597290000,0.0000000000,0.7283133564,0.2716866436,0.0000000000,0.0000000000,0.0000000000,0.7283133564,0.2716866436,0.0000000000,1,0.7283133564,22.7622232786,AminDW,0.7456938715,776.3597290000,0.0000000000,0.0000000000,0.0000000000,0.0000000000,0.0000000000
25084,25084,Waterford,ED,2020,24.0000000000,600.0090640000,0.2406709959,0.0000000000,0.7593290041,0.0000000000,0.0000000000,0.0000000000,0.2406709959,0.7593290041,0.0000000000,2,0.7593290041,21.0934587681,AminDW,0.8527711275,600.0090640000,0.0000000000,0.0000000000,0.0000000000,0.0000000000,0.0000000000
25085,25085,Waterford,ED,2020,19.0000000000,831.8985231000,1.0000000000,0.0000000000,0.0000000000,0.0000000000,0.0000000000,0.0000000000,1.0000000000,0.0000000000,0.0000000000,1,1.0000000000,21.6729747696,AminDW,1.0000000000,831.8985231000,0.0000000000,0.0000000000,0.0000000000,0.0000000000,0.0000000000
25086,25086,Waterford,ED,2020,24.0000000000,1092.3911730000,1.0000000000,0.0000000000,0.0000000000,0.0000000000,0.0000000000,0.0000000000,1.0000000000,0.0000000000,0.0000000000,1,1.0000000000,24.0000000000,AminDW,0.7567542502,1092.3911730000,0.0000000000,0.0000000000,0.0000000000,0.0000000000,0.0000000000
25087,25087,Waterford,ED,2020,32.0000000000,1666.8537570000,0.7569072882,0.0000000000,0.2430927118,0.0000000000,0.0000000000,0.0000000000,0.7569072882,0.2430927118,0.0000000000,1,0.7569072882,23.7996224932,AminDW,0.7984155571,1666.8537570000,0.0000000000,0.0000000000,0.0000000000,0.0000000000,0.0000000000
25088,25088,Waterford,ED,2020,13.0000000000,820.5555980000,1.0000000000,0.0000000000,0.0000000000,0.0000000000,0.0000000000,0.0000000000,1.0000000000,0.0000000000,0.0000000000,1,1.0000000000,24.0000000000,AminDW,0.9493026431,820.5555980000,0.0000000000,0.0000000000,0.0000000000,0.0000000000,0.0000000000
25089,25089,Waterford,ED,2020,26.0000000000,1269.7668800000,0.7019659105,0.0000000000,0.2980340895,0.0000000000,0.0000000000,0.0000000000,0.7019659105,0.2980340895,0.0000000000,1,0.7019659105,23.3085659944,AminDW,0.6287774934,1269.7668800000,272.6160440000,0.2146977121,0.0000000000,0.0000000000,0.0000000000
25090,25090,Waterford,ED,2020,25.0000000000,1108.6660440000,1.0000000000,0.0000000000,0.0000000000,0.0000000000,0.0000000000,0.0000000000,1.0000000000,0.0000000000,0.0000000000,1,1.0000000000,23.3073838563,AminDW,1.0000000000,1108.6660440000,0.0000000000,0.0000000000,0.0000000000,0.0000000000,0.0000000000
25091,25091,Waterford,ED,2020,37.0000000000,1288.4491014000,1.0000000000,0.0000000000,0.0000000000,0.0000000000,0.0000000000,0.0000000000,1.0000000000,0.0000000000,0.0000000000,1,1.0000000000,23.6980881592,AminDW,0.7973885808,1288.4491014000,0.0000000000,0.0000000000,0.0000000000,0.0000000000,0.0000000000
25092,25092,Waterford,ED,2020,44.0000000000,2317.4217982000,1.0000000000,0.0000000000,0.0000000000,0.0000000000,0.0000000000,0.0000000000,1.0000000000,0.0000000000,0.0000000000,1,1.0000000000,23.9139992555,AminDW,0.9501337296,2317.4217982000,0.0000000000,0.0000000000,0.0000000000,0.0000000000,0.0000000000
26003,26003,Galway,COUNTY_FALLBACK,2020,11934.0000000000,314305.4485901800,0.0064670447,0.3246895513,0.2739769167,0.1219547223,0.2055613179,0.0673504470,0.3311565961,0.3959316391,0.2729117648,2,0.3959316391,20.8526564640,,,314305.4485901800,87653.1347720200,0.2788788268,0.2373344610,0.2373344610,0.2543672277
26010,26010,Galway,COUNTY_FALLBACK,2020,11934.0000000000,314305.4485901800,0.0064670447,0.3246895513,0.2739769167,0.1219547223,0.2055613179,0.0673504470,0.3311565961,0.3959316391,0.2729117648,2,0.3959316391,20.8526564640,,,314305.4485901800,87653.1347720200,0.2788788268,0.2373344610,0.2373344610,0.2543672277
26015,26015,Galway,COUNTY_FALLBACK,2020,11934.0000000000,314305.4485901800,0.0064670447,0.3246895513,0.2739769167,0.1219547223,0.2055613179,0.0673504470,0.3311565961,0.3959316391,0.2729117648,2,0.3959316391,20.8526564640,,,314305.4485901800,87653.1347720200,0.2788788268,0.2373344610,0.2373344610,0.2543672277
27001,27001,Galway,ED,2020,32.0000000000,1088.8405084000,0.0000000000,1.0000000000,0.0000000000,0.0000000000,0.0000000000,0.0000000000,1.0000000000,0.0000000000,0.0000000000,1,1.0000000000,23.1152190495,BminPDPT,0.6255225301,1088.8405084000,681.0942697000,0.6255225301,0.0500000000,0.0500000000,0.0500000000
27002,27002,Galway,ED,2020,75.0000000000,2532.6470405000,0.0000000000,0.0000000000,0.4198180148,0.4067005806,0.1734814046,0.0000000000,0.0000000000,0.8265185954,0.1734814046,2,0.8265185954,22.9836066131,BminPD,0.4804963543,2532.6470405000,201.0101790000,0.0793676244,0.2364541068,0.2364541068,0.2364541068
27003,27003,Galway,ED,2020,65.0000000000,2239.3506990000,0.0000000000,0.2403135937,0.3914226116,0.0000000000,0.3682637947,0.0000000000,0.2403135937,0.3914226116,0.3682637947,2,0.3914226116,21.5881039578,BminDW,0.3953250616,2239.3506990000,1053.7482000000,0.4705597031,0.4389928661,0.4389928661,0.4389928661
27004,27004,Galway,ED,2020,63.0000000000,1826.3517973000,0.0000000000,0.5238714443,0.1291060058,0.2947858707,0.0522366792,0.0000000000,0.5238714443,0.4238918764,0.0522366792,1,0.5238714443,23.4731636817,BminDW,0.4232702521,1826.3517973000,281.1715473000,0.1539525669,0.0977961523,0.0977961523,0.0977961523
27005,27005,Galway,ED,2020,32.0000000000,890.3159008000,0.0000000000,0.9857002666,0.0000000000,0.0000000000,0.0142997334,0.0000000000,0.9857002666,0.0000000000,0.0142997334,1,0.9857002666,22.8953212949,BminDW,0.6306014509,890.3159008000,179.3214300000,0.2014132622,0.0635847467,0.0635847467,0.0635847467
27006,27006,Galway,ED,2020,44.0000000000,1601.1159060000,0.0000000000,0.0000000000,0.5662202690,0.4337797310,0.0000000000,0.0000000000,0.0000000000,1.0000000000,0.0000000000,2,1.0000000000,21.7027771505,BminPD,0.8060407327,1601.1159060000,0.0000000000,0.0000000000,0.0849330404,0.0849330404,0.0849330404
27007,27007,Galway,ED,2020,62.0000000000,1964.3992930000,0.0000000000,0.6540146217,0.0000000000,0.0000000000,0.3459853783,0.0000000000,0.6540146217,0.0000000000,0.3459853783,1,0.6540146217,22.9289933816,BminDW,0.8667682681,1964.3992930000,186.2203200000,0.0947975906,0.3786861094,0.3786861094,0.3786861094
27008,27008,Galway,ED,2020,44.0000000000,1816.5584840000,0.0000000000,0.6002769829,0.0000000000,0.3997230171,0.0000000000,0.0000000000,0.6002769829,0.3997230171,0.0000000000,1,0.6002769829,22.9660566381,BminPD,0.4254032968,1816.5584840000,2.5218150000,0.0013882377,0.0300138491,0.0300138491,0.0300138491
27009,27009,Galway,ED,2020,42.0000000000,1776.1605008000,0.0000000000,0.6324438356,0.0000000000,0.1581782727,0.2093778917,0.0000000000,0.6324438356,0.1581782727,0.2093778917,1,0.6324438356,23.0113309224,BminDW,0.6502399419,1776.1605008000,340.2800000000,0.1915817855,0.2410000835,0.2410000835,0.2410000835
27010,27010,Galway,ED,2020,79.0000000000,2598.1795266000,0.0000000000,0.0000000000,0.8764725033,0.0291691210,0.0943583757,0.0000000000,0.0000000000,0.9056416243,0.0943583757,2,0.9056416243,23.3550099280,BminDW,0.9598659027,2598.1795266000,51.9755900000,0.0200046184,0.2258292512,0.2258292512,0.2258292512
27011,27011,Galway,ED,2020,73.0000000000,1952.2000150000,0.0000000000,0.0000000000,0.9125213807,0.0000000000,0.0874786193,0.0000000000,0.0000000000,0.9125213807,0.0874786193,2,0.9125213807,23.0138918137,BminDW,0.7025585711,1952.2000150000,416.7142520000,0.2134587895,0.2243568264,0.2243568264,0.2243568264
27012,27012,Galway,ED,2020,57.0000000000,1864.6699326000,0.0000000000,0.0000000000,0.0000000000,0.9162021182,0.0837978818,0.0000000000,0.0000000000,0.9162021182,0.0837978818,2,0.9162021182,21.2727464166,BminPD,0.6174896631,1864.6699326000,136.7875085000,0.0733574914,0.0837978818,0.0837978818,0.0837978818
27013,27013,Galway,ED,2020,49.0000000000,1474.4504552000,0.0000000000,0.0000000000,0.0000000000,1.0000000000,0.0000000000,0.0000000000,0.0000000000,1.0000000000,0.0000000000,2,1.0000000000,22.5477559081,BminPD,0.8919733115,1474.4504552000,159.2800000000,0.1080266885,0.0000000000,0.0000000000,0.0000000000
27014,27014,Galway,ED,2020,73.0000000000,2157.7468546000,0.0000000000,0.2402927524,0.3199686527,0.0000000000,0.4397385949,0.0000000000,0.2402927524,0.3199686527,0.4397385949,3,0.4397385949,22.0648613142,BminPDPT,0.5183745334,2157.7468546000,1541.2093740000,0.7142679275,0.4997485304,0.4997485304,0.4997485304
27015,27015,Galway,ED,2020,14.0000000000,462.4823106000,0.0000000000,0.4684415707,0.0000000000,0.0000000000,0.5315584293,0.0000000000,0.4684415707,0.0000000000,0.5315584293,3,0.5315584293,20.7802625833,Cut,0.4777185322,462.4823106000,254.2823106000,0.5498206197,0.5549805078,0.5549805078,0.5549805078
27016,27016,Galway,ED,2020,70.0000000000,2001.0927813000,0.0000000000,0.2568180820,0.0000000000,0.7431819180,0.0000000000,0.0000000000,0.2568180820,0.7431819180,0.0000000000,2,0.7431819180,23.5852738753,BminPD,0.7476331880,2001.0927813000,196.3444857000,0.0981186317,0.0128409041,0.0128409041,0.0128409041
27017,27017,Galway,ED,2020,26.0000000000,1081.7270910000,0.0000000000,0.7063761834,0.0000000000,0.0000000000,0.2936238166,0.0000000000,0.7063761834,0.0000000000,0.2936238166,1,0.7063761834,22.2798803733,Cut,0.5312535045,1081.7270910000,574.6713080000,0.5312535045,0.3289426258,0.3289426258,0.3289426258
27018,27018,Galway,ED,2020,44.0000000000,1986.3276130000,0.0000000000,0.8348290414,0.0000000000,0.0000000000,0.1651709586,0.0000000000,0.8348290414,0.0000000000,0.1651709586,1,0.8348290414,23.0013329186,BminDW,0.8948562168,1986.3276130000,0.0000000000,0.0000000000,0.2069124107,0.2069124107,0.2069124107
27019,27019,Galway,ED,2020,41.0000000000,1163.0648888000,0.0000000000,0.6560678481,0.0000000000,0.0000000000,0.3439321519,0.0000000000,0.6560678481,0.0000000000,0.3439321519,1,0.6560678481,22.4704192714,BminDW,0.6560678481,1163.0648888000,400.0154100000,0.3439321519,0.3767355443,0.3767355443,0.3767355443
27020,27020,Galway,ED,2020,65.0000000000,1998.9458398000,0.0000000000,0.1131596442,0.0000000000,0.8868403558,0.0000000000,0.0000000000,0.1131596442,0.8868403558,0.0000000000,2,0.8868403558,23.6667072840,BminPD,0.9469082563,1998.9458398000,0.0000000000,0.0000000000,0.0056579822,0.0056579822,0.0056579822
27021,27021,Galway,ED,2020,41.0000000000,991.2699540000,0.0000000000,0.0000000000,0.0000000000,0.0000000000,0.6286726103,0.3713273897,0.0000000000,0.0000000000,1.0000000000,3,1.0000000000,15.6383100763,AminSRPT,0.4375855031,991.2699540000,755.6975260000,0.7623529019,0.3836515874,0.3836515874,0.4022179569
27022,27022,Galway,ED,2020,31.0000000000,917.6527873000,0.0000000000,0.0000000000,0.0000000000,0.0000000000,0.1154019069,0.8845980931,0.0000000000,0.0000000000,1.0000000000,3,1.0000000000,14.8055969123,BktPt,0.8440167321,917.6527873000,917.6527873000,1.0000000000,0.2651141355,0.2651141355,0.3093440402
27023,27023,Galway,ED,2020,66.0000000000,919.7503651000,0.0000000000,0.0000000000,0.0000000000,0.0000000000,1.0000000000,0.0000000000,0.0000000000,0.0000000000,1.0000000000,3,1.0000000000,14.2363951310,AminSRPT,0.6329242718,919.7503651000,916.1915411000,0.9961306631,0.1760686323,0.1760686323,0.1760686323
27024,27024,Galway,ED,2020,30.0000000000,441.5819721000,0.0000000000,0.0000000000,0.0000000000,0.0000000000,1.0000000000,0.0000000000,0.0000000000,0.0000000000,1.0000000000,3,1.0000000000,14.0710705463,BktPt,0.4931902155,441.5819721000,372.4755582000,0.8435026376,0.2952827677,0.2952827677,0.2952827677
27025,27025,Galway,ED,2020,59.0000000000,1245.8893839000,0.0000000000,0.0000000000,0.0000000000,0.0000000000,1.0000000000,0.0000000000,0.0000000000,0.0000000000,1.0000000000,3,1.0000000000,14.6364109288,AminSRPT,0.4686500866,1245.8893839000,1067.3820589000,0.8567229745,0.1685052796,0.1685052796,0.5137684013
27026,27026,Galway,ED,2020,38.0000000000,1210.3552455000,0.0000000000,0.0000000000,0.0000000000,0.0000000000,0.0700994050,0.9299005950,0.0000000000,0.0000000000,1.0000000000,3,1.0000000000,15.4100473916,AminSRPT,0.7121255786,1210.3552455000,1210.3552455000,1.0000000000,0.2394850892,0.2394850892,0.2859801190
27027/27028,27027/27028,Galway,COUNTY_FALLBACK,2020,11934.0000000000,314305.4485901800,0.0064670447,0.3246895513,0.2739769167,0.1219547223,0.2055613179,0.0673504470,0.3311565961,0.3959316391,0.2729117648,2,0.3959316391,20.8526564640,,,314305.4485901800,87653.1347720200,0.2788788268,0.2373344610,0.2373344610,0.2543672277
27029,27029,Galway,ED,2020,24.0000000000,399.9272163000,0.0000000000,0.0000000000,0.0000000000,0.0000000000,1.0000000000,0.0000000000,0.0000000000,0.0000000000,1.0000000000,3,1.0000000000,15.4902481144,AminSRPT,0.9882300759,399.9272163000,395.2201033000,0.9882300759,0.1000000000,0.1000000000,0.1000000000
27030,27030,Galway,ED,2020,28.0000000000,419.1761858000,0.0000000000,0.0000000000,0.0000000000,0.0000000000,1.0000000000,0.0000000000,0.0000000000,0.0000000000,1.0000000000,3,1.0000000000,14.2514725587,Water,0.4599659125,419.1761858000,105.9026740000,0.2526447770,0.5139693213,0.5139693213,0.5139693213
27031,27031,Galway,ED,2020,29.0000000000,408.2555598000,0.0000000000,0.0000000000,0.0000000000,0.0000000000,0.3515455590,0.6484544410,0.0000000000,0.0000000000,1.0000000000,3,1.0000000000,16.7482644561,BktPt,0.5282385551,408.2555598000,408.2555598000,1.0000000000,0.5136591693,0.5136591693,0.5460818913
27032,27032,Galway,ED,2020,24.0000000000,175.4879852000,0.0000000000,0.0000000000,0.0000000000,0.0000000000,1.0000000000,0.0000000000,0.0000000000,0.0000000000,1.0000000000,3,1.0000000000,14.3259482405,AminSRPT,1.0000000000,175.4879852000,175.4879852000,1.0000000000,1.0000000000,1.0000000000,1.0000000000
27033,27033,Galway,ED,2020,102.0000000000,1438.1177911000,0.0000000000,0.0000000000,0.0000000000,0.0714480579,0.9285519421,0.0000000000,0.0000000000,0.0714480579,0.9285519421,3,0.9285519421,14.4084562711,BktPt,0.3924520813,1438.1177911000,1059.3598752000,0.7366294206,0.3553748185,0.3553748185,0.3553748185
27034,27034,Galway,ED,2020,75.0000000000,1420.1504636000,0.0000000000,0.0000000000,0.0000000000,0.0000000000,1.0000000000,0.0000000000,0.0000000000,0.0000000000,1.0000000000,3,1.0000000000,14.2340745157,BktPt,0.8221556733,1420.1504636000,1420.1504636000,1.0000000000,0.6066255676,0.6066255676,0.6914784269
27035,27035,Galway,ED,2020,60.0000000000,492.5349216000,0.0000000000,0.0000000000,0.0000000000,0.0000000000,1.0000000000,0.0000000000,0.0000000000,0.0000000000,1.0000000000,3,1.0000000000,14.0000000000,BktPt,0.6619507010,492.5349216000,492.5349216000,1.0000000000,0.4586510614,0.4586510614,0.4586510614
27036,27036,Galway,ED,2020,100.0000000000,1572.9227440000,0.0000000000,0.0000000000,0.0000000000,0.0000000000,0.8069232458,0.1930767542,0.0000000000,0.0000000000,1.0000000000,3,1.0000000000,14.7108511242,AminSRPT,0.6776441909,1572.9227440000,1415.0423870000,0.8996261211,0.1289615131,0.1289615131,0.1386153508
27037,27037,Galway,ED,2020,35.0000000000,452.0323170000,0.0000000000,0.0000000000,0.0000000000,0.0000000000,1.0000000000,0.0000000000,0.0000000000,0.0000000000,1.0000000000,3,1.0000000000,14.0000000000,BktPt,0.5588246431,452.0323170000,452.0323170000,1.0000000000,0.2562428626,0.2562428626,0.2562428626
27038,27038,Galway,ED,2020,51.0000000000,787.1630585000,0.0000000000,0.0000000000,0.0000000000,0.0000000000,1.0000000000,0.0000000000,0.0000000000,0.0000000000,1.0000000000,3,1.0000000000,14.4383219058,BktPt,0.3168503099,787.1630585000,486.3837686000,0.6178945561,0.1783064758,0.1783064758,0.1783064758
27039,27039,Galway,ED,2020,69.0000000000,731.3972076000,0.0000000000,0.0000000000,0.0000000000,0.0000000000,1.0000000000,0.0000000000,0.0000000000,0.0000000000,1.0000000000,3,1.0000000000,14.6823710930,AminSRPT,0.3922325928,731.3972076000,435.7178231000,0.5957335065,0.2609519693,0.2609519693,0.3434379282
27040,27040,Galway,ED,2020,108.0000000000,1949.5473677000,0.0000000000,0.5830132076,0.0000000000,0.0000000000,0.4169867924,0.0000000000,0.5830132076,0.0000000000,0.4169867924,1,0.5830132076,19.1844168836,BminDW,0.6186079591,1949.5473677000,569.9117124000,0.2923302721,0.4461374527,0.4461374527,0.4461374527
27041,27041,Galway,ED,2020,96.0000000000,2886.4365911000,0.0000000000,0.8125442103,0.1874557897,0.0000000000,0.0000000000,0.0000000000,0.8125442103,0.1874557897,0.0000000000,1,0.8125442103,22.0625103293,BminDW,0.9226204034,2886.4365911000,46.5512990000,0.0161276015,0.0687455790,0.0687455790,0.0687455790
27042,27042,Galway,ED,2020,37.0000000000,826.7230392000,0.0000000000,1.0000000000,0.0000000000,0.0000000000,0.0000000000,0.0000000000,1.0000000000,0.0000000000,0.0000000000,1,1.0000000000,21.9604951404,BminDW,0.9285648661,826.7230392000,0.0000000000,0.0000000000,0.0500000000,0.0500000000,0.0500000000
27043,27043,Galway,ED,2020,30.0000000000,652.6481908000,0.0000000000,0.7551020181,0.0000000000,0.0000000000,0.2448979819,0.0000000000,0.7551020181,0.0000000000,0.2448979819,1,0.7551020181,18.0462964857,BminDW,0.9563512039,652.6481908000,0.0000000000,0.0000000000,0.2826530828,0.2826530828,0.2826530828
27044,27044,Galway,ED,2020,39.0000000000,802.9908667000,0.0000000000,0.4724118402,0.0000000000,0.0000000000,0.5275881598,0.0000000000,0.4724118402,0.0000000000,0.5275881598,3,0.5275881598,16.1424148843,AminSRPT,0.4302977882,802.9908667000,616.0387519000,0.7671802725,0.3349390114,0.3349390114,0.3349390114
27045,27045,Galway,ED,2020,68.0000000000,1783.6752916000,0.0000000000,1.0000000000,0.0000000000,0.0000000000,0.0000000000,0.0000000000,1.0000000000,0.0000000000,0.0000000000,1,1.0000000000,20.9747577758,BminDW,0.6459718515,1783.6752916000,0.0000000000,0.0000000000,0.0500000000,0.0500000000,0.0500000000
27046,27046,Galway,ED,2020,60.0000000000,1342.2845746000,0.0000000000,1.0000000000,0.0000000000,0.0000000000,0.0000000000,0.0000000000,1.0000000000,0.0000000000,0.0000000000,1,1.0000000000,21.5254335900,BminDW,0.6786301028,1342.2845746000,0.0000000000,0.0000000000,0.0500000000,0.0500000000,0.0500000000
27047,27047,Galway,ED,2020,40.0000000000,896.1606544000,0.0000000000,0.8307410498,0.0000000000,0.0000000000,0.1692589502,0.0000000000,0.8307410498,0.0000000000,0.1692589502,1,0.8307410498,19.0993623029,BminPDPT,0.4635663750,896.1606544000,567.1131576000,0.6328253253,0.2107960027,0.2107960027,0.2107960027
27048,27048,Galway,ED,2020,66.0000000000,1540.1963484000,0.0000000000,0.8691929466,0.0000000000,0.0000000000,0.1308070534,0.0000000000,0.8691929466,0.0000000000,0.1308070534,1,0.8691929466,20.8629077682,BminDW,0.5991152624,1540.1963484000,446.6758700000,0.2900122900,0.1742667007,0.1742667007,0.1742667007
27049,27049,Galway,ED,2020,52.0000000000,1476.8859485000,0.0000000000,0.9588613169,0.0000000000,0.0000000000,0.0411386831,0.0000000000,0.9588613169,0.0000000000,0.0411386831,1,0.9588613169,19.8679032310,BminDW,0.6371323696,1476.8859485000,21.1770190000,0.0143389671,0.0890817489,0.0890817489,0.0890817489
27050,27050,Galway,ED,2020,74.0000000000,1323.7662449000,0.0000000000,1.0000000000,0.0000000000,0.0000000000,0.0000000000,0.0000000000,1.0000000000,0.0000000000,0.0000000000,1,1.0000000000,20.9224617509,BminDW,1.0000000000,1323.7662449000,0.0000000000,0.0000000000,0.0500000000,0.0500000000,0.0500000000
27051,27051,Galway,ED,2020,46.0000000000,1139.9964193000,0.0000000000,0.0000000000,0.0000000000,0.0000000000,1.0000000000,0.0000000000,0.0000000000,0.0000000000,1.0000000000,3,1.0000000000,15.1677531061,BktPt,0.4505574088,1139.9964193000,758.4937357000,0.6653474720,0.6597070212,0.6597070212,0.6597070212
27052,27052,Galway,ED,2020,4.0000000000,15.5581490000,0.0000000000,1.0000000000,0.0000000000,0.0000000000,0.0000000000,0.0000000000,1.0000000000,0.0000000000,0.0000000000,1,1.0000000000,19.2859964254,AminDW,0.8809994042,15.5581490000,0.0000000000,0.0000000000,0.0500000000,0.0500000000,0.0500000000
27053,27053,Galway,ED,2020,203.0000000000,2914.0588121000,0.0000000000,0.0000000000,0.0000000000,0.0000000000,0.0000000000,1.0000000000,0.0000000000,0.0000000000,1.0000000000,3,1.0000000000,14.1752467994,BminSRPT,0.6743423813,2914.0588121000,1965.0733585000,0.6743423813,0.0000000000,0.0000000000,0.0000000000
27054,27054,Galway,ED,2020,112.0000000000,1295.1730613000,0.0000000000,0.0000000000,0.0000000000,0.0000000000,1.0000000000,0.0000000000,0.0000000000,0.0000000000,1.0000000000,3,1.0000000000,14.0840273993,AminDW,0.3385517024,1295.1730613000,816.1142125000,0.6301198171,0.4371083869,0.4371083869,0.4371083869
27055,27055,Galway,ED,2020,57.0000000000,795.5908579000,0.0000000000,0.0000000000,0.0000000000,0.0000000000,1.0000000000,0.0000000000,0.0000000000,0.0000000000,1.0000000000,3,1.0000000000,14.4802416674,BktPt,0.6177320325,795.5908579000,651.2297803000,0.8185485967,0.4295179936,0.4295179936,0.4295179936
27056,27056,Galway,ED,2020,64.0000000000,1541.3325120000,0.0000000000,1.0000000000,0.0000000000,0.0000000000,0.0000000000,0.0000000000,1.0000000000,0.0000000000,0.0000000000,1,1.0000000000,21.1864670743,BminDW,0.8697212772,1541.3325120000,0.0000000000,0.0000000000,0.0500000000,0.0500000000,0.0500000000
27057,27057,Galway,ED,2020,69.0000000000,1411.0545917000,0.0000000000,0.6654773448,0.0000000000,0.0000000000,0.3345226552,0.0000000000,0.6654773448,0.0000000000,0.3345226552,1,0.6654773448,20.3966817434,BminDW,0.7024781883,1411.0545917000,318.9652326000,0.2260474077,0.3677965224,0.3677965224,0.3677965224
27058,27058,Galway,ED,2020,39.0000000000,1159.4183390000,0.0000000000,1.0000000000,0.0000000000,0.0000000000,0.0000000000,0.0000000000,1.0000000000,0.0000000000,0.0000000000,1,1.0000000000,21.4931857965,BminDW,0.8707080310,1159.4183390000,0.0000000000,0.0000000000,0.0500000000,0.0500000000,0.0500000000
27059,27059,Galway,ED,2020,44.0000000000,827.6049621000,0.0000000000,0.4600628097,0.0000000000,0.0000000000,0.5399371903,0.0000000000,0.4600628097,0.0000000000,0.5399371903,3,0.5399371903,17.6343215903,BminDW,0.3023945123,827.6049621000,227.8835390000,0.2753530361,0.5629403308,0.5629403308,0.5629403308
27060,27060,Galway,ED,2020,50.0000000000,1567.9351378000,0.0000000000,1.0000000000,0.0000000000,0.0000000000,0.0000000000,0.0000000000,1.0000000000,0.0000000000,0.0000000000,1,1.0000000000,21.0796882029,BminDW,1.0000000000,1567.9351378000,0.0000000000,0.0000000000,0.0500000000,0.0500000000,0.0500000000
27061,27061,Galway,ED,2020,76.0000000000,1022.3157960000,0.0000000000,0.0000000000,0.0000000000,0.0000000000,1.0000000000,0.0000000000,0.0000000000,0.0000000000,1.0000000000,3,1.0000000000,14.2035071597,BktPt,0.7083590717,1022.3157960000,1022.3157960000,1.0000000000,0.5614674420,0.5614674420,0.5614674420
27062,27062,Galway,ED,2020,86.0000000000,2260.0267643000,0.0000000000,0.0979710299,0.0000000000,0.0000000000,0.9020289701,0.0000000000,0.0979710299,0.0000000000,0.9020289701,3,0.9020289701,15.2306114702,BktPt,0.8747060700,2260.0267643000,2107.5748008000,0.9325441778,0.9069275216,0.9069275216,0.9069275216
27063,27063,Galway,ED,2020,59.0000000000,1318.7572559000,0.0000000000,0.0000000000,0.0000000000,0.0000000000,1.0000000000,0.0000000000,0.0000000000,0.0000000000,1.0000000000,3,1.0000000000,14.6938089031,BktPt,0.7909391532,1318.7572559000,1116.3668779000,0.8465294677,0.8053106985,0.8053106985,0.8053106985
27064,27064,Galway,ED,2020,35.0000000000,1508.8428621000,0.0000000000,1.0000000000,0.0000000000,0.0000000000,0.0000000000,0.0000000000,1.0000000000,0.0000000000,0.0000000000,1,1.0000000000,21.2241143904,BminSW,0.6809145298,1508.8428621000,0.0000000000,0.0000000000,0.0500000000,0.0500000000,0.0500000000
27065,27065,Galway,ED,2020,50.0000000000,973.6919959000,0.0000000000,0.9516189799,0.0000000000,0.0000000000,0.0483810201,0.0000000000,0.9516189799,0.0000000000,0.0483810201,1,0.9516189799,20.5067032662,BminSW,0.4845165573,973.6919959000,275.5237365000,0.2829680614,0.0959619691,0.0959619691,0.0959619691
27066,27066,Galway,ED,2020,49.0000000000,1328.8412886000,0.0000000000,0.0000000000,0.0000000000,0.6435485742,0.3564514258,0.0000000000,0.0000000000,0.6435485742,0.3564514258,2,0.6435485742,19.4022286967,AminDW,0.4289971153,1328.8412886000,363.1989431000,0.2733200317,0.3564514258,0.3564514258,0.3564514258
27067,27067,Galway,ED,2020,52.0000000000,1322.4169434000,0.0000000000,0.0000000000,0.6639024422,0.1876620976,0.1484354602,0.0000000000,0.0000000000,0.8515645398,0.1484354602,2,0.8515645398,21.8838571932,AminPDPT,0.3005422704,1322.4169434000,578.3492543000,0.4373425924,0.2480208265,0.2480208265,0.2480208265
27068,27068,Galway,ED,2020,76.0000000000,2286.4315990000,0.2056401233,0.0000000000,0.0000000000,0.4638047079,0.3305551687,0.0000000000,0.2056401233,0.4638047079,0.3305551687,2,0.4638047079,20.1638508531,BminPD,0.5710324383,2286.4315990000,392.3564410000,0.1716020900,0.3408371749,0.3408371749,0.3408371749
27069,27069,Galway,ED,2020,50.0000000000,1125.0946199200,0.0000000000,0.0000000000,0.6727802016,0.0000000000,0.3272197984,0.0000000000,0.0000000000,0.6727802016,0.3272197984,2,0.6727802016,21.6686878467,Cut,0.7335901864,1125.0946199200,838.3222249200,0.7451126422,0.4281368286,0.4281368286,0.4281368286
27070,27070,Galway,ED,2020,49.0000000000,1741.5123187000,0.1812299691,0.0000000000,0.2048449478,0.5728688131,0.0410562700,0.0000000000,0.1812299691,0.7777137609,0.0410562700,2,0.7777137609,21.1565808253,BminPD,0.3788531842,1741.5123187000,527.2518940000,0.3027551906,0.0808445106,0.0808445106,0.0808445106
27071,27071,Galway,ED,2020,41.0000000000,980.6461687000,0.0000000000,0.0000000000,0.7744895396,0.0000000000,0.2255104604,0.0000000000,0.0000000000,0.7744895396,0.2255104604,2,0.7744895396,22.5805587638,BminPDPT,0.6404423461,980.6461687000,693.3973330000,0.7070820803,0.3416838913,0.3416838913,0.3416838913
27072,27072,Galway,ED,2020,76.0000000000,1670.6449595000,0.0000000000,0.0000000000,0.2150096311,0.4457368669,0.3392535020,0.0000000000,0.0000000000,0.6607464980,0.3392535020,2,0.6607464980,20.1154669442,BminPDPT,0.4294042831,1670.6449595000,1049.7980251000,0.6283788899,0.3715049467,0.3715049467,0.3715049467
27073,27073,Galway,ED,2020,53.0000000000,1164.9551253000,0.0000000000,0.0000000000,0.8759569425,0.0495015248,0.0745415327,0.0000000000,0.0000000000,0.9254584673,0.0745415327,2,0.9254584673,21.0407889688,Cut,0.3904121679,1164.9551253000,763.5445967000,0.6554283338,0.2059350741,0.2059350741,0.2059350741
27074,27074,Galway,ED,2020,62.0000000000,1514.7462885000,0.0000000000,0.0000000000,0.1164273531,0.6708073666,0.2127652803,0.0000000000,0.0000000000,0.7872347197,0.2127652803,2,0.7872347197,20.4369290521,AminPD,0.7464332113,1514.7462885000,178.8836360000,0.1180947842,0.2302293832,0.2302293832,0.2302293832
27075,27075,Galway,ED,2020,43.0000000000,1265.4298012000,0.0000000000,0.0000000000,1.0000000000,0.0000000000,0.0000000000,0.0000000000,0.0000000000,1.0000000000,0.0000000000,2,1.0000000000,21.2932840118,BminDW,0.9265373623,1265.4298012000,92.9618110000,0.0734626377,0.1500000000,0.1500000000,0.1500000000
27076,27076,Galway,ED,2020,75.0000000000,1293.0607915000,0.0000000000,0.0000000000,0.7245897286,0.0000000000,0.2754102714,0.0000000000,0.0000000000,0.7245897286,0.2754102714,2,0.7245897286,21.7540268741,Cut,0.4427504217,1293.0607915000,804.8461457000,0.6224348855,0.3840987307,0.3840987307,0.3840987307
27077,27077,Galway,ED,2020,36.0000000000,1354.7145920000,0.0000000000,0.0000000000,0.6369493664,0.0000000000,0.3630506336,0.0000000000,0.0000000000,0.6369493664,0.3630506336,2,0.6369493664,21.3527997637,BminDW,0.4849918993,1354.7145920000,634.3993790000,0.4682900611,0.4585930386,0.4585930386,0.4585930386
27078,27078,Galway,ED,2020,51.0000000000,1472.3132527000,0.0000000000,0.0000000000,0.6470617377,0.0000000000,0.3529382623,0.0000000000,0.0000000000,0.6470617377,0.3529382623,2,0.6470617377,21.8970423405,BminDW,0.7549913421,1472.3132527000,309.7680770000,0.2103954960,0.4499975230,0.4499975230,0.4499975230
27079,27079,Galway,ED,2020,70.0000000000,1880.8988840000,0.0000000000,0.0000000000,0.6859017596,0.1700078502,0.1440903901,0.0000000000,0.0000000000,0.8559096099,0.1440903901,2,0.8559096099,22.2424309046,AminDW,0.4195823454,1880.8988840000,134.5000000000,0.0715083629,0.2469756541,0.2469756541,0.2469756541
27080,27080,Galway,ED,2020,60.0000000000,1370.8935815000,0.0000000000,0.0000000000,0.2427966950,0.7054099871,0.0517933178,0.0000000000,0.0000000000,0.9482066822,0.0517933178,2,0.9482066822,21.3145207735,BminPD,0.3257599306,1370.8935815000,517.3832287000,0.3774058291,0.0882128221,0.0882128221,0.0882128221
27081,27081,Galway,ED,2020,79.0000000000,2186.0491559000,0.0000000000,0.1300269143,0.4224705687,0.4475025171,0.0000000000,0.0000000000,0.1300269143,0.8699730857,0.0000000000,2,0.8699730857,21.6315120581,AminPD,0.3150899151,2186.0491559000,93.6042857000,0.0428189300,0.0909954594,0.0909954594,0.2028710887
27082,27082,Galway,ED,2020,29.0000000000,793.9665192000,0.0000000000,1.0000000000,0.0000000000,0.0000000000,0.0000000000,0.0000000000,1.0000000000,0.0000000000,0.0000000000,1,1.0000000000,23.7430622135,BminDW,1.0000000000,793.9665192000,0.0000000000,0.0000000000,0.0500000000,0.0500000000,0.0500000000
27083,27083,Galway,ED,2020,37.0000000000,1024.8268897000,0.0000000000,0.4115145811,0.0000000000,0.4680849774,0.1204004415,0.0000000000,0.4115145811,0.4680849774,0.1204004415,2,0.4680849774,22.9572223360,BminDW,0.3798019081,1024.8268897000,300.1932940000,0.2929209772,0.1409761706,0.1409761706,0.2579974149
27084,27084,Galway,ED,2020,92.0000000000,2616.4030793000,0.0000000000,0.5250751406,0.3222042331,0.0000000000,0.0000000000,0.1527206263,0.5250751406,0.3222042331,0.1527206263,1,0.5250751406,21.4565406284,BminDW,0.5732227895,2616.4030793000,332.3961880000,0.1270431879,0.0906946037,0.0906946037,0.0906946037
27085,27085,Galway,ED,2020,58.0000000000,2326.9239196000,0.0000000000,0.9911041355,0.0000000000,0.0000000000,0.0000000000,0.0088958645,0.9911041355,0.0000000000,0.0088958645,1,0.9911041355,21.4650567858,BminDW,0.7300540625,2326.9239196000,0.0000000000,0.0000000000,0.0495552068,0.0495552068,0.0495552068
27086,27086,Galway,ED,2020,13.0000000000,238.1850408000,0.0000000000,0.2786212584,0.0000000000,0.3768641922,0.3445145494,0.0000000000,0.2786212584,0.3768641922,0.3445145494,2,0.3768641922,20.3648041494,AminDW,0.6554854506,238.1850408000,82.0582120000,0.3445145494,0.3584456123,0.3584456123,0.4526616604
27087,27087,Galway,ED,2020,38.0000000000,1392.2563938000,0.0000000000,1.0000000000,0.0000000000,0.0000000000,0.0000000000,0.0000000000,1.0000000000,0.0000000000,0.0000000000,1,1.0000000000,23.6084101460,BminDW,0.6437430131,1392.2563938000,0.0000000000,0.0000000000,0.0500000000,0.0500000000,0.0500000000
27088,27088,Galway,ED,2020,25.0000000000,631.1375120000,0.0000000000,0.0000000000,0.0000000000,0.0000000000,0.0000000000,1.0000000000,0.0000000000,0.0000000000,1.0000000000,3,1.0000000000,18.0649968212,BminDW,0.4339076616,631.1375120000,215.5844270000,0.3415807536,0.0000000000,0.0000000000,0.0000000000
27089,27089,Galway,ED,2020,53.0000000000,1378.9635802000,0.0000000000,1.0000000000,0.0000000000,0.0000000000,0.0000000000,0.0000000000,1.0000000000,0.0000000000,0.0000000000,1,1.0000000000,21.0055377618,BminDW,0.5080999749,1378.9635802000,25.9700000000,0.0188329847,0.0500000000,0.0500000000,0.0500000000
27090,27090,Galway,ED,2020,26.0000000000,775.3807460000,0.0000000000,1.0000000000,0.0000000000,0.0000000000,0.0000000000,0.0000000000,1.0000000000,0.0000000000,0.0000000000,1,1.0000000000,21.3377298487,BminDW,1.0000000000,775.3807460000,0.0000000000,0.0000000000,0.0500000000,0.0500000000,0.0500000000
27091,27091,Galway,ED,2020,32.0000000000,851.2718740000,0.0000000000,0.0000000000,0.0000000000,1.0000000000,0.0000000000,0.0000000000,0.0000000000,1.0000000000,0.0000000000,2,1.0000000000,23.3273810219,AminPD,0.7151626602,851.2718740000,3.7723210000,0.0044313939,0.0000000000,0.0000000000,0.2500000000
27092,27092,Galway,ED,2020,68.0000000000,1948.1263345000,0.0000000000,0.8421872819,0.0000000000,0.0000000000,0.1578127181,0.0000000000,0.8421872819,0.0000000000,0.1578127181,1,0.8421872819,23.0797212541,BminDW,0.5197399427,1948.1263345000,0.0000000000,0.0000000000,0.1999220822,0.1999220822,0.1999220822
27093,27093,Galway,ED,2020,58.0000000000,1917.5771586000,0.0000000000,1.0000000000,0.0000000000,0.0000000000,0.0000000000,0.0000000000,1.0000000000,0.0000000000,0.0000000000,1,1.0000000000,22.1965778344,BminSW,0.6596896476,1917.5771586000,125.1900000000,0.0652855086,0.0500000000,0.0500000000,0.0500000000
27094,27094,Galway,ED,2020,64.0000000000,2498.0479290000,0.0000000000,0.1845763793,0.0000000000,0.0000000000,0.0000000000,0.8154236207,0.1845763793,0.0000000000,0.8154236207,3,0.8154236207,18.2023835636,BminDW,0.4118609852,2498.0479290000,715.1322220000,0.2862764216,0.0092288190,0.0092288190,0.0092288190
27095,27095,Galway,ED,2020,83.0000000000,2277.4332102000,0.0000000000,0.9692636431,0.0000000000,0.0000000000,0.0000000000,0.0307363569,0.9692636431,0.0000000000,0.0307363569,1,0.9692636431,22.6352977720,BminDW,0.8228051888,2277.4332102000,61.3000000000,0.0269162668,0.0484631822,0.0484631822,0.0484631822
27096,27096,Galway,ED,2020,25.0000000000,489.8938626000,0.0000000000,0.3993228136,0.0000000000,0.2265184532,0.3741587331,0.0000000000,0.3993228136,0.2265184532,0.3741587331,1,0.3993228136,22.2943874839,AminPDPT,0.5088205549,489.8938626000,249.2680670000,0.5088205549,0.3941248738,0.3941248738,0.4507544871
27097,27097,Galway,ED,2020,77.0000000000,2698.6272329000,0.0000000000,0.3172717905,0.0000000000,0.0000000000,0.0000000000,0.6827282095,0.3172717905,0.0000000000,0.6827282095,3,0.6827282095,19.7077224752,BminDW,0.4645169728,2698.6272329000,330.8449267000,0.1225974906,0.0158635895,0.0158635895,0.0158635895
27098,27098,Galway,ED,2020,43.0000000000,1697.5926240000,0.0000000000,1.0000000000,0.0000000000,0.0000000000,0.0000000000,0.0000000000,1.0000000000,0.0000000000,0.0000000000,1,1.0000000000,21.0675428053,BminDW,0.7530402176,1697.5926240000,0.0000000000,0.0000000000,0.0500000000,0.0500000000,0.0500000000
27099,27099,Galway,ED,2020,40.0000000000,1130.8089564000,0.0000000000,1.0000000000,0.0000000000,0.0000000000,0.0000000000,0.0000000000,1.0000000000,0.0000000000,0.0000000000,1,1.0000000000,20.3752842805,BminDW,0.8589628256,1130.8089564000,0.0000000000,0.0000000000,0.0500000000,0.0500000000,0.0500000000
27100,27100,Galway,ED,2020,49.0000000000,1177.7397966000,0.0000000000,0.0000000000,0.6365036909,0.1786716209,0.1848246881,0.0000000000,0.0000000000,0.8151753119,0.1848246881,2,0.8151753119,21.8396799944,BminDW,0.6365036909,1177.7397966000,109.4000000000,0.0928897880,0.2803002418,0.2803002418,0.3249681470
27101,27101,Galway,ED,2020,68.0000000000,1654.5264254000,0.0000000000,0.5695960363,0.4304039637,0.0000000000,0.0000000000,0.0000000000,0.5695960363,0.4304039637,0.0000000000,1,0.5695960363,22.9678253452,BminDW,0.8892656375,1654.5264254000,0.0000000000,0.0000000000,0.0930403964,0.0930403964,0.0930403964
27102,27102,Galway,ED,2020,40.0000000000,1123.0694868000,0.0000000000,0.0000000000,0.0000000000,0.9706518605,0.0293481395,0.0000000000,0.0000000000,0.9706518605,0.0293481395,2,0.9706518605,21.2152869856,AminPD,0.7503130685,1123.0694868000,207.0902000000,0.1843966045,0.0293481395,0.0293481395,0.2720111046
27103,27103,Galway,ED,2020,84.0000000000,2125.8749724000,0.0000000000,0.0000000000,1.0000000000,0.0000000000,0.0000000000,0.0000000000,0.0000000000,1.0000000000,0.0000000000,2,1.0000000000,23.7100487997,BminDW,0.8919477230,2125.8749724000,0.0000000000,0.0000000000,0.1500000000,0.1500000000,0.1500000000
27104,27104,Galway,ED,2020,32.0000000000,817.6761294000,0.0000000000,0.0000000000,0.0947808028,0.6636810222,0.2415381750,0.0000000000,0.0000000000,0.7584618250,0.2415381750,2,0.7584618250,22.5627289611,BminPDPT,0.3595311021,817.6761294000,450.4459284000,0.5508855061,0.2557552954,0.2557552954,0.2557552954
27105,27105,Galway,ED,2020,51.0000000000,1933.6950280000,0.0000000000,0.0000000000,0.4952813205,0.0400787088,0.4646399706,0.0000000000,0.0000000000,0.5353600294,0.4646399706,2,0.5353600294,20.3592667685,BminPDPT,0.5804825842,1933.6950280000,1415.8762870000,0.7322128187,0.5389321687,0.5389321687,0.5389321687
27106,27106,Galway,ED,2020,53.0000000000,1482.4591338000,0.0000000000,0.9620014868,0.0000000000,0.0000000000,0.0379985132,0.0000000000,0.9620014868,0.0000000000,0.0379985132,1,0.9620014868,21.2798643216,BminDW,0.9839830101,1482.4591338000,12.6910430000,0.0085608046,0.0860985876,0.0860985876,0.0860985876
27107,27107,Galway,ED,2020,28.0000000000,1106.0926396000,0.0000000000,0.0000000000,0.8298504815,0.0000000000,0.1701495185,0.0000000000,0.0000000000,0.8298504815,0.1701495185,2,0.8298504815,21.9675077408,BminDW,0.4398805147,1106.0926396000,471.4911300000,0.4262673063,0.2946270907,0.2946270907,0.2946270907
27108,27108,Galway,ED,2020,19.0000000000,595.2878600000,0.0000000000,0.0000000000,1.0000000000,0.0000000000,0.0000000000,0.0000000000,0.0000000000,1.0000000000,0.0000000000,2,1.0000000000,19.9949796188,BminPDPT,1.0000000000,595.2878600000,595.2878600000,1.0000000000,0.1500000000,0.1500000000,0.1500000000
27109,27109,Galway,ED,2020,66.0000000000,1892.8287664000,0.0000000000,1.0000000000,0.0000000000,0.0000000000,0.0000000000,0.0000000000,1.0000000000,0.0000000000,0.0000000000,1,1.0000000000,21.3268692022,BminDW,1.0000000000,1892.8287664000,0.0000000000,0.0000000000,0.0500000000,0.0500000000,0.0500000000
27110,27110,Galway,ED,2020,23.0000000000,553.3497617000,0.0000000000,0.0000000000,0.0000000000,0.3881435990,0.6118564010,0.0000000000,0.0000000000,0.3881435990,0.6118564010,3,0.6118564010,17.8757389507,BktPt,1.0000000000,553.3497617000,553.3497617000,1.0000000000,0.6118564010,0.6118564010,0.7088923008
27111,27111,Galway,ED,2020,71.0000000000,1583.1305781000,0.0000000000,0.0000000000,0.0000000000,1.0000000000,0.0000000000,0.0000000000,0.0000000000,1.0000000000,0.0000000000,2,1.0000000000,21.4101748180,AminPD,0.6476632387,1583.1305781000,313.7288210000,0.1981698954,0.0000000000,0.0000000000,0.2500000000
27112,27112,Galway,ED,2020,30.0000000000,926.2536212000,0.0000000000,0.0000000000,0.7603980507,0.0000000000,0.2396019493,0.0000000000,0.0000000000,0.7603980507,0.2396019493,2,0.7603980507,23.4302749313,BminPDPT,0.4867091959,926.2536212000,515.4888822000,0.5565310304,0.3536616569,0.3536616569,0.3536616569
27113,27113,Galway,ED,2020,94.0000000000,2686.7677014200,0.0000000000,0.0000000000,0.5779910800,0.0827659469,0.3392429730,0.0000000000,0.0000000000,0.6607570270,0.3392429730,2,0.6607570270,22.5201418582,BminDW,0.5202777232,2686.7677014200,1010.9908300000,0.3762851658,0.4259416350,0.4259416350,0.4259416350
27114,27114,Galway,ED,2020,63.0000000000,1963.6047859000,0.0000000000,1.0000000000,0.0000000000,0.0000000000,0.0000000000,0.0000000000,1.0000000000,0.0000000000,0.0000000000,1,1.0000000000,21.1852395938,BminDW,0.9136004693,1963.6047859000,0.0000000000,0.0000000000,0.0500000000,0.0500000000,0.0500000000
27115,27115,Galway,ED,2020,50.0000000000,1624.1032836000,0.0000000000,0.1193610843,0.6285760821,0.2520628335,0.0000000000,0.0000000000,0.1193610843,0.8806389157,0.0000000000,2,0.8806389157,20.3517719757,BminDW,0.4174318468,1624.1032836000,99.9496226000,0.0615414202,0.1002544665,0.1002544665,0.1632701749
27116,27116,Galway,ED,2020,38.0000000000,1149.3137329000,0.0000000000,0.4669956580,0.5330043420,0.0000000000,0.0000000000,0.0000000000,0.4669956580,0.5330043420,0.0000000000,2,0.5330043420,20.7422932075,BminDW,1.0000000000,1149.3137329000,0.0000000000,0.0000000000,0.1033004342,0.1033004342,0.1033004342
27117,27117,Galway,ED,2020,45.0000000000,1448.5270709000,0.0000000000,0.7150165826,0.2849834174,0.0000000000,0.0000000000,0.0000000000,0.7150165826,0.2849834174,0.0000000000,1,0.7150165826,23.5774653272,BminDW,0.8997086703,1448.5270709000,102.8100000000,0.0709755462,0.0784983417,0.0784983417,0.0784983417
27118,27118,Galway,ED,2020,41.0000000000,1380.3240089000,0.0000000000,0.0000000000,0.8618989884,0.0000000000,0.1381010116,0.0000000000,0.0000000000,0.8618989884,0.1381010116,2,0.8618989884,21.7263151612,BminDW,0.4947150050,1380.3240089000,697.4570099000,0.5052849950,0.2673858599,0.2673858599,0.2673858599
27119,27119,Galway,ED,2020,74.0000000000,2449.5848090000,0.0000000000,0.8176096376,0.1823903624,0.0000000000,0.0000000000,0.0000000000,0.8176096376,0.1823903624,0.0000000000,1,0.8176096376,21.6215877635,BminDW,0.8895010783,2449.5848090000,0.0000000000,0.0000000000,0.0682390362,0.0682390362,0.0682390362
27120,27120,Galway,ED,2020,91.0000000000,2627.5112718000,0.0000000000,0.0000000000,0.7966408226,0.1182976964,0.0850614810,0.0000000000,0.0000000000,0.9149385190,0.0850614810,2,0.9149385190,23.5537455110,BminDW,0.7430819269,2627.5112718000,0.0000000000,0.0000000000,0.2045576043,0.2045576043,0.2045576043
27121,27121,Galway,ED,2020,46.0000000000,1262.3014433000,0.0000000000,0.0000000000,0.3271897693,0.6717531758,0.0010570550,0.0000000000,0.0000000000,0.9989429450,0.0010570550,2,0.9989429450,23.6281960713,BminPD,0.6883187910,1262.3014433000,197.3242320000,0.1563210064,0.0501355204,0.0501355204,0.0501355204
27122,27122,Galway,ED,2020,35.0000000000,1268.7592039000,0.0000000000,0.0000000000,0.4905356528,0.5094643472,0.0000000000,0.0000000000,0.0000000000,1.0000000000,0.0000000000,2,1.0000000000,21.6455055531,BminDW,0.4849379846,1268.7592039000,299.7351000000,0.2362427000,0.0735803479,0.0735803479,0.2009464347
27123,27123,Galway,ED,2020,49.0000000000,1599.1187718000,0.0000000000,0.7811278487,0.2188721513,0.0000000000,0.0000000000,0.0000000000,0.7811278487,0.2188721513,0.0000000000,1,0.7811278487,23.8505426837,BminDW,0.8569317964,1599.1187718000,0.0000000000,0.0000000000,0.0718872151,0.0718872151,0.0718872151
27124,27124,Galway,ED,2020,43.0000000000,1258.8056905000,0.0000000000,0.0000000000,0.4852981069,0.5147018931,0.0000000000,0.0000000000,0.0000000000,1.0000000000,0.0000000000,2,1.0000000000,23.6680403249,BminDW,0.8532014032,1258.8056905000,0.0000000000,0.0000000000,0.0727947160,0.0727947160,0.0727947160
27125,27125,Galway,ED,2020,45.0000000000,984.6350910000,0.0000000000,0.0000000000,0.5688318567,0.4311681433,0.0000000000,0.0000000000,0.0000000000,1.0000000000,0.0000000000,2,1.0000000000,24.0000000000,BminDW,0.6330165334,984.6350910000,14.4357160000,0.0146609806,0.0853247785,0.0853247785,0.1931168143
27127,27127,Galway,ED,2020,70.0000000000,2030.4609757000,0.0000000000,0.0000000000,0.7293499896,0.2706500104,0.0000000000,0.0000000000,0.0000000000,1.0000000000,0.0000000000,2,1.0000000000,22.1678386626,BminDW,0.6949804568,2030.4609757000,177.6000000000,0.0874678224,0.1094024984,0.1094024984,0.1094024984
27129/27126,27129/27126,Galway,COUNTY_FALLBACK,2020,11934.0000000000,314305.4485901800,0.0064670447,0.3246895513,0.2739769167,0.1219547223,0.2055613179,0.0673504470,0.3311565961,0.3959316391,0.2729117648,2,0.3959316391,20.8526564640,,,314305.4485901800,87653.1347720200,0.2788788268,0.2373344610,0.2373344610,0.2543672277
27130,27130,Galway,ED,2020,27.0000000000,1069.9380760000,0.0000000000,0.0000000000,0.4230535310,0.3173239673,0.2596225017,0.0000000000,0.0000000000,0.7403774983,0.2596225017,2,0.7403774983,20.5689782873,BminDW,0.4230535310,1069.9380760000,451.0347730000,0.4215522217,0.3230805314,0.3230805314,0.4024115232
27131,27131,Galway,ED,2020,27.0000000000,1060.7301690000,0.0000000000,1.0000000000,0.0000000000,0.0000000000,0.0000000000,0.0000000000,1.0000000000,0.0000000000,0.0000000000,1,1.0000000000,23.0985454850,BminDW,1.0000000000,1060.7301690000,0.0000000000,0.0000000000,0.0500000000,0.0500000000,0.0500000000
27132,27132,Galway,ED,2020,45.0000000000,1154.6293296000,0.0000000000,0.0000000000,0.3508259337,0.6491740663,0.0000000000,0.0000000000,0.0000000000,1.0000000000,0.0000000000,2,1.0000000000,24.0000000000,BminDW,0.4404025357,1154.6293296000,325.0607720000,0.2815282478,0.0526238901,0.0526238901,0.0526238901
27133,27133,Galway,ED,2020,40.0000000000,1197.7772080000,0.0000000000,0.0000000000,0.7126945114,0.0000000000,0.2873054886,0.0000000000,0.0000000000,0.7126945114,0.2873054886,2,0.7126945114,22.4833764344,BminDW,0.5071059567,1197.7772080000,590.3772510000,0.4928940433,0.3942096653,0.3942096653,0.3942096653
27134,27134,Galway,ED,2020,34.0000000000,895.7112730000,0.0000000000,0.0000000000,0.0000000000,0.8534114229,0.1465885771,0.0000000000,0.0000000000,0.8534114229,0.1465885771,2,0.8534114229,19.3842947001,AminPD,0.3215647896,895.7112730000,553.3850150000,0.6178162893,0.1465885771,0.1465885771,0.3599414328
27135,27135,Galway,ED,2020,61.0000000000,2019.8459985000,0.0000000000,0.0000000000,0.5782306670,0.2580783980,0.1636909350,0.0000000000,0.0000000000,0.8363090650,0.1636909350,2,0.8363090650,21.8034757471,BminPD,0.3691641607,2019.8459985000,687.4659347000,0.3403556188,0.2504255350,0.2504255350,0.2504255350
27136,27136,Galway,ED,2020,93.0000000000,2406.7348075000,0.0000000000,0.0000000000,0.5177071490,0.0000000000,0.4822928510,0.0000000000,0.0000000000,0.5177071490,0.4822928510,2,0.5177071490,21.3705002644,BminDW,0.5298026301,2406.7348075000,445.8152780000,0.1852365606,0.5599489234,0.5599489234,0.5599489234
27137,27137,Galway,ED,2020,42.0000000000,879.4221236000,0.0000000000,0.0000000000,0.5629575659,0.0000000000,0.4370424341,0.0000000000,0.0000000000,0.5629575659,0.4370424341,2,0.5629575659,22.9490658954,BminDW,0.8025092132,879.4221236000,121.6313040000,0.1383082148,0.5214860690,0.5214860690,0.5214860690
27138,27138,Galway,ED,2020,45.0000000000,1101.9880424000,0.0000000000,0.0000000000,0.7972215518,0.0676504618,0.1351279864,0.0000000000,0.0000000000,0.8648720136,0.1351279864,2,0.8648720136,23.1226996958,BminDW,0.7849478551,1101.9880424000,236.9848922000,0.2150521449,0.2547112192,0.2547112192,0.2547112192
27139,27139,Galway,ED,2020,76.0000000000,2246.8557767000,0.0000000000,0.0000000000,0.5664862504,0.0000000000,0.4335137496,0.0000000000,0.0000000000,0.5664862504,0.4335137496,2,0.5664862504,22.6269856446,BminPDPT,0.4460787023,2246.8557767000,1567.4207282000,0.6976062925,0.5184866872,0.5184866872,0.5184866872
27140,27140,Galway,ED,2020,87.0000000000,2455.8561905000,0.0000000000,0.0000000000,0.8432722659,0.0000000000,0.1567277341,0.0000000000,0.0000000000,0.8432722659,0.1567277341,2,0.8432722659,22.9825005700,BminDW,0.7755254786,2455.8561905000,542.6771430000,0.2209726877,0.2832185740,0.2832185740,0.2832185740
27141,27141,Galway,ED,2020,64.0000000000,1023.5762053000,0.0000000000,0.0000000000,0.9618497342,0.0000000000,0.0381502658,0.0000000000,0.0000000000,0.9618497342,0.0381502658,2,0.9618497342,22.0320819050,AminDW,0.6636033935,1023.5762053000,231.9865210000,0.2266431359,0.1824277259,0.1824277259,0.1824277259
27142,27142,Galway,ED,2020,74.0000000000,2000.5181100000,0.0000000000,0.0000000000,0.9793553481,0.0000000000,0.0206446519,0.0000000000,0.0000000000,0.9793553481,0.0206446519,2,0.9793553481,22.3615657696,BminDW,0.7544075714,2000.5181100000,434.5502740000,0.2172188654,0.1675479541,0.1675479541,0.1675479541
27143,27143,Galway,ED,2020,79.0000000000,2259.8900410000,0.0000000000,0.0000000000,0.7670756353,0.0000000000,0.2329243647,0.0000000000,0.0000000000,0.7670756353,0.2329243647,2,0.7670756353,22.3674962741,BminDW,0.8579390939,2259.8900410000,321.0420270000,0.1420609061,0.3479857100,0.3479857100,0.3479857100
27144,27144,Galway,ED,2020,100.0000000000,2474.6218288000,0.2892527208,0.0000000000,0.1070750863,0.3739555609,0.2297166319,0.0000000000,0.2892527208,0.4810306472,0.2297166319,2,0.4810306472,22.1636868837,BminPDPT,0.4085253331,2474.6218288000,1378.1926628000,0.5569306173,0.2602405309,0.2602405309,0.2602405309
27145,27145,Galway,ED,2020,58.0000000000,1465.3161989000,0.0000000000,0.0000000000,0.9025990929,0.0000000000,0.0974009071,0.0000000000,0.0000000000,0.9025990929,0.0974009071,2,0.9025990929,22.0401315374,Cut,0.4069622478,1465.3161989000,901.7720563000,0.6154112382,0.2327907711,0.2327907711,0.2327907711
27146,27146,Galway,ED,2020,98.0000000000,2940.2329781000,0.0000000000,0.0000000000,0.6020910852,0.0000000000,0.3979089148,0.0000000000,0.0000000000,0.6020910852,0.3979089148,2,0.6020910852,22.2168666827,BminDW,0.6211361375,2940.2329781000,1034.1862944000,0.3517361726,0.4882225776,0.4882225776,0.4882225776
27147,27147,Galway,ED,2020,81.0000000000,2503.0600141000,0.0000000000,0.0000000000,0.6426087446,0.3053830786,0.0520081768,0.0000000000,0.0000000000,0.9479918232,0.0520081768,2,0.9479918232,21.4780281904,BminDW,0.7172162730,2503.0600141000,628.4546858000,0.2510745576,0.1483994885,0.1483994885,0.1483994885
27148,27148,Galway,ED,2020,30.0000000000,667.3222424000,0.0000000000,0.0000000000,0.2351140091,0.0000000000,0.7648859909,0.0000000000,0.0000000000,0.2351140091,0.7648859909,3,0.7648859909,20.9481474068,BminPDPT,0.5914951631,667.3222424000,581.0222424000,0.8706771714,0.8001530922,0.8001530922,0.8001530922
27149,27149,Galway,ED,2020,48.0000000000,705.3964751000,0.0000000000,0.0000000000,0.0000000000,0.0000000000,1.0000000000,0.0000000000,0.0000000000,0.0000000000,1.0000000000,3,1.0000000000,14.0000000000,BktPt,0.7838368721,705.3964751000,705.3964751000,1.0000000000,1.0000000000,1.0000000000,1.0000000000
27150,27150,Galway,ED,2020,90.0000000000,2018.2006863000,0.0000000000,0.1674602128,0.0000000000,0.0000000000,0.0000000000,0.8325397872,0.1674602128,0.0000000000,0.8325397872,3,0.8325397872,16.6683228656,BktPt,0.3050599270,2018.2006863000,952.0048552000,0.4717097074,0.2165079574,0.2165079574,0.2581349468
27151,27151,Galway,ED,2020,82.0000000000,2218.3412610000,0.0000000000,0.0000000000,0.0000000000,0.0000000000,0.0000000000,1.0000000000,0.0000000000,0.0000000000,1.0000000000,3,1.0000000000,14.8929459398,AminSRPT,0.4177315375,2218.3412610000,1015.1611074000,0.4576217038,0.2500000000,0.2500000000,0.3000000000
27152,27152,Galway,ED,2020,75.0000000000,603.9105549000,0.0000000000,0.0000000000,0.0000000000,0.0000000000,1.0000000000,0.0000000000,0.0000000000,0.0000000000,1.0000000000,3,1.0000000000,14.3896771237,AminSRPT,0.5036134059,603.9105549000,471.0203234000,0.7799504738,0.5467228343,0.5467228343,0.5467228343
27153,27153,Galway,ED,2020,42.0000000000,1913.3356244000,0.0000000000,0.0000000000,0.0000000000,0.0000000000,0.0000000000,1.0000000000,0.0000000000,0.0000000000,1.0000000000,3,1.0000000000,17.3267688966,AminSRPT,0.6222444265,1913.3356244000,1473.3356244000,0.7700351186,0.2500000000,0.2500000000,0.3000000000
27154,27154,Galway,ED,2020,2.0000000000,37.3312800000,0.0000000000,0.0000000000,0.0000000000,0.0000000000,1.0000000000,0.0000000000,0.0000000000,0.0000000000,1.0000000000,3,1.0000000000,14.0000000000,AminSRPT,1.0000000000,37.3312800000,37.3312800000,1.0000000000,1.0000000000,1.0000000000,1.0000000000
27155,27155,Galway,ED,2020,37.0000000000,1568.4415925000,0.0000000000,0.0000000000,0.0000000000,0.0000000000,0.7517453787,0.2482546213,0.0000000000,0.0000000000,1.0000000000,3,1.0000000000,14.0384501063,BktPt,0.6138090651,1568.4415925000,1498.4415925000,0.9553697120,0.7517453787,0.7517453787,0.7517453787
27156,27156,Galway,ED,2020,31.0000000000,1710.4244631000,0.0000000000,0.0000000000,0.0000000000,0.0000000000,0.0000000000,1.0000000000,0.0000000000,0.0000000000,1.0000000000,3,1.0000000000,18.3559569717,Scree,0.4932159164,1710.4244631000,866.8158941000,0.5067840836,0.2500000000,0.2500000000,0.3000000000
27157,27157,Galway,ED,2020,44.0000000000,1832.0487675000,0.0000000000,0.2406937100,0.0000000000,0.0000000000,0.7307590150,0.0285472750,0.2406937100,0.0000000000,0.7593062900,3,0.7593062900,15.2726481082,BktPt,0.5255352204,1832.0487675000,1671.3359795000,0.9122770142,0.3829219825,0.3829219825,0.6901897936
27158,27158,Galway,ED,2020,12.0000000000,91.7689520000,0.0000000000,0.0000000000,0.0000000000,0.0000000000,1.0000000000,0.0000000000,0.0000000000,0.0000000000,1.0000000000,3,1.0000000000,16.3729982010,AminSRPT,1.0000000000,91.7689520000,91.7689520000,1.0000000000,1.0000000000,1.0000000000,1.0000000000
27159,27159,Galway,ED,2020,109.0000000000,1834.8527922000,0.0000000000,0.6760013876,0.0000000000,0.0000000000,0.3239986124,0.0000000000,0.6760013876,0.0000000000,0.3239986124,1,0.6760013876,16.2139303021,BktPt,0.4563139366,1834.8527922000,1090.3853491000,0.5942631222,0.3577986818,0.3577986818,0.3577986818
27160,27160,Galway,ED,2020,42.0000000000,2282.9549880000,0.0000000000,0.0000000000,0.0000000000,0.0000000000,0.0000000000,1.0000000000,0.0000000000,0.0000000000,1.0000000000,3,1.0000000000,17.6593054659,Scree,0.5674200218,2282.9549880000,830.7806190000,0.3639058253,0.2500000000,0.2500000000,0.3000000000
27161,27161,Galway,ED,2020,83.0000000000,834.8755040200,0.0000000000,0.0000000000,0.0000000000,0.0000000000,1.0000000000,0.0000000000,0.0000000000,0.0000000000,1.0000000000,3,1.0000000000,14.2871860201,AminSRPT,0.3472020464,834.8755040200,483.7391650000,0.5794147303,0.4703993280,0.4703993280,0.4703993280
27162,27162,Galway,ED,2020,120.0000000000,1806.2474757000,0.0000000000,0.6848809080,0.0000000000,0.0000000000,0.3151190920,0.0000000000,0.6848809080,0.0000000000,0.3151190920,1,0.6848809080,18.0568293863,Cut,0.2839967683,1806.2474757000,1294.0763654000,0.7164446638,0.3493631374,0.3493631374,0.3493631374
27163,27163,Galway,ED,2020,34.0000000000,1143.6304704000,0.0000000000,0.0000000000,0.0000000000,0.9265425466,0.0734574534,0.0000000000,0.0000000000,0.9265425466,0.0734574534,2,0.9265425466,22.3296352717,AminPD,0.9017864573,1143.6304704000,112.3200000000,0.0982135427,0.0734574534,0.0734574534,0.3050930901
27164,27164,Galway,ED,2020,29.0000000000,826.6916160000,0.0000000000,0.0000000000,0.3552399302,0.3511788923,0.2935811774,0.0000000000,0.0000000000,0.7064188226,0.2935811774,2,0.7064188226,21.6615221897,BminPD,0.3362403980,826.6916160000,166.2010980000,0.2010436477,0.3468671670,0.3468671670,0.4346618901
27165,27165,Galway,ED,2020,21.0000000000,301.5553330000,0.0000000000,0.0000000000,0.0000000000,0.6619374229,0.3380625771,0.0000000000,0.0000000000,0.6619374229,0.3380625771,2,0.6619374229,16.2632513682,BktPt,0.5686738195,301.5553330000,301.5553330000,1.0000000000,0.3380625771,0.3380625771,0.5035469328
27166,27166,Galway,ED,2020,38.0000000000,1275.0035753000,0.0000000000,0.0000000000,0.0769801763,0.4818904260,0.4411293977,0.0000000000,0.0000000000,0.5588706023,0.4411293977,2,0.5588706023,22.6203217063,BminPD,0.9230198237,1275.0035753000,98.1500000000,0.0769801763,0.4526764242,0.4526764242,0.4526764242
27167,27167,Galway,ED,2020,39.0000000000,1580.5689690000,0.0000000000,0.0000000000,0.0000000000,0.6414212134,0.3585787866,0.0000000000,0.0000000000,0.6414212134,0.3585787866,2,0.6414212134,20.4566226176,AminPD,0.4794162614,1580.5689690000,684.5285030000,0.4330899293,0.3585787866,0.3585787866,0.5189340899
27168,27168,Galway,ED,2020,36.0000000000,1529.1239410000,0.0000000000,1.0000000000,0.0000000000,0.0000000000,0.0000000000,0.0000000000,1.0000000000,0.0000000000,0.0000000000,1,1.0000000000,23.6507804334,BminDW,0.8962804808,1529.1239410000,158.6000000000,0.1037195192,0.0500000000,0.0500000000,0.0500000000
27169,27169,Galway,ED,2020,60.0000000000,2092.7879820000,0.0000000000,0.0000000000,0.9261561557,0.0738438443,0.0000000000,0.0000000000,0.0000000000,1.0000000000,0.0000000000,2,1.0000000000,23.1651901602,BminDW,0.8031552606,2092.7879820000,170.8247950000,0.0816254663,0.1389234233,0.1389234233,0.1389234233
27170,27170,Galway,ED,2020,27.0000000000,1595.0603500000,0.3329278419,0.2873122324,0.3797599257,0.0000000000,0.0000000000,0.0000000000,0.6202400743,0.3797599257,0.0000000000,1,0.6202400743,23.8357428921,BminDW,1.0000000000,1595.0603500000,0.0000000000,0.0000000000,0.0879759926,0.0879759926,0.0879759926
27171,27171,Galway,ED,2020,43.0000000000,1762.1202547000,0.0000000000,0.2882186200,0.6846549681,0.0000000000,0.0271264120,0.0000000000,0.2882186200,0.6846549681,0.0271264120,2,0.6846549681,23.0373858019,BminDW,0.9394464636,1762.1202547000,106.7026130000,0.0605535364,0.1442355882,0.1442355882,0.1442355882
27172,27172,Galway,ED,2020,39.0000000000,1663.7655543000,0.0000000000,1.0000000000,0.0000000000,0.0000000000,0.0000000000,0.0000000000,1.0000000000,0.0000000000,0.0000000000,1,1.0000000000,23.5023884039,BminDW,0.8082687899,1663.7655543000,218.0500000000,0.1310581286,0.0500000000,0.0500000000,0.0500000000
27173,27173,Galway,ED,2020,28.0000000000,790.8048746000,0.0000000000,0.0000000000,1.0000000000,0.0000000000,0.0000000000,0.0000000000,0.0000000000,1.0000000000,0.0000000000,2,1.0000000000,24.0000000000,BminDW,0.8685008106,790.8048746000,0.0000000000,0.0000000000,0.1500000000,0.1500000000,0.1500000000
27174,27174,Galway,ED,2020,63.0000000000,1704.2959640000,0.0000000000,0.0000000000,0.6100411985,0.3899588015,0.0000000000,0.0000000000,0.0000000000,1.0000000000,0.0000000000,2,1.0000000000,23.8417528377,BminDW,0.5862062450,1704.2959640000,0.0000000000,0.0000000000,0.0915061798,0.0915061798,0.1889958801
27175,27175,Galway,ED,2020,81.0000000000,2532.4190119000,0.0000000000,0.0000000000,1.0000000000,0.0000000000,0.0000000000,0.0000000000,0.0000000000,1.0000000000,0.0000000000,2,1.0000000000,23.3478669619,BminDW,0.8184442899,2532.4190119000,104.1000000000,0.0411069414,0.1500000000,0.1500000000,0.1500000000
27176,27176,Galway,ED,2020,26.0000000000,926.6454670000,0.0000000000,0.5164084453,0.0664525152,0.0000000000,0.4171390394,0.0000000000,0.5164084453,0.0664525152,0.4171390394,1,0.5164084453,23.7345263008,BminDW,1.0000000000,926.6454670000,0.0000000000,0.0000000000,0.4529273390,0.4529273390,0.4529273390
27177,27177,Galway,ED,2020,46.0000000000,1294.2763897000,0.0000000000,0.0000000000,0.2758720251,0.7241279749,0.0000000000,0.0000000000,0.0000000000,1.0000000000,0.0000000000,2,1.0000000000,23.8383622836,BminPD,0.4144784648,1294.2763897000,0.0000000000,0.0000000000,0.0413808038,0.0413808038,0.2224127975
27178,27178,Galway,ED,2020,75.0000000000,1489.6281457000,0.0000000000,0.1120682370,0.5306942214,0.0000000000,0.3572375416,0.0000000000,0.1120682370,0.5306942214,0.3572375416,2,0.5306942214,21.2615153179,BminDW,0.6184867691,1489.6281457000,466.7111437000,0.3133071465,0.4424450867,0.4424450867,0.4424450867
27179,27179,Galway,ED,2020,49.0000000000,992.2794207000,0.0000000000,0.5031943259,0.4968056741,0.0000000000,0.0000000000,0.0000000000,0.5031943259,0.4968056741,0.0000000000,1,0.5031943259,22.7366078955,BminDW,0.4601708922,992.2794207000,107.7848620000,0.1086234983,0.0996805674,0.0996805674,0.0996805674
27180,27180,Galway,ED,2020,81.0000000000,1825.5696118000,0.0000000000,0.0000000000,0.3910115582,0.3388097704,0.2701786714,0.0000000000,0.0000000000,0.7298213286,0.2701786714,2,0.7298213286,20.2240834215,BminDW,0.3788422111,1825.5696118000,477.0263606000,0.2613027504,0.3288304051,0.3288304051,0.4135328477
27181,27181,Galway,ED,2020,79.0000000000,1572.4689573000,0.0000000000,1.0000000000,0.0000000000,0.0000000000,0.0000000000,0.0000000000,1.0000000000,0.0000000000,0.0000000000,1,1.0000000000,21.1706946190,BminDW,0.6468164644,1572.4689573000,0.0000000000,0.0000000000,0.0500000000,0.0500000000,0.0500000000
27182,27182,Galway,ED,2020,29.0000000000,951.5649330000,0.0000000000,0.6928907972,0.0000000000,0.0000000000,0.3071092028,0.0000000000,0.6928907972,0.0000000000,0.3071092028,1,0.6928907972,21.9497773275,BminDW,0.4269920233,951.5649330000,462.7542970000,0.4863086910,0.3417537427,0.3417537427,0.3417537427
27183,27183,Galway,ED,2020,37.0000000000,924.3961041000,0.0000000000,1.0000000000,0.0000000000,0.0000000000,0.0000000000,0.0000000000,1.0000000000,0.0000000000,0.0000000000,1,1.0000000000,23.2489266442,BminDW,0.7486052082,924.3961041000,0.0000000000,0.0000000000,0.0500000000,0.0500000000,0.0500000000
27184,27184,Galway,ED,2020,65.0000000000,1515.2330542000,0.0000000000,0.6852979462,0.0511906606,0.0000000000,0.2635113932,0.0000000000,0.6852979462,0.0511906606,0.2635113932,1,0.6852979462,21.7947217131,BminDW,0.8266103156,1515.2330542000,205.8600000000,0.1358602886,0.3054548896,0.3054548896,0.3054548896
27185,27185,Galway,ED,2020,42.0000000000,1216.9144280000,0.0000000000,0.9369823044,0.0000000000,0.0000000000,0.0630176956,0.0000000000,0.9369823044,0.0000000000,0.0630176956,1,0.9369823044,19.2571845043,BminDW,0.9369823044,1216.9144280000,76.6871430000,0.0630176956,0.1098668108,0.1098668108,0.1098668108
27186,27186,Galway,ED,2020,70.0000000000,1302.1933628000,0.0000000000,0.3280766573,0.0000000000,0.0000000000,0.6719233427,0.0000000000,0.3280766573,0.0000000000,0.6719233427,3,0.6719233427,20.5190649262,BminPDPT,0.5623434347,1302.1933628000,956.3405998000,0.7344075213,0.6883271756,0.6883271756,0.6883271756
27187,27187,Galway,ED,2020,68.0000000000,1995.0750785000,0.0000000000,0.0000000000,0.3851337128,0.0000000000,0.6148662872,0.0000000000,0.0000000000,0.3851337128,0.6148662872,3,0.6148662872,22.8323216038,Cut,0.3875364965,1995.0750785000,1070.8644062000,0.5367539386,0.6726363441,0.6726363441,0.6726363441
27188,27188,Galway,ED,2020,51.0000000000,1620.6392357000,0.0000000000,0.0000000000,0.6871996988,0.0000000000,0.3128003012,0.0000000000,0.0000000000,0.6871996988,0.3128003012,2,0.6871996988,23.5532823567,BminDW,0.7663719799,1620.6392357000,0.0000000000,0.0000000000,0.4158802560,0.4158802560,0.4158802560
27189,27189,Galway,ED,2020,84.0000000000,2628.9965160000,0.0000000000,0.7760587785,0.0000000000,0.0000000000,0.2239412215,0.0000000000,0.7760587785,0.0000000000,0.2239412215,1,0.7760587785,21.7501630329,BminDW,0.5783658855,2628.9965160000,646.0406910000,0.2457366098,0.2627441604,0.2627441604,0.2627441604
27190,27190,Galway,ED,2020,66.0000000000,2004.5707218000,0.0000000000,0.0000000000,0.6616594566,0.0000000000,0.3383405434,0.0000000000,0.0000000000,0.6616594566,0.3383405434,2,0.6616594566,20.7976449873,BminDW,0.7085837930,2004.5707218000,245.8059830000,0.1226227543,0.4375894619,0.4375894619,0.4375894619
27191,27191,Galway,ED,2020,57.0000000000,1606.6266312000,0.0000000000,0.0000000000,0.5167591188,0.0000000000,0.4832408812,0.0000000000,0.0000000000,0.5167591188,0.4832408812,2,0.5167591188,21.2392653689,BminDW,0.6985861689,1606.6266312000,380.7094880000,0.2369620176,0.5607547490,0.5607547490,0.5607547490
27192,27192,Galway,ED,2020,43.0000000000,1135.5300858200,0.0000000000,1.0000000000,0.0000000000,0.0000000000,0.0000000000,0.0000000000,1.0000000000,0.0000000000,0.0000000000,1,1.0000000000,23.7313351044,BminDW,0.7293597943,1135.5300858200,225.3200960000,0.1984272357,0.0500000000,0.0500000000,0.0500000000
27193,27193,Galway,ED,2020,67.0000000000,1482.1522447000,0.0000000000,1.0000000000,0.0000000000,0.0000000000,0.0000000000,0.0000000000,1.0000000000,0.0000000000,0.0000000000,1,1.0000000000,19.6754078188,BminDW,0.7032141378,1482.1522447000,439.8818318000,0.2967858622,0.0500000000,0.0500000000,0.0500000000
27194,27194,Galway,ED,2020,84.0000000000,1957.6909755000,0.0000000000,0.0762414216,0.8928946113,0.0000000000,0.0308639671,0.0000000000,0.0762414216,0.8928946113,0.0308639671,2,0.8928946113,22.4988971007,BminDW,0.7283815213,1957.6909755000,55.0000000000,0.0280943217,0.1686102299,0.1686102299,0.1686102299
27195,27195,Galway,ED,2020,70.0000000000,1283.6387567000,0.0000000000,0.0000000000,0.7190559017,0.0000000000,0.2809440983,0.0000000000,0.0000000000,0.7190559017,0.2809440983,2,0.7190559017,20.2410469154,AminDW,0.3016125033,1283.6387567000,343.2187745000,0.2673795666,0.3888024835,0.3888024835,0.3888024835
27196,27196,Galway,ED,2020,49.0000000000,1338.2148426000,0.0000000000,0.0000000000,0.8344908889,0.0000000000,0.1655091111,0.0000000000,0.0000000000,0.8344908889,0.1655091111,2,0.8344908889,22.8580399803,BminDW,0.4873836688,1338.2148426000,54.4079600000,0.0406571189,0.2906827444,0.2906827444,0.2906827444
27197,27197,Galway,ED,2020,96.0000000000,2394.0868646000,0.0000000000,0.6662083380,0.0000000000,0.2517245692,0.0820670928,0.0000000000,0.6662083380,0.2517245692,0.0820670928,1,0.6662083380,20.2439972101,BminDW,0.6188481366,2394.0868646000,767.2970367000,0.3204967406,0.1153775097,0.1153775097,0.1153775097
27198,27198,Galway,ED,2020,61.0000000000,1686.1181926000,0.0000000000,1.0000000000,0.0000000000,0.0000000000,0.0000000000,0.0000000000,1.0000000000,0.0000000000,0.0000000000,1,1.0000000000,23.3888420678,BminDW,0.8936442654,1686.1181926000,30.0000000000,0.0177923470,0.0500000000,0.0500000000,0.0500000000
27199,27199,Galway,ED,2020,71.0000000000,1676.6750538000,0.0000000000,0.0000000000,0.6345597666,0.0000000000,0.3654402334,0.0000000000,0.0000000000,0.6345597666,0.3654402334,2,0.6345597666,19.5032341493,BminDW,0.6686203801,1676.6750538000,402.6517131000,0.2401489258,0.4606241984,0.4606241984,0.4606241984
27200,27200,Galway,ED,2020,42.0000000000,898.4925740000,0.0000000000,0.5999018889,0.0000000000,0.0000000000,0.4000981111,0.0000000000,0.5999018889,0.0000000000,0.4000981111,1,0.5999018889,21.1144497214,BminDW,0.5118476675,898.4925740000,438.6012457000,0.4881523325,0.4300932056,0.4300932056,0.4300932056
27201,27201,Galway,ED,2020,71.0000000000,2112.9469087000,0.0000000000,1.0000000000,0.0000000000,0.0000000000,0.0000000000,0.0000000000,1.0000000000,0.0000000000,0.0000000000,1,1.0000000000,21.3361211372,BminDW,0.8799467450,2112.9469087000,0.0000000000,0.0000000000,0.0500000000,0.0500000000,0.0500000000
27202,27202,Galway,ED,2020,41.0000000000,1250.0292029000,0.0000000000,1.0000000000,0.0000000000,0.0000000000,0.0000000000,0.0000000000,1.0000000000,0.0000000000,0.0000000000,1,1.0000000000,23.7909648835,BminDW,0.5171840966,1250.0292029000,0.0000000000,0.0000000000,0.0500000000,0.0500000000,0.0500000000
27203,27203,Galway,ED,2020,69.0000000000,1954.8932436000,0.0000000000,0.1754093120,0.7304985935,0.0000000000,0.0940920946,0.0000000000,0.1754093120,0.7304985935,0.0940920946,2,0.7304985935,22.9016505949,BminDW,0.7723421423,1954.8932436000,382.2468078000,0.1955333413,0.2124373492,0.2124373492,0.2124373492
27204,27204,Galway,ED,2020,68.0000000000,1887.2337393000,0.0000000000,0.1941614836,0.6555662326,0.0000000000,0.1502722838,0.0000000000,0.1941614836,0.6555662326,0.1502722838,2,0.6555662326,21.7148468984,BminDW,0.7171625189,1887.2337393000,177.9989240000,0.0943173706,0.2583152928,0.2583152928,0.2583152928
27205,27205,Galway,ED,2020,98.0000000000,3635.0209749000,0.0000000000,1.0000000000,0.0000000000,0.0000000000,0.0000000000,0.0000000000,1.0000000000,0.0000000000,0.0000000000,1,1.0000000000,20.3101918907,BminDW,0.9205671709,3635.0209749000,0.0000000000,0.0000000000,0.0500000000,0.0500000000,0.0500000000
27206,27206,Galway,ED,2020,92.0000000000,1957.9004410000,0.0000000000,1.0000000000,0.0000000000,0.0000000000,0.0000000000,0.0000000000,1.0000000000,0.0000000000,0.0000000000,1,1.0000000000,21.1155264012,BminDW,0.8068999485,1957.9004410000,237.5523210000,0.1213301330,0.0500000000,0.0500000000,0.0500000000
27207,27207,Galway,ED,2020,77.0000000000,1750.4996106000,0.0000000000,1.0000000000,0.0000000000,0.0000000000,0.0000000000,0.0000000000,1.0000000000,0.0000000000,0.0000000000,1,1.0000000000,22.2412400365,BminDW,1.0000000000,1750.4996106000,0.0000000000,0.0000000000,0.0500000000,0.0500000000,0.0500000000
27208,27208,Galway,ED,2020,63.0000000000,1789.0850938000,0.0000000000,0.6183904525,0.0000000000,0.0000000000,0.3816095475,0.0000000000,0.6183904525,0.0000000000,0.3816095475,1,0.6183904525,18.9861010310,Cut,0.4128107384,1789.0850938000,1249.2384486000,0.6982554675,0.4125290701,0.4125290701,0.4125290701
27209,27209,Galway,ED,2020,53.0000000000,1638.6113360000,0.0000000000,0.0000000000,0.4951953610,0.0000000000,0.5048046390,0.0000000000,0.0000000000,0.4951953610,0.5048046390,3,0.5048046390,21.0565752232,BminDW,0.7715208093,1638.6113360000,327.7185920000,0.1999977571,0.5790839432,0.5790839432,0.5790839432
27210,27210,Galway,ED,2020,83.0000000000,2239.4485271000,0.0000000000,0.2678876905,0.4330338537,0.1837810611,0.1152973947,0.0000000000,0.2678876905,0.6168149148,0.1152973947,2,0.6168149148,21.4508462295,BminDW,0.7506771864,2239.4485271000,373.1620565000,0.1666312273,0.1936468573,0.1936468573,0.1936468573
27211,27211,Galway,ED,2020,50.0000000000,1436.5886883000,0.0000000000,0.0322569712,0.8675357842,0.0000000000,0.1002072445,0.0000000000,0.0322569712,0.8675357842,0.1002072445,2,0.8675357842,21.4138716988,BminDW,0.7988647368,1436.5886883000,288.9486440000,0.2011352632,0.2319504607,0.2319504607,0.2319504607
27212,27212,Galway,ED,2020,74.0000000000,1477.7897174000,0.0000000000,0.0000000000,0.8747387387,0.0000000000,0.1252612613,0.0000000000,0.0000000000,0.8747387387,0.1252612613,2,0.8747387387,23.6665983165,BminDW,0.8174516057,1477.7897174000,4.0160640000,0.0027176153,0.2564720721,0.2564720721,0.2564720721
27213,27213,Galway,ED,2020,54.0000000000,1334.4602266000,0.0000000000,0.7142129066,0.1926275993,0.0000000000,0.0931594941,0.0000000000,0.7142129066,0.1926275993,0.0931594941,1,0.7142129066,20.0340126789,BminDW,0.8503849072,1334.4602266000,76.2653906000,0.0571507409,0.1577642793,0.1577642793,0.1577642793
27214,27214,Galway,ED,2020,70.0000000000,1503.6298423000,0.0000000000,0.0000000000,0.9652729472,0.0000000000,0.0347270528,0.0000000000,0.0000000000,0.9652729472,0.0347270528,2,0.9652729472,22.4621552610,AminDW,0.6578696517,1503.6298423000,339.2125426000,0.2255957770,0.1795179949,0.1795179949,0.1795179949
27215,27215,Galway,ED,2020,75.0000000000,2216.0265925000,0.0000000000,0.3454944641,0.2675745869,0.0000000000,0.3869309490,0.0000000000,0.3454944641,0.2675745869,0.3869309490,3,0.3869309490,21.5744434366,BminDW,0.7465720360,2216.0265925000,483.1031075000,0.2180042014,0.4443418603,0.4443418603,0.4443418603
28001,28001,Leitrim,ED,2020,53.0000000000,1560.6421957000,0.0000000000,0.0713218535,0.0000000000,0.7284780431,0.2002001034,0.0000000000,0.0713218535,0.7284780431,0.2002001034,2,0.7284780431,23.9211999391,BminPD,0.5356967747,1560.6421957000,385.3315300000,0.2469057488,0.3130379026,0.3130379026,0.3130379026
28002,28002,Leitrim,ED,2020,49.0000000000,1051.4456251000,0.0000000000,0.0000000000,0.0000000000,1.0000000000,0.0000000000,0.0000000000,0.0000000000,1.0000000000,0.0000000000,2,1.0000000000,23.7055482541,AminPD,0.8315652319,1051.4456251000,177.1000000000,0.1684347681,0.1500000000,0.1500000000,0.1500000000
28003,28003,Leitrim,ED,2020,35.0000000000,1065.7679414000,0.0000000000,0.0000000000,0.0000000000,1.0000000000,0.0000000000,0.0000000000,0.0000000000,1.0000000000,0.0000000000,2,1.0000000000,23.2262984690,AminPD,1.0000000000,1065.7679414000,0.0000000000,0.0000000000,0.1500000000,0.1500000000,0.1500000000
28004,28004,Leitrim,ED,2020,35.0000000000,906.9525390000,0.0000000000,0.0000000000,0.0000000000,0.6147372393,0.3852627607,0.0000000000,0.0000000000,0.6147372393,0.3852627607,2,0.6147372393,22.5830753819,AminPD,0.7011982763,906.9525390000,80.5306440000,0.0887925669,0.4774733466,0.4774733466,0.4774733466
28005,28005,Leitrim,ED,2020,29.0000000000,577.7336857000,0.0000000000,0.0000000000,0.0000000000,1.0000000000,0.0000000000,0.0000000000,0.0000000000,1.0000000000,0.0000000000,2,1.0000000000,22.4645470535,AminPD,0.5619504229,577.7336857000,38.0694127000,0.0658943967,0.1500000000,0.1500000000,0.1500000000
28006,28006,Leitrim,ED,2020,53.0000000000,1236.9833770000,0.0000000000,0.0000000000,0.0000000000,0.6909828635,0.3090171365,0.0000000000,0.0000000000,0.6909828635,0.3090171365,2,0.6909828635,22.2047454790,AminPD,0.7038428989,1236.9833770000,170.5909730000,0.1379088646,0.4126645660,0.4126645660,0.4126645660
28007/28011,28007/28011,Leitrim,COUNTY_FALLBACK,2020,3295.0000000000,83897.3304012200,0.0080199370,0.0281156749,0.0000000000,0.6986344888,0.2561179740,0.0091119252,0.0361356119,0.6986344888,0.2652298993,2,0.6986344888,21.4606943772,,,83897.3304012200,19173.0550582000,0.2285299778,0.3549840042,0.3549840042,0.3567690899
28008,28008,Leitrim,ED,2020,22.0000000000,728.6944297000,0.0000000000,0.0000000000,0.0000000000,1.0000000000,0.0000000000,0.0000000000,0.0000000000,1.0000000000,0.0000000000,2,1.0000000000,24.0000000000,AminPD,0.5887027706,728.6944297000,299.7100000000,0.4112972294,0.1232564313,0.1232564313,0.1232564313
28009,28009,Leitrim,ED,2020,25.0000000000,896.4133812000,0.0000000000,0.0000000000,0.0000000000,1.0000000000,0.0000000000,0.0000000000,0.0000000000,1.0000000000,0.0000000000,2,1.0000000000,23.4390732774,AminPD,0.7067988860,896.4133812000,115.5845430000,0.1289411174,0.1500000000,0.1500000000,0.1500000000
28010,28010,Leitrim,ED,2020,19.0000000000,465.6702340000,0.0000000000,0.0000000000,0.0000000000,0.7484909181,0.2515090819,0.0000000000,0.0000000000,0.7484909181,0.2515090819,2,0.7484909181,23.2174719933,AminPD,0.7852007457,465.6702340000,80.6256190000,0.1731388719,0.3637827196,0.3637827196,0.3637827196
28012,28012,Leitrim,ED,2020,19.0000000000,607.1601640000,0.0000000000,0.0000000000,0.0000000000,0.7554466534,0.2445533466,0.0000000000,0.0000000000,0.7554466534,0.2445533466,2,0.7554466534,20.8090668149,BktPt,0.3370408405,607.1601640000,348.2967940000,0.5736489557,0.3578703446,0.3578703446,0.3578703446
28013,28013,Leitrim,ED,2020,35.0000000000,834.1302280000,0.0000000000,0.0000000000,0.0000000000,1.0000000000,0.0000000000,0.0000000000,0.0000000000,1.0000000000,0.0000000000,2,1.0000000000,22.8983734564,BminPD,0.5569587714,834.1302280000,44.7920500000,0.0536991090,0.1500000000,0.1500000000,0.1500000000
28014,28014,Leitrim,ED,2020,44.0000000000,1218.9414907000,0.0000000000,0.0000000000,0.0000000000,0.5764576061,0.4235423939,0.0000000000,0.0000000000,0.5764576061,0.4235423939,2,0.5764576061,17.6201472586,AminPD,0.5929976559,1218.9414907000,227.6311090000,0.1867449018,0.5100110348,0.5100110348,0.5100110348
28015,28015,Leitrim,ED,2020,51.0000000000,1260.0074155000,0.0000000000,0.0000000000,0.0000000000,1.0000000000,0.0000000000,0.0000000000,0.0000000000,1.0000000000,0.0000000000,2,1.0000000000,23.7311126936,AminPD,0.6361282439,1260.0074155000,55.8190020000,0.0443005345,0.1500000000,0.1500000000,0.1500000000
28017/28016,28017/28016,Leitrim,COUNTY_FALLBACK,2020,3295.0000000000,83897.3304012200,0.0080199370,0.0281156749,0.0000000000,0.6986344888,0.2561179740,0.0091119252,0.0361356119,0.6986344888,0.2652298993,2,0.6986344888,21.4606943772,,,83897.3304012200,19173.0550582000,0.2285299778,0.3549840042,0.3549840042,0.3567690899
28018,28018,Leitrim,ED,2020,42.0000000000,999.2327458000,0.0000000000,0.0000000000,0.0000000000,1.0000000000,0.0000000000,0.0000000000,0.0000000000,1.0000000000,0.0000000000,2,1.0000000000,23.3845277764,AminPD,0.9914213240,999.2327458000,7.2377720000,0.0072433295,0.1500000000,0.1500000000,0.1500000000
28019,28019,Leitrim,ED,2020,73.0000000000,1512.5424457000,0.0000000000,0.0000000000,0.0000000000,1.0000000000,0.0000000000,0.0000000000,0.0000000000,1.0000000000,0.0000000000,2,1.0000000000,24.0000000000,BminPD,0.7259476949,1512.5424457000,0.0000000000,0.0000000000,0.1500000000,0.1500000000,0.1500000000
28020,28020,Leitrim,ED,2020,53.0000000000,1261.8996876000,0.0000000000,0.0000000000,0.0000000000,1.0000000000,0.0000000000,0.0000000000,0.0000000000,1.0000000000,0.0000000000,2,1.0000000000,23.5211708142,BminPD,0.8993620355,1261.8996876000,39.1950160000,0.0310603263,0.1500000000,0.1500000000,0.1500000000
28021,28021,Leitrim,ED,2020,53.0000000000,1042.3997955000,0.0000000000,0.0000000000,0.0000000000,1.0000000000,0.0000000000,0.0000000000,0.0000000000,1.0000000000,0.0000000000,2,1.0000000000,23.5761432879,BminPD,0.5625647247,1042.3997955000,36.7000000000,0.0352072210,0.1500000000,0.1500000000,0.1500000000
28022,28022,Leitrim,ED,2020,33.0000000000,758.3571550000,0.0000000000,0.0000000000,0.0000000000,1.0000000000,0.0000000000,0.0000000000,0.0000000000,1.0000000000,0.0000000000,2,1.0000000000,22.9853066000,AminPD,0.7778156784,758.3571550000,0.0000000000,0.0000000000,0.1500000000,0.1500000000,0.1500000000
28023,28023,Leitrim,ED,2020,26.0000000000,626.3336337000,0.0000000000,0.0000000000,0.0000000000,0.4045504298,0.5954495702,0.0000000000,0.0000000000,0.4045504298,0.5954495702,3,0.5954495702,23.0180952021,AminPD,0.6625337813,626.3336337000,130.1700000000,0.2078285326,0.6561321347,0.6561321347,0.6561321347
28024,28024,Leitrim,ED,2020,65.0000000000,1374.2652237000,0.0000000000,0.0000000000,0.0000000000,1.0000000000,0.0000000000,0.0000000000,0.0000000000,1.0000000000,0.0000000000,2,1.0000000000,23.3953309786,AminPD,0.6625326540,1374.2652237000,133.5659900000,0.0971908389,0.1500000000,0.1500000000,0.1500000000
28025,28025,Leitrim,ED,2020,36.0000000000,932.8879078000,0.0000000000,0.0000000000,0.0000000000,0.8468739627,0.1531260373,0.0000000000,0.0000000000,0.8468739627,0.1531260373,2,0.8468739627,23.3101590656,AminPD,0.7696792528,932.8879078000,100.8634400000,0.1081195706,0.2801571317,0.2801571317,0.2801571317
28026,28026,Leitrim,ED,2020,38.0000000000,989.4995280000,0.0000000000,0.0000000000,0.0000000000,0.9007011613,0.0992988387,0.0000000000,0.0000000000,0.9007011613,0.0992988387,2,0.9007011613,20.6135859905,AminPD,0.7632993161,989.4995280000,234.2152150000,0.2367006839,0.2344040129,0.2344040129,0.2344040129
28027/28028,28027/28028,Leitrim,COUNTY_FALLBACK,2020,3295.0000000000,83897.3304012200,0.0080199370,0.0281156749,0.0000000000,0.6986344888,0.2561179740,0.0091119252,0.0361356119,0.6986344888,0.2652298993,2,0.6986344888,21.4606943772,,,83897.3304012200,19173.0550582000,0.2285299778,0.3549840042,0.3549840042,0.3567690899
28029/28032,28029/28032,Leitrim,COUNTY_FALLBACK,2020,3295.0000000000,83897.3304012200,0.0080199370,0.0281156749,0.0000000000,0.6986344888,0.2561179740,0.0091119252,0.0361356119,0.6986344888,0.2652298993,2,0.6986344888,21.4606943772,,,83897.3304012200,19173.0550582000,0.2285299778,0.3549840042,0.3549840042,0.3567690899
28030,28030,Leitrim,ED,2020,25.0000000000,537.2359510000,0.0000000000,0.0000000000,0.0000000000,1.0000000000,0.0000000000,0.0000000000,0.0000000000,1.0000000000,0.0000000000,2,1.0000000000,22.8101105095,AminPD,0.5309019463,537.2359510000,252.0163390000,0.4690980537,0.1500000000,0.1500000000,0.1500000000
28031,28031,Leitrim,ED,2020,47.0000000000,1597.1689703000,0.0000000000,0.0000000000,0.0000000000,0.4185563851,0.5814436149,0.0000000000,0.0000000000,0.4185563851,0.5814436149,3,0.5814436149,19.1626711294,AminPD,0.6842252846,1597.1689703000,387.1669450000,0.2424082562,0.6442270727,0.6442270727,0.6442270727
28033,28033,Leitrim,ED,2020,62.0000000000,1599.8624813000,0.4205682144,0.0000000000,0.0000000000,0.2590578019,0.3203739837,0.0000000000,0.4205682144,0.2590578019,0.3203739837,1,0.4205682144,22.0829291743,AminDW,0.5616450277,1599.8624813000,488.3802638000,0.3052639021,0.3592326540,0.3592326540,0.3592326540
28035,28035,Leitrim,ED,2020,57.0000000000,1739.1734078000,0.0000000000,0.0000000000,0.0000000000,0.5964020208,0.4035979792,0.0000000000,0.0000000000,0.5964020208,0.4035979792,2,0.5964020208,18.2277233949,AminPD,0.3517848274,1739.1734078000,1052.9342418000,0.6054222294,0.4930582823,0.4930582823,0.4930582823
28036,28036,Leitrim,ED,2020,53.0000000000,1090.0514744000,0.0000000000,0.0000000000,0.0000000000,0.8400684370,0.1599315630,0.0000000000,0.0000000000,0.8400684370,0.1599315630,2,0.8400684370,22.1612372741,AminPD,0.5464499496,1090.0514744000,333.0689170000,0.3055533842,0.2859418285,0.2859418285,0.2859418285
28037,28037,Leitrim,ED,2020,26.0000000000,695.6916311000,0.0000000000,0.0000000000,0.0000000000,0.3222692210,0.6777307790,0.0000000000,0.0000000000,0.3222692210,0.6777307790,3,0.6777307790,19.1064991646,Cut,0.3974244869,695.6916311000,495.3363231000,0.7120055797,0.7260711622,0.7260711622,0.7260711622
28038,28038,Leitrim,ED,2020,70.0000000000,1727.2532649000,0.0000000000,0.0000000000,0.0000000000,0.7698581471,0.2301418529,0.0000000000,0.0000000000,0.7698581471,0.2301418529,2,0.7698581471,21.3423927462,AminPD,0.7030515649,1727.2532649000,395.8095640000,0.2291554875,0.3456205750,0.3456205750,0.3456205750
28039,28039,Leitrim,ED,2020,68.0000000000,2123.6138961000,0.0000000000,0.2218152748,0.0000000000,0.3953760307,0.3828086945,0.0000000000,0.2218152748,0.3953760307,0.3828086945,2,0.3953760307,22.6438250674,AminPD,0.5126535675,2123.6138961000,580.4217860000,0.2733179450,0.4532058628,0.4532058628,0.4532058628
28040,28040,Leitrim,ED,2020,44.0000000000,1142.3225936000,0.0000000000,0.0000000000,0.0000000000,0.8228064567,0.1771935433,0.0000000000,0.0000000000,0.8228064567,0.1771935433,2,0.8228064567,21.8037524303,AminPD,0.6950283923,1142.3225936000,348.3759579000,0.3049716077,0.3006145118,0.3006145118,0.3006145118
28041/28034,28041/28034,Leitrim,COUNTY_FALLBACK,2020,3295.0000000000,83897.3304012200,0.0080199370,0.0281156749,0.0000000000,0.6986344888,0.2561179740,0.0091119252,0.0361356119,0.6986344888,0.2652298993,2,0.6986344888,21.4606943772,,,83897.3304012200,19173.0550582000,0.2285299778,0.3549840042,0.3549840042,0.3567690899
28042,28042,Leitrim,ED,2020,48.0000000000,1282.3918408000,0.0000000000,0.4819921527,0.0000000000,0.1315683401,0.3864395072,0.0000000000,0.4819921527,0.1315683401,0.3864395072,1,0.4819921527,18.4140933199,BktPt,0.5694153501,1282.3918408000,864.7559500000,0.6743305147,0.4302743658,0.4302743658,0.4302743658
28043,28043,Leitrim,ED,2020,44.0000000000,1260.6949091000,0.0000000000,0.1835515932,0.0000000000,0.3604345798,0.4560138270,0.0000000000,0.1835515932,0.3604345798,0.4560138270,3,0.4560138270,15.8389119717,BktPt,0.4833322994,1260.6949091000,860.8123500000,0.6828078259,0.5192565936,0.5192565936,0.5192565936
28044,28044,Leitrim,ED,2020,39.0000000000,1238.7461129000,0.0000000000,0.0000000000,0.0000000000,0.2186888800,0.7813111200,0.0000000000,0.0000000000,0.2186888800,0.7813111200,3,0.7813111200,17.4287375062,AminPD,0.4351924524,1238.7461129000,428.7531541000,0.3461186676,0.8141144520,0.8141144520,0.8141144520
28045,28045,Leitrim,ED,2020,55.0000000000,1557.7341528000,0.0000000000,0.1428329279,0.0000000000,0.6040023769,0.1926404961,0.0605241991,0.1428329279,0.6040023769,0.2531646952,2,0.6040023769,16.4488934926,BktPt,0.6176788135,1557.7341528000,998.4793832000,0.6409818912,0.2903824990,0.2903824990,0.2903824990
28046,28046,Leitrim,ED,2020,24.0000000000,618.5679886000,0.0000000000,0.0000000000,0.0000000000,0.6930187263,0.3069812737,0.0000000000,0.0000000000,0.6930187263,0.3069812737,2,0.6930187263,18.8782770063,BktPt,0.9360854696,618.5679886000,585.1819171000,0.9460268360,0.4109340826,0.4109340826,0.4109340826
28047,28047,Leitrim,ED,2020,52.0000000000,1375.7238820000,0.0000000000,0.0000000000,0.0000000000,0.4824098907,0.5175901093,0.0000000000,0.0000000000,0.4824098907,0.5175901093,3,0.5175901093,22.2720942981,AminPD,0.5773710202,1375.7238820000,514.9207808000,0.3742907916,0.5899515929,0.5899515929,0.5899515929
28048,28048,Leitrim,ED,2020,30.0000000000,1140.2387230000,0.0000000000,0.0000000000,0.0000000000,0.2695371581,0.7304628419,0.0000000000,0.0000000000,0.2695371581,0.7304628419,3,0.7304628419,19.4366936230,AminPD,0.4956283431,1140.2387230000,575.1040940000,0.5043716569,0.7708934156,0.7708934156,0.7708934156
28049,28049,Leitrim,ED,2020,40.0000000000,1236.8837677000,0.0000000000,0.0000000000,0.0000000000,0.1876392181,0.8123607819,0.0000000000,0.0000000000,0.1876392181,0.8123607819,3,0.8123607819,20.9758923672,AminPD,0.9377629475,1236.8837677000,50.0000000000,0.0404241702,0.7194250123,0.7194250123,0.8405066647
28050,28050,Leitrim,ED,2020,64.0000000000,1732.7330604000,0.0000000000,0.0000000000,0.0000000000,0.4723156705,0.5276843295,0.0000000000,0.0000000000,0.4723156705,0.5276843295,3,0.5276843295,19.2146461886,BminSP,0.2146208159,1732.7330604000,669.8452082000,0.3865830367,0.5961943322,0.5961943322,0.5961943322
28051,28051,Leitrim,ED,2020,45.0000000000,1087.3504275000,0.0000000000,0.0000000000,0.0000000000,0.8153632499,0.1846367501,0.0000000000,0.0000000000,0.8153632499,0.1846367501,2,0.8153632499,22.0042728600,AminPD,0.8661095372,1087.3504275000,145.5858520000,0.1338904628,0.3069412376,0.3069412376,0.3069412376
28052,28052,Leitrim,ED,2020,68.0000000000,2362.7792137000,0.0000000000,0.0000000000,0.0000000000,0.9370819524,0.0629180476,0.0000000000,0.0000000000,0.9370819524,0.0629180476,2,0.9370819524,20.7474045753,AminPD,0.6061203018,2362.7792137000,203.6044490000,0.0861715931,0.1538724189,0.1538724189,0.1538724189
28053,28053,Leitrim,ED,2020,35.0000000000,1199.5349411000,0.0000000000,0.0000000000,0.0000000000,0.9803692555,0.0196307445,0.0000000000,0.0000000000,0.9803692555,0.0196307445,2,0.9803692555,20.0814130552,AminPD,0.4940505931,1199.5349411000,323.9799810000,0.2700879899,0.1666861329,0.1666861329,0.1666861329
28054,28054,Leitrim,ED,2020,57.0000000000,1793.0396715000,0.0000000000,0.2753486645,0.0000000000,0.0995394928,0.2513412002,0.3737706425,0.2753486645,0.0995394928,0.6251118427,3,0.6251118427,20.2161061097,BminSW,0.4022890700,1793.0396715000,794.3923040000,0.4430422353,0.2788962474,0.2788962474,0.2788962474
28055,28055,Leitrim,ED,2020,22.0000000000,530.0725070000,0.0000000000,0.0000000000,0.0000000000,0.7670969191,0.2329030809,0.0000000000,0.0000000000,0.7670969191,0.2329030809,2,0.7670969191,21.5832104229,AminPD,0.7374407913,530.0725070000,77.5754180000,0.1463486919,0.3479676188,0.3479676188,0.3479676188
28056,28056,Leitrim,ED,2020,54.0000000000,1005.3558606000,0.0000000000,0.0000000000,0.0000000000,1.0000000000,0.0000000000,0.0000000000,0.0000000000,1.0000000000,0.0000000000,2,1.0000000000,23.7567829645,AminPD,0.8222134251,1005.3558606000,178.7387750000,0.1777865749,0.1380527510,0.1380527510,0.1380527510
28057,28057,Leitrim,ED,2020,69.0000000000,1749.7847400000,0.0000000000,0.0000000000,0.0000000000,0.8182681634,0.1817318366,0.0000000000,0.0000000000,0.8182681634,0.1817318366,2,0.8182681634,21.8847728367,AminPD,0.7797725625,1749.7847400000,310.2306094000,0.1772964424,0.3044720611,0.3044720611,0.3044720611
28058,28058,Leitrim,ED,2020,54.0000000000,927.3010911000,0.0000000000,0.0000000000,0.0000000000,0.9259165317,0.0740834683,0.0000000000,0.0000000000,0.9259165317,0.0740834683,2,0.9259165317,22.9225267482,AminPD,0.6485397497,927.3010911000,37.6800000000,0.0406340512,0.2129709481,0.2129709481,0.2129709481
28059,28059,Leitrim,ED,2020,33.0000000000,738.2670405000,0.0000000000,0.0000000000,0.0000000000,0.7374627508,0.2625372492,0.0000000000,0.0000000000,0.7374627508,0.2625372492,2,0.7374627508,24.0000000000,BminPD,0.9395213269,738.2670405000,44.6494110000,0.0604786731,0.3731566618,0.3731566618,0.3731566618
28060,28060,Leitrim,ED,2020,40.0000000000,1156.0712183000,0.0000000000,0.0000000000,0.0000000000,1.0000000000,0.0000000000,0.0000000000,0.0000000000,1.0000000000,0.0000000000,2,1.0000000000,24.0000000000,AminPD,0.9813135839,1156.0712183000,0.0000000000,0.0000000000,0.1000000000,0.1000000000,0.1000000000
28061,28061,Leitrim,ED,2020,37.0000000000,805.4851880000,0.0000000000,0.0000000000,0.0000000000,1.0000000000,0.0000000000,0.0000000000,0.0000000000,1.0000000000,0.0000000000,2,1.0000000000,23.7765322036,AminPD,0.7887212608,805.4851880000,6.8292680000,0.0084784526,0.1212269480,0.1212269480,0.1212269480
28062,28062,Leitrim,ED,2020,23.0000000000,651.9227780000,0.0000000000,0.0000000000,0.0000000000,0.0564484035,0.9435515965,0.0000000000,0.0000000000,0.0564484035,0.9435515965,3,0.9435515965,21.3020029559,AminPD,0.7825509327,651.9227780000,0.0000000000,0.0000000000,0.9520188571,0.9520188571,0.9520188571
28063,28063,Leitrim,ED,2020,39.0000000000,634.9091495000,0.0000000000,0.0000000000,0.0000000000,0.7797356281,0.2202643719,0.0000000000,0.0000000000,0.7797356281,0.2202643719,2,0.7797356281,23.8431271622,BminPD,0.5937210486,634.9091495000,0.0000000000,0.0000000000,0.3372247161,0.3372247161,0.3372247161
28064,28064,Leitrim,ED,2020,54.0000000000,969.9728555000,0.0000000000,0.0000000000,0.0000000000,1.0000000000,0.0000000000,0.0000000000,0.0000000000,1.0000000000,0.0000000000,2,1.0000000000,22.9412188094,AminPD,0.5954027457,969.9728555000,329.2351512000,0.3394271802,0.1121837015,0.1121837015,0.1121837015
28065,28065,Leitrim,ED,2020,56.0000000000,1127.0377269000,0.0000000000,0.0000000000,0.0000000000,1.0000000000,0.0000000000,0.0000000000,0.0000000000,1.0000000000,0.0000000000,2,1.0000000000,23.1158712329,AminPD,0.8806482821,1127.0377269000,40.0054508000,0.0354961062,0.1117411000,0.1117411000,0.1117411000
28066,28066,Leitrim,ED,2020,37.0000000000,961.9447260000,0.0000000000,0.0000000000,0.0000000000,1.0000000000,0.0000000000,0.0000000000,0.0000000000,1.0000000000,0.0000000000,2,1.0000000000,22.7219300249,AminPD,0.9181286420,961.9447260000,78.7557210000,0.0818713580,0.1000000000,0.1000000000,0.1000000000
28067,28067,Leitrim,ED,2020,36.0000000000,878.2881206000,0.0000000000,0.0000000000,0.0000000000,0.7453049397,0.2546950603,0.0000000000,0.0000000000,0.7453049397,0.2546950603,2,0.7453049397,20.5669740974,BminPD,0.3659161340,878.2881206000,71.0000000000,0.0808390759,0.3664908012,0.3664908012,0.3664908012
28068,28068,Leitrim,ED,2020,53.0000000000,961.8646419000,0.0000000000,0.0000000000,0.0000000000,0.6641326624,0.3358673376,0.0000000000,0.0000000000,0.6641326624,0.3358673376,2,0.6641326624,23.7192985039,BminPD,0.9572921083,961.8646419000,0.0000000000,0.0000000000,0.4354872370,0.4354872370,0.4354872370
28069,28069,Leitrim,ED,2020,50.0000000000,1061.7075955200,0.0000000000,0.0000000000,0.0000000000,0.6053691308,0.3946308692,0.0000000000,0.0000000000,0.6053691308,0.3946308692,2,0.6053691308,23.5154974852,BminPD,0.3767906640,1061.7075955200,0.0000000000,0.0000000000,0.4854362388,0.4854362388,0.4854362388
28070,28070,Leitrim,ED,2020,40.0000000000,1026.8847428000,0.0000000000,0.2052421184,0.0000000000,0.7947578816,0.0000000000,0.0000000000,0.2052421184,0.7947578816,0.0000000000,2,0.7947578816,23.5892430938,BminPD,0.6700594656,1026.8847428000,0.0000000000,0.0000000000,0.1294757882,0.1294757882,0.1294757882
28071,28071,Leitrim,ED,2020,46.0000000000,1256.9612092000,0.0000000000,0.0000000000,0.0000000000,1.0000000000,0.0000000000,0.0000000000,0.0000000000,1.0000000000,0.0000000000,2,1.0000000000,23.7760042498,AminPD,0.7399395840,1256.9612092000,275.2858550000,0.2190090299,0.1000000000,0.1000000000,0.1000000000
28072,28072,Leitrim,ED,2020,58.0000000000,1472.4916814000,0.0000000000,0.0000000000,0.0000000000,0.8810682191,0.1189317809,0.0000000000,0.0000000000,0.8810682191,0.1189317809,2,0.8810682191,22.1340033559,AminPD,0.8556399778,1472.4916814000,50.6480008000,0.0343961202,0.2245519429,0.2245519429,0.2245519429
28073,28073,Leitrim,ED,2020,44.0000000000,1025.1783672000,0.0000000000,0.0000000000,0.0000000000,0.8059306594,0.1940693406,0.0000000000,0.0000000000,0.8059306594,0.1940693406,2,0.8059306594,24.0000000000,AminPD,1.0000000000,1025.1783672000,0.0000000000,0.0000000000,0.3149589395,0.3149589395,0.3149589395
28074,28074,Leitrim,ED,2020,69.0000000000,1412.0257475000,0.0000000000,0.0000000000,0.0000000000,0.9818249131,0.0181750869,0.0000000000,0.0000000000,0.9818249131,0.0181750869,2,0.9818249131,22.6784076181,AminPD,0.5900333443,1412.0257475000,101.6618280000,0.0719971489,0.1654488239,0.1654488239,0.1654488239
28075,28075,Leitrim,ED,2020,46.0000000000,1111.5750520000,0.0000000000,0.0000000000,0.0000000000,0.4802956805,0.5197043195,0.0000000000,0.0000000000,0.4802956805,0.5197043195,3,0.5197043195,22.5492961963,AminPD,0.7701164806,1111.5750520000,255.5327850000,0.2298835194,0.5917486716,0.5917486716,0.5917486716
28076,28076,Leitrim,ED,2020,50.0000000000,1181.6992679000,0.0000000000,0.0000000000,0.0000000000,0.7345848055,0.2654151945,0.0000000000,0.0000000000,0.7345848055,0.2654151945,2,0.7345848055,23.5201327399,AminPD,0.8277905111,1181.6992679000,0.0000000000,0.0000000000,0.3756029153,0.3756029153,0.3756029153
28077,28077,Leitrim,ED,2020,41.0000000000,986.2450415000,0.0000000000,0.0000000000,0.0000000000,0.3379233299,0.6620766701,0.0000000000,0.0000000000,0.3379233299,0.6620766701,3,0.6620766701,20.1215439175,AminPD,0.8409106344,986.2450415000,156.9010980000,0.1590893656,0.7127651696,0.7127651696,0.7127651696
28078,28078,Leitrim,ED,2020,44.0000000000,1162.5151420000,0.0000000000,0.0000000000,0.0000000000,1.0000000000,0.0000000000,0.0000000000,0.0000000000,1.0000000000,0.0000000000,2,1.0000000000,24.0000000000,AminPD,0.5452879443,1162.5151420000,54.0457830000,0.0464903906,0.1500000000,0.1500000000,0.1500000000
29004,29004,Mayo,ED,2020,14.0000000000,336.4065460000,0.0000000000,0.0000000000,0.0000000000,1.0000000000,0.0000000000,0.0000000000,0.0000000000,1.0000000000,0.0000000000,2,1.0000000000,19.2729383334,AminDW,0.7186332337,336.4065460000,0.0000000000,0.0000000000,0.1000000000,0.1000000000,0.1000000000
29005,29005,Mayo,ED,2020,56.0000000000,1463.1247058000,0.0000000000,0.0000000000,0.5339343637,0.0000000000,0.4660656363,0.0000000000,0.0000000000,0.5339343637,0.4660656363,2,0.5339343637,20.1264897465,BminDW,0.4062053738,1463.1247058000,351.6088820000,0.2403136798,0.5461557909,0.5461557909,0.5461557909
29006,29006,Mayo,ED,2020,67.0000000000,1300.3278917000,0.0000000000,0.0000000000,0.8917417784,0.0000000000,0.1082582216,0.0000000000,0.0000000000,0.8917417784,0.1082582216,2,0.8917417784,23.2595721293,BminDW,0.4928414772,1300.3278917000,140.7711850000,0.1082582216,0.2420194883,0.2420194883,0.2420194883
29007,29007,Mayo,ED,2020,77.0000000000,1518.4557603000,0.0000000000,0.0000000000,0.2400478470,0.0000000000,0.7599521530,0.0000000000,0.0000000000,0.2400478470,0.7599521530,3,0.7599521530,21.1335543357,BminDW,0.3192461543,1518.4557603000,327.1068677000,0.2154207427,0.7959593301,0.7959593301,0.7959593301
29008,29008,Mayo,ED,2020,59.0000000000,939.0556606000,0.0000000000,0.0000000000,0.3113878338,0.0000000000,0.6886121662,0.0000000000,0.0000000000,0.3113878338,0.6886121662,3,0.6886121662,18.0839054796,AminPD,0.5982113428,939.0556606000,184.7352119000,0.1967244538,0.3399867931,0.3399867931,0.6694314166
29009,29009,Mayo,ED,2020,40.0000000000,674.2760496000,0.0000000000,0.0000000000,0.2388530485,0.3997847826,0.3613621689,0.0000000000,0.0000000000,0.6386378311,0.3613621689,2,0.6386378311,19.2594178691,AminSP,0.2836618652,674.2760496000,305.7429780000,0.4534388819,0.2435787867,0.2435787867,0.3174300966
29010,29010,Mayo,ED,2020,107.0000000000,1986.0916910000,0.0000000000,0.0000000000,0.9604423520,0.0000000000,0.0395576480,0.0000000000,0.0000000000,0.9604423520,0.0395576480,2,0.9604423520,22.6103417601,BminDW,0.5619800779,1986.0916910000,309.8509250000,0.1560103828,0.1836240008,0.1836240008,0.1836240008
29011,29011,Mayo,ED,2020,95.0000000000,2924.7929218000,0.0000000000,0.0000000000,0.3161307195,0.2228069164,0.4610623641,0.0000000000,0.0000000000,0.5389376359,0.4610623641,2,0.5389376359,16.6824547600,AminPD,0.4107435991,2924.7929218000,1086.9370125000,0.3716287072,0.5307626636,0.5307626636,0.5307626636
29012,29012,Mayo,ED,2020,73.0000000000,2008.1193972000,0.0000000000,0.0000000000,0.8479007247,0.0000000000,0.1520992753,0.0000000000,0.0000000000,0.8479007247,0.1520992753,2,0.8479007247,20.5005332349,BminDW,0.6380402502,2008.1193972000,0.0000000000,0.0000000000,0.2792843840,0.2792843840,0.2792843840
29013,29013,Mayo,ED,2020,49.0000000000,1042.9293711000,0.0000000000,0.0000000000,0.0000000000,0.0000000000,1.0000000000,0.0000000000,0.0000000000,0.0000000000,1.0000000000,3,1.0000000000,14.0159081300,BktPt,1.0000000000,1042.9293711000,1042.9293711000,1.0000000000,0.7802019426,0.7802019426,0.9633669904
29014,29014,Mayo,ED,2020,27.0000000000,1327.2755054000,0.0000000000,0.0000000000,0.0000000000,0.0000000000,1.0000000000,0.0000000000,0.0000000000,0.0000000000,1.0000000000,3,1.0000000000,14.3833718003,BktPt,0.9212413640,1327.2755054000,1327.2755054000,1.0000000000,0.8951009045,0.8951009045,0.9825168174
29015,29015,Mayo,ED,2020,90.0000000000,1599.3856762200,0.0000000000,0.0000000000,0.7025120733,0.0000000000,0.2974879267,0.0000000000,0.0000000000,0.7025120733,0.2974879267,2,0.7025120733,21.1011382899,BminPD,0.4449264731,1599.3856762200,117.7135332000,0.0735992168,0.4028647377,0.4028647377,0.4028647377
29016,29016,Mayo,ED,2020,83.0000000000,2067.4755437000,0.0000000000,0.0000000000,0.8818978303,0.0000000000,0.1181021697,0.0000000000,0.0000000000,0.8818978303,0.1181021697,2,0.8818978303,19.3166955968,BminDW,0.3028224904,2067.4755437000,324.2687855000,0.1568428640,0.2503868442,0.2503868442,0.2503868442
29017,29017,Mayo,ED,2020,58.0000000000,1254.7078988000,0.0000000000,0.0000000000,0.9120671830,0.0879328170,0.0000000000,0.0000000000,0.0000000000,1.0000000000,0.0000000000,2,1.0000000000,21.1618740567,BminSW,0.4226453865,1254.7078988000,86.8000000000,0.0691794481,0.1456033592,0.1456033592,0.1456033592
29018,29018,Mayo,ED,2020,98.0000000000,2685.9430406000,0.0000000000,0.0000000000,0.5911226238,0.0000000000,0.4088773762,0.0000000000,0.0000000000,0.5911226238,0.4088773762,2,0.5911226238,17.5148259121,BktPt,0.3620475747,2685.9430406000,1063.8978827000,0.3960984528,0.4975457698,0.4975457698,0.4975457698
29019,29019,Mayo,ED,2020,59.0000000000,2365.3643602000,0.0000000000,0.0000000000,0.0757358178,0.0000000000,0.9242641822,0.0000000000,0.0000000000,0.0757358178,0.9242641822,3,0.9242641822,15.2410964105,BktPt,0.6676686614,2365.3643602000,1758.4224602000,0.7434044792,0.9356245549,0.9356245549,0.9356245549
29020,29020,Mayo,ED,2020,82.0000000000,2186.5403435000,0.0000000000,0.0000000000,0.6800597895,0.0000000000,0.3199402105,0.0000000000,0.0000000000,0.6800597895,0.3199402105,2,0.6800597895,20.4459638607,BminPD,0.4522805001,2186.5403435000,191.9724558000,0.0877973536,0.4219491789,0.4219491789,0.4219491789
29021,29021,Mayo,ED,2020,70.0000000000,2233.0986709000,0.0000000000,0.0000000000,0.5970611959,0.3631281670,0.0398106372,0.0000000000,0.0000000000,0.9601893628,0.0398106372,2,0.9601893628,19.8397226112,Cut,0.3879320884,2233.0986709000,929.2535149000,0.4161273870,0.1656826333,0.1656826333,0.1656826333
29022,29022,Mayo,ED,2020,60.0000000000,2243.7529930000,0.0000000000,0.0000000000,0.6159193161,0.0000000000,0.3840806839,0.0000000000,0.0000000000,0.6159193161,0.3840806839,2,0.6159193161,16.6185517293,BktPt,0.5616990778,2243.7529930000,1260.3139870000,0.5616990778,0.4764685813,0.4764685813,0.4764685813
29023,29023,Mayo,ED,2020,50.0000000000,1544.8223010000,0.0000000000,0.0000000000,0.2144539309,0.0000000000,0.7855460691,0.0000000000,0.0000000000,0.2144539309,0.7855460691,3,0.7855460691,15.3864985355,BktPt,0.9258403333,1544.8223010000,1430.2587940000,0.9258403333,0.8177141587,0.8177141587,0.8177141587
29024,29024,Mayo,ED,2020,122.0000000000,2190.8270203000,0.0000000000,0.0000000000,0.3610039150,0.0000000000,0.6389960850,0.0000000000,0.0000000000,0.3610039150,0.6389960850,3,0.6389960850,18.0831774188,BktPt,0.5128527133,2190.8270203000,1405.0382057000,0.6413277692,0.6161658353,0.6161658353,0.6803165327
29025,29025,Mayo,ED,2020,102.0000000000,2533.8761292000,0.0000000000,0.0000000000,0.8921652101,0.1078347899,0.0000000000,0.0000000000,0.0000000000,1.0000000000,0.0000000000,2,1.0000000000,18.7655776852,BminDW,0.4191363568,2533.8761292000,447.1338578000,0.1764623979,0.1446082605,0.1446082605,0.1446082605
29026,29026,Mayo,ED,2020,87.0000000000,2750.6927245000,0.0000000000,0.0000000000,0.3410573786,0.0830131648,0.5759294566,0.0000000000,0.0000000000,0.4240705434,0.5759294566,3,0.5759294566,16.8237389959,AminPD,0.4461261707,2750.6927245000,916.5286505000,0.3331992128,0.4587725139,0.4587725139,0.6059532355
29027,29027,Mayo,ED,2020,42.0000000000,988.6678160000,0.0000000000,0.0000000000,1.0000000000,0.0000000000,0.0000000000,0.0000000000,0.0000000000,1.0000000000,0.0000000000,2,1.0000000000,19.7108162849,AminDW,0.5256440632,988.6678160000,214.6615390000,0.2171220055,0.1500000000,0.1500000000,0.1500000000
29028,29028,Mayo,ED,2020,46.0000000000,1464.6523605000,0.0000000000,0.0000000000,0.0000000000,0.1147029865,0.6438357568,0.2414612566,0.0000000000,0.1147029865,0.8852970135,3,0.8852970135,15.9841404461,BktPt,0.4055875237,1464.6523605000,964.8055610000,0.6587266624,0.6295498500,0.6295498500,0.7133908459
29029,29029,Mayo,ED,2020,125.0000000000,1585.4152747000,0.0000000000,0.0000000000,0.5989082069,0.0000000000,0.4010917931,0.0000000000,0.0000000000,0.5989082069,0.4010917931,2,0.5989082069,21.9085059844,AminDW,0.7097467437,1585.4152747000,252.0378313000,0.1589727533,0.3285326609,0.3285326609,0.3285326609
29030,29030,Mayo,ED,2020,48.0000000000,1500.9638467000,0.0000000000,0.0000000000,0.4487723140,0.0000000000,0.5512276860,0.0000000000,0.0000000000,0.4487723140,0.5512276860,3,0.5512276860,18.2906805578,BminDW,0.4919249843,1500.9638467000,177.1288140000,0.1180100469,0.6185435331,0.6185435331,0.6185435331
29031,29031,Mayo,ED,2020,80.0000000000,1676.9302337000,0.0000000000,0.0000000000,0.5557305080,0.0000000000,0.4442694920,0.0000000000,0.0000000000,0.5557305080,0.4442694920,2,0.5557305080,19.7149935867,BminDW,0.5179513053,1676.9302337000,437.8303120000,0.2610903562,0.4273161501,0.4273161501,0.5109102485
29032,29032,Mayo,ED,2020,52.0000000000,538.7531890000,0.0000000000,0.0000000000,0.0000000000,0.1718502630,0.8281497370,0.0000000000,0.0000000000,0.1718502630,0.8281497370,3,0.8281497370,19.5442678878,AminPD,0.5604454141,538.7531890000,173.0190795000,0.3211472025,0.8453347633,0.8453347633,0.8453347633
29033,29033,Mayo,ED,2020,42.0000000000,1207.4989335000,0.0000000000,0.0000000000,0.0000000000,0.7020859472,0.0000000000,0.2979140528,0.0000000000,0.7020859472,0.2979140528,2,0.7020859472,15.9981678385,AminSRPT,0.6298545128,1207.4989335000,760.5486525000,0.6298545128,0.0744785132,0.0744785132,0.2648957026
29034,29034,Mayo,ED,2020,140.0000000000,3645.9232780000,0.0000000000,0.8015163766,0.0000000000,0.0000000000,0.1984836234,0.0000000000,0.8015163766,0.0000000000,0.1984836234,1,0.8015163766,20.2084168746,BminDW,0.6388974926,3645.9232780000,80.8000000000,0.0221617390,0.2385594423,0.2385594423,0.2385594423
29035,29035,Mayo,ED,2020,35.0000000000,683.0011363000,0.0000000000,0.0000000000,0.0000000000,0.1751222600,0.8248777400,0.0000000000,0.0000000000,0.1751222600,0.8248777400,3,0.8248777400,15.2123522881,AminSRPT,0.5347947486,683.0011363000,683.0011363000,1.0000000000,0.8423899660,0.8423899660,0.8423899660
29036,29036,Mayo,ED,2020,65.0000000000,1183.2828366000,0.0000000000,0.3028034751,0.4182920311,0.0000000000,0.2789044937,0.0000000000,0.3028034751,0.4182920311,0.2789044937,2,0.4182920311,20.7515086410,BminDW,0.6326644542,1183.2828366000,0.0000000000,0.0000000000,0.3777030737,0.3777030737,0.3777030737
29037,29037,Mayo,ED,2020,46.0000000000,1132.5246836000,0.0000000000,0.0000000000,0.0000000000,0.6101713142,0.3898286858,0.0000000000,0.0000000000,0.6101713142,0.3898286858,2,0.6101713142,16.0855525290,AminSRPT,0.3030949781,1132.5246836000,597.5125442000,0.5275933963,0.1212222381,0.1212222381,0.5148475380
29038,29038,Mayo,ED,2020,70.0000000000,1925.1404555000,0.0000000000,1.0000000000,0.0000000000,0.0000000000,0.0000000000,0.0000000000,1.0000000000,0.0000000000,0.0000000000,1,1.0000000000,20.9298194455,BminSW,0.5597395634,1925.1404555000,0.0000000000,0.0000000000,0.0500000000,0.0500000000,0.0500000000
29039,29039,Mayo,ED,2020,60.0000000000,1470.9802610000,0.0000000000,0.7769791283,0.0000000000,0.0000000000,0.2230208717,0.0000000000,0.7769791283,0.0000000000,0.2230208717,1,0.7769791283,20.9173284644,BminDW,0.7032066218,1470.9802610000,88.7500000000,0.0603339163,0.2618698281,0.2618698281,0.2618698281
29040,29040,Mayo,ED,2020,122.0000000000,2506.8696901000,0.0000000000,0.8428472152,0.0000000000,0.0000000000,0.1571527848,0.0000000000,0.8428472152,0.0000000000,0.1571527848,1,0.8428472152,19.4908542358,BminDW,0.8719314990,2506.8696901000,150.6000000000,0.0600749216,0.1992951456,0.1992951456,0.1992951456
29041,29041,Mayo,ED,2020,95.0000000000,2938.7655248000,0.0000000000,0.8908392761,0.0000000000,0.0000000000,0.1091607239,0.0000000000,0.8908392761,0.0000000000,0.1091607239,1,0.8908392761,21.0120534545,BminDW,0.6389221969,2938.7655248000,394.9124820000,0.1343803984,0.1537026877,0.1537026877,0.1537026877
29042,29042,Mayo,ED,2020,74.0000000000,1878.5858402000,0.0000000000,0.8002635674,0.0000000000,0.0000000000,0.1997364326,0.0000000000,0.8002635674,0.0000000000,0.1997364326,1,0.8002635674,19.0807496368,BminDW,0.6681794652,1878.5858402000,67.3518070000,0.0358523979,0.2397496109,0.2397496109,0.2397496109
29043,29043,Mayo,ED,2020,121.0000000000,3552.1957141000,0.0000000000,0.8323442206,0.0000000000,0.0000000000,0.1676557794,0.0000000000,0.8323442206,0.0000000000,0.1676557794,1,0.8323442206,20.2594653924,BminDW,0.6870324665,3552.1957141000,0.0000000000,0.0000000000,0.2092729904,0.2092729904,0.2092729904
29044,29044,Mayo,ED,2020,156.0000000000,3551.3945535000,0.0000000000,1.0000000000,0.0000000000,0.0000000000,0.0000000000,0.0000000000,1.0000000000,0.0000000000,0.0000000000,1,1.0000000000,19.3319379066,BminDW,0.7753971266,3551.3945535000,117.1353120000,0.0329829058,0.0500000000,0.0500000000,0.0500000000
29045,29045,Mayo,ED,2020,100.0000000000,2810.0598956000,0.0000000000,1.0000000000,0.0000000000,0.0000000000,0.0000000000,0.0000000000,1.0000000000,0.0000000000,0.0000000000,1,1.0000000000,19.8105980944,BminSW,0.7083578369,2810.0598956000,0.0000000000,0.0000000000,0.0500000000,0.0500000000,0.0500000000
29046,29046,Mayo,ED,2020,98.0000000000,2903.4379499000,0.0000000000,0.5485986509,0.0273783223,0.0000000000,0.4240230268,0.0000000000,0.5485986509,0.0273783223,0.4240230268,1,0.5485986509,20.7985554932,BminDW,0.5794825668,2903.4379499000,376.4566130000,0.1296589145,0.4569286238,0.4569286238,0.4569286238
29047,29047,Mayo,ED,2020,64.0000000000,1949.4614782000,0.0000000000,0.0000000000,0.0000000000,0.6592261145,0.0000000000,0.3407738855,0.0000000000,0.6592261145,0.3407738855,2,0.6592261145,17.3668208396,AminSW,0.4785554180,1949.4614782000,884.8361257000,0.4538874636,0.1120408749,0.1120408749,0.2267675890
29048,29048,Mayo,ED,2020,49.0000000000,1128.0824743000,0.0000000000,0.1163518537,0.6505709505,0.0000000000,0.2330771958,0.0000000000,0.1163518537,0.6505709505,0.2330771958,2,0.6505709505,18.9487030808,AminPD,0.4134271427,1128.0824743000,119.0983290000,0.1055759058,0.3690089786,0.3690089786,0.3690089786
29049,29049,Mayo,ED,2020,57.0000000000,1661.6853095000,0.0000000000,0.8405735695,0.1238028335,0.0000000000,0.0356235970,0.0000000000,0.8405735695,0.1238028335,0.0356235970,1,0.8405735695,20.7170678161,BminDW,1.0000000000,1661.6853095000,0.0000000000,0.0000000000,0.1024128422,0.1024128422,0.1024128422
29050,29050,Mayo,ED,2020,120.0000000000,2951.8032862000,0.0000000000,1.0000000000,0.0000000000,0.0000000000,0.0000000000,0.0000000000,1.0000000000,0.0000000000,0.0000000000,1,1.0000000000,20.0396936935,BminDW,0.5270147719,2951.8032862000,0.0000000000,0.0000000000,0.0500000000,0.0500000000,0.0500000000
29051,29051,Mayo,ED,2020,158.0000000000,2925.9672549000,0.0000000000,0.0000000000,0.3553365400,0.0695562425,0.5751072175,0.0000000000,0.0000000000,0.4248927825,0.5751072175,3,0.5751072175,16.0761673486,AminPD,0.3761973634,2925.9672549000,1014.8655271000,0.3468478758,0.5751072175,0.5751072175,0.5924962781
29052,29052,Mayo,ED,2020,142.0000000000,1799.6554378000,0.0000000000,0.0000000000,0.4585218804,0.2305347934,0.3109433262,0.0000000000,0.0000000000,0.6890566738,0.3109433262,2,0.6890566738,16.1681597763,AminPD,0.3768537631,1799.6554378000,428.8041633000,0.2382701457,0.1086318359,0.1086318359,0.1662655342
29053,29053,Mayo,ED,2020,38.0000000000,741.5356323000,0.0000000000,0.0000000000,0.0000000000,0.0000000000,1.0000000000,0.0000000000,0.0000000000,0.0000000000,1.0000000000,3,1.0000000000,14.4064502539,BktPt,0.8877843540,741.5356323000,741.5356323000,1.0000000000,1.0000000000,1.0000000000,1.0000000000
29054,29054,Mayo,ED,2020,39.0000000000,1312.8578416000,0.0000000000,0.0000000000,0.0000000000,0.0000000000,1.0000000000,0.0000000000,0.0000000000,0.0000000000,1.0000000000,3,1.0000000000,14.0000000000,BktPt,1.0000000000,1312.8578416000,1312.8578416000,1.0000000000,1.0000000000,1.0000000000,1.0000000000
29055,29055,Mayo,ED,2020,109.0000000000,1329.6626051000,0.0000000000,0.0000000000,0.0000000000,0.0546083298,0.9453916702,0.0000000000,0.0000000000,0.0546083298,0.9453916702,3,0.9453916702,15.1566887270,BktPt,0.5172880609,1329.6626051000,687.8185907000,0.5172880609,0.9453916702,0.9453916702,0.9590437527
29056,29056,Mayo,ED,2020,59.0000000000,1019.0183764000,0.0000000000,0.0000000000,0.0000000000,0.0000000000,1.0000000000,0.0000000000,0.0000000000,0.0000000000,1.0000000000,3,1.0000000000,14.3848409500,BktPt,0.9864949442,1019.0183764000,1019.0183764000,1.0000000000,0.8511480388,0.8511480388,0.9751913398
29057,29057,Mayo,ED,2020,77.0000000000,1311.4538965000,0.0000000000,0.0000000000,0.0000000000,0.0000000000,1.0000000000,0.0000000000,0.0000000000,0.0000000000,1.0000000000,3,1.0000000000,14.8779277904,BktPt,0.8662712248,1311.4538965000,1136.0747732000,0.8662712248,1.0000000000,1.0000000000,1.0000000000
29058/29065,29058/29065,Mayo,COUNTY_FALLBACK,2020,11454.0000000000,253593.5135371600,0.0014707015,0.1710430576,0.2351945498,0.1858684583,0.3879422971,0.0184809357,0.1725137591,0.4210630081,0.4064232328,2,0.4210630081,19.1128125314,,,253593.5135371600,74711.6595742000,0.2946118713,0.4160885530,0.4160885530,0.4578422166
29059,29059,Mayo,ED,2020,42.0000000000,1019.7737570000,0.0000000000,0.0000000000,0.0000000000,0.0000000000,1.0000000000,0.0000000000,0.0000000000,0.0000000000,1.0000000000,3,1.0000000000,14.2039910074,AminSRPT,0.5267614295,1019.7737570000,1019.7737570000,1.0000000000,1.0000000000,1.0000000000,1.0000000000
29060,29060,Mayo,ED,2020,78.0000000000,681.4211702000,0.0000000000,0.0000000000,0.1085756603,0.0000000000,0.8914243397,0.0000000000,0.0000000000,0.1085756603,0.8914243397,3,0.8914243397,14.0000000000,BktPt,0.8119386751,681.4211702000,681.4211702000,1.0000000000,0.7221691473,0.7221691473,0.8632151410
29061,29061,Mayo,ED,2020,156.0000000000,2094.4817382000,0.0000000000,0.0000000000,0.0000000000,0.0000000000,1.0000000000,0.0000000000,0.0000000000,0.0000000000,1.0000000000,3,1.0000000000,14.3247015043,BktPt,0.9725726231,2094.4817382000,2037.0355982000,0.9725726231,0.9109374726,0.9109374726,0.9851562454
29062,29062,Mayo,ED,2020,61.0000000000,690.2884756000,0.0000000000,0.0000000000,0.0000000000,0.0000000000,1.0000000000,0.0000000000,0.0000000000,0.0000000000,1.0000000000,3,1.0000000000,14.8597047730,BktPt,1.0000000000,690.2884756000,690.2884756000,1.0000000000,1.0000000000,1.0000000000,1.0000000000
29063,29063,Mayo,ED,2020,44.0000000000,597.4271230000,0.0000000000,0.0000000000,0.0000000000,0.0000000000,1.0000000000,0.0000000000,0.0000000000,0.0000000000,1.0000000000,3,1.0000000000,14.0504122542,BktPt,0.7681060440,597.4271230000,458.8873840000,0.7681060440,1.0000000000,1.0000000000,1.0000000000
29064,29064,Mayo,ED,2020,106.0000000000,1440.8327894000,0.0000000000,0.0000000000,0.0000000000,0.0000000000,1.0000000000,0.0000000000,0.0000000000,0.0000000000,1.0000000000,3,1.0000000000,15.3284557012,BktPt,0.8374057680,1440.8327894000,1206.5616885000,0.8374057680,1.0000000000,1.0000000000,1.0000000000
29066,29066,Mayo,ED,2020,103.0000000000,1834.4420136000,0.0000000000,0.0000000000,0.2229877692,0.5477402495,0.2292719813,0.0000000000,0.0000000000,0.7707280187,0.2292719813,2,0.7707280187,19.5526020694,AminSRPT,0.3278374644,1834.4420136000,1100.3112311000,0.5998070383,0.1623092728,0.1623092728,0.3143378599
29067,29067,Mayo,ED,2020,119.0000000000,2721.2809741000,0.0000000000,0.3171237732,0.2007871779,0.3157936622,0.1662953867,0.0000000000,0.3171237732,0.5165808401,0.1662953867,2,0.5165808401,21.3916045934,BminPD,0.3842632525,2721.2809741000,219.3469700000,0.0806043081,0.2511676827,0.2511676827,0.2579694190
29068,29068,Mayo,ED,2020,82.0000000000,1522.0189088000,0.0000000000,0.4733028560,0.4189476498,0.0000000000,0.1077494942,0.0000000000,0.4733028560,0.4189476498,0.1077494942,1,0.4733028560,22.0942625679,BminDW,0.8690264762,1522.0189088000,56.9362470000,0.0374083703,0.2152041670,0.2152041670,0.2152041670
29069,29069,Mayo,ED,2020,69.0000000000,1183.0188588000,0.0000000000,0.0000000000,0.3138590176,0.0000000000,0.6861409824,0.0000000000,0.0000000000,0.3138590176,0.6861409824,3,0.6861409824,21.0749397933,BminDW,0.6441290460,1183.0188588000,55.1335170000,0.0466040897,0.7489127859,0.7489127859,0.7489127859
29070,29070,Mayo,ED,2020,81.0000000000,2148.6958998000,0.0000000000,0.0000000000,0.0000000000,0.6255074526,0.2114486112,0.1630439362,0.0000000000,0.6255074526,0.3744925474,2,0.6255074526,17.6077350828,AminPD,0.4730605821,2148.6958998000,675.4771426000,0.3143660965,0.3147603405,0.3147603405,0.3229125374
29071,29071,Mayo,ED,2020,130.0000000000,2124.7989301000,0.0000000000,0.0000000000,0.6050423803,0.3544176733,0.0405399464,0.0000000000,0.0000000000,0.9594600536,0.0405399464,2,0.9594600536,21.8396008455,BminDW,0.3333027982,2124.7989301000,326.9579005000,0.1538771014,0.1615484224,0.1615484224,0.2501528408
29072,29072,Mayo,ED,2020,94.0000000000,1499.3518710000,0.0000000000,0.0000000000,0.8584183088,0.0000000000,0.1415816912,0.0000000000,0.0000000000,0.8584183088,0.1415816912,2,0.8584183088,23.2863799278,BminDW,0.7362501904,1499.3518710000,54.1509100000,0.0361162120,0.3132653530,0.3132653530,0.3132653530
29073,29073,Mayo,ED,2020,59.0000000000,1167.0603048000,0.0000000000,0.0000000000,0.0000000000,0.5111515815,0.4888484185,0.0000000000,0.0000000000,0.5111515815,0.4888484185,2,0.5111515815,17.9764729602,AminPD,0.4868048610,1167.0603048000,532.3415593000,0.4561388620,0.5154704741,0.5154704741,0.5988882768
29074,29074,Mayo,ED,2020,117.0000000000,2450.4779313000,0.0000000000,0.0000000000,0.7195445138,0.0879979943,0.1924574919,0.0000000000,0.0000000000,0.8075425081,0.1924574919,2,0.8075425081,20.4603323069,BminDW,0.3768557040,2450.4779313000,645.0728058000,0.2632436708,0.3403548429,0.3403548429,0.3523832208
29075,29075,Mayo,ED,2020,80.0000000000,1837.5779250000,0.0000000000,0.0153370867,0.7918611114,0.0000000000,0.1928018019,0.0000000000,0.0153370867,0.7918611114,0.1928018019,2,0.7918611114,20.6785923778,BminDW,0.6629409901,1837.5779250000,358.4898920000,0.1950882665,0.3519408785,0.3519408785,0.3519408785
29076,29076,Mayo,ED,2020,73.0000000000,1452.2895572000,0.0000000000,0.0000000000,0.2894084525,0.4348040677,0.2757874797,0.0000000000,0.0000000000,0.7242125203,0.2757874797,2,0.7242125203,17.4627089984,Cut,0.3616521522,1452.2895572000,525.2236440000,0.3616521522,0.3771495770,0.3771495770,0.3771495770
29077,29077,Mayo,ED,2020,32.0000000000,1415.7392812000,0.0000000000,0.0000000000,0.0000000000,0.7724954988,0.2275045012,0.0000000000,0.0000000000,0.7724954988,0.2275045012,2,0.7724954988,17.8132602315,AminPD,0.5599204696,1415.7392812000,300.9508190000,0.2125750292,0.2912117350,0.2912117350,0.3698455636
29078,29078,Mayo,ED,2020,60.0000000000,1691.9054774000,0.0000000000,0.0776245593,0.4503847416,0.1855095627,0.2864811365,0.0000000000,0.0776245593,0.6358943042,0.2864811365,2,0.6358943042,18.4973781855,AminPD,0.4110079437,1691.9054774000,138.1800000000,0.0816712292,0.3989902690,0.3989902690,0.3989902690
29079,29079,Mayo,ED,2020,97.0000000000,2031.6292612000,0.0000000000,0.0000000000,0.8509238979,0.1027931951,0.0462829069,0.0000000000,0.0000000000,0.9537170931,0.0462829069,2,0.9537170931,23.5800110088,BminDW,0.4878917482,2031.6292612000,120.7736360000,0.0594466905,0.2164676865,0.2164676865,0.2421659853
29080,29080,Mayo,ED,2020,76.0000000000,1522.3016067000,0.0000000000,0.0000000000,0.2085752643,0.0000000000,0.7914247357,0.0000000000,0.0000000000,0.2085752643,0.7914247357,3,0.7914247357,16.6841913769,AminSRPT,0.4398625608,1522.3016067000,750.1623001000,0.4927816517,0.8331397885,0.8331397885,0.8331397885
29081,29081,Mayo,ED,2020,95.0000000000,1896.1412238000,0.0000000000,0.0000000000,0.8309721263,0.0050458052,0.1639820685,0.0000000000,0.0000000000,0.8360179315,0.1639820685,2,0.8360179315,20.5605298835,BminDW,0.3184035225,1896.1412238000,296.6944241000,0.1564727460,0.3301764938,0.3301764938,0.3314379451
29082,29082,Mayo,ED,2020,67.0000000000,1417.7639404000,0.0000000000,0.0000000000,0.3412538640,0.5311458855,0.1276002505,0.0000000000,0.0000000000,0.8723997495,0.1276002505,2,0.8723997495,16.7401183710,BminDW,0.2048977871,1417.7639404000,509.4944640000,0.3593648064,0.2530686349,0.2530686349,0.2530686349
29083,29083,Mayo,ED,2020,112.0000000000,1643.1743683000,0.0000000000,0.0000000000,0.7720285332,0.0000000000,0.2279714668,0.0000000000,0.0000000000,0.7720285332,0.2279714668,2,0.7720285332,21.5700854967,BminDW,0.3299228403,1643.1743683000,632.7992353000,0.3851077813,0.3823771734,0.3823771734,0.3823771734
29084,29084,Mayo,ED,2020,58.0000000000,1678.2030117000,0.0000000000,1.0000000000,0.0000000000,0.0000000000,0.0000000000,0.0000000000,1.0000000000,0.0000000000,0.0000000000,1,1.0000000000,23.1346763676,BminDW,0.9034548175,1678.2030117000,31.5000000000,0.0187700771,0.0500000000,0.0500000000,0.0500000000
29085,29085,Mayo,ED,2020,93.0000000000,1846.5916278000,0.0000000000,0.0000000000,0.7348898477,0.0000000000,0.2651101523,0.0000000000,0.0000000000,0.7348898477,0.2651101523,2,0.7348898477,22.8732076174,BminSW,0.4071186437,1846.5916278000,85.1286780000,0.0461004354,0.3753436294,0.3753436294,0.3753436294
29086,29086,Mayo,ED,2020,62.0000000000,1524.6411248000,0.1514651522,0.1842453555,0.0841033805,0.0000000000,0.5801861117,0.0000000000,0.3357105077,0.0841033805,0.5801861117,3,0.5801861117,21.4218395011,BminDW,0.3786725114,1524.6411248000,120.1594120000,0.0788116036,0.6020138866,0.6020138866,0.6020138866
29087,29087,Mayo,ED,2020,109.0000000000,2414.8899760000,0.0000000000,0.0000000000,0.7555189600,0.0000000000,0.2444810400,0.0000000000,0.0000000000,0.7555189600,0.2444810400,2,0.7555189600,21.6132644417,BminDW,0.5782190327,2414.8899760000,250.8155247000,0.1038620919,0.3578088840,0.3578088840,0.3578088840
29088,29088,Mayo,ED,2020,64.0000000000,1665.4458510000,0.0536913283,0.0468194760,0.2357361188,0.0000000000,0.6637530769,0.0000000000,0.1005108043,0.2357361188,0.6637530769,3,0.6637530769,20.7194437185,BminDW,0.3876031482,1665.4458510000,424.8068810000,0.2550709654,0.7014544685,0.7014544685,0.7014544685
29089,29089,Mayo,ED,2020,56.0000000000,1176.6373950000,0.0000000000,0.8374517351,0.0000000000,0.0000000000,0.1625482649,0.0000000000,0.8374517351,0.0000000000,0.1625482649,1,0.8374517351,21.8215160544,BminDW,0.4726182107,1176.6373950000,179.8700000000,0.1528678255,0.2044208517,0.2044208517,0.2044208517
29090,29090,Mayo,ED,2020,30.0000000000,834.7201697000,0.0000000000,0.9352357808,0.0000000000,0.0000000000,0.0647642192,0.0000000000,0.9352357808,0.0000000000,0.0647642192,1,0.9352357808,21.1333335567,BminDW,0.6927304954,834.7201697000,33.0883390000,0.0396400377,0.1115260082,0.1115260082,0.1115260082
29091,29091,Mayo,ED,2020,76.0000000000,2004.6710163200,0.0000000000,0.0000000000,0.8244257913,0.0000000000,0.1755742087,0.0000000000,0.0000000000,0.8244257913,0.1755742087,2,0.8244257913,20.6507616030,AminDW,0.5193865510,2004.6710163200,177.2000000000,0.0883935561,0.2875172515,0.2875172515,0.3031450193
29092,29092,Mayo,ED,2020,49.0000000000,946.8628778000,0.0000000000,0.6244823242,0.0000000000,0.0000000000,0.3755176758,0.0000000000,0.6244823242,0.0000000000,0.3755176758,1,0.6244823242,22.4142169245,BminDW,0.4439427719,946.8628778000,214.0082120000,0.2260181670,0.4067417920,0.4067417920,0.4067417920
29093,29093,Mayo,ED,2020,91.0000000000,2588.8613228000,0.0000000000,0.0000000000,0.6649157545,0.0000000000,0.3350842455,0.0000000000,0.0000000000,0.6649157545,0.3350842455,2,0.6649157545,22.0233933124,BminDW,0.4544591105,2588.8613228000,389.0789740000,0.1502896160,0.4271398530,0.4271398530,0.4373821939
29094,29094,Mayo,ED,2020,84.0000000000,2034.8561063000,0.0000000000,0.5623307593,0.0000000000,0.3469770755,0.0906921652,0.0000000000,0.5623307593,0.3469770755,0.0906921652,1,0.5623307593,20.2913421651,BminDW,0.4271217308,2034.8561063000,0.0000000000,0.0000000000,0.1188087031,0.1188087031,0.1188087031
29095,29095,Mayo,ED,2020,64.0000000000,1727.8832124000,0.0000000000,0.5615681656,0.0000000000,0.0608209123,0.3776109221,0.0000000000,0.5615681656,0.0608209123,0.3776109221,1,0.5615681656,20.6496830244,BminPD,0.5040628822,1727.8832124000,145.7076890000,0.0843272786,0.4117714216,0.4117714216,0.4117714216
29096,29096,Mayo,ED,2020,87.0000000000,2254.5869182000,0.0000000000,0.6275515578,0.0000000000,0.0180854216,0.3543630206,0.0000000000,0.6275515578,0.0180854216,0.3543630206,1,0.6275515578,21.2234780598,BminDW,0.5570200335,2254.5869182000,580.8363075000,0.2576242694,0.3857405985,0.3857405985,0.3902619539
29097,29097,Mayo,ED,2020,81.0000000000,1895.3546823000,0.0000000000,0.0000000000,0.4032469670,0.1295449312,0.4672081018,0.0000000000,0.0000000000,0.5327918982,0.4672081018,2,0.5327918982,19.5996535805,BminPD,0.4694625055,1895.3546823000,533.3250363000,0.2813853477,0.5276951468,0.5276951468,0.5600813796
29098,29098,Mayo,ED,2020,87.0000000000,1667.7822854000,0.0000000000,0.0000000000,0.6317443288,0.0000000000,0.3682556712,0.0000000000,0.0000000000,0.6317443288,0.3682556712,2,0.6317443288,20.9516484157,BminDW,0.4368056493,1667.7822854000,251.9697530000,0.1510807227,0.4630173206,0.4630173206,0.4630173206
29099,29099,Mayo,ED,2020,76.0000000000,1622.4737870000,0.0000000000,0.0000000000,0.7096384042,0.0000000000,0.2903615958,0.0000000000,0.0000000000,0.7096384042,0.2903615958,2,0.7096384042,20.5789551710,AminPD,0.4655866078,1622.4737870000,185.5875040000,0.1143855177,0.3968073565,0.3968073565,0.3968073565
29100,29100,Mayo,ED,2020,82.0000000000,2299.1916074000,0.0000000000,0.7721191557,0.0000000000,0.0236169964,0.2042638478,0.0000000000,0.7721191557,0.0236169964,0.2042638478,1,0.7721191557,19.9893466186,BminDW,0.6700190461,2299.1916074000,0.0000000000,0.0000000000,0.2452315052,0.2452315052,0.2452315052
29101,29101,Mayo,ED,2020,75.0000000000,1543.2965716000,0.0340895995,0.6781657053,0.0000000000,0.0000000000,0.2877446952,0.0000000000,0.7122553048,0.0000000000,0.2877446952,1,0.7122553048,20.5320113279,BminPD,0.5226251411,1543.2965716000,483.2338007000,0.3131179124,0.3216529805,0.3216529805,0.3216529805
29102,29102,Mayo,ED,2020,37.0000000000,796.6417790000,0.0000000000,0.4966866256,0.0000000000,0.0000000000,0.5033133744,0.0000000000,0.4966866256,0.0000000000,0.5033133744,3,0.5033133744,21.7953985815,BminDW,0.6783425251,796.6417790000,91.9700000000,0.1154471212,0.5281477057,0.5281477057,0.5281477057
29103,29103,Mayo,ED,2020,91.0000000000,2139.1649073000,0.0000000000,0.5820628083,0.2529656653,0.0000000000,0.1649715264,0.0000000000,0.5820628083,0.2529656653,0.1649715264,1,0.5820628083,21.5103162585,BminDW,0.3876273680,2139.1649073000,327.3000000000,0.1530036319,0.2320195166,0.2320195166,0.2320195166
29104,29104,Mayo,ED,2020,56.0000000000,1212.3850656000,0.0000000000,0.0000000000,0.4703055083,0.1885898834,0.3411046084,0.0000000000,0.0000000000,0.6588953916,0.3411046084,2,0.6588953916,21.6789213557,Cut,0.2611651593,1212.3850656000,623.8164965000,0.5145366057,0.4540246984,0.4540246984,0.4540246984
29105,29105,Mayo,ED,2020,46.0000000000,968.4963362000,0.0000000000,0.0000000000,0.2620574266,0.6441155329,0.0938270405,0.0000000000,0.0000000000,0.9061729595,0.0938270405,2,0.9061729595,21.8056161572,BminPD,0.5038430893,968.4963362000,0.0000000000,0.0000000000,0.1462385259,0.1462385259,0.3072674091
29106,29106,Mayo,ED,2020,107.0000000000,1928.6720457000,0.0000000000,0.0000000000,0.0465305728,0.4340172472,0.5194521799,0.0000000000,0.0000000000,0.4805478201,0.5194521799,3,0.5194521799,21.2254139731,AminPD,0.5077324228,1928.6720457000,8.4155850000,0.0043634090,0.5721600192,0.5721600192,0.5721600192
29107,29107,Mayo,ED,2020,75.0000000000,1688.2290786000,0.0000000000,0.0000000000,0.0000000000,0.7252911221,0.2747088779,0.0000000000,0.0000000000,0.7252911221,0.2747088779,2,0.7252911221,19.2558909644,AminSRPT,0.3824555264,1688.2290786000,1054.3545178000,0.6245328499,0.3472379901,0.3472379901,0.3472379901
29108,29108,Mayo,ED,2020,74.0000000000,1696.3433447000,0.0000000000,0.0000000000,0.0000000000,0.1856852671,0.8143147329,0.0000000000,0.0000000000,0.1856852671,0.8143147329,3,0.8143147329,17.8110888319,AminPD,0.6009877069,1696.3433447000,380.5276138000,0.2243222842,0.7520329377,0.7520329377,0.8194082060
29109,29109,Mayo,ED,2020,82.0000000000,1664.4625796000,0.0000000000,0.0000000000,0.2344245448,0.0000000000,0.7655754552,0.0000000000,0.0000000000,0.2344245448,0.7655754552,3,0.7655754552,21.4651851584,BminDW,0.3879991290,1664.4625796000,368.9022530000,0.2216344528,0.8007391369,0.8007391369,0.8007391369
29110,29110,Mayo,ED,2020,72.0000000000,1656.9350894000,0.0000000000,0.0000000000,0.1728107789,0.1720790266,0.6551101945,0.0000000000,0.0000000000,0.3448898055,0.6551101945,3,0.6551101945,20.6646824458,AminPD,0.5054542807,1656.9350894000,106.2283380000,0.0641113455,0.7068802529,0.7068802529,0.7068802529
29111,29111,Mayo,ED,2020,75.0000000000,1851.5735020000,0.0000000000,0.0000000000,0.0631796523,0.0000000000,0.9368203477,0.0000000000,0.0000000000,0.0631796523,0.9368203477,3,0.9368203477,18.8066462108,AminDW,0.4247718712,1851.5735020000,475.3497930000,0.2567274766,0.9494562782,0.9494562782,0.9494562782
29112,29112,Mayo,ED,2020,117.0000000000,2353.4808568000,0.0000000000,0.0000000000,0.0000000000,0.5152617614,0.4847382386,0.0000000000,0.0000000000,0.5152617614,0.4847382386,2,0.5152617614,22.2228663539,AminPD,0.5989957132,2353.4808568000,317.2108808000,0.1347837098,0.2164390708,0.2164390708,0.4960432624
29113,29113,Mayo,ED,2020,133.0000000000,2593.9161044000,0.0000000000,0.1677393892,0.0276992806,0.6637158060,0.1408455242,0.0000000000,0.1677393892,0.6914150866,0.1408455242,2,0.6914150866,22.1661493620,BminDW,0.2039569777,2593.9161044000,511.1211570000,0.1970461404,0.2197589663,0.2197589663,0.2197589663
29114,29114,Mayo,ED,2020,87.0000000000,1757.8341465000,0.0000000000,0.0000000000,0.3429298728,0.5398057440,0.1172643832,0.0000000000,0.0000000000,0.8827356168,0.1172643832,2,0.8827356168,22.3009575160,AminPD,0.3435707097,1757.8341465000,476.0240094000,0.2708014350,0.2398309322,0.2398309322,0.2398309322
29115,29115,Mayo,ED,2020,97.0000000000,2142.7123157000,0.0000000000,0.0000000000,0.0000000000,0.7671964821,0.2328035179,0.0000000000,0.0000000000,0.7671964821,0.2328035179,2,0.7671964821,21.5597102501,AminPD,0.5834251462,2142.7123157000,176.3989170000,0.0823250586,0.0232803518,0.0232803518,0.3896821108
29116,29116,Mayo,ED,2020,47.0000000000,652.7330015000,0.0000000000,0.0000000000,0.0774772378,0.1025904985,0.8199322637,0.0000000000,0.0000000000,0.1800677363,0.8199322637,3,0.8199322637,21.2560549782,AminDW,0.3885395505,652.7330015000,187.4964055000,0.2872482394,0.8456867611,0.8456867611,0.8456867611
29117,29117,Mayo,ED,2020,80.0000000000,1629.1824336000,0.0000000000,0.0000000000,0.7982608023,0.1585791540,0.0431600437,0.0000000000,0.0000000000,0.9568399563,0.0431600437,2,0.9568399563,23.6846479698,BminDW,0.3838323144,1629.1824336000,281.7073140000,0.1729133019,0.2095026765,0.2095026765,0.2324212841
29118,29118,Mayo,ED,2020,115.0000000000,2493.6229333000,0.0000000000,0.0000000000,0.0000000000,0.7699674093,0.2300325907,0.0000000000,0.0000000000,0.7699674093,0.2300325907,2,0.7699674093,21.5703356963,BminSW,0.2033539858,2493.6229333000,817.4118190000,0.3278008909,0.1000000000,0.1000000000,0.2725244430
29119,29119,Mayo,ED,2020,145.0000000000,2122.0099766000,0.0000000000,0.0000000000,0.2259726202,0.5218993177,0.2521280622,0.0000000000,0.0000000000,0.7478719378,0.2521280622,2,0.7478719378,21.5464738783,BminPD,0.2789968850,2122.0099766000,248.9128498000,0.1173005087,0.3495125180,0.3495125180,0.3495125180
29120,29120,Mayo,ED,2020,47.0000000000,950.0777116000,0.0000000000,0.0000000000,0.5296251490,0.0097835142,0.4605913367,0.0000000000,0.0000000000,0.5394086633,0.4605913367,2,0.5394086633,21.8159361599,AminPD,0.2450968831,950.0777116000,295.6039862000,0.3111366392,0.5665163666,0.5665163666,0.5689622451
29121,29121,Mayo,ED,2020,109.0000000000,2012.2148263000,0.0000000000,0.0000000000,0.4429792440,0.3428648661,0.2141558899,0.0000000000,0.0000000000,0.7858441101,0.2141558899,2,0.7858441101,20.5792199517,AminPD,0.4147585724,2012.2148263000,363.1909108000,0.1804931094,0.2421278494,0.2421278494,0.2517726244
29122,29122,Mayo,ED,2020,71.0000000000,1566.7651880000,0.0000000000,0.0000000000,0.0000000000,0.1909758165,0.8090241835,0.0000000000,0.0000000000,0.1909758165,0.8090241835,3,0.8090241835,18.1649847941,AminPD,0.5300774228,1566.7651880000,359.4388030000,0.2294145962,0.8222037234,0.8222037234,0.8369988278
29123,29123,Mayo,ED,2020,88.0000000000,2228.0376335000,0.0000000000,0.0000000000,0.0556175211,0.1021257436,0.8422567354,0.0000000000,0.0000000000,0.1577432646,0.8422567354,3,0.8422567354,18.1905773859,AminDW,0.3593614667,2228.0376335000,675.1167950000,0.3030096013,0.8505993635,0.8505993635,0.8761307994
29124,29124,Mayo,ED,2020,87.0000000000,664.9439129000,0.0000000000,0.0000000000,0.0000000000,0.0000000000,1.0000000000,0.0000000000,0.0000000000,0.0000000000,1.0000000000,3,1.0000000000,14.0228999308,AminSRPT,0.4918357707,664.9439129000,440.1788599000,0.6619789299,0.8468711568,0.8468711568,0.9744785261
29125,29125,Mayo,ED,2020,78.0000000000,1479.5857021000,0.0000000000,0.2933379518,0.0000000000,0.4502029095,0.0402792531,0.2161798856,0.2933379518,0.4502029095,0.2564591387,2,0.4502029095,21.0021656798,AminDW,0.3861491762,1479.5857021000,191.5635340000,0.1294710632,0.0637151139,0.0637151139,0.0939245537
29126,29126,Mayo,ED,2020,29.0000000000,1343.0280952200,0.0000000000,0.0000000000,0.0000000000,1.0000000000,0.0000000000,0.0000000000,0.0000000000,1.0000000000,0.0000000000,2,1.0000000000,18.5267278247,BktPt,0.6101882775,1343.0280952200,1117.0000000000,0.8317026308,0.1122633325,0.1122633325,0.1122633325
29127,29127,Mayo,ED,2020,75.0000000000,1857.3641593000,0.0000000000,0.0000000000,0.0000000000,0.6498632055,0.3501367945,0.0000000000,0.0000000000,0.6498632055,0.3501367945,2,0.6498632055,15.7055452637,AminPD,0.4652187192,1857.3641593000,707.9331532000,0.3811493560,0.3578640973,0.3578640973,0.5010116416
29128,29128,Mayo,ED,2020,91.0000000000,3218.5471618000,0.0000000000,0.0000000000,0.0000000000,0.0000000000,1.0000000000,0.0000000000,0.0000000000,0.0000000000,1.0000000000,3,1.0000000000,14.5445426088,AminPD,0.5556400069,3218.5471618000,1430.1935946000,0.4443599931,1.0000000000,1.0000000000,1.0000000000
29129,29129,Mayo,ED,2020,83.0000000000,2753.1639187000,0.0000000000,0.0000000000,0.0000000000,0.0000000000,1.0000000000,0.0000000000,0.0000000000,0.0000000000,1.0000000000,3,1.0000000000,14.6373212042,BktPt,0.8568505318,2753.1639187000,2639.5193925000,0.9587222085,1.0000000000,1.0000000000,1.0000000000
29131,29131,Mayo,ED,2020,21.0000000000,337.2391763000,0.0000000000,0.0000000000,0.0000000000,0.0000000000,1.0000000000,0.0000000000,0.0000000000,0.0000000000,1.0000000000,3,1.0000000000,14.8018048287,AminSRPT,0.4955048649,337.2391763000,167.1036525000,0.4955048649,0.6301633441,0.6301633441,1.0000000000
29132,29132,Mayo,ED,2020,84.0000000000,1931.9208301000,0.0000000000,0.1923634809,0.0000000000,0.8076365191,0.0000000000,0.0000000000,0.1923634809,0.8076365191,0.0000000000,2,0.8076365191,19.4035480347,BminDW,0.3173585892,1931.9208301000,105.4261349000,0.0545706290,0.1116987682,0.1116987682,0.1116987682
29133,29133,Mayo,ED,2020,115.0000000000,1129.2868846000,0.0000000000,0.0000000000,0.0000000000,0.1000293963,0.6128066163,0.2871639874,0.0000000000,0.1000293963,0.8999706037,3,0.8999706037,14.6095036783,AminSRPT,0.6051084981,1129.2868846000,1061.8806823000,0.9403108252,0.5980410671,0.5980410671,0.6928655045
29134,29134,Mayo,ED,2020,59.0000000000,1047.2321113000,0.0000000000,0.0000000000,0.0000000000,0.1105544404,0.7791981545,0.1102474051,0.0000000000,0.1105544404,0.8894455596,3,0.8894455596,15.2801172630,BktPt,0.5315487211,1047.2321113000,758.8553986000,0.7246296121,0.6031222039,0.6031222039,0.8141338657
29135,29135,Mayo,ED,2020,89.0000000000,1953.0280697000,0.0000000000,0.0000000000,0.0000000000,0.7847733048,0.2152266952,0.0000000000,0.0000000000,0.7847733048,0.2152266952,2,0.7847733048,20.2742459789,AminPD,0.4759085589,1953.0280697000,0.0000000000,0.0000000000,0.2937040257,0.2937040257,0.2937040257
29136,29136,Mayo,ED,2020,51.0000000000,429.4541319000,0.0000000000,0.0000000000,0.0000000000,0.0000000000,1.0000000000,0.0000000000,0.0000000000,0.0000000000,1.0000000000,3,1.0000000000,14.6230902537,AminSRPT,0.7260137201,429.4541319000,429.4541319000,1.0000000000,0.6032564245,0.6032564245,0.9338760707
29137,29137,Mayo,ED,2020,60.0000000000,2010.9640012000,0.0000000000,0.0000000000,0.0000000000,0.0000000000,0.9124027008,0.0875972992,0.0000000000,0.0000000000,1.0000000000,3,1.0000000000,16.9931593864,AminSPPT,0.3412741648,2010.9640012000,1387.1069752000,0.6897721562,0.7195736398,0.7195736398,0.9028938263
29138,29138,Mayo,ED,2020,63.0000000000,1629.4420708000,0.0000000000,0.0000000000,0.0000000000,0.1108477836,0.8891522164,0.0000000000,0.0000000000,0.1108477836,0.8891522164,3,0.8891522164,17.5740442759,AminPD,0.3400844769,1629.4420708000,861.5369430000,0.5287312501,0.8891522164,0.8891522164,0.9168641623
29139,29139,Mayo,ED,2020,33.0000000000,1257.2447256000,0.0000000000,0.0000000000,0.0000000000,0.4011652550,0.0032990904,0.5955356546,0.0000000000,0.4011652550,0.5988347450,3,0.5988347450,19.1262010130,AminSRPT,0.6730937218,1257.2447256000,850.3912956000,0.6763928122,0.1800781300,0.1800781300,0.2404084116
29140,29140,Mayo,ED,2020,51.0000000000,1624.8915960000,0.0000000000,0.0000000000,0.0000000000,0.1421472597,0.8578527403,0.0000000000,0.0000000000,0.1421472597,0.8578527403,3,0.8578527403,19.5565699454,BktPt,0.6725739519,1624.8915960000,1092.8597622000,0.6725739519,0.8720674663,0.8720674663,0.8720674663
29141,29141,Mayo,ED,2020,122.0000000000,2521.7545399000,0.0000000000,0.0125353092,0.0000000000,0.8355417746,0.1519229161,0.0000000000,0.0125353092,0.8355417746,0.1519229161,2,0.8355417746,18.3084999916,AminPD,0.4960294253,2521.7545399000,574.0810070000,0.2276514220,0.2529352972,0.2529352972,0.2529352972
29142,29142,Mayo,ED,2020,34.0000000000,731.1419010000,0.0000000000,0.0000000000,0.0000000000,0.0000000000,0.7248140207,0.2751859793,0.0000000000,0.0000000000,1.0000000000,3,1.0000000000,14.4126393571,BktPt,0.7530858454,731.1419010000,731.1419010000,1.0000000000,0.6569891889,0.6569891889,0.8073698145
29143,29143,Mayo,ED,2020,65.0000000000,1565.4070777000,0.0000000000,0.0000000000,0.2187256758,0.5823134268,0.1989608974,0.0000000000,0.0000000000,0.8010391026,0.1989608974,2,0.8010391026,19.1793864171,AminPD,0.6466200584,1565.4070777000,78.0742830000,0.0498747477,0.3083927111,0.3083927111,0.3083927111
29144,29144,Mayo,ED,2020,105.0000000000,2010.7920034000,0.0000000000,0.0000000000,0.0000000000,1.0000000000,0.0000000000,0.0000000000,0.0000000000,1.0000000000,0.0000000000,2,1.0000000000,18.8916619169,BminPD,0.4673488896,2010.7920034000,49.0561190000,0.0243964164,0.1000000000,0.1000000000,0.1000000000
29145,29145,Mayo,ED,2020,72.0000000000,1021.2974644000,0.0000000000,0.0000000000,0.0000000000,0.6159909330,0.1235780998,0.2604309671,0.0000000000,0.6159909330,0.3840090670,2,0.6159909330,15.3024055934,AminSRPT,0.3067424104,1021.2974644000,757.4753054000,0.7416794145,0.1886858416,0.1886858416,0.3557051232
29146,29146,Mayo,ED,2020,73.0000000000,1662.7821689000,0.0000000000,0.0000000000,0.0000000000,0.5997974203,0.4002025797,0.0000000000,0.0000000000,0.5997974203,0.4002025797,2,0.5997974203,18.3356472943,AminDW,0.5506811453,1662.7821689000,43.1131877000,0.0259283438,0.2323052595,0.2323052595,0.4283290899
29147,29147,Mayo,ED,2020,64.0000000000,1319.5474020000,0.0000000000,0.0000000000,0.0000000000,0.6486961576,0.2394473075,0.1118565349,0.0000000000,0.6486961576,0.3513038424,2,0.6486961576,16.6520285211,BktPt,0.3812686071,1319.5474020000,620.4832930000,0.4702243300,0.2800544084,0.2800544084,0.4162138566
29148,29148,Mayo,ED,2020,83.0000000000,1901.4134839000,0.0000000000,0.0000000000,0.0000000000,0.5130270950,0.4869729050,0.0000000000,0.0000000000,0.5130270950,0.4869729050,2,0.5130270950,17.6951754570,AminPD,0.6274060003,1901.4134839000,470.9100000000,0.2476631222,0.5382756145,0.5382756145,0.5382756145
29149,29149,Mayo,ED,2020,66.0000000000,1389.6398087000,0.0000000000,0.0000000000,0.0000000000,0.8899760700,0.1100239300,0.0000000000,0.0000000000,0.8899760700,0.1100239300,2,0.8899760700,17.0801434674,AminPD,0.5324521795,1389.6398087000,570.7498348000,0.4107178214,0.1990215370,0.1990215370,0.1990215370
29150/29130,29150/29130,Mayo,COUNTY_FALLBACK,2020,11454.0000000000,253593.5135371600,0.0014707015,0.1710430576,0.2351945498,0.1858684583,0.3879422971,0.0184809357,0.1725137591,0.4210630081,0.4064232328,2,0.4210630081,19.1128125314,,,253593.5135371600,74711.6595742000,0.2946118713,0.4160885530,0.4160885530,0.4578422166
29151,29151,Mayo,ED,2020,79.0000000000,3568.8785954000,0.0000000000,0.0000000000,0.0000000000,0.0535630437,0.9464369563,0.0000000000,0.0000000000,0.0535630437,0.9464369563,3,0.9464369563,16.2589884056,AminPD,0.5152614722,3568.8785954000,436.0137640000,0.1221710833,0.4865769748,0.4865769748,0.9404793904
29152,29152,Mayo,ED,2020,107.0000000000,725.5341217000,0.0000000000,0.0000000000,0.0000000000,0.0000000000,1.0000000000,0.0000000000,0.0000000000,0.0000000000,1.0000000000,3,1.0000000000,14.0972392557,AminSRPT,0.6160990140,725.5341217000,725.5341217000,1.0000000000,0.7816273941,0.7816273941,0.9636045657
29153,29153,Mayo,ED,2020,31.0000000000,707.6104754000,0.0000000000,0.0000000000,0.0000000000,0.0853354881,0.9146645119,0.0000000000,0.0000000000,0.0853354881,0.9146645119,3,0.9146645119,16.6207261745,AminSRPT,0.4184249824,707.6104754000,447.2119007000,0.6320029398,0.6717929377,0.6717929377,0.8812972069
29154,29154,Mayo,ED,2020,46.0000000000,743.5655364000,0.0000000000,0.0000000000,0.0000000000,0.5981489190,0.4018510810,0.0000000000,0.0000000000,0.5981489190,0.4018510810,2,0.5981489190,20.3023066659,AminDW,0.4806985703,743.5655364000,0.0000000000,0.0000000000,0.1000000000,0.1000000000,0.4013883108
30001,30001,Roscommon,ED,2020,32.0000000000,904.8040700000,0.0000000000,0.4906517982,0.0000000000,0.0000000000,0.5093482018,0.0000000000,0.4906517982,0.0000000000,0.5093482018,3,0.5093482018,22.4238184693,BminSW,0.2593600181,904.8040700000,494.9181640000,0.5469893211,0.5338807917,0.5338807917,0.5338807917
30002,30002,Roscommon,ED,2020,76.0000000000,2103.5759169000,0.0000000000,0.7641508086,0.0000000000,0.0000000000,0.2358491914,0.0000000000,0.7641508086,0.0000000000,0.2358491914,1,0.7641508086,23.0337169607,BminDW,0.8729739539,2103.5759169000,267.2089313000,0.1270260461,0.2740567318,0.2740567318,0.2740567318
30003,30003,Roscommon,ED,2020,49.0000000000,1048.0698072000,0.0000000000,0.6560374374,0.0000000000,0.0000000000,0.3439625626,0.0000000000,0.6560374374,0.0000000000,0.3439625626,1,0.6560374374,22.9816738268,Cut,0.5020177596,1048.0698072000,583.6308457000,0.5568625694,0.3767644345,0.3767644345,0.3767644345
30004,30004,Roscommon,ED,2020,33.0000000000,1211.4803670000,1.0000000000,0.0000000000,0.0000000000,0.0000000000,0.0000000000,0.0000000000,1.0000000000,0.0000000000,0.0000000000,1,1.0000000000,23.3696967604,BminDW,1.0000000000,1211.4803670000,0.0000000000,0.0000000000,0.0500000000,0.0500000000,0.0500000000
30005,30005,Roscommon,ED,2020,57.0000000000,1897.5733338000,0.7428179864,0.2571820136,0.0000000000,0.0000000000,0.0000000000,0.0000000000,1.0000000000,0.0000000000,0.0000000000,1,1.0000000000,22.5002106146,BminDW,0.6810097079,1897.5733338000,352.9357410000,0.1859932023,0.0500000000,0.0500000000,0.0500000000
30006,30006,Roscommon,ED,2020,59.0000000000,1648.3766448000,0.0000000000,0.5615745283,0.0000000000,0.0000000000,0.4384254717,0.0000000000,0.5615745283,0.0000000000,0.4384254717,1,0.5615745283,22.5881885996,BminDW,0.3359798828,1648.3766448000,891.6552528000,0.5409293171,0.4665041981,0.4665041981,0.4665041981
30007,30007,Roscommon,ED,2020,63.0000000000,2614.6214615000,0.0000000000,0.5306132084,0.0000000000,0.0000000000,0.4693867916,0.0000000000,0.5306132084,0.0000000000,0.4693867916,1,0.5306132084,22.9028992662,BminDW,0.5561600916,2614.6214615000,389.0396120000,0.1487938571,0.4959174520,0.4959174520,0.4959174520
30008,30008,Roscommon,ED,2020,24.0000000000,752.3477523200,0.0000000000,0.6228412560,0.0000000000,0.0000000000,0.3771587440,0.0000000000,0.6228412560,0.0000000000,0.3771587440,1,0.6228412560,22.4235304374,Cut,0.5267435050,752.3477523200,585.8326310000,0.7786726673,0.4083008068,0.4083008068,0.4083008068
30009,30009,Roscommon,ED,2020,1.0000000000,29.5000000000,0.0000000000,0.0000000000,0.0000000000,0.0000000000,1.0000000000,0.0000000000,0.0000000000,0.0000000000,1.0000000000,3,1.0000000000,20.0000000000,AlluvMIN,1.0000000000,29.5000000000,0.0000000000,0.0000000000,1.0000000000,1.0000000000,1.0000000000
3001,3001,Dublin,ED,2020,28.0000000000,911.2024950000,0.0000000000,0.0000000000,0.0000000000,0.7767034560,0.2232965440,0.0000000000,0.0000000000,0.7767034560,0.2232965440,2,0.7767034560,20.5911018648,AminSW,0.6766096135,911.2024950000,0.0000000000,0.0000000000,0.1000000000,0.1000000000,0.2674724080
30010,30010,Roscommon,ED,2020,54.0000000000,1166.2293349000,0.0000000000,0.4019898539,0.0000000000,0.0000000000,0.5980101461,0.0000000000,0.4019898539,0.0000000000,0.5980101461,3,0.5980101461,22.7690710667,BminDW,0.3826386806,1166.2293349000,415.1978949000,0.3560173651,0.6181096388,0.6181096388,0.6181096388
30011,30011,Roscommon,ED,2020,75.0000000000,2129.2099450000,0.0000000000,0.6482504787,0.0000000000,0.0000000000,0.3517495213,0.0000000000,0.6482504787,0.0000000000,0.3517495213,1,0.6482504787,21.8901307809,BminDW,0.8061140373,2129.2099450000,259.4739200000,0.1218639433,0.3841620453,0.3841620453,0.3841620453
30012,30012,Roscommon,ED,2020,24.0000000000,717.8063450000,0.0000000000,0.6588443433,0.0000000000,0.0000000000,0.3411556567,0.0000000000,0.6588443433,0.0000000000,0.3411556567,1,0.6588443433,22.2550151963,BminDW,0.4949282665,717.8063450000,295.1836950000,0.4112302671,0.3740978738,0.3740978738,0.3740978738
30013,30013,Roscommon,ED,2020,32.0000000000,521.1230865000,0.0000000000,0.3842082924,0.0000000000,0.0000000000,0.6157917076,0.0000000000,0.3842082924,0.0000000000,0.6157917076,3,0.6157917076,20.8429049900,BminDW,0.7231087247,521.1230865000,144.2944360000,0.2768912753,0.6350021222,0.6350021222,0.6350021222
30014,30014,Roscommon,ED,2020,50.0000000000,1923.6278357000,0.0822092491,0.8097715967,0.0000000000,0.0000000000,0.1080191541,0.0000000000,0.8919808459,0.0000000000,0.1080191541,1,0.8919808459,22.2173289848,BminDW,0.4643942297,1923.6278357000,495.3061687000,0.2574854447,0.1526181964,0.1526181964,0.1526181964
30015,30015,Roscommon,ED,2020,40.0000000000,1036.6973389000,0.5354213364,0.4645786636,0.0000000000,0.0000000000,0.0000000000,0.0000000000,1.0000000000,0.0000000000,0.0000000000,1,1.0000000000,23.5466978402,BminDW,1.0000000000,1036.6973389000,0.0000000000,0.0000000000,0.0500000000,0.0500000000,0.0500000000
30016,30016,Roscommon,ED,2020,41.0000000000,731.0868762000,0.0183780210,0.7937022946,0.0000000000,0.0000000000,0.1879196843,0.0000000000,0.8120803157,0.0000000000,0.1879196843,1,0.8120803157,23.9008052225,BminDW,0.5323753987,731.0868762000,240.7373850000,0.3292869737,0.2285237001,0.2285237001,0.2285237001
30017,30017,Roscommon,ED,2020,27.0000000000,747.7585356000,0.3604648281,0.6395351719,0.0000000000,0.0000000000,0.0000000000,0.0000000000,1.0000000000,0.0000000000,0.0000000000,1,1.0000000000,22.8833293634,BminSW,0.3852340940,747.7585356000,123.1039400000,0.1646306049,0.0500000000,0.0500000000,0.0500000000
30018,30018,Roscommon,ED,2020,42.0000000000,1052.4236860000,0.0000000000,0.0645358058,0.0000000000,0.0000000000,0.9354641942,0.0000000000,0.0645358058,0.0000000000,0.9354641942,3,0.9354641942,22.1155733756,BminPDPT,0.5348418237,1052.4236860000,887.2853585000,0.8430875989,0.9386909845,0.9386909845,0.9386909845
30019,30019,Roscommon,ED,2020,57.0000000000,1973.3280578000,0.6924005810,0.3075994190,0.0000000000,0.0000000000,0.0000000000,0.0000000000,1.0000000000,0.0000000000,0.0000000000,1,1.0000000000,23.7129077744,BminSW,0.5925724693,1973.3280578000,0.0000000000,0.0000000000,0.0500000000,0.0500000000,0.0500000000
30020,30020,Roscommon,ED,2020,48.0000000000,1453.0238148000,0.7151698294,0.1269654971,0.0000000000,0.0000000000,0.1578646734,0.0000000000,0.8421353266,0.0000000000,0.1578646734,1,0.8421353266,22.0461429971,BminDW,0.7020835663,1453.0238148000,380.8796730000,0.2621289955,0.1999714398,0.1999714398,0.1999714398
30021,30021,Roscommon,ED,2020,43.0000000000,1971.9973852000,0.0000000000,0.8115432603,0.0000000000,0.0000000000,0.1884567397,0.0000000000,0.8115432603,0.0000000000,0.1884567397,1,0.8115432603,23.8470401826,BminDW,0.7409042214,1971.9973852000,241.3661980000,0.1223968144,0.2290339028,0.2290339028,0.2290339028
30022,30022,Roscommon,ED,2020,67.0000000000,1448.6212668000,0.0000000000,0.8171579948,0.0000000000,0.0000000000,0.1828420052,0.0000000000,0.8171579948,0.0000000000,0.1828420052,1,0.8171579948,22.7811954282,BminSW,0.5272435699,1448.6212668000,337.7157666000,0.2331290962,0.2236999049,0.2236999049,0.2236999049
30023,30023,Roscommon,ED,2020,52.0000000000,1831.7269009000,0.7546707554,0.2068955677,0.0000000000,0.0000000000,0.0384336770,0.0000000000,0.9615663230,0.0000000000,0.0384336770,1,0.9615663230,23.0534069248,BminDW,0.8330465492,1831.7269009000,270.8131270000,0.1478457989,0.0865119931,0.0865119931,0.0865119931
30024,30024,Roscommon,ED,2020,29.0000000000,968.8399943000,0.0000000000,0.0000000000,0.0000000000,0.8957516199,0.1042483801,0.0000000000,0.0000000000,0.8957516199,0.1042483801,2,0.8957516199,21.1621050471,AminPD,0.3350816824,968.8399943000,423.0351110000,0.4366408421,0.2386111231,0.2386111231,0.2386111231
30026,30026,Roscommon,ED,2020,55.0000000000,1663.7138656000,0.0000000000,0.0000000000,0.7381192893,0.2618807107,0.0000000000,0.0000000000,0.0000000000,1.0000000000,0.0000000000,2,1.0000000000,23.0643476368,BminPD,0.6688021895,1663.7138656000,181.5798366000,0.1091412654,0.1639950477,0.1639950477,0.1639950477
30027,30027,Roscommon,ED,2020,49.0000000000,1510.3001651000,0.0000000000,0.0000000000,0.6739047920,0.3260952080,0.0000000000,0.0000000000,0.0000000000,1.0000000000,0.0000000000,2,1.0000000000,23.4887109080,AminPD,0.6414531790,1510.3001651000,0.0000000000,0.0000000000,0.1347809584,0.1347809584,0.1347809584
30028,30028,Roscommon,ED,2020,13.0000000000,383.6118410000,0.0000000000,0.0000000000,0.0000000000,1.0000000000,0.0000000000,0.0000000000,0.0000000000,1.0000000000,0.0000000000,2,1.0000000000,19.2420975191,AminPD,0.5828925573,383.6118410000,127.6405930000,0.3327337151,0.1500000000,0.1500000000,0.1500000000
30029,30029,Roscommon,ED,2020,22.0000000000,442.2775254000,0.0000000000,0.0000000000,0.0000000000,1.0000000000,0.0000000000,0.0000000000,0.0000000000,1.0000000000,0.0000000000,2,1.0000000000,21.8292815147,AminPD,0.7057494826,442.2775254000,0.0000000000,0.0000000000,0.1500000000,0.1500000000,0.1500000000
3003,3003,Dublin,ED,2020,46.0000000000,697.5180032000,0.0000000000,0.0000000000,0.0000000000,0.1529988466,0.6634020223,0.1835991311,0.0000000000,0.1529988466,0.8470011534,3,0.8470011534,18.8122178066,AminSRPT,0.6302461017,697.5180032000,515.3471106000,0.7388298341,0.1275398697,0.1275398697,0.6342713429
30030,30030,Roscommon,ED,2020,58.0000000000,1879.7044740000,0.0000000000,0.0000000000,0.8004005570,0.1995994430,0.0000000000,0.0000000000,0.0000000000,1.0000000000,0.0000000000,2,1.0000000000,23.3368957635,AminDW,0.5673641797,1879.7044740000,458.4526720000,0.2438961434,0.1900200279,0.1900200279,0.1900200279
30031,30031,Roscommon,ED,2020,4.0000000000,140.1400000000,0.0000000000,0.0000000000,1.0000000000,0.0000000000,0.0000000000,0.0000000000,0.0000000000,1.0000000000,0.0000000000,2,1.0000000000,24.0000000000,AminDW,0.6365063508,140.1400000000,0.0000000000,0.0000000000,0.2000000000,0.2000000000,0.2000000000
30032,30032,Roscommon,ED,2020,39.0000000000,1588.9996940000,0.0000000000,0.0000000000,0.1062065824,0.3978518664,0.4959415511,0.0000000000,0.0000000000,0.5040584489,0.4959415511,2,0.5040584489,21.5970014932,AminPD,0.6068369054,1588.9996940000,624.7360370000,0.3931630946,0.5171828676,0.5171828676,0.5171828676
30033,30033,Roscommon,ED,2020,31.0000000000,827.7932346000,0.0000000000,0.0000000000,0.4670161833,0.5329838167,0.0000000000,0.0000000000,0.0000000000,1.0000000000,0.0000000000,2,1.0000000000,22.3099644434,AminPD,0.3735263393,827.7932346000,261.6698060000,0.3161052725,0.1733508092,0.1733508092,0.1733508092
30034,30034,Roscommon,ED,2020,37.0000000000,1124.7010080000,0.0000000000,0.0000000000,0.1683700909,0.8316299091,0.0000000000,0.0000000000,0.0000000000,1.0000000000,0.0000000000,2,1.0000000000,22.3316603056,AminPD,0.9967170759,1124.7010080000,3.6923080000,0.0032829241,0.0336740182,0.0336740182,0.0336740182
30035,30035,Roscommon,ED,2020,53.0000000000,2108.0190640000,0.0000000000,0.0000000000,0.1111564900,0.8134183041,0.0754252059,0.0000000000,0.0000000000,0.9245747941,0.0754252059,2,0.9245747941,23.9354844544,AminPD,0.7309057633,2108.0190640000,64.2857810000,0.0304958253,0.0976565039,0.0976565039,0.0976565039
30036,30036,Roscommon,ED,2020,36.0000000000,948.5465927000,0.0000000000,0.0000000000,0.0322617637,0.7170389013,0.2506993350,0.0000000000,0.0000000000,0.7493006650,0.2506993350,2,0.7493006650,23.1426040573,AminPD,0.4847974528,948.5465927000,306.9909100000,0.3236434692,0.3647075229,0.3647075229,0.3647075229
30037,30037,Roscommon,ED,2020,27.0000000000,791.0160620000,0.0000000000,0.0000000000,0.0000000000,1.0000000000,0.0000000000,0.0000000000,0.0000000000,1.0000000000,0.0000000000,2,1.0000000000,23.8447704087,AminPD,1.0000000000,791.0160620000,0.0000000000,0.0000000000,0.1221826810,0.1221826810,0.1221826810
30038,30038,Roscommon,ED,2020,18.0000000000,425.9609691000,0.0000000000,0.0000000000,0.0000000000,0.7570199912,0.2429800088,0.0000000000,0.0000000000,0.7570199912,0.2429800088,2,0.7570199912,22.8027072033,AminPD,0.6030595706,425.9609691000,169.0811300000,0.3969404294,0.2429800088,0.2429800088,0.2429800088
30039,30039,Roscommon,ED,2020,41.0000000000,1083.4106295000,0.0000000000,0.0000000000,0.0000000000,0.5742946299,0.4257053701,0.0000000000,0.0000000000,0.5742946299,0.4257053701,2,0.5742946299,21.8587090565,AminPD,0.3379668435,1083.4106295000,374.4546095000,0.3456257483,0.5118495646,0.5118495646,0.5118495646
30040,30040,Roscommon,ED,2020,34.0000000000,1066.2300371000,0.0000000000,0.0000000000,0.1735950982,0.8264049018,0.0000000000,0.0000000000,0.0000000000,1.0000000000,0.0000000000,2,1.0000000000,22.8909624701,AminPD,0.9645117473,1066.2300371000,33.6300000000,0.0315410360,0.1586797549,0.1586797549,0.1586797549
30041,30041,Roscommon,ED,2020,16.0000000000,229.5064510000,0.0000000000,0.0000000000,0.0000000000,0.6047459947,0.3952540053,0.0000000000,0.0000000000,0.6047459947,0.3952540053,2,0.6047459947,22.2136938451,AminPDPT,0.5101418696,229.5064510000,117.0808500000,0.5101418696,0.3952540053,0.3952540053,0.3952540053
30042,30042,Roscommon,ED,2020,28.0000000000,766.4602238000,0.0000000000,0.0000000000,0.0000000000,1.0000000000,0.0000000000,0.0000000000,0.0000000000,1.0000000000,0.0000000000,2,1.0000000000,23.5900430574,AminPD,0.7794317425,766.4602238000,80.4400000000,0.1049499994,0.0794058970,0.0794058970,0.0794058970
30043,30043,Roscommon,ED,2020,24.0000000000,830.2198396000,0.0000000000,0.0000000000,0.0000000000,1.0000000000,0.0000000000,0.0000000000,0.0000000000,1.0000000000,0.0000000000,2,1.0000000000,24.0000000000,AminPD,1.0000000000,830.2198396000,0.0000000000,0.0000000000,0.0000000000,0.0000000000,0.0000000000
30044,30044,Roscommon,ED,2020,42.0000000000,1136.8906120000,0.0000000000,0.0000000000,0.0000000000,1.0000000000,0.0000000000,0.0000000000,0.0000000000,1.0000000000,0.0000000000,2,1.0000000000,23.0197710209,AminPD,0.7988090010,1136.8906120000,228.7321580000,0.2011909990,0.0000000000,0.0000000000,0.0000000000
30045,30045,Roscommon,ED,2020,25.0000000000,1095.0472407000,0.0000000000,0.0000000000,0.6063421826,0.3936578174,0.0000000000,0.0000000000,0.0000000000,1.0000000000,0.0000000000,2,1.0000000000,24.0000000000,BminPD,0.5468805160,1095.0472407000,0.0000000000,0.0000000000,0.1803171091,0.1803171091,0.1803171091
30046/30048,30046/30048,Roscommon,COUNTY_FALLBACK,2020,5717.0000000000,166638.5704321400,0.2721228019,0.0948382244,0.1361380857,0.3116303129,0.1852705752,0.0000000000,0.3669610263,0.4477683985,0.1852705752,2,0.4477683985,22.5890530101,,,166638.5704321400,36793.5049182000,0.2207982511,0.2244725727,0.2244725727,0.2563267357
30047/30025,30047/30025,Roscommon,COUNTY_FALLBACK,2020,5717.0000000000,166638.5704321400,0.2721228019,0.0948382244,0.1361380857,0.3116303129,0.1852705752,0.0000000000,0.3669610263,0.4477683985,0.1852705752,2,0.4477683985,22.5890530101,,,166638.5704321400,36793.5049182000,0.2207982511,0.2244725727,0.2244725727,0.2563267357
30049,30049,Roscommon,ED,2020,28.0000000000,968.2603390000,0.0000000000,0.0000000000,0.5927084895,0.4072915105,0.0000000000,0.0000000000,0.0000000000,1.0000000000,0.0000000000,2,1.0000000000,23.4846427351,AminDW,0.6588058504,968.2603390000,0.0000000000,0.0000000000,0.1600822416,0.1600822416,0.1600822416
30050,30050,Roscommon,ED,2020,59.0000000000,2064.1727534000,0.0000000000,0.0000000000,0.6203479456,0.3796520544,0.0000000000,0.0000000000,0.0000000000,1.0000000000,0.0000000000,2,1.0000000000,23.7577722121,AminDW,0.5658787936,2064.1727534000,0.0000000000,0.0000000000,0.1240695891,0.1240695891,0.1240695891
30051,30051,Roscommon,ED,2020,63.0000000000,1782.9825600000,0.0000000000,0.0000000000,0.2243377591,0.6008018800,0.1748603609,0.0000000000,0.0000000000,0.8251396391,0.1748603609,2,0.8251396391,23.6582835045,AminDW,0.5610454210,1782.9825600000,254.4254520000,0.1426965455,0.2197279128,0.2197279128,0.2197279128
30052,30052,Roscommon,ED,2020,49.0000000000,1272.6698732000,0.0000000000,0.0000000000,0.6299546999,0.3700453001,0.0000000000,0.0000000000,0.0000000000,1.0000000000,0.0000000000,2,1.0000000000,23.5135982056,AminDW,0.5804198124,1272.6698732000,275.6309930000,0.2165769763,0.1814977350,0.1814977350,0.1814977350
30053,30053,Roscommon,ED,2020,28.0000000000,738.7468092000,0.0000000000,0.0000000000,0.0000000000,0.7888992574,0.2111007426,0.0000000000,0.0000000000,0.7888992574,0.2111007426,2,0.7888992574,23.4450060631,AminPD,0.8032123247,738.7468092000,102.8018790000,0.1391571208,0.3294356312,0.3294356312,0.3294356312
30054,30054,Roscommon,ED,2020,35.0000000000,826.1474990000,0.0000000000,0.0000000000,0.1656860442,0.6889252339,0.1453887219,0.0000000000,0.0000000000,0.8546112781,0.1453887219,2,0.8546112781,22.6685849666,Cut,0.3794061876,826.1474990000,313.4454730000,0.3794061876,0.2818647158,0.2818647158,0.2818647158
30055,30055,Roscommon,ED,2020,105.0000000000,1967.9791548000,0.0000000000,0.0000000000,0.0000000000,0.6887749135,0.3112250865,0.0000000000,0.0000000000,0.6887749135,0.3112250865,2,0.6887749135,20.7829741636,AminPDPT,0.5674109497,1967.9791548000,1439.5886709000,0.7315060565,0.3112250865,0.3112250865,0.3469994236
30056,30056,Roscommon,ED,2020,72.0000000000,1693.2541542000,0.0000000000,0.0000000000,0.1558572031,0.0000000000,0.8441427969,0.0000000000,0.0000000000,0.1558572031,0.8441427969,3,0.8441427969,19.6133328507,AminPD,0.3621825742,1693.2541542000,600.6442146000,0.3547277372,0.8675213774,0.8675213774,0.8675213774
30057,30057,Roscommon,ED,2020,130.0000000000,3125.2623171200,0.0000000000,0.0000000000,0.0000000000,0.2389517044,0.7610482956,0.0000000000,0.0000000000,0.2389517044,0.7610482956,3,0.7610482956,21.0835656121,AminPD,0.6199557148,3125.2623171200,1187.7380835000,0.3800442852,0.3511553600,0.3511553600,0.7354237266
30058,30058,Roscommon,ED,2020,126.0000000000,3081.8150172000,0.0000000000,0.0000000000,0.4164150732,0.2012392920,0.3823456348,0.0000000000,0.0000000000,0.6176543652,0.3823456348,2,0.6176543652,20.8646017358,AminPD,0.2701099711,3081.8150172000,995.8726160000,0.3231448385,0.4448078958,0.4448078958,0.4448078958
30059,30059,Roscommon,ED,2020,115.0000000000,3235.9318066000,0.6215708421,0.0000000000,0.0000000000,0.2083622242,0.1700669337,0.0000000000,0.6215708421,0.2083622242,0.1700669337,1,0.6215708421,22.5031128357,AminDW,0.7237711885,3235.9318066000,572.8575970000,0.1770301821,0.2011454758,0.2011454758,0.2011454758
30060,30060,Roscommon,ED,2020,30.0000000000,1057.2321080000,0.0463096038,0.0000000000,0.0000000000,0.6031543359,0.3505360603,0.0000000000,0.0463096038,0.6031543359,0.3505360603,2,0.6031543359,20.1615349162,Cut,0.4231936692,1057.2321080000,654.8035450000,0.6193564687,0.3528515405,0.3528515405,0.3528515405
30061,30061,Roscommon,ED,2020,105.0000000000,2827.2452013000,0.0000000000,0.0000000000,0.0000000000,0.9454036921,0.0545963079,0.0000000000,0.0000000000,0.9454036921,0.0545963079,2,0.9454036921,20.9445834314,AminPD,0.4550496684,2827.2452013000,1207.3075661000,0.4270261262,0.0545963079,0.0545963079,0.0545963079
30062,30062,Roscommon,ED,2020,61.0000000000,1217.0881028000,0.0000000000,0.0000000000,0.0000000000,1.0000000000,0.0000000000,0.0000000000,0.0000000000,1.0000000000,0.0000000000,2,1.0000000000,21.1025616865,AminPD,0.7255323218,1217.0881028000,334.0513458000,0.2744676782,0.0000000000,0.0000000000,0.0000000000
30063,30063,Roscommon,ED,2020,59.0000000000,2246.4628060000,0.6629551409,0.0000000000,0.0000000000,0.3370448591,0.0000000000,0.0000000000,0.6629551409,0.3370448591,0.0000000000,1,0.6629551409,22.0219864437,BminPD,0.5958264292,2246.4628060000,0.0000000000,0.0000000000,0.0331477570,0.0331477570,0.0331477570
30064,30064,Roscommon,ED,2020,116.0000000000,3642.5640662000,0.2640539854,0.0000000000,0.0000000000,0.7359460146,0.0000000000,0.0000000000,0.2640539854,0.7359460146,0.0000000000,2,0.7359460146,21.1163129806,BminPD,0.4879196834,3642.5640662000,199.3582834000,0.0547302065,0.0132026993,0.0132026993,0.0132026993
30065,30065,Roscommon,ED,2020,121.0000000000,2844.3358133000,0.6424433640,0.0000000000,0.0000000000,0.2783190087,0.0792376273,0.0000000000,0.6424433640,0.2783190087,0.0792376273,1,0.6424433640,23.0300331392,AminDW,0.5808646208,2844.3358133000,459.6787696000,0.1616119895,0.1113597955,0.1113597955,0.1113597955
30066,30066,Roscommon,ED,2020,71.0000000000,1844.6715022000,0.9040269143,0.0000000000,0.0000000000,0.0959730857,0.0000000000,0.0000000000,0.9040269143,0.0959730857,0.0000000000,1,0.9040269143,23.7939275510,AminDW,0.8476599353,1844.6715022000,0.0000000000,0.0000000000,0.0452013457,0.0452013457,0.0452013457
30067,30067,Roscommon,ED,2020,64.0000000000,1515.8721360000,0.0797692610,0.0000000000,0.1544681802,0.1486325757,0.6171299831,0.0000000000,0.0797692610,0.3031007559,0.6171299831,3,0.6171299831,19.9949497949,AminPD,0.5055240593,1515.8721360000,419.6684524000,0.2768495063,0.6442886732,0.6442886732,0.6442886732
30068,30068,Roscommon,ED,2020,86.0000000000,1885.4258009000,0.0000000000,0.0000000000,0.0000000000,0.4540875199,0.5459124801,0.0000000000,0.0000000000,0.4540875199,0.5459124801,3,0.5459124801,19.5168812151,AminPD,0.7869769917,1885.4258009000,401.6390761000,0.2130230083,0.5459124801,0.5459124801,0.5459124801
30069,30069,Roscommon,ED,2020,59.0000000000,1538.8138753000,0.0000000000,0.0000000000,0.0000000000,0.3003465989,0.6996534011,0.0000000000,0.0000000000,0.3003465989,0.6996534011,3,0.6996534011,21.2766079178,AminPDPT,0.3930670312,1538.8138753000,1012.8384403000,0.6581942472,0.3825896087,0.3825896087,0.6468094357
30070,30070,Roscommon,ED,2020,65.0000000000,1403.3676245000,0.0000000000,0.0000000000,0.0000000000,0.2762334102,0.7237665898,0.0000000000,0.0000000000,0.2762334102,0.7237665898,3,0.7237665898,20.7670399605,Cut,0.5861180600,1403.3676245000,925.9391095000,0.6597979698,0.7237665898,0.7237665898,0.7237665898
30071,30071,Roscommon,ED,2020,94.0000000000,2509.9044128000,0.0000000000,0.0000000000,0.0000000000,0.6891972742,0.3108027258,0.0000000000,0.0000000000,0.6891972742,0.3108027258,2,0.6891972742,21.5860279262,AminPD,0.7726341597,2509.9044128000,570.6665260000,0.2273658403,0.3108027258,0.3108027258,0.3108027258
30072,30072,Roscommon,ED,2020,127.0000000000,2609.1127692000,0.0000000000,0.0000000000,0.7666884297,0.1141316884,0.1191798819,0.0000000000,0.0000000000,0.8808201181,0.1191798819,2,0.8808201181,22.0061593005,AminDW,0.4272932279,2609.1127692000,1021.8382122000,0.3916420265,0.2015007590,0.2015007590,0.2736101975
30073,30073,Roscommon,ED,2020,96.0000000000,2067.6032636000,0.0000000000,0.0000000000,0.0000000000,0.6051051682,0.3948948318,0.0000000000,0.0000000000,0.6051051682,0.3948948318,2,0.6051051682,22.3673375202,AminPD,0.7332721728,2067.6032636000,551.4873260000,0.2667278272,0.3948948318,0.3948948318,0.3948948318
30074,30074,Roscommon,ED,2020,56.0000000000,1518.7853209000,0.0000000000,0.0000000000,0.6088094527,0.3911905473,0.0000000000,0.0000000000,0.0000000000,1.0000000000,0.0000000000,2,1.0000000000,24.0000000000,BminPD,0.8612447414,1518.7853209000,210.7394500000,0.1387552586,0.1217618905,0.1217618905,0.2195595274
30075,30075,Roscommon,ED,2020,78.0000000000,2745.4045051000,1.0000000000,0.0000000000,0.0000000000,0.0000000000,0.0000000000,0.0000000000,1.0000000000,0.0000000000,0.0000000000,1,1.0000000000,23.4751094634,BminDW,0.6893263009,2745.4045051000,42.0400000000,0.0153128619,0.0500000000,0.0500000000,0.0500000000
30076,30076,Roscommon,ED,2020,52.0000000000,1861.4739988000,0.9278337742,0.0000000000,0.0721662258,0.0000000000,0.0000000000,0.0000000000,0.9278337742,0.0721662258,0.0000000000,1,0.9278337742,23.5126980014,BminDW,0.9105111117,1861.4739988000,14.1755530000,0.0076152302,0.0463916887,0.0463916887,0.0608249339
30077,30077,Roscommon,ED,2020,30.0000000000,1347.1106886000,0.0000000000,0.0000000000,0.4858046834,0.5141953166,0.0000000000,0.0000000000,0.0000000000,1.0000000000,0.0000000000,2,1.0000000000,24.0000000000,BminPD,0.9146745268,1347.1106886000,76.0428570000,0.0564488558,0.0971609367,0.0971609367,0.2257097658
30078,30078,Roscommon,ED,2020,49.0000000000,1583.5986845000,0.0000000000,0.0000000000,0.0000000000,0.8162020092,0.1837979908,0.0000000000,0.0000000000,0.8162020092,0.1837979908,2,0.8162020092,23.7840837939,AminPD,0.7603121740,1583.5986845000,379.5693260000,0.2396878260,0.1837979908,0.1837979908,0.3878484931
30079,30079,Roscommon,ED,2020,56.0000000000,1967.5830725000,1.0000000000,0.0000000000,0.0000000000,0.0000000000,0.0000000000,0.0000000000,1.0000000000,0.0000000000,0.0000000000,1,1.0000000000,23.4365958055,BminDW,0.5538300242,1967.5830725000,710.1314890000,0.3609156324,0.0500000000,0.0500000000,0.0500000000
30080,30080,Roscommon,ED,2020,54.0000000000,1834.8843940000,0.0000000000,0.0000000000,0.0000000000,0.9375437491,0.0624562509,0.0000000000,0.0000000000,0.9375437491,0.0624562509,2,0.9375437491,23.5370126844,BminPDPT,0.4093756830,1834.8843940000,913.1973370000,0.4976865790,0.0624562509,0.0624562509,0.2968421881
30081,30081,Roscommon,ED,2020,31.0000000000,682.6591760000,0.3095928648,0.0000000000,0.0000000000,0.6904071352,0.0000000000,0.0000000000,0.3095928648,0.6904071352,0.0000000000,2,0.6904071352,22.7583383366,Cut,0.4417594176,682.6591760000,434.9616520000,0.6371578487,0.0154796432,0.0154796432,0.1880814270
30082,30082,Roscommon,ED,2020,80.0000000000,2718.5773894000,0.7906975369,0.0000000000,0.2093024631,0.0000000000,0.0000000000,0.0000000000,0.7906975369,0.2093024631,0.0000000000,1,0.7906975369,23.5453504451,BminDW,0.7450520634,2718.5773894000,41.9283380000,0.0154228966,0.0395348768,0.0395348768,0.0813953695
30083,30083,Roscommon,ED,2020,60.0000000000,1974.6431149000,0.0000000000,0.0000000000,0.6424768058,0.3575231942,0.0000000000,0.0000000000,0.0000000000,1.0000000000,0.0000000000,2,1.0000000000,22.2669055115,BminPD,0.7782151055,1974.6431149000,374.5360150000,0.1896727627,0.1284953612,0.1284953612,0.1284953612
30084,30084,Roscommon,ED,2020,36.0000000000,1072.4472781000,0.0000000000,0.0000000000,1.0000000000,0.0000000000,0.0000000000,0.0000000000,0.0000000000,1.0000000000,0.0000000000,2,1.0000000000,23.8135106461,BminPD,0.9403886780,1072.4472781000,63.9300000000,0.0596113220,0.2000000000,0.2000000000,0.2000000000
30085,30085,Roscommon,ED,2020,35.0000000000,1252.1625746000,0.0000000000,0.0000000000,1.0000000000,0.0000000000,0.0000000000,0.0000000000,0.0000000000,1.0000000000,0.0000000000,2,1.0000000000,23.5971449633,BminPD,0.9390654205,1252.1625746000,0.0000000000,0.0000000000,0.2000000000,0.2000000000,0.2000000000
30086,30086,Roscommon,ED,2020,59.0000000000,1641.2407871000,0.5374922539,0.0000000000,0.0000000000,0.1826464796,0.2798612664,0.0000000000,0.5374922539,0.1826464796,0.2798612664,1,0.5374922539,23.5868155665,AminDW,0.5421610235,1641.2407871000,484.1914444000,0.2950154835,0.3067358791,0.3067358791,0.3523974990
30087,30087,Roscommon,ED,2020,52.0000000000,1672.1934597000,0.6133963512,0.0000000000,0.0000000000,0.0000000000,0.3866036488,0.0000000000,0.6133963512,0.0000000000,0.3866036488,1,0.6133963512,22.1070874081,BminDW,0.8255201321,1672.1934597000,289.7884840000,0.1732984197,0.4172734663,0.4172734663,0.4172734663
30088,30088,Roscommon,ED,2020,11.0000000000,471.4279460000,0.0000000000,0.0000000000,0.7265753948,0.2734246052,0.0000000000,0.0000000000,0.0000000000,1.0000000000,0.0000000000,2,1.0000000000,24.0000000000,BminPD,0.9501514490,471.4279460000,23.5000000000,0.0498485510,0.1453150790,0.1453150790,0.2136712303
30089,30089,Roscommon,ED,2020,39.0000000000,1272.5401140000,0.0000000000,0.0000000000,0.9494632827,0.0505367173,0.0000000000,0.0000000000,0.0000000000,1.0000000000,0.0000000000,2,1.0000000000,22.2994035660,BminPD,0.7099316305,1272.5401140000,82.5400000000,0.0648623954,0.1898926565,0.1898926565,0.1898926565
30090,30090,Roscommon,ED,2020,82.0000000000,2859.9043868000,0.6448873947,0.0000000000,0.3551126053,0.0000000000,0.0000000000,0.0000000000,0.6448873947,0.3551126053,0.0000000000,1,0.6448873947,23.5172125294,BminDW,0.5442403295,2859.9043868000,135.9186080000,0.0475255776,0.0322443697,0.0322443697,0.1032668908
30091,30091,Roscommon,ED,2020,53.0000000000,1565.1058473000,0.9021952023,0.0000000000,0.0000000000,0.0331606965,0.0646441012,0.0000000000,0.9021952023,0.0331606965,0.0646441012,1,0.9021952023,23.6102500025,BminDW,0.9263111072,1565.1058473000,51.9000000000,0.0331606965,0.1097538613,0.1097538613,0.1180440355
30092,30092,Roscommon,ED,2020,61.0000000000,2301.8343257000,0.6857492253,0.0000000000,0.0000000000,0.1013278833,0.2129228913,0.0000000000,0.6857492253,0.1013278833,0.2129228913,1,0.6857492253,22.7794082447,BminDW,0.8986721167,2301.8343257000,233.2400000000,0.1013278833,0.2472103526,0.2472103526,0.2725423234
30093,30093,Roscommon,ED,2020,49.0000000000,1136.7476644000,0.0000000000,0.1342187271,0.0000000000,0.6538257021,0.2119555707,0.0000000000,0.1342187271,0.6538257021,0.2119555707,2,0.6538257021,22.7366188144,AminPD,0.3964401521,1136.7476644000,382.3325248000,0.3363389579,0.1532940394,0.1532940394,0.3821229326
30094,30094,Roscommon,ED,2020,54.0000000000,1334.3274193000,0.0000000000,0.0000000000,0.0000000000,1.0000000000,0.0000000000,0.0000000000,0.0000000000,1.0000000000,0.0000000000,2,1.0000000000,23.3021400711,AminPD,0.6212101597,1334.3274193000,486.4043070000,0.3645314486,0.0391923093,0.0391923093,0.2238717938
30095,30095,Roscommon,ED,2020,57.0000000000,1464.7551136000,0.0000000000,0.0000000000,0.0000000000,0.5921004193,0.4078995807,0.0000000000,0.0000000000,0.5921004193,0.4078995807,2,0.5921004193,23.3462207825,AminPD,0.7281652235,1464.7551136000,337.6713790000,0.2305309440,0.4078995807,0.4078995807,0.5559246855
30096,30096,Roscommon,ED,2020,32.0000000000,824.4167637000,0.0000000000,0.0000000000,0.0000000000,0.7398167030,0.2601832970,0.0000000000,0.0000000000,0.7398167030,0.2601832970,2,0.7398167030,23.5740067700,AminPD,0.8761699950,824.4167637000,102.0875320000,0.1238300050,0.1869314804,0.1869314804,0.4451374728
30097,30097,Roscommon,ED,2020,42.0000000000,1433.0295610000,0.5998503062,0.0000000000,0.0000000000,0.4001496938,0.0000000000,0.0000000000,0.5998503062,0.4001496938,0.0000000000,1,0.5998503062,23.4438356181,BminPD,0.4704193614,1433.0295610000,85.2000000000,0.0594544609,0.0299925153,0.0299925153,0.1300299388
30098,30098,Roscommon,ED,2020,30.0000000000,780.0532767000,0.2146750293,0.0000000000,0.0000000000,0.0000000000,0.7853249707,0.0000000000,0.2146750293,0.0000000000,0.7853249707,3,0.7853249707,23.0452653655,BminDW,0.4465696115,780.0532767000,274.9564470000,0.3524841895,0.7960587222,0.7960587222,0.7960587222
30099,30099,Roscommon,ED,2020,65.0000000000,2321.2785546000,0.8433548002,0.0000000000,0.0000000000,0.0000000000,0.1566451998,0.0000000000,0.8433548002,0.0000000000,0.1566451998,1,0.8433548002,23.1393222379,BminDW,0.8838651891,2321.2785546000,75.8171429000,0.0326618030,0.1988129398,0.1988129398,0.1988129398
30100,30100,Roscommon,ED,2020,57.0000000000,2334.6354848000,0.6591522741,0.0000000000,0.0000000000,0.0000000000,0.3408477259,0.0000000000,0.6591522741,0.0000000000,0.3408477259,1,0.6591522741,23.0154106613,BminDW,0.8877363400,2334.6354848000,262.0947242000,0.1122636600,0.3738053396,0.3738053396,0.3738053396
30101,30101,Roscommon,ED,2020,32.0000000000,1068.1911630000,0.0000000000,0.0000000000,0.0000000000,0.2793061695,0.7206938305,0.0000000000,0.0000000000,0.2793061695,0.7206938305,3,0.7206938305,20.8486349592,Cut,0.4637806126,1068.1911630000,847.7207930000,0.7936040124,0.7206938305,0.7206938305,0.7905203729
30102,30102,Roscommon,ED,2020,82.0000000000,2382.3091327000,0.8649755418,0.0000000000,0.0000000000,0.0000000000,0.1350244582,0.0000000000,0.8649755418,0.0000000000,0.1350244582,1,0.8649755418,23.0113961418,BminDW,0.4580054338,2382.3091327000,1037.9642389000,0.4356967048,0.1782732353,0.1782732353,0.1782732353
30103,30103,Roscommon,ED,2020,46.0000000000,1543.9108969000,0.6158056717,0.0000000000,0.0000000000,0.3841943283,0.0000000000,0.0000000000,0.6158056717,0.3841943283,0.0000000000,1,0.6158056717,21.5975840477,BminPD,0.7153277525,1543.9108969000,0.0000000000,0.0000000000,0.0307902836,0.0307902836,0.0307902836
30104,30104,Roscommon,ED,2020,34.0000000000,687.3979808000,0.0000000000,0.0000000000,0.0000000000,0.3217064614,0.6782935386,0.0000000000,0.0000000000,0.3217064614,0.6782935386,3,0.6782935386,20.4001943266,AminPDPT,0.5593831238,687.3979808000,687.3979808000,1.0000000000,0.7036891759,0.7036891759,0.7417897290
30105,30105,Roscommon,ED,2020,102.0000000000,3604.2881393000,0.9709704616,0.0000000000,0.0000000000,0.0000000000,0.0290295384,0.0000000000,0.9709704616,0.0000000000,0.0290295384,1,0.9709704616,23.7292677049,BminDW,0.7223294040,3604.2881393000,29.6000000000,0.0082124400,0.0775780615,0.0775780615,0.0775780615
30107,30107,Roscommon,ED,2020,40.0000000000,1139.9369851000,0.7364877770,0.0000000000,0.0000000000,0.0000000000,0.2635122230,0.0000000000,0.7364877770,0.0000000000,0.2635122230,1,0.7364877770,22.7999471603,AminDW,0.4207950065,1139.9369851000,327.8254421000,0.2875820737,0.3003366118,0.3003366118,0.3003366118
30108,30108,Roscommon,ED,2020,42.0000000000,1558.5583240000,0.0000000000,0.0000000000,0.6300261504,0.3699738496,0.0000000000,0.0000000000,0.0000000000,1.0000000000,0.0000000000,2,1.0000000000,23.0257673925,BminPD,0.8461648010,1558.5583240000,21.5400000000,0.0138204645,0.1260052301,0.1260052301,0.1260052301
30109,30109,Roscommon,ED,2020,53.0000000000,1723.6931040000,1.0000000000,0.0000000000,0.0000000000,0.0000000000,0.0000000000,0.0000000000,1.0000000000,0.0000000000,0.0000000000,1,1.0000000000,22.8956270721,BminDW,0.9273415577,1723.6931040000,0.0000000000,0.0000000000,0.0500000000,0.0500000000,0.0500000000
30110,30110,Roscommon,ED,2020,38.0000000000,1266.9387000000,0.0000000000,0.0000000000,0.0000000000,1.0000000000,0.0000000000,0.0000000000,0.0000000000,1.0000000000,0.0000000000,2,1.0000000000,23.5481978489,BminPDPT,0.4292485927,1266.9387000000,904.8246130000,0.7141818408,0.0000000000,0.0000000000,0.2500000000
30111,30111,Roscommon,ED,2020,36.0000000000,963.6772210000,0.0000000000,0.0000000000,0.0000000000,0.2414867613,0.7585132387,0.0000000000,0.0000000000,0.2414867613,0.7585132387,3,0.7585132387,23.1103245139,AminPDPT,0.7585132387,963.6772210000,730.9619300000,0.7585132387,0.7585132387,0.7585132387,0.8188849291
30112,30112,Roscommon,ED,2020,49.0000000000,1897.2994723000,0.3542516105,0.0000000000,0.2835347307,0.3622136587,0.0000000000,0.0000000000,0.3542516105,0.6457483895,0.0000000000,2,0.6457483895,24.0000000000,BminDW,0.5111606583,1897.2994723000,420.0446250000,0.2213907879,0.0744195267,0.0744195267,0.1649729414
3018,3018,Dublin,ED,2020,32.0000000000,1295.4823240000,0.0000000000,0.5443075007,0.4556924993,0.0000000000,0.0000000000,0.0000000000,0.5443075007,0.4556924993,0.0000000000,1,0.5443075007,21.9508708449,BminPD,0.5011185023,1295.4823240000,0.0000000000,0.0000000000,0.0000000000,0.0000000000,0.0000000000
3021,3021,Dublin,ED,2020,22.0000000000,668.6858451000,0.0000000000,0.0000000000,1.0000000000,0.0000000000,0.0000000000,0.0000000000,0.0000000000,1.0000000000,0.0000000000,2,1.0000000000,20.7928984947,AminDW,0.5375435905,668.6858451000,0.0000000000,0.0000000000,0.0000000000,0.0000000000,0.0000000000
3027,3027,Dublin,ED,2020,13.0000000000,719.1117607000,0.0000000000,0.0000000000,0.6123890454,0.3876109546,0.0000000000,0.0000000000,0.0000000000,1.0000000000,0.0000000000,2,1.0000000000,18.8612300591,AminSW,0.3876109546,719.1117607000,0.0000000000,0.0000000000,0.0387610955,0.0387610955,0.0387610955
3028,3028,Dublin,COUNTY_FALLBACK,2020,569.0000000000,23210.2919922000,0.0000000000,0.3753191133,0.4934159948,0.0666712936,0.0590760590,0.0055175393,0.3753191133,0.5600872884,0.0645935983,2,0.5600872884,22.3629442149,,,23210.2919922000,958.5220666000,0.0412972860,0.0282132211,0.0282132211,0.0630633677
31004,31004,Sligo,ED,2020,39.0000000000,1197.1762062000,0.0000000000,0.0000000000,0.3527382841,0.3717137696,0.2755479463,0.0000000000,0.0000000000,0.7244520537,0.2755479463,2,0.7244520537,21.8012939329,AminPD,0.3662598031,1197.1762062000,94.1180120000,0.0786166744,0.4018526686,0.4018526686,0.4018526686
31005,31005,Sligo,ED,2020,41.0000000000,959.1254337000,0.0000000000,0.0000000000,0.0000000000,0.6373684830,0.3626315170,0.0000000000,0.0000000000,0.6373684830,0.3626315170,2,0.6373684830,21.5360039910,AminPD,0.6516492304,959.1254337000,334.1120830000,0.3483507696,0.4582367894,0.4582367894,0.4582367894
31006,31006,Sligo,ED,2020,59.0000000000,1534.5351506000,0.0651969312,0.0000000000,0.0000000000,0.9348030688,0.0000000000,0.0000000000,0.0651969312,0.9348030688,0.0000000000,2,0.9348030688,21.7188773365,AminPD,0.4724260430,1534.5351506000,499.6387696000,0.3255961712,0.0064340005,0.0064340005,0.0064340005
31007,31007,Sligo,ED,2020,80.0000000000,2053.1182198000,0.2168226309,0.0000000000,0.3800775355,0.4030998336,0.0000000000,0.0000000000,0.2168226309,0.7831773691,0.0000000000,2,0.7831773691,22.2005131188,AminPD,0.5472963209,2053.1182198000,109.4615698000,0.0533147915,0.1364804821,0.1364804821,0.1364804821
31008,31008,Sligo,ED,2020,79.0000000000,1866.6171683000,0.0000000000,0.0000000000,0.8604777583,0.1169081741,0.0000000000,0.0226140677,0.0000000000,0.9773859323,0.0226140677,2,0.9773859323,23.0768931116,AminDW,0.9275969206,1866.6171683000,0.0000000000,0.0000000000,0.1845371347,0.1845371347,0.1896317778
31009,31009,Sligo,ED,2020,49.0000000000,1069.9120673000,0.0000000000,0.0000000000,0.0000000000,0.1680455707,0.8319544293,0.0000000000,0.0000000000,0.1680455707,0.8319544293,3,0.8319544293,20.5010233125,Cut,0.4273727094,1069.9120673000,642.8021666000,0.6007990621,0.8571612649,0.8571612649,0.8571612649
31010,31010,Sligo,ED,2020,60.0000000000,1472.0367373000,0.0000000000,0.0000000000,0.6355145185,0.0000000000,0.1660974137,0.1983880678,0.0000000000,0.6355145185,0.3644854815,2,0.6355145185,22.7638500332,AminDW,0.3827329677,1472.0367373000,425.7326857000,0.2892133565,0.2932003174,0.2932003174,0.2932003174
31011,31011,Sligo,ED,2020,92.0000000000,2208.7458287000,0.1213760364,0.0000000000,0.6270662576,0.2515577061,0.0000000000,0.0000000000,0.1213760364,0.8786239636,0.0000000000,2,0.8786239636,23.3006206126,AminPD,0.3754750928,2208.7458287000,552.1059328000,0.2499635429,0.1465850649,0.1465850649,0.1465850649
31012,31012,Sligo,ED,2020,69.0000000000,2235.4896720000,0.0000000000,0.0000000000,0.3620144927,0.5457148954,0.0922706119,0.0000000000,0.0000000000,0.9077293881,0.0922706119,2,0.9077293881,22.8717153894,AminDW,0.5495396990,2235.4896720000,0.0000000000,0.0000000000,0.2465307448,0.2465307448,0.2465307448
31013,31013,Sligo,ED,2020,61.0000000000,1452.7456590000,0.0000000000,0.0000000000,0.6042993339,0.1540681286,0.2416325376,0.0000000000,0.0000000000,0.7583674624,0.2416325376,2,0.7583674624,21.9237021461,Cut,0.4328345833,1452.7456590000,731.5541520000,0.5035665724,0.3687855484,0.3687855484,0.3856026236
31014,31014,Sligo,ED,2020,26.0000000000,765.7182520000,0.0000000000,0.0000000000,0.0000000000,0.0000000000,0.9619945993,0.0380054007,0.0000000000,0.0000000000,1.0000000000,3,1.0000000000,21.6434355858,BktPt,0.7499523767,765.7182520000,574.2522230000,0.7499523767,0.9619945993,0.9619945993,0.9619945993
31015,31015,Sligo,ED,2020,61.0000000000,1837.4931100000,0.0000000000,0.0000000000,0.2292587549,0.0891671069,0.3454967224,0.3360774158,0.0000000000,0.3184258618,0.6815741382,3,0.6815741382,21.8324792037,BminDW,0.2474757579,1837.4931100000,547.6086886000,0.2980194514,0.4047235394,0.4047235394,0.4047235394
31016,31016,Sligo,ED,2020,41.0000000000,1016.3490830000,0.0000000000,0.0000000000,0.4352186925,0.5647813075,0.0000000000,0.0000000000,0.0000000000,1.0000000000,0.0000000000,2,1.0000000000,22.3085993909,AminPD,0.5190683524,1016.3490830000,170.8100000000,0.1680623349,0.1717609346,0.1717609346,0.1717609346
31017,31017,Sligo,ED,2020,30.0000000000,810.5818180000,0.0000000000,0.0000000000,0.8976044143,0.1023955857,0.0000000000,0.0000000000,0.0000000000,1.0000000000,0.0000000000,2,1.0000000000,19.7668341483,BminDW,1.0000000000,810.5818180000,0.0000000000,0.0000000000,0.1448802207,0.1448802207,0.1448802207
31018,31018,Sligo,ED,2020,52.0000000000,1532.3034922000,0.0000000000,0.0000000000,0.0000000000,0.2216074158,0.7783925842,0.0000000000,0.0000000000,0.2216074158,0.7783925842,3,0.7783925842,17.5099014801,BktPt,0.7503062266,1532.3034922000,1341.9445072000,0.8757693982,0.7783925842,0.7783925842,0.8337944381
31019,31019,Sligo,ED,2020,51.0000000000,1517.9100030000,0.0000000000,0.0000000000,0.0000000000,0.0000000000,1.0000000000,0.0000000000,0.0000000000,0.0000000000,1.0000000000,3,1.0000000000,20.1663564302,BktPt,0.4744697299,1517.9100030000,720.2023491000,0.4744697299,1.0000000000,1.0000000000,1.0000000000
31020,31020,Sligo,ED,2020,110.0000000000,2952.4328502000,0.0000000000,0.0000000000,0.9236582021,0.0000000000,0.0763417979,0.0000000000,0.0000000000,0.9236582021,0.0763417979,2,0.9236582021,21.4212924252,BminDW,0.9584993398,2952.4328502000,122.5279125000,0.0415006602,0.2148905282,0.2148905282,0.2148905282
31021,31021,Sligo,ED,2020,26.0000000000,878.3820881000,0.0000000000,0.0000000000,0.4036726691,0.1931998027,0.4031275282,0.0000000000,0.0000000000,0.5968724718,0.4031275282,2,0.5968724718,20.0183295079,AminDW,0.5154268788,878.3820881000,0.0000000000,0.0000000000,0.4829984088,0.4829984088,0.4829984088
31022,31022,Sligo,ED,2020,34.0000000000,992.8414210000,0.0000000000,0.0000000000,0.4949810761,0.1567218155,0.3482971084,0.0000000000,0.0000000000,0.6517028916,0.3482971084,2,0.6517028916,20.2749343634,AminDW,0.7575441980,992.8414210000,240.7201630000,0.2424558020,0.4382164513,0.4382164513,0.4382164513
31023,31023,Sligo,ED,2020,47.0000000000,865.2063904000,0.0000000000,0.0000000000,0.3363592378,0.5571252637,0.1065154985,0.0000000000,0.0000000000,0.8934845015,0.1065154985,2,0.8934845015,19.0750799013,AminPD,0.6636407622,865.2063904000,0.0000000000,0.0000000000,0.1569693842,0.1569693842,0.2962507001
31024,31024,Sligo,ED,2020,64.0000000000,1269.4294180000,0.0000000000,0.0000000000,0.7885642004,0.0000000000,0.2114357996,0.0000000000,0.0000000000,0.7885642004,0.2114357996,2,0.7885642004,19.5451813832,AminDW,0.5447328738,1269.4294180000,211.8329261000,0.1668725516,0.3297204296,0.3297204296,0.3297204296
31025,31025,Sligo,ED,2020,119.0000000000,2338.2469506000,0.0000000000,0.0000000000,1.0000000000,0.0000000000,0.0000000000,0.0000000000,0.0000000000,1.0000000000,0.0000000000,2,1.0000000000,19.6496289839,BminDW,0.3973340725,2338.2469506000,336.2622820000,0.1438095672,0.1500000000,0.1500000000,0.1500000000
31026,31026,Sligo,ED,2020,79.0000000000,1565.5305680000,0.0000000000,0.0000000000,0.9492113851,0.0000000000,0.0507886149,0.0000000000,0.0000000000,0.9492113851,0.0507886149,2,0.9492113851,20.2102801483,BminDW,0.9158739588,1565.5305680000,21.5400000000,0.0137589137,0.1931703226,0.1931703226,0.1931703226
31028,31028,Sligo,ED,2020,105.0000000000,1692.5318446000,0.0000000000,0.0000000000,0.1453165157,0.0000000000,0.8546834843,0.0000000000,0.0000000000,0.1453165157,0.8546834843,3,0.8546834843,18.5977255482,AminDW,0.5812528022,1692.5318446000,708.7429671000,0.4187471978,0.8764809617,0.8764809617,0.8764809617
31029,31029,Sligo,ED,2020,30.0000000000,1221.9357106000,0.0000000000,0.0000000000,0.0901847774,0.1011042225,0.8087110001,0.0000000000,0.0000000000,0.1912889999,0.8087110001,3,0.8087110001,19.9113326314,Scree,0.3990539775,1221.9357106000,246.3400000000,0.2015981675,0.3946603466,0.3946603466,0.7594010069
31030,31030,Sligo,ED,2020,41.0000000000,1215.2575783000,0.0000000000,0.0000000000,0.3714057200,0.1374147511,0.4911795289,0.0000000000,0.0000000000,0.5088204711,0.4911795289,2,0.5088204711,19.6340902514,AminDW,0.5500371355,1215.2575783000,0.0000000000,0.0000000000,0.5606318620,0.5606318620,0.5606318620
31031/31027,31031/31027,Sligo,COUNTY_FALLBACK,2020,4016.0000000000,105577.4788871000,0.0159972374,0.0022682486,0.5197334842,0.1787099644,0.2482854174,0.0350056479,0.0182654860,0.6984434487,0.2832910654,2,0.6984434487,21.1918101747,,,105577.4788871000,30096.5717429000,0.2850662098,0.3373895597,0.3373895597,0.3626358489
31032,31032,Sligo,ED,2020,25.0000000000,605.9783849000,0.0000000000,0.0000000000,1.0000000000,0.0000000000,0.0000000000,0.0000000000,0.0000000000,1.0000000000,0.0000000000,2,1.0000000000,20.6934290834,AminDW,0.9370020269,605.9783849000,0.0000000000,0.0000000000,0.1500000000,0.1500000000,0.1500000000
31033,31033,Sligo,ED,2020,32.0000000000,1049.5701345000,0.0000000000,0.0000000000,1.0000000000,0.0000000000,0.0000000000,0.0000000000,0.0000000000,1.0000000000,0.0000000000,2,1.0000000000,21.3263995918,AminDW,0.5136110263,1049.5701345000,0.0000000000,0.0000000000,0.1500000000,0.1500000000,0.1500000000
31034,31034,Sligo,ED,2020,41.0000000000,888.4181151000,0.0000000000,0.2695532245,0.0000000000,0.6373988531,0.0930479225,0.0000000000,0.2695532245,0.6373988531,0.0930479225,2,0.6373988531,21.3737062793,AminSRPT,0.6487706033,888.4181151000,576.3795565000,0.6487706033,0.2018749165,0.2018749165,0.2018749165
31035,31035,Sligo,ED,2020,43.0000000000,905.8971271000,0.0000000000,0.0000000000,0.3849901752,0.5230567790,0.0919530458,0.0000000000,0.0000000000,0.9080469542,0.0919530458,2,0.9080469542,22.2155172352,AminDW,0.4589045029,905.8971271000,160.3317870000,0.1769867485,0.1634541487,0.1634541487,0.1634541487
31036,31036,Sligo,ED,2020,75.0000000000,2206.0176773000,0.0000000000,0.0000000000,1.0000000000,0.0000000000,0.0000000000,0.0000000000,0.0000000000,1.0000000000,0.0000000000,2,1.0000000000,23.0385323464,AminDW,0.8655098651,2206.0176773000,240.7365170000,0.1091271931,0.1928740372,0.1928740372,0.2000000000
31037,31037,Sligo,ED,2020,61.0000000000,1422.8568534000,0.0000000000,0.0000000000,0.3502293304,0.5746160624,0.0751546073,0.0000000000,0.0000000000,0.9248453927,0.0751546073,2,0.9248453927,22.8073550758,AminPD,0.6400216725,1422.8568534000,235.2252380000,0.1653189760,0.2313928827,0.2313928827,0.2313928827
31038,31038,Sligo,ED,2020,25.0000000000,849.9988960000,0.0000000000,0.0000000000,0.4223757204,0.4828006271,0.0948236526,0.0000000000,0.0000000000,0.9051763474,0.0948236526,2,0.9051763474,20.2702960005,AminDW,0.7023108498,849.9988960000,75.1853020000,0.0884534114,0.1422375720,0.1422375720,0.1422375720
31039,31039,Sligo,ED,2020,35.0000000000,1002.0892181000,0.0000000000,0.0000000000,0.4912130199,0.0990891252,0.4096978549,0.0000000000,0.0000000000,0.5903021451,0.4096978549,2,0.5903021451,19.7190948625,AminDW,0.7451463928,1002.0892181000,136.6345630000,0.1363496987,0.0845941716,0.0845941716,0.1469727907
31040,31040,Sligo,ED,2020,43.0000000000,1310.9581068000,0.0000000000,0.0000000000,0.4178042036,0.0000000000,0.0000000000,0.5821957964,0.0000000000,0.4178042036,0.5821957964,3,0.5821957964,23.1052040535,AminDW,0.7695643076,1310.9581068000,0.0000000000,0.0000000000,0.0835608407,0.0835608407,0.0835608407
31041,31041,Sligo,ED,2020,65.0000000000,1572.5483183000,0.0000000000,0.0000000000,0.0925691575,0.0279800624,0.1597504964,0.7197002837,0.0000000000,0.1205492199,0.8794507801,3,0.8794507801,20.9950816614,AminDW,0.3926805877,1572.5483183000,335.0482150000,0.2130606806,0.1422141903,0.1422141903,0.1422141903
31042,31042,Sligo,ED,2020,40.0000000000,1067.7330140000,0.0000000000,0.0000000000,0.1789025944,0.6071629421,0.2139344635,0.0000000000,0.0000000000,0.7860655365,0.2139344635,2,0.7860655365,19.0207880130,AminPD,0.6678325564,1067.7330140000,3.5588240000,0.0033330654,0.3318442940,0.3318442940,0.3318442940
31043,31043,Sligo,ED,2020,71.0000000000,1614.5703665000,0.0000000000,0.0000000000,1.0000000000,0.0000000000,0.0000000000,0.0000000000,0.0000000000,1.0000000000,0.0000000000,2,1.0000000000,23.5056029940,AminDW,0.9581115891,1614.5703665000,0.0000000000,0.0000000000,0.2000000000,0.2000000000,0.2000000000
31044,31044,Sligo,ED,2020,45.0000000000,964.4245347000,0.2114689752,0.0000000000,0.0000000000,0.0000000000,0.7885310248,0.0000000000,0.2114689752,0.0000000000,0.7885310248,3,0.7885310248,21.5474794420,AminDW,0.4064341777,964.4245347000,346.1638440000,0.3589330544,0.7885310248,0.7885310248,0.7885310248
31045,31045,Sligo,ED,2020,49.0000000000,1211.3024547000,0.5545302324,0.0000000000,0.0000000000,0.0915543427,0.3539154250,0.0000000000,0.5545302324,0.0915543427,0.3539154250,1,0.5545302324,21.4491548607,AminDW,0.2824453444,1211.3024547000,496.1850170000,0.4096293333,0.3676485764,0.3676485764,0.3676485764
31046,31046,Sligo,ED,2020,49.0000000000,1277.9045193000,0.0000000000,0.0000000000,0.8073418802,0.1903482391,0.0023098807,0.0000000000,0.0000000000,0.9976901193,0.0023098807,2,0.9976901193,23.5798388222,AminDW,0.7301231052,1277.9045193000,42.4000000000,0.0331793177,0.1036444542,0.1036444542,0.1896478772
31047,31047,Sligo,ED,2020,40.0000000000,1273.8232685000,0.0000000000,0.0000000000,0.7964956063,0.1217044812,0.0817999125,0.0000000000,0.0000000000,0.9182000875,0.0817999125,2,0.9182000875,22.8692325540,AminDW,0.6781813234,1273.8232685000,104.1986319000,0.0817999125,0.2195299256,0.2195299256,0.2195299256
31048,31048,Sligo,ED,2020,29.0000000000,645.0329281000,0.0000000000,0.0000000000,0.7148222378,0.2851777622,0.0000000000,0.0000000000,0.0000000000,1.0000000000,0.0000000000,2,1.0000000000,21.5200218976,AminDW,0.6234368217,645.0329281000,0.0000000000,0.0000000000,0.1500000000,0.1500000000,0.1500000000
31049,31049,Sligo,ED,2020,59.0000000000,1323.1188523000,0.0000000000,0.0000000000,0.1706022597,0.3474408926,0.3743269320,0.1076299157,0.0000000000,0.5180431522,0.4819568478,2,0.5180431522,23.1580320089,AminPD,0.7262190200,1323.1188523000,302.6550460000,0.2287436578,0.4605635179,0.4605635179,0.4605635179
31050,31050,Sligo,ED,2020,53.0000000000,1276.3146887000,0.0000000000,0.0000000000,1.0000000000,0.0000000000,0.0000000000,0.0000000000,0.0000000000,1.0000000000,0.0000000000,2,1.0000000000,23.2800312107,AminDW,0.7343965625,1276.3146887000,257.1896879000,0.2015096200,0.1781540916,0.1781540916,0.2000000000
31051,31051,Sligo,ED,2020,24.0000000000,658.9545804000,0.0000000000,0.0000000000,0.0007560775,0.5432328135,0.4560111090,0.0000000000,0.0000000000,0.5439888910,0.4560111090,2,0.5439888910,17.0139243099,AminPD,0.6046175542,658.9545804000,24.6180437000,0.0373592421,0.5376094427,0.5376094427,0.5376094427
31052,31052,Sligo,ED,2020,70.0000000000,1490.8549344000,0.0000000000,0.0000000000,0.8210273788,0.0916693116,0.0873033095,0.0000000000,0.0000000000,0.9126966905,0.0873033095,2,0.9126966905,23.3483638538,BminDW,0.3885286779,1490.8549344000,0.0000000000,0.0000000000,0.1410513689,0.1410513689,0.1410513689
31053,31053,Sligo,ED,2020,52.0000000000,1242.7478436000,0.0000000000,0.0000000000,0.9061521166,0.0000000000,0.0000000000,0.0938478834,0.0000000000,0.9061521166,0.0938478834,2,0.9061521166,21.9944193735,BminDW,0.6118082556,1242.7478436000,77.5000000000,0.0623618061,0.1359228175,0.1359228175,0.1359228175
31054,31054,Sligo,ED,2020,36.0000000000,691.3497514000,0.0000000000,0.0000000000,0.9851289019,0.0148710981,0.0000000000,0.0000000000,0.0000000000,1.0000000000,0.0000000000,2,1.0000000000,23.8617197738,AminDW,0.5631869237,691.3497514000,87.3557437000,0.1263553556,0.1992564451,0.1992564451,0.1992564451
31055,31055,Sligo,ED,2020,47.0000000000,1041.8873406000,0.0000000000,0.0000000000,0.8452082200,0.1547917800,0.0000000000,0.0000000000,0.0000000000,1.0000000000,0.0000000000,2,1.0000000000,23.3332787290,AminDW,0.6309149636,1041.8873406000,97.4100000000,0.0934937936,0.0270180853,0.0270180853,0.1922604110
31056,31056,Sligo,ED,2020,45.0000000000,1062.4789922000,0.0000000000,0.0000000000,0.4214455823,0.5785544177,0.0000000000,0.0000000000,0.0000000000,1.0000000000,0.0000000000,2,1.0000000000,21.8192824393,AminDW,0.5725561632,1062.4789922000,0.0000000000,0.0000000000,0.1287078930,0.1287078930,0.1641947380
31057,31057,Sligo,ED,2020,64.0000000000,1379.8691446000,0.0000000000,0.0000000000,0.4774509425,0.5225490575,0.0000000000,0.0000000000,0.0000000000,1.0000000000,0.0000000000,2,1.0000000000,20.5972232718,AminPD,0.7977410408,1379.8691446000,222.8143370000,0.1614749760,0.0716176414,0.0716176414,0.2022549058
31058,31058,Sligo,ED,2020,21.0000000000,409.3092116000,0.0000000000,0.0000000000,0.8853070450,0.1146929550,0.0000000000,0.0000000000,0.0000000000,1.0000000000,0.0000000000,2,1.0000000000,19.9728601906,AminDW,0.5190198094,409.3092116000,0.0000000000,0.0000000000,0.1327960567,0.1327960567,0.1614692955
31059,31059,Sligo,ED,2020,50.0000000000,1666.1045315000,0.0000000000,0.0000000000,0.9176462236,0.0823537764,0.0000000000,0.0000000000,0.0000000000,1.0000000000,0.0000000000,2,1.0000000000,23.6528429105,AminDW,0.5671584284,1666.1045315000,435.7590830000,0.2615436635,0.1609748776,0.1609748776,0.1958823112
31060,31060,Sligo,ED,2020,42.0000000000,1501.7337243000,0.0000000000,0.0000000000,0.0000000000,0.2046633653,0.7567454310,0.0385912037,0.0000000000,0.2046633653,0.7953366347,3,0.7953366347,17.7974919992,AminDW,0.3069497857,1501.7337243000,608.5204920000,0.4052119774,0.7970927367,0.7970927367,0.7990222969
31061,31061,Sligo,ED,2020,40.0000000000,1147.9427627000,0.0000000000,0.0000000000,0.0000000000,0.1594007123,0.8405992877,0.0000000000,0.0000000000,0.1594007123,0.8405992877,3,0.8405992877,18.4922091593,AminDW,0.5943047111,1147.9427627000,274.7739757000,0.2393620872,0.8645093946,0.8645093946,0.8645093946
31062,31062,Sligo,ED,2020,84.0000000000,1734.1302930000,0.0000000000,0.0000000000,0.1112781207,0.0000000000,0.8887218793,0.0000000000,0.0000000000,0.1112781207,0.8887218793,3,0.8887218793,20.6491613822,AminPDPT,0.3979035934,1734.1302930000,1339.0113509000,0.7721515254,0.9109775034,0.9109775034,0.9109775034
31063,31063,Sligo,ED,2020,103.0000000000,2325.7303131000,0.0000000000,0.0000000000,0.2962703689,0.4582542725,0.2454753586,0.0000000000,0.0000000000,0.7545246414,0.2454753586,2,0.7545246414,20.8008919856,AminPDPT,0.3839777611,2325.7303131000,1754.8208304000,0.7545246414,0.3059625041,0.3059625041,0.4174433930
31064,31064,Sligo,ED,2020,42.0000000000,834.9322757000,0.0000000000,0.0000000000,0.0000000000,0.1970667127,0.8029332873,0.0000000000,0.0000000000,0.1970667127,0.8029332873,3,0.8029332873,18.6700179012,BktPt,0.4288179863,834.9322757000,677.2256620000,0.8111144840,0.8226399586,0.8226399586,0.8226399586
31065,31065,Sligo,ED,2020,31.0000000000,949.1663885000,0.0000000000,0.0000000000,1.0000000000,0.0000000000,0.0000000000,0.0000000000,0.0000000000,1.0000000000,0.0000000000,2,1.0000000000,23.8871612045,Cut,0.3640560561,949.1663885000,433.7273095000,0.4569560351,0.1668750693,0.1668750693,0.2000000000
31066,31066,Sligo,ED,2020,104.0000000000,2512.2434582000,0.0000000000,0.0000000000,0.2296611902,0.0809237940,0.6894150158,0.0000000000,0.0000000000,0.3105849842,0.6894150158,3,0.6894150158,19.0305018898,AminPD,0.2774093951,2512.2434582000,869.4032952000,0.3460664978,0.7353472539,0.7353472539,0.7555782024
31067/31069,31067/31069,Sligo,COUNTY_FALLBACK,2020,4016.0000000000,105577.4788871000,0.0159972374,0.0022682486,0.5197334842,0.1787099644,0.2482854174,0.0350056479,0.0182654860,0.6984434487,0.2832910654,2,0.6984434487,21.1918101747,,,105577.4788871000,30096.5717429000,0.2850662098,0.3373895597,0.3373895597,0.3626358489
31068,31068,Sligo,ED,2020,33.0000000000,1422.9052409000,0.0000000000,0.0000000000,0.0000000000,0.2578014462,0.7421985538,0.0000000000,0.0000000000,0.2578014462,0.7421985538,3,0.7421985538,17.8720560953,BktPt,0.6023978550,1422.9052409000,1118.5350650000,0.7860924486,0.7589400105,0.7589400105,0.7815367303
31070,31070,Sligo,ED,2020,46.0000000000,1618.9456690000,0.0000000000,0.0000000000,0.7489647239,0.0000000000,0.0000000000,0.2510352761,0.0000000000,0.7489647239,0.2510352761,2,0.7489647239,21.7507025271,BminDW,0.9194586622,1618.9456690000,130.3920500000,0.0805413378,0.1497929448,0.1497929448,0.1497929448
31072,31072,Sligo,ED,2020,52.0000000000,1633.9331404000,0.0000000000,0.0000000000,1.0000000000,0.0000000000,0.0000000000,0.0000000000,0.0000000000,1.0000000000,0.0000000000,2,1.0000000000,23.4276224499,AminDW,0.6352743210,1633.9331404000,201.9503100000,0.1235976583,0.1738385110,0.1738385110,0.2000000000
31073,31073,Sligo,ED,2020,43.0000000000,1107.5268470000,0.0000000000,0.0000000000,1.0000000000,0.0000000000,0.0000000000,0.0000000000,0.0000000000,1.0000000000,0.0000000000,2,1.0000000000,22.4030261977,AminDW,0.5214002104,1107.5268470000,475.8621160000,0.4296619240,0.1630495619,0.1630495619,0.2000000000
31074,31074,Sligo,ED,2020,35.0000000000,1730.3065458000,0.0000000000,0.0000000000,0.1991434644,0.4071991460,0.3936573896,0.0000000000,0.0000000000,0.6063426104,0.3936573896,2,0.6063426104,17.9682690304,BktPt,0.5393491402,1730.3065458000,1385.7273058000,0.8008565356,0.4334860825,0.4334860825,0.5352858690
31075,31075,Sligo,ED,2020,47.0000000000,1167.5043176000,0.0000000000,0.0000000000,0.0000000000,0.9706867003,0.0293132997,0.0000000000,0.0000000000,0.9706867003,0.0293132997,2,0.9706867003,18.5079207371,AminSRPT,0.3411584283,1167.5043176000,789.5842670000,0.6763009396,0.1151942720,0.1151942720,0.1431635163
31076,31076,Sligo,ED,2020,48.0000000000,1440.4155987000,0.0000000000,0.0000000000,0.7588680917,0.0000000000,0.2411319083,0.0000000000,0.0000000000,0.7588680917,0.2411319083,2,0.7588680917,23.0900305709,AminDW,0.5601683031,1440.4155987000,633.5404370000,0.4398316969,0.3929055266,0.3929055266,0.3929055266
31077,31077,Sligo,ED,2020,74.0000000000,1790.9614131000,0.0000000000,0.0000000000,1.0000000000,0.0000000000,0.0000000000,0.0000000000,0.0000000000,1.0000000000,0.0000000000,2,1.0000000000,23.4351685164,BminDW,0.4761154571,1790.9614131000,724.1020663000,0.4043091387,0.2000000000,0.2000000000,0.2000000000
31078/31071,31078/31071,Sligo,COUNTY_FALLBACK,2020,4016.0000000000,105577.4788871000,0.0159972374,0.0022682486,0.5197334842,0.1787099644,0.2482854174,0.0350056479,0.0182654860,0.6984434487,0.2832910654,2,0.6984434487,21.1918101747,,,105577.4788871000,30096.5717429000,0.2850662098,0.3373895597,0.3373895597,0.3626358489
31079,31079,Sligo,ED,2020,34.0000000000,1012.4712127000,0.0000000000,0.0000000000,0.9555542919,0.0000000000,0.0444457081,0.0000000000,0.0000000000,0.9555542919,0.0444457081,2,0.9555542919,21.6710145817,BminDW,0.4574140906,1012.4712127000,339.4500087000,0.3352688002,0.1895080993,0.1895080993,0.2355565665
31080,31080,Sligo,ED,2020,58.0000000000,1739.3911438000,0.0000000000,0.0000000000,0.6358751532,0.0000000000,0.3641248468,0.0000000000,0.0000000000,0.6358751532,0.3641248468,2,0.6358751532,22.7850626160,BminDW,0.8512582608,1739.3911438000,194.9293478000,0.1120675752,0.4912998775,0.4912998775,0.4912998775
31081,31081,Sligo,ED,2020,20.0000000000,803.2430165000,0.0000000000,0.0000000000,1.0000000000,0.0000000000,0.0000000000,0.0000000000,0.0000000000,1.0000000000,0.0000000000,2,1.0000000000,24.0000000000,BminDW,0.7359236798,803.2430165000,212.1174600000,0.2640763202,0.1325793423,0.1325793423,0.2000000000
31082,31082,Sligo,ED,2020,106.0000000000,2779.2911337000,0.0000000000,0.0000000000,0.8048771759,0.0000000000,0.1951228241,0.0000000000,0.0000000000,0.8048771759,0.1951228241,2,0.8048771759,23.1787972507,AminDW,0.3892323956,2779.2911337000,755.6501739000,0.2718859369,0.3560982593,0.3560982593,0.3560982593
32002,32002,Cavan,ED,2020,107.0000000000,3364.9216868000,0.0000000000,0.0000000000,0.0000000000,1.0000000000,0.0000000000,0.0000000000,0.0000000000,1.0000000000,0.0000000000,2,1.0000000000,22.6906340960,AminPD,0.9270576885,3364.9216868000,122.7882457000,0.0364906697,0.1011648117,0.1011648117,0.1011648117
32003,32003,Cavan,ED,2020,59.0000000000,2042.2082097000,0.0000000000,0.0000000000,0.0000000000,1.0000000000,0.0000000000,0.0000000000,0.0000000000,1.0000000000,0.0000000000,2,1.0000000000,22.5011259335,AminPD,0.9638185766,2042.2082097000,0.0000000000,0.0000000000,0.1054518931,0.1054518931,0.1054518931
32004,32004,Cavan,ED,2020,56.0000000000,1642.1937760000,0.0000000000,0.0000000000,0.5875635215,0.4124364785,0.0000000000,0.0000000000,0.0000000000,1.0000000000,0.0000000000,2,1.0000000000,23.6733637602,AminDW,0.4272861432,1642.1937760000,169.7453260000,0.1033649795,0.1881345282,0.1881345282,0.1881345282
32005,32005,Cavan,ED,2020,50.0000000000,1119.3059549000,0.0000000000,0.0000000000,0.0000000000,1.0000000000,0.0000000000,0.0000000000,0.0000000000,1.0000000000,0.0000000000,2,1.0000000000,21.6683812095,AminPD,1.0000000000,1119.3059549000,0.0000000000,0.0000000000,0.1000000000,0.1000000000,0.1000000000
32006,32006,Cavan,ED,2020,57.0000000000,1619.2473807000,0.0000000000,0.0000000000,0.0538151249,0.9461848751,0.0000000000,0.0000000000,0.0000000000,1.0000000000,0.0000000000,2,1.0000000000,21.4257477403,AminPD,1.0000000000,1619.2473807000,0.0000000000,0.0000000000,0.1553815125,0.1553815125,0.1553815125
32007,32007,Cavan,ED,2020,58.0000000000,1913.9492254000,0.0000000000,0.0000000000,0.0570025571,0.9429974429,0.0000000000,0.0000000000,0.0000000000,1.0000000000,0.0000000000,2,1.0000000000,22.6414052121,AminPD,0.7282037368,1913.9492254000,0.0000000000,0.0000000000,0.1085503836,0.1085503836,0.1085503836
32008,32008,Cavan,ED,2020,52.0000000000,1306.9510029000,0.0000000000,0.0000000000,0.0234957331,0.9765042669,0.0000000000,0.0000000000,0.0000000000,1.0000000000,0.0000000000,2,1.0000000000,22.5368839691,AminPD,0.9945139030,1306.9510029000,0.0000000000,0.0000000000,0.1523495733,0.1523495733,0.1523495733
32009,32009,Cavan,ED,2020,56.0000000000,1323.0422529000,0.0000000000,0.0000000000,0.4427442121,0.5572557879,0.0000000000,0.0000000000,0.0000000000,1.0000000000,0.0000000000,2,1.0000000000,21.6129538531,AminPD,0.7859701153,1323.0422529000,0.0000000000,0.0000000000,0.1942744212,0.1942744212,0.1942744212
32010,32010,Cavan,ED,2020,63.0000000000,2005.3640714000,0.5440443316,0.0000000000,0.3798497871,0.0761058813,0.0000000000,0.0000000000,0.5440443316,0.4559556684,0.0000000000,1,0.5440443316,22.8126844228,AminDW,0.4825467137,2005.3640714000,0.0000000000,0.0000000000,0.1025730349,0.1025730349,0.1025730349
32011,32011,Cavan,ED,2020,64.0000000000,1671.3124149000,0.0000000000,0.0000000000,0.5395964123,0.4604035877,0.0000000000,0.0000000000,0.0000000000,1.0000000000,0.0000000000,2,1.0000000000,22.6412489755,AminPD,0.6287159340,1671.3124149000,0.0000000000,0.0000000000,0.1809394618,0.1809394618,0.1809394618
32012,32012,Cavan,ED,2020,56.0000000000,1583.0504645000,0.0000000000,0.0000000000,0.0000000000,1.0000000000,0.0000000000,0.0000000000,0.0000000000,1.0000000000,0.0000000000,2,1.0000000000,23.2072753799,AminPD,1.0000000000,1583.0504645000,0.0000000000,0.0000000000,0.1000000000,0.1000000000,0.1000000000
32013,32013,Cavan,ED,2020,68.0000000000,1684.8275784000,0.0000000000,0.0000000000,0.4182188479,0.5817811521,0.0000000000,0.0000000000,0.0000000000,1.0000000000,0.0000000000,2,1.0000000000,21.7228938747,AminPD,0.9012425882,1684.8275784000,0.0000000000,0.0000000000,0.1627328272,0.1627328272,0.1627328272
32014,32014,Cavan,ED,2020,51.0000000000,1262.7555718000,0.0000000000,0.0000000000,0.0000000000,1.0000000000,0.0000000000,0.0000000000,0.0000000000,1.0000000000,0.0000000000,2,1.0000000000,23.7251197602,AminPD,1.0000000000,1262.7555718000,0.0000000000,0.0000000000,0.1000000000,0.1000000000,0.1000000000
32015,32015,Cavan,ED,2020,46.0000000000,1201.3526227000,0.0000000000,0.0000000000,0.1642441131,0.8357558869,0.0000000000,0.0000000000,0.0000000000,1.0000000000,0.0000000000,2,1.0000000000,21.0800602465,AminPD,0.8948326681,1201.3526227000,77.5000000000,0.0645106179,0.1263237772,0.1263237772,0.1263237772
32016,32016,Cavan,ED,2020,39.0000000000,1107.0329750000,0.0000000000,0.0000000000,0.0000000000,1.0000000000,0.0000000000,0.0000000000,0.0000000000,1.0000000000,0.0000000000,2,1.0000000000,23.2285685980,AminPD,0.9084262002,1107.0329750000,0.0000000000,0.0000000000,0.1500000000,0.1500000000,0.1500000000
32017,32017,Cavan,ED,2020,56.0000000000,1345.5866442000,0.0000000000,0.0000000000,0.0000000000,1.0000000000,0.0000000000,0.0000000000,0.0000000000,1.0000000000,0.0000000000,2,1.0000000000,23.5126039450,AminPD,0.9284849845,1345.5866442000,0.0000000000,0.0000000000,0.1434256172,0.1434256172,0.1434256172
32019,32019,Cavan,ED,2020,24.0000000000,592.4012810000,0.0000000000,0.0000000000,0.0000000000,1.0000000000,0.0000000000,0.0000000000,0.0000000000,1.0000000000,0.0000000000,2,1.0000000000,24.0000000000,AminPD,0.9286801002,592.4012810000,0.0000000000,0.0000000000,0.1500000000,0.1500000000,0.1500000000
32020,32020,Cavan,ED,2020,28.0000000000,979.3828206000,0.0000000000,0.0000000000,0.0000000000,1.0000000000,0.0000000000,0.0000000000,0.0000000000,1.0000000000,0.0000000000,2,1.0000000000,23.3388894042,AminPD,0.8023824975,979.3828206000,0.0000000000,0.0000000000,0.1449173345,0.1449173345,0.1449173345
32021,32021,Cavan,ED,2020,27.0000000000,840.0217917000,0.0000000000,0.0000000000,0.0000000000,1.0000000000,0.0000000000,0.0000000000,0.0000000000,1.0000000000,0.0000000000,2,1.0000000000,24.0000000000,AminPD,1.0000000000,840.0217917000,0.0000000000,0.0000000000,0.1500000000,0.1500000000,0.1500000000
32022,32022,Cavan,ED,2020,21.0000000000,471.3493130000,0.0000000000,0.0000000000,0.0000000000,1.0000000000,0.0000000000,0.0000000000,0.0000000000,1.0000000000,0.0000000000,2,1.0000000000,24.0000000000,AminPD,1.0000000000,471.3493130000,0.0000000000,0.0000000000,0.1500000000,0.1500000000,0.1500000000
32023,32023,Cavan,ED,2020,21.0000000000,645.5394260000,0.0000000000,0.0000000000,0.0000000000,0.8291351457,0.1708648543,0.0000000000,0.0000000000,0.8291351457,0.1708648543,2,0.8291351457,20.8579455905,AminPD,0.5983204285,645.5394260000,259.3000000000,0.4016795715,0.2952351262,0.2952351262,0.2952351262
32024,32024,Cavan,ED,2020,48.0000000000,1540.5819851000,0.0000000000,0.0000000000,0.0000000000,1.0000000000,0.0000000000,0.0000000000,0.0000000000,1.0000000000,0.0000000000,2,1.0000000000,24.0000000000,AminPD,0.8024399281,1540.5819851000,204.0356500000,0.1324406309,0.1467057904,0.1467057904,0.1467057904
32025/32028,32025/32028,Cavan,COUNTY_FALLBACK,2020,4790.0000000000,133051.1096307200,0.1035515117,0.0000000000,0.1412889566,0.6993097317,0.0558498000,0.0000000000,0.1035515117,0.8405986883,0.0558498000,2,0.8405986883,22.7377928059,,,133051.1096307200,8211.2152512000,0.0617147446,0.1611790056,0.1611790056,0.1657222988
32026,32026,Cavan,ED,2020,31.0000000000,953.7916642000,0.0000000000,0.0000000000,0.0000000000,0.6571534191,0.3428465809,0.0000000000,0.0000000000,0.6571534191,0.3428465809,2,0.6571534191,22.4196501914,AminPD,0.6765121655,953.7916642000,268.4400000000,0.2814451102,0.3574899771,0.3574899771,0.4414195938
32027/32018,32027/32018,Cavan,COUNTY_FALLBACK,2020,4790.0000000000,133051.1096307200,0.1035515117,0.0000000000,0.1412889566,0.6993097317,0.0558498000,0.0000000000,0.1035515117,0.8405986883,0.0558498000,2,0.8405986883,22.7377928059,,,133051.1096307200,8211.2152512000,0.0617147446,0.1611790056,0.1611790056,0.1657222988
32029,32029,Cavan,ED,2020,69.0000000000,1580.6664217000,0.0159687254,0.0000000000,0.0000000000,0.9840312746,0.0000000000,0.0000000000,0.0159687254,0.9840312746,0.0000000000,2,0.9840312746,23.0249912500,AminPD,0.9623470056,1580.6664217000,0.0000000000,0.0000000000,0.0984031275,0.0984031275,0.0984031275
32030,32030,Cavan,ED,2020,70.0000000000,2069.8609515000,0.8156680801,0.0000000000,0.0000000000,0.1843319199,0.0000000000,0.0000000000,0.8156680801,0.1843319199,0.0000000000,1,0.8156680801,23.4266541364,AminPD,0.6676271954,2069.8609515000,0.0000000000,0.0000000000,0.0248363902,0.0248363902,0.0248363902
32031,32031,Cavan,ED,2020,84.0000000000,2470.7896303000,1.0000000000,0.0000000000,0.0000000000,0.0000000000,0.0000000000,0.0000000000,1.0000000000,0.0000000000,0.0000000000,1,1.0000000000,23.6535852913,BminDW,0.7930919744,2470.7896303000,67.8797615000,0.0274729021,0.0485801700,0.0485801700,0.0485801700
32032,32032,Cavan,ED,2020,39.0000000000,1200.3254761000,0.0000000000,0.0000000000,0.0000000000,1.0000000000,0.0000000000,0.0000000000,0.0000000000,1.0000000000,0.0000000000,2,1.0000000000,23.1779238385,AminPD,0.5832952729,1200.3254761000,0.0000000000,0.0000000000,0.1000000000,0.1000000000,0.1000000000
32033,32033,Cavan,ED,2020,64.0000000000,2406.7361351000,1.0000000000,0.0000000000,0.0000000000,0.0000000000,0.0000000000,0.0000000000,1.0000000000,0.0000000000,0.0000000000,1,1.0000000000,23.6455982861,AminPD,0.5877471706,2406.7361351000,0.0000000000,0.0000000000,0.0000000000,0.0000000000,0.0000000000
32034,32034,Cavan,ED,2020,120.0000000000,3815.3543078000,0.4231938602,0.0000000000,0.3852009165,0.1916052233,0.0000000000,0.0000000000,0.4231938602,0.5768061398,0.0000000000,2,0.5768061398,23.8036174757,AminDW,0.4759402184,3815.3543078000,177.1194800000,0.0464228131,0.1154607515,0.1154607515,0.1154607515
32035,32035,Cavan,ED,2020,64.0000000000,1704.7314915000,0.0000000000,0.0000000000,0.9311154862,0.0688845138,0.0000000000,0.0000000000,0.0000000000,1.0000000000,0.0000000000,2,1.0000000000,23.8863164076,AminPD,0.6201582684,1704.7314915000,0.0000000000,0.0000000000,0.1931115486,0.1931115486,0.1931115486
32036,32036,Cavan,ED,2020,92.0000000000,2571.7780831000,0.0000000000,0.0000000000,0.0000000000,1.0000000000,0.0000000000,0.0000000000,0.0000000000,1.0000000000,0.0000000000,2,1.0000000000,23.3138666917,AminPD,1.0000000000,2571.7780831000,0.0000000000,0.0000000000,0.1000000000,0.1000000000,0.1000000000
32037,32037,Cavan,ED,2020,44.0000000000,1371.2334540000,0.0000000000,0.0000000000,0.0000000000,1.0000000000,0.0000000000,0.0000000000,0.0000000000,1.0000000000,0.0000000000,2,1.0000000000,23.9881478898,AminPD,1.0000000000,1371.2334540000,0.0000000000,0.0000000000,0.1000000000,0.1000000000,0.1000000000
32038,32038,Cavan,ED,2020,51.0000000000,1394.1247511000,0.0000000000,0.0000000000,0.0000000000,1.0000000000,0.0000000000,0.0000000000,0.0000000000,1.0000000000,0.0000000000,2,1.0000000000,24.0000000000,AminPD,0.6901481680,1394.1247511000,341.7721081000,0.2451517397,0.1000000000,0.1000000000,0.1000000000
32039,32039,Cavan,ED,2020,49.0000000000,1476.5119452000,0.0000000000,0.0000000000,0.0000000000,1.0000000000,0.0000000000,0.0000000000,0.0000000000,1.0000000000,0.0000000000,2,1.0000000000,23.3547220613,AminPD,0.8643830816,1476.5119452000,0.0000000000,0.0000000000,0.1000000000,0.1000000000,0.1000000000
32040,32040,Cavan,ED,2020,51.0000000000,1464.3068707000,1.0000000000,0.0000000000,0.0000000000,0.0000000000,0.0000000000,0.0000000000,1.0000000000,0.0000000000,0.0000000000,1,1.0000000000,22.9415112290,AminDW,0.3494688608,1464.3068707000,0.0000000000,0.0000000000,0.0062398123,0.0062398123,0.0062398123
32041,32041,Cavan,ED,2020,49.0000000000,1090.9036014000,0.0000000000,0.0000000000,0.0000000000,1.0000000000,0.0000000000,0.0000000000,0.0000000000,1.0000000000,0.0000000000,2,1.0000000000,23.3190977312,AminPD,0.8688298647,1090.9036014000,0.0000000000,0.0000000000,0.1000000000,0.1000000000,0.1000000000
32042,32042,Cavan,ED,2020,12.0000000000,301.1466200000,0.0000000000,0.0000000000,1.0000000000,0.0000000000,0.0000000000,0.0000000000,0.0000000000,1.0000000000,0.0000000000,2,1.0000000000,21.7977029926,AminPD,1.0000000000,301.1466200000,0.0000000000,0.0000000000,0.2000000000,0.2000000000,0.2000000000
32043,32043,Cavan,ED,2020,37.0000000000,645.8256557000,0.0000000000,0.0000000000,0.0000000000,1.0000000000,0.0000000000,0.0000000000,0.0000000000,1.0000000000,0.0000000000,2,1.0000000000,22.2128596258,AminPD,0.7594518557,645.8256557000,0.0000000000,0.0000000000,0.1000000000,0.1000000000,0.1000000000
32044,32044,Cavan,ED,2020,17.0000000000,425.2128270000,0.0000000000,0.0000000000,0.0000000000,1.0000000000,0.0000000000,0.0000000000,0.0000000000,1.0000000000,0.0000000000,2,1.0000000000,23.5907931536,AminPD,0.7711734129,425.2128270000,97.3000000000,0.2288265871,0.1000000000,0.1000000000,0.1000000000
32045,32045,Cavan,ED,2020,83.0000000000,2109.8459955000,0.0000000000,0.0000000000,0.0000000000,1.0000000000,0.0000000000,0.0000000000,0.0000000000,1.0000000000,0.0000000000,2,1.0000000000,21.4201230188,AminPD,0.9759186049,2109.8459955000,0.0000000000,0.0000000000,0.1000000000,0.1000000000,0.1000000000
32046,32046,Cavan,ED,2020,48.0000000000,1425.9438580000,0.0000000000,0.0000000000,0.4781433260,0.5218566740,0.0000000000,0.0000000000,0.0000000000,1.0000000000,0.0000000000,2,1.0000000000,23.5888981697,AminPD,0.9952306587,1425.9438580000,0.0000000000,0.0000000000,0.1478143326,0.1478143326,0.1478143326
32047,32047,Cavan,ED,2020,34.0000000000,1337.5643230000,0.0000000000,0.0000000000,0.2356486612,0.7643513388,0.0000000000,0.0000000000,0.0000000000,1.0000000000,0.0000000000,2,1.0000000000,23.7776133118,AminPD,0.5881865324,1337.5643230000,0.0000000000,0.0000000000,0.1235648661,0.1235648661,0.1235648661
32048,32048,Cavan,ED,2020,70.0000000000,2088.8323296000,0.0000000000,0.0000000000,0.1811542418,0.8188457582,0.0000000000,0.0000000000,0.0000000000,1.0000000000,0.0000000000,2,1.0000000000,23.0044390014,AminPD,0.9588621840,2088.8323296000,85.9300000000,0.0411378160,0.1181154242,0.1181154242,0.1181154242
32049,32049,Cavan,ED,2020,60.0000000000,1423.7183124000,0.0000000000,0.0000000000,0.0000000000,1.0000000000,0.0000000000,0.0000000000,0.0000000000,1.0000000000,0.0000000000,2,1.0000000000,22.5239720655,AminPD,0.8893518573,1423.7183124000,157.5317870000,0.1106481427,0.1000000000,0.1000000000,0.1000000000
32050,32050,Cavan,ED,2020,93.0000000000,3109.8105639000,0.0000000000,0.0000000000,0.6041635510,0.3958364490,0.0000000000,0.0000000000,0.0000000000,1.0000000000,0.0000000000,2,1.0000000000,23.4379601110,AminPD,0.8377668713,3109.8105639000,141.5500000000,0.0455172420,0.1906245327,0.1906245327,0.1906245327
32052,32052,Cavan,ED,2020,33.0000000000,882.1146278000,0.0000000000,0.0000000000,0.1950133232,0.8049866768,0.0000000000,0.0000000000,0.0000000000,1.0000000000,0.0000000000,2,1.0000000000,22.6600433019,AminPD,0.8823107125,882.1146278000,0.0000000000,0.0000000000,0.1195013323,0.1195013323,0.1195013323
32053,32053,Cavan,ED,2020,62.0000000000,2188.8290310000,0.0000000000,0.0000000000,0.3446740039,0.6553259961,0.0000000000,0.0000000000,0.0000000000,1.0000000000,0.0000000000,2,1.0000000000,23.3096581329,AminPD,1.0000000000,2188.8290310000,0.0000000000,0.0000000000,0.1517011006,0.1517011006,0.1517011006
32054,32054,Cavan,ED,2020,59.0000000000,1841.9315102000,0.0000000000,0.0000000000,0.3085574468,0.6914425532,0.0000000000,0.0000000000,0.0000000000,1.0000000000,0.0000000000,2,1.0000000000,23.3467781873,AminPD,0.5985513941,1841.9315102000,12.3838390000,0.0067232896,0.1308557447,0.1308557447,0.1308557447
32055,32055,Cavan,ED,2020,67.0000000000,1412.3975881000,0.0000000000,0.0000000000,0.0000000000,1.0000000000,0.0000000000,0.0000000000,0.0000000000,1.0000000000,0.0000000000,2,1.0000000000,22.9166758841,AminPD,0.8431462869,1412.3975881000,0.0000000000,0.0000000000,0.1000000000,0.1000000000,0.1000000000
32056,32056,Cavan,ED,2020,46.0000000000,856.2652087000,0.0000000000,0.0000000000,0.0000000000,1.0000000000,0.0000000000,0.0000000000,0.0000000000,1.0000000000,0.0000000000,2,1.0000000000,22.8253798125,AminPD,0.8461662241,856.2652087000,0.0000000000,0.0000000000,0.1000000000,0.1000000000,0.1000000000
32057,32057,Cavan,ED,2020,80.0000000000,1677.6061036000,0.0000000000,0.0000000000,0.0000000000,1.0000000000,0.0000000000,0.0000000000,0.0000000000,1.0000000000,0.0000000000,2,1.0000000000,23.0540676535,AminPD,0.8268720173,1677.6061036000,27.9000000000,0.0166308408,0.1000000000,0.1000000000,0.1000000000
32058,32058,Cavan,ED,2020,47.0000000000,920.2463316000,0.0000000000,0.0000000000,0.0000000000,1.0000000000,0.0000000000,0.0000000000,0.0000000000,1.0000000000,0.0000000000,2,1.0000000000,24.0000000000,AminPD,0.9453246231,920.2463316000,50.3148150000,0.0546753769,0.1000000000,0.1000000000,0.1000000000
32059,32059,Cavan,ED,2020,67.0000000000,1454.5133804000,0.0000000000,0.0000000000,0.0000000000,1.0000000000,0.0000000000,0.0000000000,0.0000000000,1.0000000000,0.0000000000,2,1.0000000000,23.4155304438,AminPD,0.7601118764,1454.5133804000,64.8726100000,0.0446009029,0.1000000000,0.1000000000,0.1000000000
32060,32060,Cavan,ED,2020,86.0000000000,2305.5484990000,0.0000000000,0.0000000000,0.0000000000,1.0000000000,0.0000000000,0.0000000000,0.0000000000,1.0000000000,0.0000000000,2,1.0000000000,23.9171875842,AminPD,0.9572119172,2305.5484990000,18.3500000000,0.0079590605,0.1000000000,0.1000000000,0.1000000000
32061,32061,Cavan,ED,2020,68.0000000000,1800.3449242000,0.0000000000,0.0000000000,0.0000000000,1.0000000000,0.0000000000,0.0000000000,0.0000000000,1.0000000000,0.0000000000,2,1.0000000000,23.1038891668,AminPD,0.8127569792,1800.3449242000,0.0000000000,0.0000000000,0.1000000000,0.1000000000,0.1000000000
32062,32062,Cavan,ED,2020,60.0000000000,1649.7676434000,0.0000000000,0.0000000000,0.0000000000,1.0000000000,0.0000000000,0.0000000000,0.0000000000,1.0000000000,0.0000000000,2,1.0000000000,23.0436626887,AminPD,0.9821793086,1649.7676434000,29.4000000000,0.0178206914,0.1000000000,0.1000000000,0.1000000000
32063,32063,Cavan,ED,2020,39.0000000000,824.3359826000,0.0000000000,0.0000000000,0.8945818188,0.1054181812,0.0000000000,0.0000000000,0.0000000000,1.0000000000,0.0000000000,2,1.0000000000,22.8330001112,AminPD,0.6191737740,824.3359826000,0.0000000000,0.0000000000,0.1894581819,0.1894581819,0.1894581819
32064,32064,Cavan,ED,2020,47.0000000000,935.3106140000,0.0000000000,0.0000000000,1.0000000000,0.0000000000,0.0000000000,0.0000000000,0.0000000000,1.0000000000,0.0000000000,2,1.0000000000,22.9960554430,AminPD,1.0000000000,935.3106140000,0.0000000000,0.0000000000,0.2000000000,0.2000000000,0.2000000000
32065,32065,Cavan,ED,2020,43.0000000000,814.9261270000,0.3069171115,0.0000000000,0.0000000000,0.6930828885,0.0000000000,0.0000000000,0.3069171115,0.6930828885,0.0000000000,2,0.6930828885,24.0000000000,AminPD,0.8121967907,814.9261270000,0.0000000000,0.0000000000,0.0693082888,0.0693082888,0.0693082888
32066,32066,Cavan,ED,2020,56.0000000000,1752.0131725000,0.0000000000,0.0000000000,0.4524103651,0.5475896349,0.0000000000,0.0000000000,0.0000000000,1.0000000000,0.0000000000,2,1.0000000000,23.4853919970,AminPD,0.9790423260,1752.0131725000,0.0000000000,0.0000000000,0.1467107743,0.1467107743,0.1467107743
32067,32067,Cavan,ED,2020,43.0000000000,1749.8235460000,0.0000000000,0.0000000000,0.4159697569,0.5840302431,0.0000000000,0.0000000000,0.0000000000,1.0000000000,0.0000000000,2,1.0000000000,23.2990721820,AminPD,0.8365593933,1749.8235460000,0.0000000000,0.0000000000,0.1415969757,0.1415969757,0.1415969757
32068,32068,Cavan,ED,2020,63.0000000000,1565.0095265000,0.3034028010,0.0000000000,0.0000000000,0.6965971990,0.0000000000,0.0000000000,0.3034028010,0.6965971990,0.0000000000,2,0.6965971990,23.5087376307,AminPD,0.7478240513,1565.0095265000,240.4800000000,0.1536604065,0.0696597199,0.0696597199,0.0696597199
32069,32069,Cavan,ED,2020,78.0000000000,2090.3221119200,0.0000000000,0.0000000000,1.0000000000,0.0000000000,0.0000000000,0.0000000000,0.0000000000,1.0000000000,0.0000000000,2,1.0000000000,24.0000000000,AminPD,0.7298317548,2090.3221119200,25.2200000000,0.0120651262,0.2500000000,0.2500000000,0.2500000000
32070,32070,Cavan,ED,2020,50.0000000000,2149.3914330000,0.0000000000,0.0000000000,0.0000000000,1.0000000000,0.0000000000,0.0000000000,0.0000000000,1.0000000000,0.0000000000,2,1.0000000000,21.6831122840,AminPD,0.9114386295,2149.3914330000,51.6675060000,0.0240382023,0.1000000000,0.1000000000,0.1000000000
32071,32071,Cavan,ED,2020,73.0000000000,1694.2798877000,0.0000000000,0.0000000000,0.0000000000,1.0000000000,0.0000000000,0.0000000000,0.0000000000,1.0000000000,0.0000000000,2,1.0000000000,21.5426117667,AminPD,0.9172787892,1694.2798877000,81.8039637000,0.0482824380,0.1000000000,0.1000000000,0.1000000000
32072,32072,Cavan,ED,2020,35.0000000000,911.2408366000,0.0000000000,0.0000000000,1.0000000000,0.0000000000,0.0000000000,0.0000000000,0.0000000000,1.0000000000,0.0000000000,2,1.0000000000,22.6826753677,BminPD,0.5480172331,911.2408366000,0.0000000000,0.0000000000,0.2000000000,0.2000000000,0.2000000000
32073,32073,Cavan,ED,2020,80.0000000000,1613.3144022000,0.0000000000,0.0000000000,0.0000000000,1.0000000000,0.0000000000,0.0000000000,0.0000000000,1.0000000000,0.0000000000,2,1.0000000000,21.9426022428,AminPD,0.7758571435,1613.3144022000,0.0000000000,0.0000000000,0.1000000000,0.1000000000,0.1000000000
32074,32074,Cavan,ED,2020,58.0000000000,1724.1417005000,0.0000000000,0.0000000000,0.0000000000,1.0000000000,0.0000000000,0.0000000000,0.0000000000,1.0000000000,0.0000000000,2,1.0000000000,23.9871111406,AminPD,0.9201399746,1724.1417005000,137.6900000000,0.0798600254,0.1000000000,0.1000000000,0.1000000000
32075,32075,Cavan,ED,2020,48.0000000000,960.0262703000,0.0000000000,0.0000000000,0.1223263484,0.8776736516,0.0000000000,0.0000000000,0.0000000000,1.0000000000,0.0000000000,2,1.0000000000,23.0752851683,AminPD,0.7605160805,960.0262703000,22.7535490000,0.0237009650,0.1122326348,0.1122326348,0.1122326348
32076,32076,Cavan,ED,2020,35.0000000000,1484.6103760000,0.0000000000,0.0000000000,0.0000000000,1.0000000000,0.0000000000,0.0000000000,0.0000000000,1.0000000000,0.0000000000,2,1.0000000000,23.2315055125,AminPD,1.0000000000,1484.6103760000,0.0000000000,0.0000000000,0.1035935354,0.1035935354,0.1035935354
32077,32077,Cavan,ED,2020,81.0000000000,2027.8776097000,0.0000000000,0.0000000000,0.0000000000,1.0000000000,0.0000000000,0.0000000000,0.0000000000,1.0000000000,0.0000000000,2,1.0000000000,22.2299875941,AminPD,0.9832329975,2027.8776097000,0.0000000000,0.0000000000,0.1000000000,0.1000000000,0.1000000000
32078,32078,Cavan,ED,2020,51.0000000000,1990.0476346000,0.0000000000,0.0000000000,0.0000000000,1.0000000000,0.0000000000,0.0000000000,0.0000000000,1.0000000000,0.0000000000,2,1.0000000000,21.5411718097,AminPD,1.0000000000,1990.0476346000,0.0000000000,0.0000000000,0.1000000000,0.1000000000,0.1000000000
32079,32079,Cavan,ED,2020,43.0000000000,1409.1313003000,0.0000000000,0.0000000000,0.0000000000,1.0000000000,0.0000000000,0.0000000000,0.0000000000,1.0000000000,0.0000000000,2,1.0000000000,21.6837895534,AminPD,1.0000000000,1409.1313003000,0.0000000000,0.0000000000,0.1000000000,0.1000000000,0.1000000000
32080,32080,Cavan,ED,2020,99.0000000000,2274.2503542000,0.0000000000,0.0000000000,0.0000000000,1.0000000000,0.0000000000,0.0000000000,0.0000000000,1.0000000000,0.0000000000,2,1.0000000000,21.4990404565,AminPD,0.8305468889,2274.2503542000,203.2922850000,0.0893887010,0.1000000000,0.1000000000,0.1000000000
32081,32081,Cavan,ED,2020,42.0000000000,1492.9512546000,0.0000000000,0.0000000000,0.0000000000,0.0482957514,0.9517042486,0.0000000000,0.0000000000,0.0482957514,0.9517042486,3,0.9517042486,19.7712562413,AminPD,0.4835147620,1492.9512546000,771.0872840000,0.5164852380,0.9589486113,0.9589486113,0.9589486113
32083,32083,Cavan,ED,2020,38.0000000000,1152.0159720000,0.0000000000,0.0000000000,0.0000000000,0.5157577355,0.4842422645,0.0000000000,0.0000000000,0.5157577355,0.4842422645,2,0.5157577355,19.9179133707,AminPD,0.5956787438,1152.0159720000,295.5665570000,0.2565646347,0.5616059248,0.5616059248,0.5616059248
32084/32082,32084/32082,Cavan,COUNTY_FALLBACK,2020,4790.0000000000,133051.1096307200,0.1035515117,0.0000000000,0.1412889566,0.6993097317,0.0558498000,0.0000000000,0.1035515117,0.8405986883,0.0558498000,2,0.8405986883,22.7377928059,,,133051.1096307200,8211.2152512000,0.0617147446,0.1611790056,0.1611790056,0.1657222988
32085,32085,Cavan,ED,2020,35.0000000000,1560.8057250000,0.0000000000,0.0000000000,0.0000000000,0.6499616523,0.3500383477,0.0000000000,0.0000000000,0.6499616523,0.3500383477,2,0.6499616523,21.1319292399,AminPD,0.7559737827,1560.8057250000,304.6856410000,0.1952104840,0.4475325955,0.4475325955,0.4475325955
32086/32087,32086/32087,Cavan,COUNTY_FALLBACK,2020,4790.0000000000,133051.1096307200,0.1035515117,0.0000000000,0.1412889566,0.6993097317,0.0558498000,0.0000000000,0.1035515117,0.8405986883,0.0558498000,2,0.8405986883,22.7377928059,,,133051.1096307200,8211.2152512000,0.0617147446,0.1611790056,0.1611790056,0.1657222988
32088,32088,Cavan,ED,2020,35.0000000000,1407.8458540000,0.0000000000,0.0000000000,0.0000000000,0.1202262304,0.8797737696,0.0000000000,0.0000000000,0.1202262304,0.8797737696,3,0.8797737696,19.2968009067,AminPD,0.2860355648,1407.8458540000,705.6826020000,0.5012499060,0.5324901324,0.5324901324,0.8978077042
32089,32089,Cavan,ED,2020,70.0000000000,1297.0474380000,0.4075378589,0.0000000000,0.0000000000,0.5924621411,0.0000000000,0.0000000000,0.4075378589,0.5924621411,0.0000000000,2,0.5924621411,24.0000000000,AminPD,0.8486520321,1297.0474380000,0.0000000000,0.0000000000,0.0592462141,0.0592462141,0.0592462141
32090,32090,Cavan,ED,2020,63.0000000000,1612.0012527000,0.4703350856,0.0000000000,0.0000000000,0.5296649144,0.0000000000,0.0000000000,0.4703350856,0.5296649144,0.0000000000,2,0.5296649144,24.0000000000,AminSW,0.4836960246,1612.0012527000,83.6966180000,0.0519209386,0.0529664914,0.0529664914,0.0529664914
32091,32091,Cavan,ED,2020,46.0000000000,1004.8889599000,1.0000000000,0.0000000000,0.0000000000,0.0000000000,0.0000000000,0.0000000000,1.0000000000,0.0000000000,0.0000000000,1,1.0000000000,24.0000000000,AminDW,0.4841302861,1004.8889599000,0.0000000000,0.0000000000,0.0023027777,0.0023027777,0.0023027777
32092,32092,Cavan,ED,2020,51.0000000000,880.0693985000,0.0000000000,0.0000000000,0.0000000000,1.0000000000,0.0000000000,0.0000000000,0.0000000000,1.0000000000,0.0000000000,2,1.0000000000,24.0000000000,AminPD,0.7741639002,880.0693985000,97.8433815000,0.1111768932,0.1000000000,0.1000000000,0.1000000000
32093,32093,Cavan,ED,2020,31.0000000000,684.9012560000,0.0000000000,0.0000000000,0.0527375015,0.9472624985,0.0000000000,0.0000000000,0.0000000000,1.0000000000,0.0000000000,2,1.0000000000,23.4086738833,AminPD,0.7761021335,684.9012560000,153.3479300000,0.2238978665,0.1079106252,0.1079106252,0.1079106252
33001,33001,Donegal,ED,2020,2.0000000000,14.8500000000,0.0000000000,0.0000000000,0.0000000000,0.0000000000,1.0000000000,0.0000000000,0.0000000000,0.0000000000,1.0000000000,3,1.0000000000,19.7912457912,AminDW,1.0000000000,14.8500000000,0.0000000000,0.0000000000,0.1000000000,0.1000000000,0.8500000000
33002,33002,Donegal,COUNTY_FALLBACK,2020,7903.0000000000,220573.9018518400,0.0057458846,0.2560810063,0.0297078023,0.1438829224,0.5460738901,0.0185084943,0.2618268909,0.1735907247,0.5645823844,3,0.5645823844,18.4911083425,,,220573.9018518400,105788.5381926000,0.4796058704,0.3303351455,0.3303351455,0.4827286069
33004,33004,Donegal,ED,2020,74.0000000000,2104.0614638000,0.0000000000,0.0000000000,0.7688519386,0.2311480614,0.0000000000,0.0000000000,0.0000000000,1.0000000000,0.0000000000,2,1.0000000000,21.3562071048,AminPD,0.4121045819,2104.0614638000,39.0000000000,0.0185355802,0.1884425969,0.1884425969,0.1884425969
33005,33005,Donegal,ED,2020,83.0000000000,2127.8419756000,0.1473065837,0.0000000000,0.6055626660,0.2471307503,0.0000000000,0.0000000000,0.1473065837,0.8526934163,0.0000000000,2,0.8526934163,20.7921671444,AminPD,0.6256988488,2127.8419756000,292.5560810000,0.1374895713,0.1581821458,0.1581821458,0.1581821458
33006,33006,Donegal,ED,2020,5.0000000000,79.7035540000,1.0000000000,0.0000000000,0.0000000000,0.0000000000,0.0000000000,0.0000000000,1.0000000000,0.0000000000,0.0000000000,1,1.0000000000,24.0000000000,BminSW,0.8488823974,79.7035540000,0.0000000000,0.0000000000,0.0000000000,0.0000000000,0.0000000000
33007,33007,Donegal,ED,2020,65.0000000000,1202.0015457000,0.4836698670,0.0000000000,0.1042495498,0.4120805832,0.0000000000,0.0000000000,0.4836698670,0.5163301330,0.0000000000,2,0.5163301330,21.1437630839,AminPD,0.8099116748,1202.0015457000,91.0910220000,0.0757827827,0.0774495200,0.0774495200,0.0774495200
33008,33008,Donegal,ED,2020,48.0000000000,1332.1916180000,0.2198419319,0.0000000000,0.5597121284,0.2204459396,0.0000000000,0.0000000000,0.2198419319,0.7801580681,0.0000000000,2,0.7801580681,23.6714017007,AminPD,0.6693274000,1332.1916180000,70.1355900000,0.0526467732,0.1170237102,0.1170237102,0.1170237102
33009,33009,Donegal,ED,2020,72.0000000000,2596.9516087200,0.0000000000,0.0000000000,0.0000000000,0.8682972221,0.1317027779,0.0000000000,0.0000000000,0.8682972221,0.1317027779,2,0.8682972221,17.7114754224,BktPt,0.5411315510,2596.9516087200,1676.8665489000,0.6457057356,0.2619473612,0.2619473612,0.2619473612
33010,33010,Donegal,ED,2020,30.0000000000,806.8414007000,0.0000000000,0.0000000000,0.0000000000,1.0000000000,0.0000000000,0.0000000000,0.0000000000,1.0000000000,0.0000000000,2,1.0000000000,16.6476422112,AminSRPT,0.4701301252,806.8414007000,642.0379137000,0.7957424013,0.1500000000,0.1500000000,0.1500000000
33011,33011,Donegal,ED,2020,66.0000000000,1911.8815684000,0.0000000000,0.0000000000,0.0457148534,0.4461980056,0.5080871410,0.0000000000,0.0000000000,0.4919128590,0.5080871410,3,0.5080871410,18.5997122241,AminPD,0.6217556616,1911.8815684000,645.7934150000,0.3377789847,0.5841598125,0.5841598125,0.5841598125
33012,33012,Donegal,ED,2020,61.0000000000,2465.3419932000,0.0000000000,0.0000000000,0.0000000000,0.3352296222,0.5959016813,0.0688686965,0.0000000000,0.3352296222,0.6647703778,3,0.6647703778,16.7437790609,BktPt,0.9306140891,2465.3419932000,2391.7819932000,0.9701623547,0.3658962157,0.3658962157,0.6172622197
33013,33013,Donegal,ED,2020,48.0000000000,1724.4876300000,0.0000000000,0.0000000000,0.0000000000,0.2340023515,0.7659976485,0.0000000000,0.0000000000,0.2340023515,0.7659976485,3,0.7659976485,17.3617590194,BktPt,0.7089153231,1724.4876300000,1385.8415774000,0.8036251193,0.4407405308,0.4407405308,0.7410384228
33014,33014,Donegal,ED,2020,59.0000000000,1517.4933120000,0.0000000000,0.0000000000,0.0000000000,0.2449177218,0.4147318179,0.3403504603,0.0000000000,0.2449177218,0.7550822782,3,0.7550822782,19.9666750882,AminPD,0.5242464164,1517.4933120000,637.4795472000,0.4200872203,0.1632984551,0.1632984551,0.4913648416
33015,33015,Donegal,ED,2020,46.0000000000,1422.4634961000,0.0000000000,0.0000000000,0.0000000000,0.1186169898,0.8813830102,0.0000000000,0.0000000000,0.1186169898,0.8813830102,3,0.8813830102,19.7317742876,BktPt,0.6916809633,1422.4634961000,1118.1386044000,0.7860578549,0.6043685982,0.6043685982,0.8500410653
33016,33016,Donegal,ED,2020,64.0000000000,1767.2088160000,0.0000000000,0.0000000000,0.2150253556,0.7849746444,0.0000000000,0.0000000000,0.0000000000,1.0000000000,0.0000000000,2,1.0000000000,20.6816001545,AminPD,0.9110496968,1767.2088160000,101.9661000000,0.0576989539,0.1607512678,0.1607512678,0.1607512678
33017,33017,Donegal,ED,2020,26.0000000000,598.8862084000,0.0000000000,0.0000000000,0.0000000000,0.5925500822,0.4074499178,0.0000000000,0.0000000000,0.5925500822,0.4074499178,2,0.5925500822,20.9017125024,AminPD,0.7906126402,598.8862084000,125.3992020000,0.2093873598,0.1296275041,0.1296275041,0.4352149425
33018,33018,Donegal,ED,2020,68.0000000000,1833.1732527000,0.0000000000,0.0000000000,0.0000000000,0.5295931403,0.4704068597,0.0000000000,0.0000000000,0.5295931403,0.4704068597,2,0.5295931403,19.3790808050,BktPt,0.7376746066,1833.1732527000,1566.5370830000,0.8545493890,0.1682130219,0.1682130219,0.4862403626
33019,33019,Donegal,ED,2020,33.0000000000,1069.0777058000,0.0000000000,0.0000000000,0.0000000000,0.1753227953,0.8246772047,0.0000000000,0.0000000000,0.1753227953,0.8246772047,3,0.8246772047,15.1715990297,BktPt,0.7674428803,1069.0777058000,820.4560738000,0.7674428803,0.8509756240,0.8509756240,0.8509756240
33020,33020,Donegal,ED,2020,39.0000000000,1238.8574414000,0.0000000000,0.0000000000,0.0000000000,0.7473496518,0.2526503482,0.0000000000,0.0000000000,0.7473496518,0.2526503482,2,0.7473496518,20.5492141905,AminPD,0.5268523927,1238.8574414000,586.1624342000,0.4731476073,0.1373674826,0.1373674826,0.3268552438
33021,33021,Donegal,ED,2020,48.0000000000,1028.4505756000,0.0000000000,0.0000000000,0.0000000000,0.9361545401,0.0638454599,0.0000000000,0.0000000000,0.9361545401,0.0638454599,2,0.9361545401,21.4209530911,AminPD,0.8310074503,1028.4505756000,173.8004850000,0.1689925497,0.1468077270,0.1468077270,0.1946918219
33022,33022,Donegal,ED,2020,73.0000000000,2533.0354418000,0.0000000000,0.0000000000,0.0402678400,0.3275156555,0.6322165046,0.0000000000,0.0000000000,0.3677834954,0.6322165046,3,0.6322165046,18.2343193245,BktPt,0.6322165046,2533.0354418000,1721.6868130000,0.6796931399,0.6893974209,0.6893974209,0.6893974209
33023,33023,Donegal,ED,2020,12.0000000000,378.4498893000,0.0000000000,0.0000000000,0.0000000000,0.7673098770,0.1667327744,0.0659573487,0.0000000000,0.7673098770,0.2326901230,2,0.7673098770,19.0438773084,BktPt,0.3804995168,378.4498893000,265.2615513000,0.7009159173,0.1482590961,0.1482590961,0.2766065444
33024,33024,Donegal,ED,2020,66.0000000000,2262.1240180000,0.0000000000,0.0000000000,0.0000000000,0.9746698238,0.0253301762,0.0000000000,0.0000000000,0.9746698238,0.0253301762,2,0.9746698238,15.4576336787,AminPD,0.4509292669,2262.1240180000,1077.4660930000,0.4763072601,0.1715306498,0.1715306498,0.1715306498
33025,33025,Donegal,ED,2020,64.0000000000,1148.5151942000,0.0000000000,0.0000000000,0.0000000000,1.0000000000,0.0000000000,0.0000000000,0.0000000000,1.0000000000,0.0000000000,2,1.0000000000,20.0639079871,AminPD,1.0000000000,1148.5151942000,0.0000000000,0.0000000000,0.1500000000,0.1500000000,0.1500000000
33026,33026,Donegal,ED,2020,35.0000000000,642.2817282000,0.0000000000,0.0000000000,0.0000000000,0.0000000000,0.7746154808,0.2253845192,0.0000000000,0.0000000000,1.0000000000,3,1.0000000000,21.7282657953,AminPD,0.4557631844,642.2817282000,161.6076230000,0.2516148536,0.1338076779,0.1338076779,0.7260385144
33027,33027,Donegal,ED,2020,55.0000000000,2206.8034470000,0.0000000000,0.0000000000,0.0000000000,0.2752931536,0.7247068464,0.0000000000,0.0000000000,0.2752931536,0.7247068464,3,0.7247068464,16.3634614796,BktPt,0.8159692353,2206.8034470000,1800.6837212000,0.8159692353,0.7660008195,0.7660008195,0.7660008195
33028,33028,Donegal,ED,2020,67.0000000000,1615.5367670000,0.0000000000,0.0000000000,0.0076753434,0.3866704446,0.6056542120,0.0000000000,0.0000000000,0.3943457880,0.6056542120,3,0.6056542120,19.5435969259,AminPD,0.4017341550,1615.5367670000,820.3289695000,0.5077748685,0.2982801713,0.2982801713,0.6040382347
33029,33029,Donegal,ED,2020,42.0000000000,1260.7577820000,0.0000000000,0.0000000000,0.0000000000,0.0000000000,1.0000000000,0.0000000000,0.0000000000,0.0000000000,1.0000000000,3,1.0000000000,16.3498060344,AminSRPT,0.2956562778,1260.7577820000,522.2927680000,0.4142689226,0.1000000000,0.1000000000,0.1000000000
33030,33030,Donegal,ED,2020,56.0000000000,1147.9118665000,0.0000000000,0.0000000000,0.0000000000,0.0000000000,1.0000000000,0.0000000000,0.0000000000,0.0000000000,1.0000000000,3,1.0000000000,16.0847912233,BktPt,0.7547638397,1147.9118665000,974.2321850000,0.8486994633,0.1228387179,0.1228387179,0.4562659118
33031,33031,Donegal,ED,2020,51.0000000000,833.2289556000,0.0000000000,0.0000000000,0.0000000000,0.0000000000,1.0000000000,0.0000000000,0.0000000000,0.0000000000,1.0000000000,3,1.0000000000,15.6616385543,BktPt,0.4192037146,833.2289556000,490.6256121000,0.5888244867,0.3140608632,0.3140608632,0.4184923923
33032,33032,Donegal,ED,2020,136.0000000000,2194.2144146000,0.0000000000,0.0000000000,0.2211247054,0.0000000000,0.7392458680,0.0396294266,0.0000000000,0.2211247054,0.7788752946,3,0.7788752946,15.7155097142,BktPt,0.5185619428,2194.2144146000,1294.4360898000,0.5899314494,0.1480644993,0.1480644993,0.5749556552
33033,33033,Donegal,ED,2020,28.0000000000,775.8970197000,0.0000000000,0.0000000000,0.0000000000,0.0000000000,1.0000000000,0.0000000000,0.0000000000,0.0000000000,1.0000000000,3,1.0000000000,15.3942131194,BktPt,0.6641599554,775.8970197000,569.6644647000,0.7342011249,0.1252836997,0.1252836997,0.6548647937
33034,33034,Donegal,ED,2020,85.0000000000,2161.7265619000,0.0000000000,0.0000000000,0.0000000000,0.0000000000,1.0000000000,0.0000000000,0.0000000000,0.0000000000,1.0000000000,3,1.0000000000,15.9709777020,AminPD,0.4543408896,2161.7265619000,499.1760739000,0.2309154556,0.1000000000,0.1000000000,0.4013612992
33035,33035,Donegal,ED,2020,80.0000000000,1606.0042801000,0.0000000000,0.0000000000,0.0000000000,0.0000000000,0.6765113901,0.3234886099,0.0000000000,0.0000000000,1.0000000000,3,1.0000000000,15.1229931641,BktPt,0.5336939992,1606.0042801000,1191.2249080000,0.7417320880,0.2776891988,0.2776891988,0.6936089158
33036,33036,Donegal,ED,2020,85.0000000000,940.7437686000,0.0000000000,0.0000000000,0.0000000000,0.0000000000,1.0000000000,0.0000000000,0.0000000000,0.0000000000,1.0000000000,3,1.0000000000,14.4692588681,BktPt,0.8722979167,940.7437686000,828.8983290000,0.8811095610,0.2250021889,0.2250021889,0.8616464486
33037,33037,Donegal,ED,2020,73.0000000000,1344.6954846000,0.0000000000,0.0000000000,0.0000000000,0.0000000000,1.0000000000,0.0000000000,0.0000000000,0.0000000000,1.0000000000,3,1.0000000000,15.5538834674,BktPt,0.6518409030,1344.6954846000,1136.8651334000,0.8454443005,0.5367597090,0.5367597090,0.9227932848
33038,33038,Donegal,ED,2020,43.0000000000,480.0879673000,0.0000000000,0.0000000000,0.0000000000,0.0000000000,1.0000000000,0.0000000000,0.0000000000,0.0000000000,1.0000000000,3,1.0000000000,14.3464446042,BktPt,0.9311893183,480.0879673000,447.0527870000,0.9311893183,0.4841555826,0.4841555826,0.8943866890
33039,33039,Donegal,ED,2020,39.0000000000,636.1390811000,0.0000000000,0.0000000000,0.0000000000,0.0000000000,1.0000000000,0.0000000000,0.0000000000,0.0000000000,1.0000000000,3,1.0000000000,16.2835181471,BktPt,0.4524021747,636.1390811000,550.2013644000,0.8649073461,0.7046679174,0.7046679174,0.8592331735
33040,33040,Donegal,ED,2020,17.0000000000,119.4035802000,0.0000000000,1.0000000000,0.0000000000,0.0000000000,0.0000000000,0.0000000000,1.0000000000,0.0000000000,0.0000000000,1,1.0000000000,14.0000000000,BktPt,0.5517713965,119.4035802000,119.4035802000,1.0000000000,0.0000000000,0.0000000000,0.0000000000
33041,33041,Donegal,ED,2020,84.0000000000,2102.8447544000,0.0000000000,0.1035583707,0.0000000000,0.0000000000,0.8964416293,0.0000000000,0.1035583707,0.0000000000,0.8964416293,3,0.8964416293,15.9803090907,BktPt,0.7290612489,2102.8447544000,1892.4237044000,0.8999350525,0.8920011898,0.8920011898,0.8920011898
33042,33042,Donegal,ED,2020,51.0000000000,1995.5611450000,0.0000000000,0.0000000000,0.0000000000,0.0000000000,1.0000000000,0.0000000000,0.0000000000,0.0000000000,1.0000000000,3,1.0000000000,14.9788725366,BktPt,0.8965002899,1995.5611450000,1995.5611450000,1.0000000000,0.3938842175,0.3938842175,0.8989807029
33043,33043,Donegal,ED,2020,53.0000000000,1657.9248317000,0.0000000000,0.0000000000,0.0000000000,0.0000000000,1.0000000000,0.0000000000,0.0000000000,0.0000000000,1.0000000000,3,1.0000000000,15.3019508079,BktPt,0.9954151414,1657.9248317000,1650.3234807000,0.9954151414,1.0000000000,1.0000000000,1.0000000000
33044,33044,Donegal,ED,2020,21.0000000000,480.7242360000,0.0000000000,0.0000000000,0.0000000000,0.4246569774,0.5753430226,0.0000000000,0.0000000000,0.4246569774,0.5753430226,3,0.5753430226,14.6728279495,AminSRPT,1.0000000000,480.7242360000,480.7242360000,1.0000000000,0.1212328489,0.1212328489,0.1212328489
33045,33045,Donegal,ED,2020,68.0000000000,3578.0146683000,0.0000000000,0.0000000000,0.0609955029,0.0000000000,0.9390044971,0.0000000000,0.0000000000,0.0609955029,0.9390044971,3,0.9390044971,15.5033972264,AminSRPT,0.6265386612,3578.0146683000,2774.3815322000,0.7753969140,0.7222107269,0.7222107269,0.7222107269
33046,33046,Donegal,ED,2020,17.0000000000,316.5131184000,0.0000000000,0.1713273569,0.0000000000,0.0000000000,0.8286726431,0.0000000000,0.1713273569,0.0000000000,0.8286726431,3,0.8286726431,14.1088833353,BktPt,0.7119492536,316.5131184000,304.6061384000,0.9623807694,0.8286726431,0.8286726431,0.8286726431
33047,33047,Donegal,ED,2020,37.0000000000,725.8551267000,0.0000000000,0.0000000000,0.0000000000,0.0000000000,1.0000000000,0.0000000000,0.0000000000,0.0000000000,1.0000000000,3,1.0000000000,14.4081903635,BktPt,0.9939524985,725.8551267000,721.4655167000,0.9939524985,1.0000000000,1.0000000000,1.0000000000
33048,33048,Donegal,ED,2020,50.0000000000,1969.1740495000,0.0000000000,0.0000000000,0.0000000000,0.0000000000,1.0000000000,0.0000000000,0.0000000000,0.0000000000,1.0000000000,3,1.0000000000,16.0156169523,BktPt,0.7952886785,1969.1740495000,1969.1740495000,1.0000000000,1.0000000000,1.0000000000,1.0000000000
33049,33049,Donegal,ED,2020,49.0000000000,911.4841140000,0.0000000000,0.0000000000,0.0000000000,0.0000000000,1.0000000000,0.0000000000,0.0000000000,0.0000000000,1.0000000000,3,1.0000000000,14.4009465139,BktPt,0.6657604252,911.4841140000,911.4841140000,1.0000000000,0.6409433348,0.6409433348,0.7108019303
33050,33050,Donegal,ED,2020,88.0000000000,2343.9828389000,0.0000000000,0.0000000000,0.0000000000,0.0000000000,1.0000000000,0.0000000000,0.0000000000,0.0000000000,1.0000000000,3,1.0000000000,15.5994692882,AminSRPT,0.4113038213,2343.9828389000,1736.4858838000,0.7408270466,0.5749849648,0.5749849648,0.5749849648
33051,33051,Donegal,ED,2020,53.0000000000,2476.7164090000,0.0000000000,0.0000000000,0.0000000000,0.0000000000,0.8095462208,0.1904537792,0.0000000000,0.0000000000,1.0000000000,3,1.0000000000,16.1585925585,BktPt,0.8268407007,2476.7164090000,2476.7164090000,1.0000000000,0.8571596656,0.8571596656,0.8666823546
33052,33052,Donegal,ED,2020,122.0000000000,3833.9482651000,0.0000000000,0.0000000000,0.0000000000,0.0736878427,0.7379198134,0.1883923439,0.0000000000,0.0736878427,0.9263121573,3,0.9263121573,15.4628221499,BktPt,0.6275352311,3833.9482651000,3338.4376881000,0.8707571040,0.7314995079,0.7314995079,0.7409191251
33053,33053,Donegal,ED,2020,83.0000000000,3944.5939363000,0.0000000000,0.0000000000,0.0000000000,0.0000000000,0.7651984009,0.2348015991,0.0000000000,0.0000000000,1.0000000000,3,1.0000000000,15.8858001395,BktPt,0.7124072610,3944.5939363000,3755.1687163000,0.9519785248,0.8031635865,0.8031635865,0.8321830116
33054,33054,Donegal,ED,2020,47.0000000000,2095.2670650000,0.0000000000,0.0000000000,0.0000000000,0.0000000000,1.0000000000,0.0000000000,0.0000000000,0.0000000000,1.0000000000,3,1.0000000000,14.4728752800,BktPt,0.8362096695,2095.2670650000,2095.2670650000,1.0000000000,0.9121658334,0.9121658334,0.9121658334
33055,33055,Donegal,ED,2020,41.0000000000,909.6686910000,0.0000000000,0.1455410940,0.0000000000,0.0000000000,0.8544589060,0.0000000000,0.1455410940,0.0000000000,0.8544589060,3,0.8544589060,15.8491362885,AminPD,0.4858038315,909.6686910000,467.7481555000,0.5141961685,0.2059757342,0.2059757342,0.2059757342
33056,33056,Donegal,ED,2020,84.0000000000,1177.3510367000,0.0000000000,0.0000000000,0.1597643090,0.0000000000,0.8402356910,0.0000000000,0.0000000000,0.1597643090,0.8402356910,3,0.8402356910,14.4011047221,BktPt,0.5212983941,1177.3510367000,977.6592699000,0.8303889320,0.8281825534,0.8281825534,0.8601354152
33057,33057,Donegal,ED,2020,36.0000000000,989.4389312000,0.0000000000,0.0000000000,0.0000000000,1.0000000000,0.0000000000,0.0000000000,0.0000000000,1.0000000000,0.0000000000,2,1.0000000000,19.1526949127,BktPt,0.4828572913,989.4389312000,846.5478022000,0.8555836803,0.1500000000,0.1500000000,0.1500000000
33058,33058,Donegal,ED,2020,35.0000000000,974.6839825000,0.0000000000,0.0000000000,0.0000000000,0.2176934835,0.7823065165,0.0000000000,0.0000000000,0.2176934835,0.7823065165,3,0.7823065165,15.9291468740,AminPD,0.4031170195,974.6839825000,581.7722805000,0.5968829805,0.3125131030,0.3125131030,0.3125131030
33059,33059,Donegal,ED,2020,81.0000000000,1525.5904371000,0.0000000000,0.2643183153,0.0000000000,0.0000000000,0.7356816847,0.0000000000,0.2643183153,0.0000000000,0.7356816847,3,0.7356816847,15.6648086316,AminSRPT,0.8177402105,1525.5904371000,1488.6661671000,0.9757967348,0.7356816847,0.7356816847,0.7356816847
33060,33060,Donegal,ED,2020,52.0000000000,1801.0809248000,0.0000000000,0.0000000000,0.0000000000,0.0000000000,1.0000000000,0.0000000000,0.0000000000,0.0000000000,1.0000000000,3,1.0000000000,15.0157276726,BktPt,0.4410391387,1801.0809248000,1086.6695678000,0.6033429997,0.7961942112,0.7961942112,0.7961942112
33061,33061,Donegal,ED,2020,61.0000000000,1296.4667392000,0.0000000000,0.0000000000,0.0000000000,0.0000000000,1.0000000000,0.0000000000,0.0000000000,0.0000000000,1.0000000000,3,1.0000000000,14.7653828590,BktPt,0.4347636096,1296.4667392000,1101.4702002000,0.8495938746,0.9304633643,0.9304633643,0.9304633643
33062,33062,Donegal,ED,2020,51.0000000000,947.6632324000,0.0000000000,0.0000000000,0.0000000000,0.0000000000,1.0000000000,0.0000000000,0.0000000000,0.0000000000,1.0000000000,3,1.0000000000,14.9356434287,BktPt,0.9853847342,947.6632324000,947.6632324000,1.0000000000,1.0000000000,1.0000000000,1.0000000000
33063,33063,Donegal,ED,2020,43.0000000000,1342.7968426000,0.0000000000,0.0000000000,0.0000000000,0.0028325111,0.9971674889,0.0000000000,0.0000000000,0.0028325111,0.9971674889,3,0.9971674889,15.4366168037,BktPt,0.7458057048,1342.7968426000,1240.2333556000,0.9236195054,0.9975923655,0.9975923655,0.9975923655
33064,33064,Donegal,ED,2020,31.0000000000,434.7997663000,0.0000000000,0.0000000000,0.0000000000,0.0000000000,1.0000000000,0.0000000000,0.0000000000,0.0000000000,1.0000000000,3,1.0000000000,14.6766002468,AminSRPT,0.4576764104,434.7997663000,374.5721063000,0.8614818483,0.7203636373,0.7203636373,0.7203636373
33065,33065,Donegal,ED,2020,17.0000000000,770.5903982000,0.0000000000,0.0000000000,0.0000000000,0.2854868147,0.7145131853,0.0000000000,0.0000000000,0.2854868147,0.7145131853,3,0.7145131853,16.4176615976,AminPD,0.5081472584,770.5903982000,379.0170000000,0.4918527416,0.6399621782,0.6399621782,0.6399621782
33066,33066,Donegal,ED,2020,84.0000000000,1953.0766526000,0.0000000000,0.3712972653,0.0000000000,0.0000000000,0.6287027347,0.0000000000,0.3712972653,0.0000000000,0.6287027347,3,0.6287027347,16.6376583858,AminSW,0.3410316960,1953.0766526000,595.9803660000,0.3051495010,0.0628702735,0.0628702735,0.5343973245
33067,33067,Donegal,ED,2020,76.0000000000,1080.8311122000,0.0000000000,0.2081389202,0.1534894796,0.0000000000,0.6383716002,0.0000000000,0.2081389202,0.1534894796,0.6383716002,3,0.6383716002,15.5381480757,AminPD,0.4860806899,1080.8311122000,196.4871092000,0.1817926103,0.4738933796,0.4738933796,0.6209316673
33068,33068,Donegal,ED,2020,63.0000000000,1603.2176872000,0.0000000000,1.0000000000,0.0000000000,0.0000000000,0.0000000000,0.0000000000,1.0000000000,0.0000000000,0.0000000000,1,1.0000000000,21.2774947439,AminPD,0.7908134209,1603.2176872000,215.3716236000,0.1343371055,0.0000000000,0.0000000000,0.0000000000
33069,33069,Donegal,ED,2020,66.0000000000,1791.8605083000,0.0000000000,0.0625825954,0.0000000000,0.0000000000,0.9374174046,0.0000000000,0.0625825954,0.0000000000,0.9374174046,3,0.9374174046,17.6798574145,BktPt,0.3966485459,1791.8605083000,882.7801310000,0.4926611904,0.6946379645,0.6946379645,0.8969541646
33070,33070,Donegal,ED,2020,62.0000000000,3075.6016695000,0.0000000000,0.7582895139,0.0000000000,0.0000000000,0.2417104861,0.0000000000,0.7582895139,0.0000000000,0.2417104861,1,0.7582895139,20.9009274853,AminPD,0.8327160584,3075.6016695000,0.0000000000,0.0000000000,0.0241710486,0.0241710486,0.2054539132
33071,33071,Donegal,ED,2020,63.0000000000,1165.7616486000,0.0000000000,0.0000000000,0.0565860260,0.0000000000,0.9434139740,0.0000000000,0.0000000000,0.0565860260,0.9434139740,3,0.9434139740,15.9069311696,AminPD,0.6069440746,1165.7616486000,392.2437046000,0.3364698994,0.2981214318,0.2981214318,0.8471824221
33072,33072,Donegal,ED,2020,49.0000000000,984.5961300000,0.0000000000,0.7236614225,0.0000000000,0.0000000000,0.2763385775,0.0000000000,0.7236614225,0.0000000000,0.2763385775,1,0.7236614225,18.0779192744,AminSW,0.4770258512,984.5961300000,272.0818940000,0.2763385775,0.2763385775,0.2763385775,0.2763385775
33073,33073,Donegal,ED,2020,18.0000000000,537.4068150000,0.0000000000,1.0000000000,0.0000000000,0.0000000000,0.0000000000,0.0000000000,1.0000000000,0.0000000000,0.0000000000,1,1.0000000000,17.8140112235,AminPD,0.7740320989,537.4068150000,121.4366900000,0.2259679011,0.0000000000,0.0000000000,0.0000000000
33074,33074,Donegal,ED,2020,32.0000000000,1876.6575690000,0.0000000000,1.0000000000,0.0000000000,0.0000000000,0.0000000000,0.0000000000,1.0000000000,0.0000000000,0.0000000000,1,1.0000000000,23.2598809591,AminDW,0.5129580830,1876.6575690000,0.0000000000,0.0000000000,0.0000000000,0.0000000000,0.0000000000
33075,33075,Donegal,ED,2020,71.0000000000,1957.5695560000,0.0000000000,0.4686145063,0.0000000000,0.0000000000,0.5313854937,0.0000000000,0.4686145063,0.0000000000,0.5313854937,3,0.5313854937,19.2825227697,BktPt,0.3333649457,1957.5695560000,1149.5027088000,0.5872091264,0.5313854937,0.5313854937,0.5313854937
33076,33076,Donegal,ED,2020,78.0000000000,1373.4311307000,0.0000000000,0.3329459307,0.0000000000,0.0000000000,0.6670540693,0.0000000000,0.3329459307,0.0000000000,0.6670540693,3,0.6670540693,19.3064870509,BktPt,0.6790130453,1373.4311307000,1206.1726457000,0.8782185133,0.2566463945,0.2566463945,0.5986527902
33077,33077,Donegal,ED,2020,67.0000000000,998.1366402000,0.0000000000,0.2036743578,0.0000000000,0.0000000000,0.7963256422,0.0000000000,0.2036743578,0.0000000000,0.7963256422,3,0.7963256422,15.3205198135,AminPD,0.4761735941,998.1366402000,424.5100468000,0.4253025385,0.0796325642,0.0796325642,0.6768767959
33078,33078,Donegal,ED,2020,63.0000000000,2066.6897099000,0.0000000000,0.2347822112,0.1440094517,0.0000000000,0.6212083371,0.0000000000,0.2347822112,0.1440094517,0.6212083371,3,0.6212083371,19.8936249906,AminSRPT,0.5131520984,2066.6897099000,1060.5261614000,0.5131520984,0.0621208337,0.0621208337,0.5568289768
33079,33079,Donegal,ED,2020,42.0000000000,763.9584057000,0.0000000000,0.0000000000,0.0000000000,0.0000000000,1.0000000000,0.0000000000,0.0000000000,0.0000000000,1.0000000000,3,1.0000000000,16.5989368154,BktPt,0.4949361833,763.9584057000,604.0089719000,0.7906307037,0.5658414091,0.5658414091,0.9276402349
33080,33080,Donegal,ED,2020,89.0000000000,2704.4368002000,0.0000000000,0.6242145392,0.0000000000,0.0000000000,0.3757854608,0.0000000000,0.6242145392,0.0000000000,0.3757854608,1,0.6242145392,15.4323813600,AminPD,0.4955624476,2704.4368002000,1135.5931572000,0.4199000535,0.2022852906,0.2022852906,0.3468687658
33081,33081,Donegal,ED,2020,54.0000000000,1440.5013350000,0.0000000000,0.0000000000,0.0000000000,0.0000000000,1.0000000000,0.0000000000,0.0000000000,0.0000000000,1.0000000000,3,1.0000000000,15.6662366503,BktPt,0.9037645925,1440.5013350000,1301.8741020000,0.9037645925,0.2132188629,0.2132188629,0.8688698105
33082,33082,Donegal,ED,2020,25.0000000000,623.3070691000,0.0000000000,0.0000000000,0.0000000000,0.0000000000,1.0000000000,0.0000000000,0.0000000000,0.0000000000,1.0000000000,3,1.0000000000,14.0693077331,BktPt,0.5417681489,623.3070691000,502.9078980000,0.8068381107,0.5124086660,0.5124086660,0.9187347777
33083,33083,Donegal,ED,2020,96.0000000000,2454.2244520000,0.0000000000,0.0000000000,0.0000000000,0.0000000000,0.9332358873,0.0667641127,0.0000000000,0.0000000000,1.0000000000,3,1.0000000000,16.6558163215,BktPt,0.5129951904,2454.2244520000,1259.0053400000,0.5129951904,0.7248347604,0.7248347604,0.9157497619
33084,33084,Donegal,ED,2020,18.0000000000,797.4471740000,0.0000000000,0.6276493169,0.3723506831,0.0000000000,0.0000000000,0.0000000000,0.6276493169,0.3723506831,0.0000000000,1,0.6276493169,21.5367756460,AminSW,0.4411090057,797.4471740000,0.0000000000,0.0000000000,0.0000000000,0.0000000000,0.0744701366
33085,33085,Donegal,ED,2020,53.0000000000,1688.1582237000,0.0000000000,1.0000000000,0.0000000000,0.0000000000,0.0000000000,0.0000000000,1.0000000000,0.0000000000,0.0000000000,1,1.0000000000,20.9922726399,AminPD,0.4522908882,1688.1582237000,653.5051535000,0.3871113171,0.0000000000,0.0000000000,0.0000000000
33086,33086,Donegal,ED,2020,49.0000000000,2151.5650190000,0.0000000000,1.0000000000,0.0000000000,0.0000000000,0.0000000000,0.0000000000,1.0000000000,0.0000000000,0.0000000000,1,1.0000000000,22.3212406002,AminPD,0.7195539495,2151.5650190000,122.2709170000,0.0568288274,0.0000000000,0.0000000000,0.0000000000
33087,33087,Donegal,ED,2020,67.0000000000,1873.4909852000,0.0000000000,0.6224408980,0.1335873719,0.0000000000,0.2439717301,0.0000000000,0.6224408980,0.1335873719,0.2439717301,1,0.6224408980,16.3736050039,AminSW,0.4229471429,1873.4909852000,403.9653025000,0.2156216954,0.0243971730,0.0243971730,0.2340934450
33088,33088,Donegal,ED,2020,77.0000000000,1653.8079040000,0.0000000000,0.1009385235,0.0000000000,0.0000000000,0.8078130705,0.0912484060,0.1009385235,0.0000000000,0.8990614765,3,0.8990614765,17.7479426885,BktPt,0.5287430346,1653.8079040000,1204.3815798000,0.7282475654,0.1035934085,0.1035934085,0.7140156317
33089,33089,Donegal,ED,2020,14.0000000000,228.1536390000,0.0000000000,0.5345923148,0.0000000000,0.0000000000,0.4654076852,0.0000000000,0.5345923148,0.0000000000,0.4654076852,1,0.5345923148,14.5729791143,AminPD,0.5345923148,228.1536390000,0.0000000000,0.0000000000,0.0465407685,0.0465407685,0.3955965324
33090,33090,Donegal,ED,2020,39.0000000000,1754.6568800000,0.0000000000,0.8746931597,0.0000000000,0.0000000000,0.1253068403,0.0000000000,0.8746931597,0.0000000000,0.1253068403,1,0.8746931597,23.7800139706,AminPD,0.5498806801,1754.6568800000,0.0000000000,0.0000000000,0.0125306840,0.0125306840,0.1065108142
33091,33091,Donegal,ED,2020,44.0000000000,975.6485767000,0.0000000000,1.0000000000,0.0000000000,0.0000000000,0.0000000000,0.0000000000,1.0000000000,0.0000000000,0.0000000000,1,1.0000000000,15.3294922649,AminPD,0.7362292365,975.6485767000,257.3475700000,0.2637707635,0.0000000000,0.0000000000,0.0000000000
33092,33092,Donegal,ED,2020,82.0000000000,1225.1933723000,0.0000000000,0.0000000000,0.0000000000,0.0000000000,1.0000000000,0.0000000000,0.0000000000,0.0000000000,1.0000000000,3,1.0000000000,16.3863034924,BktPt,0.6286499444,1225.1933723000,770.2177454000,0.6286499444,0.2008399023,0.2008399023,0.8668066504
33093,33093,Donegal,ED,2020,15.0000000000,483.1996171000,0.0000000000,1.0000000000,0.0000000000,0.0000000000,0.0000000000,0.0000000000,1.0000000000,0.0000000000,0.0000000000,1,1.0000000000,19.7073504303,AminPD,0.9737996481,483.1996171000,12.6600000000,0.0262003519,0.0000000000,0.0000000000,0.0000000000
33094,33094,Donegal,ED,2020,58.0000000000,1481.7921513000,0.0000000000,0.6408431657,0.0000000000,0.0000000000,0.3591568343,0.0000000000,0.6408431657,0.0000000000,0.3591568343,1,0.6408431657,17.2241860295,AminPD,0.4352453889,1481.7921513000,478.6980310000,0.3230534259,0.3591568343,0.3591568343,0.3591568343
33095,33095,Donegal,ED,2020,21.0000000000,454.8305077000,0.0000000000,0.3679317662,0.0000000000,0.0000000000,0.6320682338,0.0000000000,0.3679317662,0.0000000000,0.6320682338,3,0.6320682338,16.6760311971,BktPt,0.8119071840,454.8305077000,369.2801567000,0.8119071840,0.0632068234,0.0632068234,0.5372579988
33096,33096,Donegal,ED,2020,38.0000000000,1110.1758835000,0.0000000000,0.2287363972,0.0000000000,0.7712636028,0.0000000000,0.0000000000,0.2287363972,0.7712636028,0.0000000000,2,0.7712636028,20.7617307363,AminSRPT,0.5839838960,1110.1758835000,770.4482517000,0.6939875592,0.0520591611,0.0520591611,0.0520591611
33097,33097,Donegal,ED,2020,20.0000000000,503.1897976000,0.0000000000,1.0000000000,0.0000000000,0.0000000000,0.0000000000,0.0000000000,1.0000000000,0.0000000000,0.0000000000,1,1.0000000000,23.0909990580,AminPD,0.5030303937,503.1897976000,124.9249450000,0.2482660531,0.0000000000,0.0000000000,0.0000000000
33098,33098,Donegal,ED,2020,49.0000000000,1738.1719521000,0.0000000000,0.0000000000,0.0000000000,0.0786396696,0.9213603304,0.0000000000,0.0000000000,0.0786396696,0.9213603304,3,0.9213603304,17.9407783042,AminPD,0.5603130858,1738.1719521000,764.2514620000,0.4396869142,0.5025253318,0.5025253318,0.8515544973
33099,33099,Donegal,ED,2020,50.0000000000,1384.2392850000,0.0000000000,0.0380104774,0.0000000000,0.9619895226,0.0000000000,0.0000000000,0.0380104774,0.9619895226,0.0000000000,2,0.9619895226,21.1276548303,AminPD,0.6855629791,1384.2392850000,418.9271800000,0.3026407244,0.0000000000,0.0000000000,0.0000000000
33100,33100,Donegal,ED,2020,67.0000000000,2016.5564459000,0.0000000000,0.2083614306,0.0000000000,0.0000000000,0.7916385694,0.0000000000,0.2083614306,0.0000000000,0.7916385694,3,0.7916385694,20.5930269408,AminPD,0.6479168161,2016.5564459000,683.6641840000,0.3390255628,0.0791638569,0.0791638569,0.6728927840
33101,33101,Donegal,ED,2020,24.0000000000,633.3465358000,0.0000000000,0.0000000000,0.0000000000,0.0000000000,1.0000000000,0.0000000000,0.0000000000,0.0000000000,1.0000000000,3,1.0000000000,15.0185192645,BktPt,0.5516465564,633.3465358000,633.3465358000,1.0000000000,0.1000000000,0.1000000000,0.8500000000
33102,33102,Donegal,ED,2020,27.0000000000,776.4730747000,0.0000000000,0.0000000000,0.0000000000,0.0000000000,1.0000000000,0.0000000000,0.0000000000,0.0000000000,1.0000000000,3,1.0000000000,22.2150601802,AminPD,0.9202092568,776.4730747000,61.9553637000,0.0797907432,0.1000000000,0.1000000000,0.8500000000
33103,33103,Donegal,ED,2020,45.0000000000,1495.9454669000,0.0000000000,0.0000000000,0.0000000000,0.6020586896,0.3979413104,0.0000000000,0.0000000000,0.6020586896,0.3979413104,2,0.6020586896,20.0229466258,AminSW,0.3133056467,1495.9454669000,835.0608244000,0.5582160867,0.1835074936,0.1835074936,0.3622023409
33104,33104,Donegal,ED,2020,89.0000000000,2283.0952676000,0.0000000000,0.6672446252,0.0000000000,0.0000000000,0.3327553748,0.0000000000,0.6672446252,0.0000000000,0.3327553748,1,0.6672446252,23.0037549216,AminPD,0.5480323881,2283.0952676000,0.0000000000,0.0000000000,0.0332755375,0.0332755375,0.2828420686
33105,33105,Donegal,ED,2020,14.0000000000,973.3321506000,0.0000000000,1.0000000000,0.0000000000,0.0000000000,0.0000000000,0.0000000000,1.0000000000,0.0000000000,0.0000000000,1,1.0000000000,17.1904677125,AminPD,0.9451585762,973.3321506000,0.0000000000,0.0000000000,0.0000000000,0.0000000000,0.0000000000
33106,33106,Donegal,ED,2020,75.0000000000,1875.3478369000,0.0000000000,0.7311053624,0.0000000000,0.2688946376,0.0000000000,0.0000000000,0.7311053624,0.2688946376,0.0000000000,1,0.7311053624,22.3069038599,AminPD,0.4729735271,1875.3478369000,21.4501200000,0.0114379421,0.0000000000,0.0000000000,0.0000000000
33107,33107,Donegal,ED,2020,33.0000000000,1682.2934578000,0.0000000000,1.0000000000,0.0000000000,0.0000000000,0.0000000000,0.0000000000,1.0000000000,0.0000000000,0.0000000000,1,1.0000000000,23.3386406665,AminPD,0.5239551748,1682.2934578000,50.2785340000,0.0298868986,0.0000000000,0.0000000000,0.0000000000
33108,33108,Donegal,ED,2020,22.0000000000,1105.3700881000,0.0000000000,0.0000000000,0.0000000000,0.3822522543,0.6177477457,0.0000000000,0.0000000000,0.3822522543,0.6177477457,3,0.6177477457,18.5459579363,BktPt,0.7627927426,1105.3700881000,843.1682811000,0.7627927426,0.4707833926,0.4707833926,0.5932536869
33109,33109,Donegal,ED,2020,85.0000000000,2264.6182751000,0.0000000000,0.0000000000,0.0000000000,0.2649825202,0.7350174798,0.0000000000,0.0000000000,0.2649825202,0.7350174798,3,0.7350174798,19.6096600587,AminPD,0.3887054162,2264.6182751000,977.6314079000,0.4316981006,0.2310071134,0.2310071134,0.6585554938
33110,33110,Donegal,ED,2020,39.0000000000,1204.4567291000,0.0000000000,0.6738238666,0.0000000000,0.1206186020,0.2055575315,0.0000000000,0.6738238666,0.1206186020,0.2055575315,1,0.6738238666,19.8566440532,AminPD,0.7056021286,1204.4567291000,35.2088980000,0.0292321817,0.0326176133,0.0326176133,0.1681966278
33111,33111,Donegal,ED,2020,66.0000000000,1016.1308138000,0.0000000000,0.0000000000,0.0000000000,0.0000000000,1.0000000000,0.0000000000,0.0000000000,0.0000000000,1.0000000000,3,1.0000000000,16.9529078609,AminPD,0.2813095499,1016.1308138000,410.2426579000,0.4037301618,0.1000000000,0.1000000000,0.5601917842
33112,33112,Donegal,ED,2020,45.0000000000,1432.8364765000,0.0000000000,0.1172499464,0.0000000000,0.0000000000,0.8827500536,0.0000000000,0.1172499464,0.0000000000,0.8827500536,3,0.8827500536,16.2017873810,AminDW,0.3989149190,1432.8364765000,673.7870935000,0.4702470272,0.2886265791,0.2886265791,0.7729520427
33113,33113,Donegal,ED,2020,53.0000000000,579.0485710000,0.0000000000,0.0000000000,0.0000000000,0.0000000000,1.0000000000,0.0000000000,0.0000000000,0.0000000000,1.0000000000,3,1.0000000000,17.4248104693,AminSRPT,0.3923516546,579.0485710000,269.9444090000,0.4661861241,0.1000000000,0.1000000000,0.2001229315
33114,33114,Donegal,ED,2020,55.0000000000,1279.4072567000,0.0000000000,0.0000000000,0.0000000000,0.0000000000,1.0000000000,0.0000000000,0.0000000000,0.0000000000,1.0000000000,3,1.0000000000,16.9289093001,AminSRPT,0.6000713121,1279.4072567000,767.7355912000,0.6000713121,0.1000000000,0.1000000000,0.2523902170
33115,33115,Donegal,ED,2020,62.0000000000,1394.5699059000,0.0000000000,0.0000000000,0.0000000000,0.1665702386,0.8334297614,0.0000000000,0.0000000000,0.1665702386,0.8334297614,3,0.8334297614,16.9582156753,BktPt,0.3907998450,1394.5699059000,766.9460689000,0.5499516845,0.1000000000,0.1000000000,0.1342748394
33116,33116,Donegal,ED,2020,35.0000000000,842.1558115000,0.0000000000,0.0000000000,0.0000000000,0.0000000000,1.0000000000,0.0000000000,0.0000000000,0.0000000000,1.0000000000,3,1.0000000000,15.7813579857,BktPt,0.4220886600,842.1558115000,685.1068915000,0.8135156014,0.2806201121,0.2806201121,0.6420990691
33117,33117,Donegal,ED,2020,36.0000000000,1098.3699677000,0.0000000000,0.9587479617,0.0000000000,0.0000000000,0.0412520383,0.0000000000,0.9587479617,0.0000000000,0.0412520383,1,0.9587479617,20.1229750821,AminPD,0.8675621162,1098.3699677000,83.2739792000,0.0758159652,0.0041252038,0.0041252038,0.0350642326
33118,33118,Donegal,ED,2020,28.0000000000,557.9145418000,0.0000000000,0.0000000000,0.0000000000,0.0000000000,1.0000000000,0.0000000000,0.0000000000,0.0000000000,1.0000000000,3,1.0000000000,15.7681329309,AminPD,0.4716504057,557.9145418000,137.4675060000,0.2463952733,0.1000000000,0.1000000000,0.2009439016
33119,33119,Donegal,ED,2020,18.0000000000,452.6124338000,0.0000000000,0.2894810045,0.0000000000,0.0000000000,0.7105189955,0.0000000000,0.2894810045,0.0000000000,0.7105189955,3,0.7105189955,16.3963195021,BktPt,0.8458433645,452.6124338000,424.9615658000,0.9389082890,0.0710518995,0.0710518995,0.6039411461
33120,33120,Donegal,ED,2020,57.0000000000,1250.5767596000,0.0000000000,0.3542583011,0.0000000000,0.3956265818,0.2501151171,0.0000000000,0.3542583011,0.3956265818,0.2501151171,2,0.3956265818,19.9184334586,AminPD,0.5686272957,1250.5767596000,332.5995660000,0.2659569382,0.0645741699,0.0645741699,0.2521605077
33121,33121,Donegal,ED,2020,31.0000000000,763.9655432000,0.0000000000,0.5889826056,0.0000000000,0.0000000000,0.4110173944,0.0000000000,0.5889826056,0.0000000000,0.4110173944,1,0.5889826056,16.5786613042,AminPD,0.4509680839,763.9655432000,359.0914660000,0.4700362067,0.0712601677,0.0712601677,0.3543911900
33122,33122,Donegal,ED,2020,52.0000000000,1538.8493696000,0.0000000000,0.0000000000,0.0000000000,1.0000000000,0.0000000000,0.0000000000,0.0000000000,1.0000000000,0.0000000000,2,1.0000000000,16.9129843886,AminPD,0.5695824759,1538.8493696000,445.8739876000,0.2897450500,0.1000000000,0.1000000000,0.1000000000
33123,33123,Donegal,ED,2020,61.0000000000,1436.1357798000,0.0000000000,0.0270865753,0.0000000000,0.0000000000,0.9729134247,0.0000000000,0.0270865753,0.0000000000,0.9729134247,3,0.9729134247,17.7231660044,AminSW,0.3197108422,1436.1357798000,736.0720381000,0.5125365223,0.0972913425,0.0972913425,0.4790016166
33124,33124,Donegal,ED,2020,48.0000000000,1811.3698021000,0.0000000000,0.8439854746,0.0000000000,0.0000000000,0.1560145254,0.0000000000,0.8439854746,0.0000000000,0.1560145254,1,0.8439854746,22.5070133659,AminPD,0.9440754727,1811.3698021000,50.0000000000,0.0276034192,0.0156014525,0.0156014525,0.1326123466
33125,33125,Donegal,ED,2020,8.0000000000,121.9461200000,0.0000000000,1.0000000000,0.0000000000,0.0000000000,0.0000000000,0.0000000000,1.0000000000,0.0000000000,0.0000000000,1,1.0000000000,15.9146237371,AminSRPT,0.8582393437,121.9461200000,121.9461200000,1.0000000000,0.0000000000,0.0000000000,0.0000000000
33126,33126,Donegal,ED,2020,23.0000000000,640.8694620000,0.0000000000,0.0000000000,0.3519260916,0.0000000000,0.6480739084,0.0000000000,0.0000000000,0.3519260916,0.6480739084,3,0.6480739084,15.9280017184,AminSRPT,0.3263317203,640.8694620000,209.1360340000,0.3263317203,0.0648073908,0.0648073908,0.1718316381
33127,33127,Donegal,ED,2020,31.0000000000,793.9106260000,0.0000000000,0.0000000000,0.0000000000,0.3555178943,0.6444821057,0.0000000000,0.0000000000,0.3555178943,0.6444821057,3,0.6444821057,18.2576372117,AminPD,0.9236493592,793.9106260000,35.0000000000,0.0440855669,0.1000000000,0.1000000000,0.1330641752
33128,33128,Donegal,ED,2020,82.0000000000,1751.2143868000,0.0000000000,0.0000000000,0.0000000000,0.3644700655,0.6355299345,0.0000000000,0.0000000000,0.3644700655,0.6355299345,3,0.6355299345,16.4929173390,BktPt,0.4347017608,1751.2143868000,966.4545077000,0.5518767519,0.1930773284,0.1930773284,0.5921603389
33129,33129,Donegal,ED,2020,86.0000000000,3279.0296059000,0.0000000000,0.0000000000,0.0000000000,0.0000000000,0.9435564718,0.0564435282,0.0000000000,0.0000000000,1.0000000000,3,1.0000000000,18.4085275378,BktPt,0.6979652117,3279.0296059000,2488.4847326000,0.7589088943,0.4174350054,0.4174350054,0.8704508055
33130,33130,Donegal,ED,2020,55.0000000000,2237.9850638000,0.0000000000,1.0000000000,0.0000000000,0.0000000000,0.0000000000,0.0000000000,1.0000000000,0.0000000000,0.0000000000,1,1.0000000000,22.8261184873,AminDW,0.7629545923,2237.9850638000,0.0000000000,0.0000000000,0.0000000000,0.0000000000,0.0000000000
33131,33131,Donegal,ED,2020,169.0000000000,6253.2719872000,0.0000000000,0.0000000000,0.0000000000,0.0000000000,1.0000000000,0.0000000000,0.0000000000,0.0000000000,1.0000000000,3,1.0000000000,17.9094502094,BktPt,0.7250341162,6253.2719872000,4788.0801984000,0.7656919782,0.4644319763,0.4644319763,0.9107386627
33132,33132,Donegal,ED,2020,56.0000000000,1445.7886648200,0.0000000000,0.7835100215,0.0000000000,0.0000000000,0.2164899785,0.0000000000,0.7835100215,0.0000000000,0.2164899785,1,0.7835100215,22.8107858667,AminPD,0.7344829504,1445.7886648200,35.5000000000,0.0245540727,0.2164899785,0.2164899785,0.2164899785
33133,33133,Donegal,ED,2020,60.0000000000,2329.6340339000,0.0000000000,1.0000000000,0.0000000000,0.0000000000,0.0000000000,0.0000000000,1.0000000000,0.0000000000,0.0000000000,1,1.0000000000,23.5095970511,AminDW,0.4029962998,2329.6340339000,26.4200000000,0.0113408371,0.0000000000,0.0000000000,0.0000000000
33134,33134,Donegal,ED,2020,49.0000000000,2583.7940484000,0.0000000000,0.9937301504,0.0000000000,0.0000000000,0.0062698496,0.0000000000,0.9937301504,0.0000000000,0.0062698496,1,0.9937301504,23.7211852081,AminDW,0.7287296639,2583.7940484000,0.0000000000,0.0000000000,0.0012539699,0.0012539699,0.0062698496
33135,33135,Donegal,ED,2020,109.0000000000,3122.6581908000,0.0000000000,0.4674934165,0.0000000000,0.5113066967,0.0211998867,0.0000000000,0.4674934165,0.5113066967,0.0211998867,2,0.5113066967,21.0567893925,AminPD,0.7273067233,3122.6581908000,46.6470590000,0.0149382533,0.0211998867,0.0211998867,0.0211998867
33136,33136,Donegal,ED,2020,49.0000000000,1033.5654490000,0.0000000000,0.0000000000,0.0000000000,0.0000000000,1.0000000000,0.0000000000,0.0000000000,0.0000000000,1.0000000000,3,1.0000000000,20.6576415472,BktPt,0.3385487666,1033.5654490000,593.5109270000,0.5742364236,1.0000000000,1.0000000000,1.0000000000
33137,33137,Donegal,ED,2020,42.0000000000,1997.0211790000,0.0000000000,1.0000000000,0.0000000000,0.0000000000,0.0000000000,0.0000000000,1.0000000000,0.0000000000,0.0000000000,1,1.0000000000,21.2538154439,AminDW,0.4474387109,1997.0211790000,0.0000000000,0.0000000000,0.0000000000,0.0000000000,0.0000000000
33138,33138,Donegal,ED,2020,57.0000000000,1486.0483978000,0.0000000000,1.0000000000,0.0000000000,0.0000000000,0.0000000000,0.0000000000,1.0000000000,0.0000000000,0.0000000000,1,1.0000000000,22.7134450584,AminDW,0.6301025623,1486.0483978000,31.7416537000,0.0213597712,0.0000000000,0.0000000000,0.0000000000
33139,33139,Donegal,ED,2020,151.0000000000,3520.1899443000,0.0000000000,0.1509383307,0.0000000000,0.0000000000,0.8490616693,0.0000000000,0.1509383307,0.0000000000,0.8490616693,3,0.8490616693,20.4883755183,BktPt,0.3238311364,3520.1899443000,1238.5030856000,0.3518284823,0.8490616693,0.8490616693,0.8490616693
33140,33140,Donegal,ED,2020,34.0000000000,959.1900922000,0.0000000000,0.0000000000,0.0000000000,0.0000000000,1.0000000000,0.0000000000,0.0000000000,0.0000000000,1.0000000000,3,1.0000000000,19.0796526315,BktPt,0.6705367656,959.1900922000,808.0298404000,0.8424084516,1.0000000000,1.0000000000,1.0000000000
33141,33141,Donegal,ED,2020,52.0000000000,1897.4155236000,0.0000000000,1.0000000000,0.0000000000,0.0000000000,0.0000000000,0.0000000000,1.0000000000,0.0000000000,0.0000000000,1,1.0000000000,22.1448873406,AminDW,0.5329492102,1897.4155236000,73.7369858000,0.0388618017,0.0000000000,0.0000000000,0.0000000000
33142,33142,Donegal,ED,2020,52.0000000000,1133.0754785000,0.0000000000,0.0000000000,0.0000000000,0.0000000000,1.0000000000,0.0000000000,0.0000000000,0.0000000000,1.0000000000,3,1.0000000000,19.8013326771,BktPt,0.5367217988,1133.0754785000,634.6566040000,0.5601185588,1.0000000000,1.0000000000,1.0000000000
33143,33143,Donegal,ED,2020,60.0000000000,2168.2007347000,0.0000000000,0.0000000000,0.0000000000,0.6091713504,0.3908286496,0.0000000000,0.0000000000,0.6091713504,0.3908286496,2,0.6091713504,20.3396206729,AminPD,0.4492656824,2168.2007347000,1194.1025521000,0.5507343176,0.0859099466,0.0859099466,0.3400088657
33144,33144,Donegal,ED,2020,31.0000000000,1570.0854950000,0.0000000000,0.0000000000,0.0000000000,0.0000000000,1.0000000000,0.0000000000,0.0000000000,0.0000000000,1.0000000000,3,1.0000000000,18.2932431995,BktPt,1.0000000000,1570.0854950000,1570.0854950000,1.0000000000,0.9210898321,0.9210898321,0.9868483054
33145,33145,Donegal,ED,2020,33.0000000000,1121.1794181000,0.0000000000,1.0000000000,0.0000000000,0.0000000000,0.0000000000,0.0000000000,1.0000000000,0.0000000000,0.0000000000,1,1.0000000000,22.8364487887,AminDW,0.6215412253,1121.1794181000,0.0000000000,0.0000000000,0.0000000000,0.0000000000,0.0000000000
33146,33146,Donegal,ED,2020,49.0000000000,1982.1014314000,0.0000000000,1.0000000000,0.0000000000,0.0000000000,0.0000000000,0.0000000000,1.0000000000,0.0000000000,0.0000000000,1,1.0000000000,22.8989695959,AminDW,0.7114950544,1982.1014314000,0.0000000000,0.0000000000,0.0000000000,0.0000000000,0.0000000000
33147,33147,Donegal,ED,2020,94.0000000000,2310.9740013000,0.0000000000,0.5677787806,0.0000000000,0.3645878380,0.0676333814,0.0000000000,0.5677787806,0.3645878380,0.0676333814,1,0.5677787806,21.1318530795,AminPD,0.5651741957,2310.9740013000,473.1840290000,0.2047552369,0.0676333814,0.0676333814,0.0676333814
33148,33148,Donegal,ED,2020,66.0000000000,1875.1816957000,0.0000000000,1.0000000000,0.0000000000,0.0000000000,0.0000000000,0.0000000000,1.0000000000,0.0000000000,0.0000000000,1,1.0000000000,21.8328121135,AminPD,0.6578489254,1875.1816957000,66.7000000000,0.0355698865,0.0000000000,0.0000000000,0.0000000000
33149,33149,Donegal,ED,2020,47.0000000000,1507.7486466000,0.0000000000,0.2121252231,0.0000000000,0.0000000000,0.7878747769,0.0000000000,0.2121252231,0.0000000000,0.7878747769,3,0.7878747769,23.0393691659,AminPD,0.5904929974,1507.7486466000,0.0000000000,0.0000000000,0.7878747769,0.7878747769,0.7878747769
34005,34005,Monaghan,ED,2020,46.0000000000,1185.0950163000,0.0000000000,0.0000000000,1.0000000000,0.0000000000,0.0000000000,0.0000000000,0.0000000000,1.0000000000,0.0000000000,2,1.0000000000,24.0000000000,AminDW,0.8587102842,1185.0950163000,0.0000000000,0.0000000000,0.2500000000,0.2500000000,0.2500000000
34006,34006,Monaghan,ED,2020,69.0000000000,1422.1888829000,0.0000000000,0.0000000000,1.0000000000,0.0000000000,0.0000000000,0.0000000000,0.0000000000,1.0000000000,0.0000000000,2,1.0000000000,23.6696318431,AminSW,0.5430373267,1422.1888829000,0.0000000000,0.0000000000,0.2500000000,0.2500000000,0.2500000000
34007,34007,Monaghan,ED,2020,75.0000000000,1367.8665739000,0.0000000000,0.0000000000,1.0000000000,0.0000000000,0.0000000000,0.0000000000,0.0000000000,1.0000000000,0.0000000000,2,1.0000000000,23.7128151916,AminDW,0.7914479779,1367.8665739000,0.0000000000,0.0000000000,0.2287175116,0.2287175116,0.2287175116
34008,34008,Monaghan,ED,2020,45.0000000000,714.3035137000,0.0000000000,0.0000000000,1.0000000000,0.0000000000,0.0000000000,0.0000000000,0.0000000000,1.0000000000,0.0000000000,2,1.0000000000,23.7368625572,AminPD,0.6673824944,714.3035137000,0.0000000000,0.0000000000,0.2500000000,0.2500000000,0.2500000000
34009,34009,Monaghan,ED,2020,71.0000000000,1196.1492044000,0.0000000000,0.0000000000,1.0000000000,0.0000000000,0.0000000000,0.0000000000,0.0000000000,1.0000000000,0.0000000000,2,1.0000000000,24.0000000000,AminPD,0.6813462426,1196.1492044000,0.0000000000,0.0000000000,0.2500000000,0.2500000000,0.2500000000
34010,34010,Monaghan,ED,2020,65.0000000000,1304.3242760000,0.0000000000,0.0000000000,1.0000000000,0.0000000000,0.0000000000,0.0000000000,0.0000000000,1.0000000000,0.0000000000,2,1.0000000000,24.0000000000,AminDW,0.8472752024,1304.3242760000,0.0000000000,0.0000000000,0.2500000000,0.2500000000,0.2500000000
34011,34011,Monaghan,ED,2020,46.0000000000,1676.6352211000,0.1735106966,0.0000000000,0.8264893034,0.0000000000,0.0000000000,0.0000000000,0.1735106966,0.8264893034,0.0000000000,2,0.8264893034,23.9234180468,AminDW,0.7160303154,1676.6352211000,50.2000000000,0.0299409194,0.1683065652,0.1683065652,0.1683065652
34012,34012,Monaghan,ED,2020,57.0000000000,1282.2283483000,0.0000000000,0.0000000000,1.0000000000,0.0000000000,0.0000000000,0.0000000000,0.0000000000,1.0000000000,0.0000000000,2,1.0000000000,23.9198182600,AminDW,0.5349358801,1282.2283483000,0.0000000000,0.0000000000,0.2468232302,0.2468232302,0.2468232302
34013,34013,Monaghan,ED,2020,71.0000000000,1779.4058513000,0.0000000000,0.0000000000,1.0000000000,0.0000000000,0.0000000000,0.0000000000,0.0000000000,1.0000000000,0.0000000000,2,1.0000000000,22.5807073827,AminDW,0.5405595784,1779.4058513000,102.0854100000,0.0573705037,0.2500000000,0.2500000000,0.2500000000
34014,34014,Monaghan,ED,2020,59.0000000000,1212.6211528000,0.0000000000,0.0000000000,0.6254026784,0.3745973216,0.0000000000,0.0000000000,0.0000000000,1.0000000000,0.0000000000,2,1.0000000000,23.7220022765,AminDW,0.6758005952,1212.6211528000,0.0000000000,0.0000000000,0.1852598362,0.1852598362,0.1852598362
34015,34015,Monaghan,ED,2020,64.0000000000,1603.4597869000,0.6489052996,0.0000000000,0.3510947004,0.0000000000,0.0000000000,0.0000000000,0.6489052996,0.3510947004,0.0000000000,1,0.6489052996,23.9678898028,AminDW,0.5344347683,1603.4597869000,114.1000000000,0.0711586289,0.0877736751,0.0877736751,0.0877736751
34016,34016,Monaghan,ED,2020,75.0000000000,1281.6842994000,0.0000000000,0.0902794011,0.9097205989,0.0000000000,0.0000000000,0.0000000000,0.0902794011,0.9097205989,0.0000000000,2,0.9097205989,24.0000000000,AminPD,0.4857926536,1281.6842994000,140.6500000000,0.1097384122,0.2274301497,0.2274301497,0.2274301497
34017,34017,Monaghan,ED,2020,66.0000000000,1173.2287931000,0.1893928847,0.0000000000,0.8106071153,0.0000000000,0.0000000000,0.0000000000,0.1893928847,0.8106071153,0.0000000000,2,0.8106071153,24.0000000000,AminDW,0.6162367377,1173.2287931000,90.2000000000,0.0768818499,0.2026517788,0.2026517788,0.2026517788
34018,34018,Monaghan,ED,2020,46.0000000000,1134.7123861000,0.0000000000,0.0000000000,0.9297070782,0.0000000000,0.0702929218,0.0000000000,0.0000000000,0.9297070782,0.0702929218,2,0.9297070782,24.0000000000,AminDW,0.5872919792,1134.7123861000,32.9600000000,0.0290470082,0.2631156184,0.2631156184,0.2631156184
34019,34019,Monaghan,ED,2020,73.0000000000,1788.5580783000,0.0000000000,0.0000000000,1.0000000000,0.0000000000,0.0000000000,0.0000000000,0.0000000000,1.0000000000,0.0000000000,2,1.0000000000,22.8263685527,AminPD,0.6451416254,1788.5580783000,119.7110406000,0.0669315926,0.2500000000,0.2500000000,0.2500000000
34020,34020,Monaghan,ED,2020,72.0000000000,1273.9260887000,0.0000000000,0.0000000000,1.0000000000,0.0000000000,0.0000000000,0.0000000000,0.0000000000,1.0000000000,0.0000000000,2,1.0000000000,22.8934317831,AminPD,0.6144944134,1273.9260887000,0.0000000000,0.0000000000,0.2500000000,0.2500000000,0.2500000000
34021,34021,Monaghan,ED,2020,58.0000000000,1413.9589423000,0.0000000000,0.0000000000,0.8081021670,0.1918978330,0.0000000000,0.0000000000,0.0000000000,1.0000000000,0.0000000000,2,1.0000000000,22.9319949110,AminPD,0.5390996589,1413.9589423000,109.4058680000,0.0773755621,0.2212153250,0.2212153250,0.2212153250
34023,34023,Monaghan,ED,2020,41.0000000000,680.6184387000,0.0000000000,0.0000000000,1.0000000000,0.0000000000,0.0000000000,0.0000000000,0.0000000000,1.0000000000,0.0000000000,2,1.0000000000,24.0000000000,AminDW,0.9706127297,680.6184387000,0.0000000000,0.0000000000,0.2500000000,0.2500000000,0.2500000000
34024,34024,Monaghan,ED,2020,82.0000000000,1291.1195513000,0.0000000000,0.2764559996,0.7235440004,0.0000000000,0.0000000000,0.0000000000,0.2764559996,0.7235440004,0.0000000000,2,0.7235440004,23.9032006665,AminDW,0.5620367968,1291.1195513000,0.0000000000,0.0000000000,0.1808860001,0.1808860001,0.1808860001
34025,34025,Monaghan,ED,2020,69.0000000000,1710.3587766000,0.0000000000,0.0000000000,1.0000000000,0.0000000000,0.0000000000,0.0000000000,0.0000000000,1.0000000000,0.0000000000,2,1.0000000000,23.2557117153,AminPD,0.5780444557,1710.3587766000,143.2996470000,0.0837833845,0.2500000000,0.2500000000,0.2500000000
34026,34026,Monaghan,ED,2020,49.0000000000,1378.8167200000,0.0000000000,0.0000000000,1.0000000000,0.0000000000,0.0000000000,0.0000000000,0.0000000000,1.0000000000,0.0000000000,2,1.0000000000,23.1098310984,AminPD,0.7339613526,1378.8167200000,62.2923080000,0.0451780915,0.2500000000,0.2500000000,0.2500000000
34027,34027,Monaghan,ED,2020,82.0000000000,1337.7967530000,0.0000000000,0.0000000000,1.0000000000,0.0000000000,0.0000000000,0.0000000000,0.0000000000,1.0000000000,0.0000000000,2,1.0000000000,23.2425262225,AminPD,0.6015378323,1337.7967530000,0.0000000000,0.0000000000,0.2500000000,0.2500000000,0.2500000000
34028,34028,Monaghan,ED,2020,94.0000000000,1734.8764132000,0.0000000000,0.5341561470,0.4658438530,0.0000000000,0.0000000000,0.0000000000,0.5341561470,0.4658438530,0.0000000000,1,0.5341561470,23.8856402690,AminPD,0.5993795727,1734.8764132000,0.0000000000,0.0000000000,0.1164609632,0.1164609632,0.1164609632
34029,34029,Monaghan,ED,2020,95.0000000000,2244.2163228000,0.0000000000,0.0000000000,1.0000000000,0.0000000000,0.0000000000,0.0000000000,0.0000000000,1.0000000000,0.0000000000,2,1.0000000000,22.5667509485,AminPD,0.5791067005,2244.2163228000,0.0000000000,0.0000000000,0.2500000000,0.2500000000,0.2500000000
34030,34030,Monaghan,ED,2020,105.0000000000,2141.0896183000,0.0000000000,0.0000000000,1.0000000000,0.0000000000,0.0000000000,0.0000000000,0.0000000000,1.0000000000,0.0000000000,2,1.0000000000,23.6112538771,AminPD,0.4225473491,2141.0896183000,100.2000000000,0.0467986016,0.2500000000,0.2500000000,0.2500000000
34031,34031,Monaghan,ED,2020,62.0000000000,1468.6504739000,0.0000000000,0.0000000000,1.0000000000,0.0000000000,0.0000000000,0.0000000000,0.0000000000,1.0000000000,0.0000000000,2,1.0000000000,23.9626868333,AminPD,0.5701058013,1468.6504739000,0.0000000000,0.0000000000,0.2500000000,0.2500000000,0.2500000000
34032,34032,Monaghan,ED,2020,54.0000000000,902.5206433000,0.0000000000,0.0000000000,1.0000000000,0.0000000000,0.0000000000,0.0000000000,0.0000000000,1.0000000000,0.0000000000,2,1.0000000000,23.4650809947,AminDW,0.4965744945,902.5206433000,0.0000000000,0.0000000000,0.2500000000,0.2500000000,0.2500000000
34033,34033,Monaghan,ED,2020,84.0000000000,2149.9631943000,0.0000000000,0.2292464280,0.4955042843,0.0000000000,0.2752492877,0.0000000000,0.2292464280,0.4955042843,0.2752492877,2,0.4955042843,22.5545993437,AminPD,0.5252302396,2149.9631943000,0.0000000000,0.0000000000,0.1514009998,0.1514009998,0.3578379656
34034,34034,Monaghan,ED,2020,55.0000000000,1549.0526970000,0.0000000000,0.0000000000,0.0000000000,1.0000000000,0.0000000000,0.0000000000,0.0000000000,1.0000000000,0.0000000000,2,1.0000000000,24.0000000000,AminPD,0.8730559326,1549.0526970000,0.0000000000,0.0000000000,0.1000000000,0.1000000000,0.1000000000
34035,34035,Monaghan,ED,2020,63.0000000000,1999.8278680000,0.0000000000,0.0000000000,0.4880401077,0.5119598923,0.0000000000,0.0000000000,0.0000000000,1.0000000000,0.0000000000,2,1.0000000000,22.4599119148,AminPD,0.8190562964,1999.8278680000,0.0000000000,0.0000000000,0.1732060161,0.1732060161,0.1732060161
34036,34036,Monaghan,ED,2020,79.0000000000,2186.9533044000,0.0000000000,0.0000000000,0.6573658482,0.3426341518,0.0000000000,0.0000000000,0.0000000000,1.0000000000,0.0000000000,2,1.0000000000,24.0000000000,AminDW,0.4642809655,2186.9533044000,209.9890850000,0.0960190072,0.1657365848,0.1657365848,0.1657365848
34037,34037,Monaghan,ED,2020,73.0000000000,2090.2986910000,0.0000000000,0.0000000000,1.0000000000,0.0000000000,0.0000000000,0.0000000000,0.0000000000,1.0000000000,0.0000000000,2,1.0000000000,23.4954022578,AminPD,0.5815860151,2090.2986910000,0.0000000000,0.0000000000,0.2500000000,0.2500000000,0.2500000000
34038,34038,Monaghan,ED,2020,60.0000000000,1617.0476000000,0.0000000000,0.0000000000,0.0356424820,0.9643575180,0.0000000000,0.0000000000,0.0000000000,1.0000000000,0.0000000000,2,1.0000000000,23.8869544718,AminDW,0.4450313800,1617.0476000000,70.0693396000,0.0433316494,0.1035642482,0.1035642482,0.1035642482
34039,34039,Monaghan,ED,2020,47.0000000000,1792.2060260000,0.0000000000,0.0000000000,0.0000000000,1.0000000000,0.0000000000,0.0000000000,0.0000000000,1.0000000000,0.0000000000,2,1.0000000000,24.0000000000,AminPD,0.8979266282,1792.2060260000,0.0000000000,0.0000000000,0.1000000000,0.1000000000,0.1000000000
34040,34040,Monaghan,ED,2020,46.0000000000,1336.2264477000,0.0000000000,0.0000000000,0.0000000000,1.0000000000,0.0000000000,0.0000000000,0.0000000000,1.0000000000,0.0000000000,2,1.0000000000,24.0000000000,AminPD,0.9663651965,1336.2264477000,0.0000000000,0.0000000000,0.1000000000,0.1000000000,0.1000000000
34041,34041,Monaghan,ED,2020,31.0000000000,890.8514666000,0.0000000000,0.0000000000,0.2970778619,0.7029221381,0.0000000000,0.0000000000,0.0000000000,1.0000000000,0.0000000000,2,1.0000000000,23.7928947676,BminPD,0.4542639124,890.8514666000,131.4424750000,0.1475470153,0.1648538931,0.1648538931,0.1648538931
34042,34042,Monaghan,ED,2020,45.0000000000,1520.7915056000,0.0000000000,0.0000000000,0.0000000000,1.0000000000,0.0000000000,0.0000000000,0.0000000000,1.0000000000,0.0000000000,2,1.0000000000,23.2282965839,AminDW,0.5000879629,1520.7915056000,0.0000000000,0.0000000000,0.1000000000,0.1000000000,0.1000000000
34043,34043,Monaghan,ED,2020,44.0000000000,1826.9512523000,0.0000000000,0.0000000000,0.0000000000,1.0000000000,0.0000000000,0.0000000000,0.0000000000,1.0000000000,0.0000000000,2,1.0000000000,24.0000000000,AminPD,0.9157291235,1826.9512523000,0.0000000000,0.0000000000,0.1000000000,0.1000000000,0.1000000000
34044,34044,Monaghan,ED,2020,59.0000000000,2145.5424830000,0.0000000000,0.0000000000,0.0000000000,1.0000000000,0.0000000000,0.0000000000,0.0000000000,1.0000000000,0.0000000000,2,1.0000000000,22.5340041780,AminPD,0.8857138565,2145.5424830000,0.0000000000,0.0000000000,0.1000000000,0.1000000000,0.1000000000
34045,34045,Monaghan,ED,2020,67.0000000000,1728.6670689000,0.0000000000,0.0000000000,0.0000000000,1.0000000000,0.0000000000,0.0000000000,0.0000000000,1.0000000000,0.0000000000,2,1.0000000000,23.2834941891,AminDW,0.5882660133,1728.6670689000,0.0000000000,0.0000000000,0.1000000000,0.1000000000,0.1000000000
34046,34046,Monaghan,ED,2020,42.0000000000,1242.3523416000,0.0000000000,0.0000000000,0.4740827661,0.5259172339,0.0000000000,0.0000000000,0.0000000000,1.0000000000,0.0000000000,2,1.0000000000,24.0000000000,AminDW,0.6778933309,1242.3523416000,76.7000000000,0.0617377192,0.1474082766,0.1474082766,0.1474082766
34047,34047,Monaghan,ED,2020,102.0000000000,1893.5360603000,0.0000000000,0.0000000000,0.6062880911,0.3937119089,0.0000000000,0.0000000000,0.0000000000,1.0000000000,0.0000000000,2,1.0000000000,23.4963888399,AminPD,0.9800056620,1893.5360603000,0.0000000000,0.0000000000,0.1803144046,0.1803144046,0.1803144046
34048,34048,Monaghan,ED,2020,66.0000000000,2267.3818561000,0.0000000000,0.0000000000,0.8182657999,0.1817342001,0.0000000000,0.0000000000,0.0000000000,1.0000000000,0.0000000000,2,1.0000000000,23.1585096287,AminDW,0.6492920121,2267.3818561000,0.0000000000,0.0000000000,0.1818265800,0.1818265800,0.1818265800
34049,34049,Monaghan,ED,2020,59.0000000000,1101.5644343000,0.0000000000,0.0000000000,0.0000000000,1.0000000000,0.0000000000,0.0000000000,0.0000000000,1.0000000000,0.0000000000,2,1.0000000000,21.8376505987,AminPD,0.7528984093,1101.5644343000,272.1983240000,0.2471015907,0.1500000000,0.1500000000,0.1500000000
34050,34050,Monaghan,ED,2020,68.0000000000,1815.1519196000,0.0000000000,0.0000000000,0.0000000000,1.0000000000,0.0000000000,0.0000000000,0.0000000000,1.0000000000,0.0000000000,2,1.0000000000,21.2727893082,AminPD,0.9560473071,1815.1519196000,42.0359558000,0.0231583678,0.1000000000,0.1000000000,0.1000000000
34051,34051,Monaghan,ED,2020,72.0000000000,1579.4330241000,0.0000000000,0.0000000000,0.0155254257,0.9844745743,0.0000000000,0.0000000000,0.0000000000,1.0000000000,0.0000000000,2,1.0000000000,23.8524027316,AminDW,0.5797961089,1579.4330241000,68.7674600000,0.0435393328,0.1023288138,0.1023288138,0.1023288138
34052,34052,Monaghan,ED,2020,76.0000000000,1398.8750871000,0.0000000000,0.0000000000,0.4023763425,0.5976236575,0.0000000000,0.0000000000,0.0000000000,1.0000000000,0.0000000000,2,1.0000000000,23.9946632576,AminPD,0.5511230863,1398.8750871000,138.4888140000,0.0990001289,0.1701188171,0.1701188171,0.1701188171
34053,34053,Monaghan,ED,2020,83.0000000000,1482.7101580200,0.0000000000,0.0000000000,0.8407894070,0.1592105930,0.0000000000,0.0000000000,0.0000000000,1.0000000000,0.0000000000,2,1.0000000000,22.6392219597,AminPD,0.5510404298,1482.7101580200,55.0712683200,0.0371423019,0.2261184111,0.2261184111,0.2261184111
34054,34054,Monaghan,ED,2020,52.0000000000,1236.0047596000,0.0000000000,0.0000000000,0.0000000000,1.0000000000,0.0000000000,0.0000000000,0.0000000000,1.0000000000,0.0000000000,2,1.0000000000,23.5436481813,AminPD,0.9458211682,1236.0047596000,0.0000000000,0.0000000000,0.1500000000,0.1500000000,0.1500000000
34055,34055,Monaghan,ED,2020,83.0000000000,2140.7371225000,0.0000000000,0.0000000000,0.0000000000,1.0000000000,0.0000000000,0.0000000000,0.0000000000,1.0000000000,0.0000000000,2,1.0000000000,22.5781644784,AminPD,0.6236383715,2140.7371225000,129.7223897000,0.0605970665,0.1000000000,0.1000000000,0.1000000000
34056,34056,Monaghan,ED,2020,45.0000000000,998.7145060000,0.0000000000,0.0000000000,0.0565444696,0.9434555304,0.0000000000,0.0000000000,0.0000000000,1.0000000000,0.0000000000,2,1.0000000000,23.0194816175,AminDW,0.5837190103,998.7145060000,0.0000000000,0.0000000000,0.1056544470,0.1056544470,0.1056544470
34057,34057,Monaghan,ED,2020,41.0000000000,1165.2212067000,0.0000000000,0.0000000000,1.0000000000,0.0000000000,0.0000000000,0.0000000000,0.0000000000,1.0000000000,0.0000000000,2,1.0000000000,23.8423646953,AminPD,1.0000000000,1165.2212067000,0.0000000000,0.0000000000,0.2000000000,0.2000000000,0.2000000000
34058,34058,Monaghan,ED,2020,39.0000000000,1516.5722316000,0.0000000000,0.0000000000,0.9847742761,0.0152257239,0.0000000000,0.0000000000,0.0000000000,1.0000000000,0.0000000000,2,1.0000000000,24.0000000000,AminPD,0.5000504599,1516.5722316000,0.0000000000,0.0000000000,0.1984774276,0.1984774276,0.1984774276
34059,34059,Monaghan,ED,2020,60.0000000000,1613.6768941000,0.0000000000,0.0000000000,0.4908690271,0.5091309729,0.0000000000,0.0000000000,0.0000000000,1.0000000000,0.0000000000,2,1.0000000000,23.3864199186,AminPD,0.9491682354,1613.6768941000,82.0260440000,0.0508317646,0.1745434514,0.1745434514,0.1745434514
34060,34060,Monaghan,ED,2020,55.0000000000,1843.2467486000,0.0000000000,0.0000000000,0.7198344430,0.2801655570,0.0000000000,0.0000000000,0.0000000000,1.0000000000,0.0000000000,2,1.0000000000,23.6961882611,AminDW,0.6579029431,1843.2467486000,107.4870000000,0.0583139507,0.1719834443,0.1719834443,0.1719834443
34061,34061,Monaghan,ED,2020,70.0000000000,986.3259353000,0.0000000000,0.0000000000,0.0787829978,0.9212170022,0.0000000000,0.0000000000,0.0000000000,1.0000000000,0.0000000000,2,1.0000000000,23.6089946881,AminPD,1.0000000000,986.3259353000,0.0000000000,0.0000000000,0.1539391499,0.1539391499,0.1539391499
34062,34062,Monaghan,ED,2020,35.0000000000,945.0555870000,0.0000000000,0.0000000000,0.0000000000,1.0000000000,0.0000000000,0.0000000000,0.0000000000,1.0000000000,0.0000000000,2,1.0000000000,21.7562693730,AminPD,0.5769243131,945.0555870000,24.9077357000,0.0263558420,0.1000000000,0.1000000000,0.1000000000
34063,34063,Monaghan,ED,2020,71.0000000000,1778.2832430000,0.0000000000,0.0000000000,0.0000000000,1.0000000000,0.0000000000,0.0000000000,0.0000000000,1.0000000000,0.0000000000,2,1.0000000000,21.9830451516,AminPD,0.6826149157,1778.2832430000,0.0000000000,0.0000000000,0.1000000000,0.1000000000,0.1000000000
34064,34064,Monaghan,ED,2020,82.0000000000,2437.9227650000,0.0000000000,0.0000000000,0.0000000000,1.0000000000,0.0000000000,0.0000000000,0.0000000000,1.0000000000,0.0000000000,2,1.0000000000,21.7557183282,AminPD,0.7747220600,2437.9227650000,0.0000000000,0.0000000000,0.1000000000,0.1000000000,0.1000000000
34065,34065,Monaghan,ED,2020,88.0000000000,1796.2673644000,0.0000000000,0.0000000000,0.6502957487,0.3497042513,0.0000000000,0.0000000000,0.0000000000,1.0000000000,0.0000000000,2,1.0000000000,23.4895773468,AminPD,0.5750023799,1796.2673644000,38.1000000000,0.0212106509,0.1825147874,0.1825147874,0.1825147874
34066,34066,Monaghan,ED,2020,41.0000000000,976.7062753000,0.0000000000,0.0000000000,0.0000000000,1.0000000000,0.0000000000,0.0000000000,0.0000000000,1.0000000000,0.0000000000,2,1.0000000000,22.0922798889,AminPD,0.9149289033,976.7062753000,0.0000000000,0.0000000000,0.1500000000,0.1500000000,0.1500000000
34067,34067,Monaghan,ED,2020,86.0000000000,1606.8970225000,0.0000000000,0.0000000000,0.0000000000,1.0000000000,0.0000000000,0.0000000000,0.0000000000,1.0000000000,0.0000000000,2,1.0000000000,23.2648340600,AminPD,0.7263787183,1606.8970225000,439.6812228000,0.2736212817,0.1500000000,0.1500000000,0.1500000000
34068,34068,Monaghan,ED,2020,76.0000000000,1550.6732807000,0.0000000000,0.0000000000,0.3651304837,0.6348695163,0.0000000000,0.0000000000,0.0000000000,1.0000000000,0.0000000000,2,1.0000000000,23.8413592321,AminPD,0.8868837606,1550.6732807000,74.3772650000,0.0479644977,0.1682565242,0.1682565242,0.1682565242
34069,34069,Monaghan,ED,2020,49.0000000000,1222.3449626000,0.0000000000,0.0000000000,0.0939583109,0.9060416891,0.0000000000,0.0000000000,0.0000000000,1.0000000000,0.0000000000,2,1.0000000000,23.9932002109,AminDW,0.8841715274,1222.3449626000,33.0294120000,0.0270213508,0.1093958311,0.1093958311,0.1093958311
34070,34070,Monaghan,ED,2020,107.0000000000,2606.3542452000,0.0000000000,0.0000000000,0.4511219015,0.5488780985,0.0000000000,0.0000000000,0.0000000000,1.0000000000,0.0000000000,2,1.0000000000,21.4624482135,AminPD,0.6263149831,2606.3542452000,0.0000000000,0.0000000000,0.1676682852,0.1676682852,0.1676682852
4002,4002,Dublin,ED,2020,29.0000000000,1553.6530058000,0.0000000000,0.1875513573,0.8124486427,0.0000000000,0.0000000000,0.0000000000,0.1875513573,0.8124486427,0.0000000000,2,0.8124486427,21.3982419858,AminPD,0.5442669263,1553.6530058000,0.0000000000,0.0000000000,0.0000000000,0.0000000000,0.0042474643
4005,4005,Dublin,ED,2020,6.0000000000,198.9827107000,0.0000000000,1.0000000000,0.0000000000,0.0000000000,0.0000000000,0.0000000000,1.0000000000,0.0000000000,0.0000000000,1,1.0000000000,24.0000000000,BminPD,0.6370905269,198.9827107000,0.0000000000,0.0000000000,0.0000000000,0.0000000000,0.0000000000
4006,4006,Dublin,ED,2020,25.0000000000,1356.7998080000,0.0000000000,0.3908610503,0.6091389497,0.0000000000,0.0000000000,0.0000000000,0.3908610503,0.6091389497,0.0000000000,2,0.6091389497,24.0000000000,AminPD,0.8503116460,1356.7998080000,0.0000000000,0.0000000000,0.0000000000,0.0000000000,0.0000000000
4007,4007,Dublin,ED,2020,27.0000000000,1141.7438812000,0.0000000000,0.0515702348,0.6346702042,0.0000000000,0.3137595611,0.0000000000,0.0515702348,0.6346702042,0.3137595611,2,0.6346702042,21.3454506088,AminPD,0.7801881682,1141.7438812000,0.0000000000,0.0000000000,0.3137595611,0.3137595611,0.3137595611
4016,4016,Dublin,COUNTY_FALLBACK,2020,569.0000000000,23210.2919922000,0.0000000000,0.3753191133,0.4934159948,0.0666712936,0.0590760590,0.0055175393,0.3753191133,0.5600872884,0.0645935983,2,0.5600872884,22.3629442149,,,23210.2919922000,958.5220666000,0.0412972860,0.0282132211,0.0282132211,0.0630633677
4018,4018,Dublin,ED,2020,21.0000000000,1183.7731689000,0.0000000000,0.5478872017,0.4521127983,0.0000000000,0.0000000000,0.0000000000,0.5478872017,0.4521127983,0.0000000000,1,0.5478872017,24.0000000000,AminPD,0.7933548112,1183.7731689000,0.0000000000,0.0000000000,0.0000000000,0.0000000000,0.0000000000
4019,4019,Dublin,ED,2020,2.0000000000,83.1600000000,0.0000000000,1.0000000000,0.0000000000,0.0000000000,0.0000000000,0.0000000000,1.0000000000,0.0000000000,0.0000000000,1,1.0000000000,24.0000000000,Made,0.5069745070,83.1600000000,0.0000000000,0.0000000000,0.0000000000,0.0000000000,0.0000000000
4020,4020,Dublin,ED,2020,17.0000000000,713.7424960000,0.0000000000,0.3946537184,0.6053462816,0.0000000000,0.0000000000,0.0000000000,0.3946537184,0.6053462816,0.0000000000,2,0.6053462816,24.0000000000,BminPD,0.4809467251,713.7424960000,0.0000000000,0.0000000000,0.0000000000,0.0000000000,0.0000000000
4021,4021,Dublin,ED,2020,50.0000000000,2033.0869228000,0.0000000000,0.0716152361,0.9283847639,0.0000000000,0.0000000000,0.0000000000,0.0716152361,0.9283847639,0.0000000000,2,0.9283847639,22.4450159561,AminDW,0.5685130675,2033.0869228000,0.0000000000,0.0000000000,0.0000000000,0.0000000000,0.0037184834
4022,4022,Dublin,ED,2020,49.0000000000,2525.5719039000,0.0000000000,0.0000000000,1.0000000000,0.0000000000,0.0000000000,0.0000000000,0.0000000000,1.0000000000,0.0000000000,2,1.0000000000,22.0083001117,AminDW,0.3914102399,2525.5719039000,0.0000000000,0.0000000000,0.0000000000,0.0000000000,0.0107132151
4023,4023,Dublin,ED,2020,36.0000000000,1842.6989810000,0.0000000000,0.9931620139,0.0068379861,0.0000000000,0.0000000000,0.0000000000,0.9931620139,0.0068379861,0.0000000000,1,0.9931620139,23.3664621341,AminPD,0.5087040231,1842.6989810000,0.0000000000,0.0000000000,0.0000000000,0.0000000000,0.0000000000
4025,4025,Dublin,ED,2020,35.0000000000,1291.5581098000,0.0000000000,0.7790530973,0.2209469027,0.0000000000,0.0000000000,0.0000000000,0.7790530973,0.2209469027,0.0000000000,1,0.7790530973,24.0000000000,BminDW,0.7021335625,1291.5581098000,0.0000000000,0.0000000000,0.0000000000,0.0000000000,0.0000000000
4028,4028,Dublin,ED,2020,50.0000000000,2129.5240049000,0.0000000000,0.6155727864,0.3844272136,0.0000000000,0.0000000000,0.0000000000,0.6155727864,0.3844272136,0.0000000000,1,0.6155727864,22.6623476030,BminDW,0.4561989847,2129.5240049000,0.0000000000,0.0000000000,0.0000000000,0.0000000000,0.0007317006
4038,4038,Dublin,ED,2020,18.0000000000,1003.7730840000,0.0000000000,0.9458044842,0.0541955158,0.0000000000,0.0000000000,0.0000000000,0.9458044842,0.0541955158,0.0000000000,1,0.9458044842,24.0000000000,BminDW,0.4988077066,1003.7730840000,0.0000000000,0.0000000000,0.0000000000,0.0000000000,0.0000000000
4041,4041,Dublin,ED,2020,9.0000000000,559.1197300000,0.0000000000,0.3056590401,0.6943409599,0.0000000000,0.0000000000,0.0000000000,0.3056590401,0.6943409599,0.0000000000,2,0.6943409599,24.0000000000,BminPD,0.3712979329,559.1197300000,0.0000000000,0.0000000000,0.0000000000,0.0000000000,0.0000000000
5057,5057,Dublin,ED,2020,32.0000000000,511.8598198000,0.0000000000,0.3069020734,0.0000000000,0.6766716324,0.0164262942,0.0000000000,0.3069020734,0.6766716324,0.0164262942,2,0.6766716324,20.2057043642,AminDW,0.7124040526,511.8598198000,104.8466186000,0.2048346335,0.0693097927,0.0693097927,0.0816295133
5060,5060,Dublin,ED,2020,10.0000000000,376.8856000000,0.0000000000,0.9101053476,0.0000000000,0.0898946524,0.0000000000,0.0000000000,0.9101053476,0.0898946524,0.0000000000,1,0.9101053476,23.2836022390,AminDW,0.5709421082,376.8856000000,0.0000000000,0.0000000000,0.0316704703,0.0316704703,0.0316704703
5069,5069,Dublin,ED,2020,12.0000000000,412.3583374000,0.0000000000,0.0000000000,0.0000000000,0.1795283211,0.8204716789,0.0000000000,0.0000000000,0.1795283211,0.8204716789,3,0.8204716789,20.8849973833,AminSRPT,0.6507164111,412.3583374000,338.3283374000,0.8204716789,0.1000000000,0.1000000000,0.7153537592
6003,6003,Kildare,ED,2020,14.0000000000,580.1295320000,0.9008700491,0.0000000000,0.0991299509,0.0000000000,0.0000000000,0.0000000000,0.9008700491,0.0991299509,0.0000000000,1,0.9008700491,24.0000000000,BminPD,0.2825231107,580.1295320000,0.0000000000,0.0000000000,0.0000000000,0.0000000000,0.0000000000
6004,6004,Kildare,ED,2020,45.0000000000,2966.3383399000,0.0000000000,0.7223395147,0.0000000000,0.2776604853,0.0000000000,0.0000000000,0.7223395147,0.2776604853,0.0000000000,1,0.7223395147,23.9276882218,BminSW,0.6660973536,2966.3383399000,0.0000000000,0.0000000000,0.0021354956,0.0021354956,0.0021354956
6005,6005,Kildare,ED,2020,20.0000000000,1027.9982480000,0.9603112164,0.0396887836,0.0000000000,0.0000000000,0.0000000000,0.0000000000,1.0000000000,0.0000000000,0.0000000000,1,1.0000000000,24.0000000000,BminSW,0.5240087073,1027.9982480000,40.8000000000,0.0396887836,0.0019844392,0.0019844392,0.0019844392
6006,6006,Kildare,ED,2020,22.0000000000,745.6359694000,0.0000000000,0.6425716771,0.3574283229,0.0000000000,0.0000000000,0.0000000000,0.6425716771,0.3574283229,0.0000000000,1,0.6425716771,24.0000000000,AminSW,0.4834525659,745.6359694000,0.0000000000,0.0000000000,0.0221944512,0.0221944512,0.0221944512
6007,6007,Kildare,ED,2020,15.0000000000,553.4613150000,0.0000000000,0.2811218703,0.0000000000,0.3894035936,0.3294745361,0.0000000000,0.2811218703,0.3894035936,0.3294745361,2,0.3894035936,22.5123104765,BminDW,0.7264488124,553.4613150000,151.4000000000,0.2735511876,0.3294745361,0.3294745361,0.3294745361
6008,6008,Kildare,ED,2020,51.0000000000,1933.4786893000,0.3684156509,0.5228735569,0.0000000000,0.1087107922,0.0000000000,0.0000000000,0.8912892078,0.1087107922,0.0000000000,1,0.8912892078,23.9296604608,BminPD,0.3539845346,1933.4786893000,51.5000000000,0.0266359284,0.0209491852,0.0209491852,0.0209491852
6009,6009,Kildare,ED,2020,15.0000000000,809.0770380000,0.0000000000,0.6876070039,0.0000000000,0.3123929961,0.0000000000,0.0000000000,0.6876070039,0.3123929961,0.0000000000,1,0.6876070039,24.0000000000,BminDW,0.5066600815,809.0770380000,0.0000000000,0.0000000000,0.0000000000,0.0000000000,0.0000000000
6010,6010,Kildare,ED,2020,11.0000000000,562.7802600000,0.0000000000,0.2531720995,0.0000000000,0.7468279005,0.0000000000,0.0000000000,0.2531720995,0.7468279005,0.0000000000,2,0.7468279005,24.0000000000,BminPDPT,0.4679623980,562.7802600000,325.6000000000,0.5785561846,0.0000000000,0.0000000000,0.0000000000
6011,6011,Kildare,ED,2020,29.0000000000,1635.7435340000,0.0000000000,0.7389470035,0.0000000000,0.2610529965,0.0000000000,0.0000000000,0.7389470035,0.2610529965,0.0000000000,1,0.7389470035,24.0000000000,BminDW,0.9068313603,1635.7435340000,0.0000000000,0.0000000000,0.0000000000,0.0000000000,0.0000000000
6012,6012,Kildare,ED,2020,55.0000000000,2330.4748020000,0.2964667953,0.2244908079,0.4335914733,0.0454509235,0.0000000000,0.0000000000,0.5209576031,0.4790423969,0.0000000000,1,0.5209576031,23.6017978829,BminDW,0.4127342395,2330.4748020000,0.0000000000,0.0000000000,0.0085233741,0.0085233741,0.0085233741
6013,6013,Kildare,ED,2020,33.0000000000,1242.4941010000,0.7617684424,0.1003465529,0.0000000000,0.1378850047,0.0000000000,0.0000000000,0.8621149953,0.1378850047,0.0000000000,1,0.8621149953,24.0000000000,BminSW,0.3666322920,1242.4941010000,0.0000000000,0.0000000000,0.0050173276,0.0050173276,0.0050173276
6014,6014,Kildare,ED,2020,31.0000000000,1564.7993980000,0.5694771420,0.4305228580,0.0000000000,0.0000000000,0.0000000000,0.0000000000,1.0000000000,0.0000000000,0.0000000000,1,1.0000000000,24.0000000000,BminDW,0.5563782253,1564.7993980000,0.0000000000,0.0000000000,0.0000000000,0.0000000000,0.0000000000
6015,6015,Kildare,ED,2020,14.0000000000,972.1410030000,0.1740817942,0.5836910471,0.0000000000,0.2422271587,0.0000000000,0.0000000000,0.7577728413,0.2422271587,0.0000000000,1,0.7577728413,24.0000000000,BminDW,0.6934640633,972.1410030000,35.5000000000,0.0365173364,0.0077355034,0.0077355034,0.0077355034
6016,6016,Kildare,ED,2020,30.0000000000,1451.5977216000,0.0000000000,0.7336842754,0.0000000000,0.2663157246,0.0000000000,0.0000000000,0.7336842754,0.2663157246,0.0000000000,1,0.7336842754,23.1158733161,BminDW,0.7738112281,1451.5977216000,148.3442290000,0.1021937599,0.0000000000,0.0000000000,0.0000000000
6017,6017,Kildare,ED,2020,47.0000000000,2678.7580325000,0.7680822943,0.2319177057,0.0000000000,0.0000000000,0.0000000000,0.0000000000,1.0000000000,0.0000000000,0.0000000000,1,1.0000000000,24.0000000000,AminDW,0.3931926494,2678.7580325000,121.1800000000,0.0452373819,0.0115958853,0.0115958853,0.0115958853
6018,6018,Kildare,ED,2020,19.0000000000,1283.9727100000,0.0000000000,0.5661275698,0.0000000000,0.4338724302,0.0000000000,0.0000000000,0.5661275698,0.4338724302,0.0000000000,1,0.5661275698,24.0000000000,BminSW,0.7059669905,1283.9727100000,0.0000000000,0.0000000000,0.0000000000,0.0000000000,0.0000000000
6019,6019,Kildare,ED,2020,29.0000000000,1634.8663670000,0.0000000000,0.0997940892,0.4221045738,0.3393121427,0.1387891944,0.0000000000,0.0997940892,0.7614167165,0.1387891944,2,0.7614167165,23.4297575100,Cut,0.3249363732,1634.8663670000,531.2275480000,0.3249363732,0.1387891944,0.1387891944,0.2232101091
6020,6020,Kildare,ED,2020,17.0000000000,975.9680670000,0.0000000000,1.0000000000,0.0000000000,0.0000000000,0.0000000000,0.0000000000,1.0000000000,0.0000000000,0.0000000000,1,1.0000000000,22.4337602308,AminPD,0.4834820349,975.9680670000,0.0000000000,0.0000000000,0.0000000000,0.0000000000,0.0000000000
6021,6021,Kildare,ED,2020,11.0000000000,512.3633050000,0.2165159349,0.7834840651,0.0000000000,0.0000000000,0.0000000000,0.0000000000,1.0000000000,0.0000000000,0.0000000000,1,1.0000000000,24.0000000000,BminSW,0.5254148811,512.3633050000,0.0000000000,0.0000000000,0.0135353175,0.0135353175,0.0135353175
6022,6022,Kildare,ED,2020,14.0000000000,703.4453240000,0.0000000000,0.0000000000,0.0000000000,0.2063273364,0.7936726636,0.0000000000,0.0000000000,0.2063273364,0.7936726636,3,0.7936726636,23.5024488925,BminPD,0.7722383552,703.4453240000,160.2178640000,0.2277616448,0.7936726636,0.7936726636,0.7936726636
6023,6023,Kildare,ED,2020,18.0000000000,1076.3240620000,0.0000000000,0.3119413677,0.0000000000,0.5657775585,0.1222810737,0.0000000000,0.3119413677,0.5657775585,0.1222810737,2,0.5657775585,22.5405882341,BminDW,0.8321137598,1076.3240620000,78.9000000000,0.0733050601,0.1222810737,0.1222810737,0.1222810737
6024,6024,Kildare,ED,2020,21.0000000000,1449.6801840000,0.0000000000,1.0000000000,0.0000000000,0.0000000000,0.0000000000,0.0000000000,1.0000000000,0.0000000000,0.0000000000,1,1.0000000000,24.0000000000,BminDW,1.0000000000,1449.6801840000,0.0000000000,0.0000000000,0.0125667644,0.0125667644,0.0125667644
6025,6025,Kildare,ED,2020,27.0000000000,1154.3928775000,0.3346998994,0.5192355282,0.0000000000,0.1460645724,0.0000000000,0.0000000000,0.8539354276,0.1460645724,0.0000000000,1,0.8539354276,22.8283612491,BminDW,0.3717318956,1154.3928775000,221.6171429000,0.1919772265,0.0000000000,0.0000000000,0.0000000000
6026,6026,Kildare,ED,2020,36.0000000000,1714.4866892000,0.3671733447,0.2771830286,0.0000000000,0.0000000000,0.3556436267,0.0000000000,0.6443563733,0.0000000000,0.3556436267,1,0.6443563733,23.1446069490,BminDW,0.6668564862,1714.4866892000,571.1701200000,0.3331435138,0.3556436267,0.3556436267,0.3556436267
6027,6027,Kildare,ED,2020,33.0000000000,1850.7219230000,0.0000000000,0.8179113345,0.0782905186,0.0000000000,0.1037981469,0.0000000000,0.8179113345,0.0782905186,0.1037981469,1,0.8179113345,22.7181159516,BminDW,0.5180613678,1850.7219230000,625.4643922000,0.3379569802,0.1037981469,0.1037981469,0.1194562506
6028,6028,Kildare,ED,2020,27.0000000000,1232.3563770000,0.0000000000,1.0000000000,0.0000000000,0.0000000000,0.0000000000,0.0000000000,1.0000000000,0.0000000000,0.0000000000,1,1.0000000000,23.3456438291,AlluvMIN,0.6641261694,1232.3563770000,0.0000000000,0.0000000000,0.0167936915,0.0167936915,0.0167936915
6029,6029,Kildare,ED,2020,25.0000000000,949.9986295000,0.5472955264,0.2634506176,0.0000000000,0.1892538560,0.0000000000,0.0000000000,0.8107461440,0.1892538560,0.0000000000,1,0.8107461440,24.0000000000,BminSW,0.4239103860,949.9986295000,0.0000000000,0.0000000000,0.0000000000,0.0000000000,0.0000000000
6030,6030,Kildare,ED,2020,17.0000000000,973.7244810000,0.0000000000,0.3596076989,0.0000000000,0.5067152902,0.1336770108,0.0000000000,0.3596076989,0.5067152902,0.1336770108,2,0.5067152902,23.5653215542,BminDW,0.6509632164,973.7244810000,31.1634800000,0.0320044126,0.1336770108,0.1336770108,0.1336770108
6031,6031,Kildare,ED,2020,16.0000000000,755.5044920000,0.0000000000,0.4999043738,0.2535000004,0.0000000000,0.2465956258,0.0000000000,0.4999043738,0.2535000004,0.2465956258,1,0.4999043738,22.4444084391,Cut,1.0000000000,755.5044920000,755.5044920000,1.0000000000,0.2465956258,0.2465956258,0.2972956259
6032,6032,Kildare,ED,2020,14.0000000000,722.4945940000,0.0000000000,0.4289905234,0.0000000000,0.5355766856,0.0354327911,0.0000000000,0.4289905234,0.5355766856,0.0354327911,2,0.5355766856,23.7155280860,BminDW,0.5486621814,722.4945940000,275.6691340000,0.3815518293,0.0354327911,0.0354327911,0.0354327911
6033,6033,Kildare,ED,2020,53.0000000000,2223.9733954000,0.0231567518,0.0000000000,0.9768432482,0.0000000000,0.0000000000,0.0000000000,0.0231567518,0.9768432482,0.0000000000,2,0.9768432482,21.9533309879,BminPD,0.7340159103,2223.9733954000,0.0000000000,0.0000000000,0.0000000000,0.0000000000,0.0339492398
6034,6034,Kildare,ED,2020,12.0000000000,681.0819060000,0.0000000000,0.0000000000,1.0000000000,0.0000000000,0.0000000000,0.0000000000,0.0000000000,1.0000000000,0.0000000000,2,1.0000000000,23.4223895885,BminPD,0.5474267143,681.0819060000,16.8894760000,0.0247980101,0.0000000000,0.0000000000,0.1272092159
6035,6035,Kildare,ED,2020,63.0000000000,2421.6321631000,0.1461092900,0.0000000000,0.8538907100,0.0000000000,0.0000000000,0.0000000000,0.1461092900,0.8538907100,0.0000000000,2,0.8538907100,22.3872493984,BminPD,0.4097362877,2421.6321631000,0.0000000000,0.0000000000,0.0000000000,0.0000000000,0.0000000000
6036,6036,Kildare,ED,2020,29.0000000000,1223.7530174000,0.4245148376,0.0000000000,0.5754851624,0.0000000000,0.0000000000,0.0000000000,0.4245148376,0.5754851624,0.0000000000,2,0.5754851624,22.7096920323,BminDW,0.3638415944,1223.7530174000,384.1482112000,0.3139099195,0.0000000000,0.0000000000,0.0000000000
6037,6037,Kildare,ED,2020,27.0000000000,1362.1714540000,0.0000000000,0.3984497865,0.6015502135,0.0000000000,0.0000000000,0.0000000000,0.3984497865,0.6015502135,0.0000000000,2,0.6015502135,22.9736601043,BminPD,0.4411847020,1362.1714540000,0.0000000000,0.0000000000,0.0000000000,0.0000000000,0.0000000000
6038,6038,Kildare,ED,2020,26.0000000000,1105.2479268000,0.0000000000,0.0000000000,1.0000000000,0.0000000000,0.0000000000,0.0000000000,0.0000000000,1.0000000000,0.0000000000,2,1.0000000000,21.9664629433,BminPD,0.9890594230,1105.2479268000,0.0000000000,0.0000000000,0.0000000000,0.0000000000,0.0000000000
6039,6039,Kildare,ED,2020,7.0000000000,172.6499120000,0.0000000000,0.2409500215,0.7590499785,0.0000000000,0.0000000000,0.0000000000,0.2409500215,0.7590499785,0.0000000000,2,0.7590499785,24.0000000000,BminSP,0.6113522491,172.6499120000,0.0000000000,0.0000000000,0.0000000000,0.0000000000,0.0000000000
6040,6040,Kildare,ED,2020,22.0000000000,918.4009000000,0.0000000000,0.3136974278,0.6863025722,0.0000000000,0.0000000000,0.0000000000,0.3136974278,0.6863025722,0.0000000000,2,0.6863025722,23.6245648278,BminPD,0.5597588482,918.4009000000,0.0000000000,0.0000000000,0.0000000000,0.0000000000,0.0000000000
6041,6041,Kildare,ED,2020,31.0000000000,1146.2249700000,0.5173688068,0.0000000000,0.4826311932,0.0000000000,0.0000000000,0.0000000000,0.5173688068,0.4826311932,0.0000000000,1,0.5173688068,23.7536260268,BminPD,0.7143281541,1146.2249700000,0.0000000000,0.0000000000,0.0000000000,0.0000000000,0.0180592820
6042,6042,Kildare,ED,2020,32.0000000000,1481.0859580000,0.3898199202,0.2534351055,0.0000000000,0.2273780824,0.1293668919,0.0000000000,0.6432550257,0.2273780824,0.1293668919,1,0.6432550257,23.8949419518,BminPD,0.6432550257,1481.0859580000,0.0000000000,0.0000000000,0.1488578879,0.1488578879,0.1488578879
6043,6043,Kildare,ED,2020,32.0000000000,1101.6758352000,0.8462247545,0.0000000000,0.0000000000,0.1537752455,0.0000000000,0.0000000000,0.8462247545,0.1537752455,0.0000000000,1,0.8462247545,23.9219371096,BminPD,0.7395268944,1101.6758352000,0.0000000000,0.0000000000,0.0160208104,0.0160208104,0.0160208104
6044,6044,Kildare,ED,2020,56.0000000000,2417.5517219000,0.3841906415,0.2522098677,0.2395862114,0.0170703760,0.1069429033,0.0000000000,0.6364005092,0.2566565875,0.1069429033,1,0.6364005092,23.6323139679,BminDW,0.4620363452,2417.5517219000,0.0000000000,0.0000000000,0.1069429033,0.1069429033,0.1548601456
6045,6045,Kildare,ED,2020,17.0000000000,588.1690220000,0.4537964633,0.0000000000,0.4098141707,0.0000000000,0.1363893660,0.0000000000,0.4537964633,0.4098141707,0.1363893660,1,0.4537964633,23.1073994373,BminDW,0.7829765336,588.1690220000,0.0000000000,0.0000000000,0.1363893660,0.1363893660,0.2183522001
6046,6046,Kildare,ED,2020,17.0000000000,779.3718300000,0.1729085846,0.3909687113,0.1969791492,0.0000000000,0.2391435549,0.0000000000,0.5638772959,0.1969791492,0.2391435549,1,0.5638772959,23.7605036097,Cut,0.3943967926,779.3718300000,307.3817500000,0.3943967926,0.2391435549,0.2391435549,0.2785393847
6047,6047,Kildare,ED,2020,18.0000000000,1145.0787720000,0.0000000000,0.0000000000,0.0000000000,0.5362949825,0.4637050175,0.0000000000,0.0000000000,0.5362949825,0.4637050175,2,0.5362949825,24.0000000000,BminSW,0.4174898808,1145.0787720000,0.0000000000,0.0000000000,0.4637050175,0.4637050175,0.4637050175
6048,6048,Kildare,ED,2020,32.0000000000,1058.3934510000,0.1166654734,0.0000000000,0.0000000000,0.5213369466,0.3619975800,0.0000000000,0.1166654734,0.5213369466,0.3619975800,2,0.5213369466,23.9258700251,BminDW,0.6767195066,1058.3934510000,126.7599230000,0.1197663524,0.3678308537,0.3678308537,0.3678308537
6049,6049,Kildare,ED,2020,9.0000000000,380.3701550000,0.0000000000,1.0000000000,0.0000000000,0.0000000000,0.0000000000,0.0000000000,1.0000000000,0.0000000000,0.0000000000,1,1.0000000000,24.0000000000,BminSW,0.4361844293,380.3701550000,116.9300000000,0.3074110796,0.0000000000,0.0000000000,0.0000000000
6050,6050,Kildare,ED,2020,19.0000000000,561.1283940000,0.0000000000,0.0000000000,0.0000000000,0.5170471163,0.4829528837,0.0000000000,0.0000000000,0.5170471163,0.4829528837,2,0.5170471163,22.4490496555,Cut,0.5428477676,561.1283940000,304.6072960000,0.5428477676,0.4829528837,0.4829528837,0.4829528837
6051,6051,Kildare,ED,2020,31.0000000000,1140.8424101000,0.6221769429,0.0000000000,0.0000000000,0.2842987202,0.0935243370,0.0000000000,0.6221769429,0.2842987202,0.0935243370,1,0.6221769429,23.8736418644,BminDW,0.4540780764,1140.8424101000,0.0000000000,0.0000000000,0.0935243370,0.0935243370,0.0935243370
6052,6052,Kildare,ED,2020,7.0000000000,153.4665878000,0.0000000000,0.0000000000,0.2185492001,0.0000000000,0.7814507999,0.0000000000,0.0000000000,0.2185492001,0.7814507999,3,0.7814507999,22.2123976174,Cut,1.0000000000,153.4665878000,153.4665878000,1.0000000000,0.7814507999,0.7814507999,0.8251606400
6053,6053,Kildare,ED,2020,16.0000000000,612.4280491000,0.0000000000,0.7403622054,0.2596377946,0.0000000000,0.0000000000,0.0000000000,0.7403622054,0.2596377946,0.0000000000,1,0.7403622054,24.0000000000,BminDW,0.6234171827,612.4280491000,35.6098801000,0.0581454101,0.0000000000,0.0000000000,0.0519275589
6054,6054,Kildare,ED,2020,28.0000000000,1681.7630284000,0.8173138348,0.0906101013,0.0000000000,0.0000000000,0.0920760639,0.0000000000,0.9079239361,0.0000000000,0.0920760639,1,0.9079239361,23.2969874709,BminDW,0.7275359297,1681.7630284000,0.0000000000,0.0000000000,0.0920760639,0.0920760639,0.0920760639
6055,6055,Kildare,ED,2020,20.0000000000,433.0874131000,0.0000000000,0.0000000000,0.0000000000,0.5119699467,0.4880300533,0.0000000000,0.0000000000,0.5119699467,0.4880300533,2,0.5119699467,23.2717940664,Cut,0.4518329909,433.0874131000,195.6831812000,0.4518329909,0.4880300533,0.4880300533,0.4880300533
6056,6056,Kildare,ED,2020,24.0000000000,851.2034216000,0.0000000000,0.8503861665,0.1044403697,0.0451734639,0.0000000000,0.0000000000,0.8503861665,0.1496138335,0.0000000000,1,0.8503861665,22.2319150020,AminDW,0.5760742381,851.2034216000,0.0000000000,0.0000000000,0.0470366547,0.0470366547,0.0470366547
6057,6057,Kildare,ED,2020,18.0000000000,619.7549176000,0.1372963079,0.8627036921,0.0000000000,0.0000000000,0.0000000000,0.0000000000,1.0000000000,0.0000000000,0.0000000000,1,1.0000000000,24.0000000000,BminSW,0.6204561540,619.7549176000,0.0000000000,0.0000000000,0.0431351846,0.0431351846,0.0431351846
6058,6058,Kildare,ED,2020,15.0000000000,747.4865670000,0.5916277556,0.3769335523,0.0000000000,0.0000000000,0.0314386921,0.0000000000,0.9685613079,0.0000000000,0.0314386921,1,0.9685613079,22.9779617431,BminDW,0.5996546557,747.4865670000,299.2527670000,0.4003453443,0.0369070178,0.0369070178,0.0369070178
6059,6059,Kildare,ED,2020,40.0000000000,1178.0627110000,0.2957737281,0.0528325015,0.6513937703,0.0000000000,0.0000000000,0.0000000000,0.3486062297,0.6513937703,0.0000000000,2,0.6513937703,22.7699613930,BminPD,0.3292402555,1178.0627110000,0.0000000000,0.0000000000,0.0000000000,0.0000000000,0.0000000000
6060,6060,Kildare,ED,2020,38.0000000000,1372.6679611000,0.6041458689,0.1328798043,0.0000000000,0.2629743268,0.0000000000,0.0000000000,0.7370256732,0.2629743268,0.0000000000,1,0.7370256732,23.0454051904,BminDW,0.6604245664,1372.6679611000,0.0000000000,0.0000000000,0.0066439902,0.0066439902,0.0066439902
6061,6061,Kildare,ED,2020,29.0000000000,813.3854460000,0.5519250439,0.0000000000,0.1939742096,0.2541007465,0.0000000000,0.0000000000,0.5519250439,0.4480749561,0.0000000000,1,0.5519250439,23.5129000624,BminDW,0.6377305404,813.3854460000,0.0000000000,0.0000000000,0.0000000000,0.0000000000,0.0387948419
6062,6062,Kildare,ED,2020,32.0000000000,1140.6402510000,0.6555552562,0.0000000000,0.3444447438,0.0000000000,0.0000000000,0.0000000000,0.6555552562,0.3444447438,0.0000000000,1,0.6555552562,23.3637190732,BminPD,0.5494722937,1140.6402510000,18.7013000000,0.0163954411,0.0000000000,0.0000000000,0.0231445676
6063,6063,Kildare,ED,2020,29.0000000000,1521.2895746000,0.0722938499,0.0916021442,0.4033666882,0.4327373177,0.0000000000,0.0000000000,0.1638959941,0.8361040059,0.0000000000,2,0.8361040059,23.9697384793,BminSW,0.3223332406,1521.2895746000,139.3533870000,0.0916021442,0.0000000000,0.0000000000,0.0806733376
6064,6064,Kildare,ED,2020,24.0000000000,790.1689553000,0.3668011482,0.1270658463,0.1018769460,0.4042560595,0.0000000000,0.0000000000,0.4938669945,0.5061330055,0.0000000000,2,0.5061330055,23.5225777957,BminDW,0.9033118177,790.1689553000,36.3000000000,0.0459395421,0.0000000000,0.0000000000,0.0203753892
6065,6065,Kildare,ED,2020,24.0000000000,907.0621120000,0.6866464190,0.0000000000,0.0000000000,0.3133535810,0.0000000000,0.0000000000,0.6866464190,0.3133535810,0.0000000000,1,0.6866464190,22.4708875151,BminDW,0.4001152404,907.0621120000,0.0000000000,0.0000000000,0.0000000000,0.0000000000,0.0000000000
6067,6067,Kildare,ED,2020,17.0000000000,1073.4067280000,0.9196949323,0.0000000000,0.0000000000,0.0000000000,0.0803050677,0.0000000000,0.9196949323,0.0000000000,0.0803050677,1,0.9196949323,22.7648670672,AminDW,0.4011948386,1073.4067280000,0.0000000000,0.0000000000,0.0803050677,0.0803050677,0.0803050677
6068,6068,Kildare,ED,2020,16.0000000000,553.8649187000,0.5865959510,0.0000000000,0.0000000000,0.0000000000,0.4134040490,0.0000000000,0.5865959510,0.0000000000,0.4134040490,1,0.5865959510,22.9792916776,BminDW,0.5957613031,553.8649187000,36.4700000000,0.0658463802,0.4134040490,0.4134040490,0.4134040490
6069,6069,Kildare,ED,2020,46.0000000000,2134.6311067000,0.0000000000,0.0000000000,0.9352914330,0.0647085670,0.0000000000,0.0000000000,0.0000000000,1.0000000000,0.0000000000,2,1.0000000000,22.6635970023,AminDW,0.6705599554,2134.6311067000,0.0000000000,0.0000000000,0.0035204556,0.0035204556,0.0035204556
6070,6070,Kildare,ED,2020,17.0000000000,510.9786747000,0.6157315845,0.0000000000,0.0000000000,0.3842684155,0.0000000000,0.0000000000,0.6157315845,0.3842684155,0.0000000000,1,0.6157315845,23.3436125290,BminDW,0.5539691727,510.9786747000,0.0000000000,0.0000000000,0.0000000000,0.0000000000,0.0000000000
6071,6071,Kildare,ED,2020,24.0000000000,1043.2458300000,0.7787163166,0.1815657293,0.0000000000,0.0000000000,0.0397179541,0.0000000000,0.9602820459,0.0000000000,0.0397179541,1,0.9602820459,22.9004678408,BminDW,0.5399559661,1043.2458300000,241.0355900000,0.2310439046,0.0397179541,0.0397179541,0.0397179541
6072,6072,Kildare,ED,2020,20.0000000000,1001.0777576000,0.0000000000,0.5849250026,0.4150749974,0.0000000000,0.0000000000,0.0000000000,0.5849250026,0.4150749974,0.0000000000,1,0.5849250026,23.5553775552,BminDW,0.3380326827,1001.0777576000,0.0000000000,0.0000000000,0.0292462501,0.0292462501,0.0292462501
6073,6073,Kildare,ED,2020,18.0000000000,1071.1527300000,0.5975002743,0.1880765220,0.2144232037,0.0000000000,0.0000000000,0.0000000000,0.7855767963,0.2144232037,0.0000000000,1,0.7855767963,23.5007247939,BminSW,0.3568277794,1071.1527300000,0.0000000000,0.0000000000,0.0094038261,0.0094038261,0.0094038261
6074,6074,Kildare,ED,2020,17.0000000000,418.0331650000,0.0000000000,0.2921536883,0.0000000000,0.2523201550,0.4555261566,0.0000000000,0.2921536883,0.2523201550,0.4555261566,3,0.4555261566,23.3108054477,Cut,0.9003706991,418.0331650000,418.0331650000,1.0000000000,0.4555261566,0.4555261566,0.4555261566
6075,6075,Kildare,ED,2020,23.0000000000,1227.1799810000,0.0000000000,0.6206016988,0.0000000000,0.0000000000,0.3793983012,0.0000000000,0.6206016988,0.0000000000,0.3793983012,1,0.6206016988,23.3690900993,BminDW,0.6343568124,1227.1799810000,448.7100000000,0.3656431876,0.3793983012,0.3793983012,0.3793983012
6076,6076,Kildare,ED,2020,30.0000000000,1118.4180910000,0.0000000000,0.1565811349,0.6199917594,0.0000000000,0.2234271057,0.0000000000,0.1565811349,0.6199917594,0.2234271057,2,0.6199917594,21.1202134820,AminDW,0.8241952848,1118.4180910000,50.6231740000,0.0452631931,0.0301717673,0.0301717673,0.1977420966
6077,6077,Kildare,ED,2020,25.0000000000,1368.7628417000,0.7514137587,0.0000000000,0.0000000000,0.2485862413,0.0000000000,0.0000000000,0.7514137587,0.2485862413,0.0000000000,1,0.7514137587,24.0000000000,BminDW,0.6402590829,1368.7628417000,0.0000000000,0.0000000000,0.0000000000,0.0000000000,0.0000000000
6078,6078,Kildare,ED,2020,16.0000000000,567.1557040000,0.7277808706,0.0000000000,0.2722191294,0.0000000000,0.0000000000,0.0000000000,0.7277808706,0.2722191294,0.0000000000,1,0.7277808706,23.9877593402,BminDW,0.4968337954,567.1557040000,269.2735830000,0.4747789383,0.0000000000,0.0000000000,0.0544438259
6079,6079,Kildare,ED,2020,16.0000000000,732.6609200000,1.0000000000,0.0000000000,0.0000000000,0.0000000000,0.0000000000,0.0000000000,1.0000000000,0.0000000000,0.0000000000,1,1.0000000000,22.7879795745,BminDW,0.5017355778,732.6609200000,263.9000000000,0.3601939080,0.0000000000,0.0000000000,0.0000000000
6080,6080,Kildare,ED,2020,34.0000000000,1383.0854870000,0.0000000000,0.5880542777,0.4119457223,0.0000000000,0.0000000000,0.0000000000,0.5880542777,0.4119457223,0.0000000000,1,0.5880542777,20.2687569290,AminDW,0.7345097173,1383.0854870000,0.0000000000,0.0000000000,0.0294027139,0.0294027139,0.0294027139
6081,6081,Kildare,ED,2020,14.0000000000,443.7598030000,0.1229268619,0.0000000000,0.5071031704,0.3699699677,0.0000000000,0.0000000000,0.1229268619,0.8770731381,0.0000000000,2,0.8770731381,23.4604642999,BminDW,0.3721783697,443.7598030000,161.8120030000,0.3646387120,0.0000000000,0.0000000000,0.1014206341
6082,6082,Kildare,ED,2020,18.0000000000,806.0525598000,0.0000000000,0.1173107707,0.8826892293,0.0000000000,0.0000000000,0.0000000000,0.1173107707,0.8826892293,0.0000000000,2,0.8826892293,21.9670952768,BminPD,0.6673896164,806.0525598000,0.0000000000,0.0000000000,0.0000000000,0.0000000000,0.0000000000
6083,6083,Kildare,ED,2020,10.0000000000,318.7478470000,0.8358558858,0.0675160105,0.0000000000,0.0000000000,0.0966281037,0.0000000000,0.9033718963,0.0000000000,0.0966281037,1,0.9033718963,23.3010148865,AminDW,0.8358558858,318.7478470000,30.8000000000,0.0966281037,0.1000039042,0.1000039042,0.1000039042
6084,6084,Kildare,ED,2020,23.0000000000,1292.3144917000,0.0000000000,0.2699876972,0.0000000000,0.0000000000,0.7300123028,0.0000000000,0.2699876972,0.0000000000,0.7300123028,3,0.7300123028,22.6021604713,BminDW,0.4981495388,1292.3144917000,648.5486237000,0.5018504612,0.7300123028,0.7300123028,0.7300123028
6085,6085,Kildare,ED,2020,42.0000000000,1815.0327365000,0.0822574695,0.4954168502,0.3843512194,0.0379744608,0.0000000000,0.0000000000,0.5776743198,0.4223256802,0.0000000000,1,0.5776743198,22.5948913404,BminSW,0.5121230638,1815.0327365000,0.0000000000,0.0000000000,0.0285682886,0.0285682886,0.0285682886
6086,6086,Kildare,ED,2020,23.0000000000,803.1702425000,0.0000000000,0.6440557856,0.0000000000,0.0000000000,0.3559442144,0.0000000000,0.6440557856,0.0000000000,0.3559442144,1,0.6440557856,22.6288620311,BminDW,0.8408412965,803.1702425000,76.9120245000,0.0957605504,0.3559442144,0.3559442144,0.3559442144
6087,6087,Kildare,ED,2020,36.0000000000,1360.2211039000,0.2860543413,0.0000000000,0.3640038730,0.1086588052,0.2412829804,0.0000000000,0.2860543413,0.4726626783,0.2412829804,2,0.4726626783,22.5651151816,BminDW,0.4089771672,1360.2211039000,716.7117300000,0.5269082563,0.2412829804,0.2412829804,0.2412829804
6088,6088,Kildare,ED,2020,13.0000000000,280.4002549000,0.2937193296,0.0847360143,0.0000000000,0.0000000000,0.6215446561,0.0000000000,0.3784553439,0.0000000000,0.6215446561,3,0.6215446561,23.3117872875,BminDW,0.7646532810,280.4002549000,65.9912800000,0.2353467190,0.6215446561,0.6215446561,0.6215446561
6089,6089,Kildare,ED,2020,29.0000000000,1297.7409160000,0.0000000000,0.8213006547,0.0000000000,0.1786993453,0.0000000000,0.0000000000,0.8213006547,0.1786993453,0.0000000000,1,0.8213006547,23.6575587665,AminDW,0.5897596451,1297.7409160000,0.0000000000,0.0000000000,0.0037987864,0.0037987864,0.0037987864
7003,7003,Kilkenny,ED,2020,24.0000000000,1068.3813958000,1.0000000000,0.0000000000,0.0000000000,0.0000000000,0.0000000000,0.0000000000,1.0000000000,0.0000000000,0.0000000000,1,1.0000000000,24.0000000000,AminDW,0.8812357951,1068.3813958000,0.0000000000,0.0000000000,0.0000000000,0.0000000000,0.0000000000
7004,7004,Kilkenny,ED,2020,81.0000000000,3718.6904445000,0.5302087173,0.0000000000,0.0000000000,0.4697912827,0.0000000000,0.0000000000,0.5302087173,0.4697912827,0.0000000000,1,0.5302087173,23.7036591197,AminPD,0.4807792276,3718.6904445000,86.5200000000,0.0232662550,0.0000000000,0.0000000000,0.0000000000
7006,7006,Kilkenny,ED,2020,40.0000000000,2232.0444327000,0.0000000000,0.0000000000,0.0000000000,1.0000000000,0.0000000000,0.0000000000,0.0000000000,1.0000000000,0.0000000000,2,1.0000000000,23.6082577022,AminPD,0.5385460245,2232.0444327000,0.0000000000,0.0000000000,0.0000000000,0.0000000000,0.0722113454
7007,7007,Kilkenny,ED,2020,23.0000000000,1311.4334980000,1.0000000000,0.0000000000,0.0000000000,0.0000000000,0.0000000000,0.0000000000,1.0000000000,0.0000000000,0.0000000000,1,1.0000000000,23.7971685180,BminDW,0.5732547385,1311.4334980000,0.0000000000,0.0000000000,0.0000000000,0.0000000000,0.0000000000
7008,7008,Kilkenny,ED,2020,20.0000000000,1104.9365820000,1.0000000000,0.0000000000,0.0000000000,0.0000000000,0.0000000000,0.0000000000,1.0000000000,0.0000000000,0.0000000000,1,1.0000000000,24.0000000000,AminDW,1.0000000000,1104.9365820000,0.0000000000,0.0000000000,0.0000000000,0.0000000000,0.0000000000
7009,7009,Kilkenny,ED,2020,32.0000000000,1933.5242610000,1.0000000000,0.0000000000,0.0000000000,0.0000000000,0.0000000000,0.0000000000,1.0000000000,0.0000000000,0.0000000000,1,1.0000000000,24.0000000000,BminDW,0.6675510916,1933.5242610000,0.0000000000,0.0000000000,0.0025205269,0.0025205269,0.0025205269
7010,7010,Kilkenny,ED,2020,30.0000000000,1166.0187230000,0.3478631998,0.0000000000,0.4243671223,0.2277696779,0.0000000000,0.0000000000,0.3478631998,0.6521368002,0.0000000000,2,0.6521368002,23.9104714959,AminPD,0.5924710945,1166.0187230000,0.0000000000,0.0000000000,0.0000000000,0.0000000000,0.0569424195
7011,7011,Kilkenny,ED,2020,41.0000000000,2294.3701970000,0.0808179675,0.0000000000,0.4712973331,0.4478846994,0.0000000000,0.0000000000,0.0808179675,0.9191820325,0.0000000000,2,0.9191820325,23.6595144057,AminDW,0.4580593696,2294.3701970000,0.0000000000,0.0000000000,0.0000000000,0.0000000000,0.0143819424
7012,7012,Kilkenny,ED,2020,33.0000000000,1636.9179380000,0.4852274128,0.0000000000,0.5147725872,0.0000000000,0.0000000000,0.0000000000,0.4852274128,0.5147725872,0.0000000000,2,0.5147725872,23.6535195890,AminPD,0.5070672370,1636.9179380000,0.0000000000,0.0000000000,0.0000000000,0.0000000000,0.0257386294
7013,7013,Kilkenny,ED,2020,25.0000000000,1188.8300650000,0.6542025079,0.0000000000,0.0000000000,0.3457974921,0.0000000000,0.0000000000,0.6542025079,0.3457974921,0.0000000000,1,0.6542025079,24.0000000000,AminDW,0.4712868698,1188.8300650000,0.0000000000,0.0000000000,0.0000000000,0.0000000000,0.0000000000
7014,7014,Kilkenny,ED,2020,23.0000000000,1273.3506378000,1.0000000000,0.0000000000,0.0000000000,0.0000000000,0.0000000000,0.0000000000,1.0000000000,0.0000000000,0.0000000000,1,1.0000000000,23.2217383252,AminPD,0.5947008572,1273.3506378000,0.0000000000,0.0000000000,0.0000000000,0.0000000000,0.0000000000
7015,7015,Kilkenny,ED,2020,38.0000000000,1430.4592037000,1.0000000000,0.0000000000,0.0000000000,0.0000000000,0.0000000000,0.0000000000,1.0000000000,0.0000000000,0.0000000000,1,1.0000000000,22.9646681316,AminPD,0.7288648995,1430.4592037000,0.0000000000,0.0000000000,0.0000000000,0.0000000000,0.0000000000
7016,7016,Kilkenny,ED,2020,15.0000000000,908.1438217000,0.0000000000,0.0000000000,1.0000000000,0.0000000000,0.0000000000,0.0000000000,0.0000000000,1.0000000000,0.0000000000,2,1.0000000000,22.1445009483,AminDW,0.8520718891,908.1438217000,0.0000000000,0.0000000000,0.0000000000,0.0000000000,0.0000000000
7017,7017,Kilkenny,ED,2020,28.0000000000,880.1615377000,0.5806016387,0.0000000000,0.4193983613,0.0000000000,0.0000000000,0.0000000000,0.5806016387,0.4193983613,0.0000000000,1,0.5806016387,24.0000000000,AminPD,0.5059108039,880.1615377000,0.0000000000,0.0000000000,0.0000000000,0.0000000000,0.0000000000
7018,7018,Kilkenny,ED,2020,23.0000000000,978.8101040000,0.7687286890,0.0000000000,0.2312713110,0.0000000000,0.0000000000,0.0000000000,0.7687286890,0.2312713110,0.0000000000,1,0.7687286890,23.7711507073,AminSW,0.6008016198,978.8101040000,0.0000000000,0.0000000000,0.0000000000,0.0000000000,0.0000000000
7019,7019,Kilkenny,ED,2020,39.0000000000,1153.7471836000,0.6590604542,0.0000000000,0.3409395458,0.0000000000,0.0000000000,0.0000000000,0.6590604542,0.3409395458,0.0000000000,1,0.6590604542,23.8725890714,AminDW,0.9078654306,1153.7471836000,0.0000000000,0.0000000000,0.0000000000,0.0000000000,0.0000000000
7020,7020,Kilkenny,ED,2020,31.0000000000,1471.8865436000,0.0000000000,0.0000000000,1.0000000000,0.0000000000,0.0000000000,0.0000000000,0.0000000000,1.0000000000,0.0000000000,2,1.0000000000,23.6666862659,AminSW,0.5630296334,1471.8865436000,0.0000000000,0.0000000000,0.0000000000,0.0000000000,0.0000000000
7021,7021,Kilkenny,ED,2020,38.0000000000,1731.5691573000,0.6487016124,0.0000000000,0.3512983876,0.0000000000,0.0000000000,0.0000000000,0.6487016124,0.3512983876,0.0000000000,1,0.6487016124,23.8700600556,AminDW,0.5020374897,1731.5691573000,0.0000000000,0.0000000000,0.0000000000,0.0000000000,0.0000000000
7022,7022,Kilkenny,ED,2020,27.0000000000,1003.3782160000,0.0000000000,0.0000000000,1.0000000000,0.0000000000,0.0000000000,0.0000000000,0.0000000000,1.0000000000,0.0000000000,2,1.0000000000,23.8624836081,AminDW,0.5229383643,1003.3782160000,0.0000000000,0.0000000000,0.0000000000,0.0000000000,0.0000000000
7023,7023,Kilkenny,ED,2020,24.0000000000,773.6182378000,1.0000000000,0.0000000000,0.0000000000,0.0000000000,0.0000000000,0.0000000000,1.0000000000,0.0000000000,0.0000000000,1,1.0000000000,23.4971680074,AminDW,0.5283110917,773.6182378000,0.0000000000,0.0000000000,0.0000000000,0.0000000000,0.0000000000
7024,7024,Kilkenny,ED,2020,47.0000000000,1880.1340918000,0.0904660585,0.0000000000,0.0000000000,0.9095339415,0.0000000000,0.0000000000,0.0904660585,0.9095339415,0.0000000000,2,0.9095339415,23.0134922205,AminDW,0.5966254087,1880.1340918000,0.0000000000,0.0000000000,0.0909533941,0.0909533941,0.0909533941
7025,7025,Kilkenny,ED,2020,52.0000000000,2030.5472060000,0.2047253907,0.2237991472,0.0000000000,0.5714754622,0.0000000000,0.0000000000,0.4285245378,0.5714754622,0.0000000000,2,0.5714754622,22.7001030637,BminSW,0.5235902435,2030.5472060000,0.0000000000,0.0000000000,0.0683375036,0.0683375036,0.0683375036
7026,7026,Kilkenny,ED,2020,60.0000000000,2865.7269680000,0.0000000000,0.0000000000,0.0000000000,1.0000000000,0.0000000000,0.0000000000,0.0000000000,1.0000000000,0.0000000000,2,1.0000000000,23.1932256269,AminPD,0.9281857615,2865.7269680000,0.0000000000,0.0000000000,0.1000000000,0.1000000000,0.1000000000
7027,7027,Kilkenny,ED,2020,76.0000000000,2572.2832768000,0.0000000000,0.0000000000,0.0000000000,1.0000000000,0.0000000000,0.0000000000,0.0000000000,1.0000000000,0.0000000000,2,1.0000000000,23.6659171687,AminPD,0.8572624114,2572.2832768000,0.0000000000,0.0000000000,0.1000000000,0.1000000000,0.1000000000
7028,7028,Kilkenny,ED,2020,25.0000000000,882.2861308000,0.0000000000,0.0000000000,0.0000000000,1.0000000000,0.0000000000,0.0000000000,0.0000000000,1.0000000000,0.0000000000,2,1.0000000000,22.3637100555,AminSW,0.3552699199,882.2861308000,0.0000000000,0.0000000000,0.1000000000,0.1000000000,0.1000000000
7029,7029,Kilkenny,ED,2020,49.0000000000,2156.4169180000,0.2725700972,0.0000000000,0.0000000000,0.7274299028,0.0000000000,0.0000000000,0.2725700972,0.7274299028,0.0000000000,2,0.7274299028,22.4837636281,AminPD,0.7371107065,2156.4169180000,0.0000000000,0.0000000000,0.0727429903,0.0727429903,0.0727429903
7030,7030,Kilkenny,ED,2020,70.0000000000,2089.4451442000,0.0000000000,0.0000000000,0.0000000000,1.0000000000,0.0000000000,0.0000000000,0.0000000000,1.0000000000,0.0000000000,2,1.0000000000,21.5326791349,AminPD,0.9200022501,2089.4451442000,0.0000000000,0.0000000000,0.1000000000,0.1000000000,0.1000000000
7031,7031,Kilkenny,ED,2020,51.0000000000,1759.2373885000,0.0000000000,0.0000000000,0.0000000000,1.0000000000,0.0000000000,0.0000000000,0.0000000000,1.0000000000,0.0000000000,2,1.0000000000,20.7895594779,AminPD,0.7308016572,1759.2373885000,0.0000000000,0.0000000000,0.1000000000,0.1000000000,0.1000000000
7032,7032,Kilkenny,ED,2020,43.0000000000,1967.6671599000,0.5478332342,0.0000000000,0.0000000000,0.4521667658,0.0000000000,0.0000000000,0.5478332342,0.4521667658,0.0000000000,1,0.5478332342,23.2859768010,AminPD,0.5562242814,1967.6671599000,0.0000000000,0.0000000000,0.0452166766,0.0452166766,0.0452166766
7033,7033,Kilkenny,ED,2020,11.0000000000,828.7385340000,0.9492722997,0.0000000000,0.0507277003,0.0000000000,0.0000000000,0.0000000000,0.9492722997,0.0507277003,0.0000000000,1,0.9492722997,22.5640826978,AminDW,0.5316496288,828.7385340000,0.0000000000,0.0000000000,0.0000000000,0.0000000000,0.0000000000
7034,7034,Kilkenny,ED,2020,20.0000000000,687.3168650000,1.0000000000,0.0000000000,0.0000000000,0.0000000000,0.0000000000,0.0000000000,1.0000000000,0.0000000000,0.0000000000,1,1.0000000000,23.6703703757,AminDW,0.9175925939,687.3168650000,0.0000000000,0.0000000000,0.0000000000,0.0000000000,0.0000000000
7035,7035,Kilkenny,ED,2020,26.0000000000,1631.5032106000,0.7017640214,0.0000000000,0.2746994022,0.0235365764,0.0000000000,0.0000000000,0.7017640214,0.2982359786,0.0000000000,1,0.7017640214,23.8160110271,AminSW,0.4586322571,1631.5032106000,0.0000000000,0.0000000000,0.0000000000,0.0000000000,0.0058841441
7036,7036,Kilkenny,ED,2020,38.0000000000,1669.0404860000,0.4435060397,0.0000000000,0.5564939603,0.0000000000,0.0000000000,0.0000000000,0.4435060397,0.5564939603,0.0000000000,2,0.5564939603,23.0594216179,AminDW,0.6003874432,1669.0404860000,0.0000000000,0.0000000000,0.0000000000,0.0000000000,0.0000000000
7037,7037,Kilkenny,ED,2020,16.0000000000,808.7354718000,1.0000000000,0.0000000000,0.0000000000,0.0000000000,0.0000000000,0.0000000000,1.0000000000,0.0000000000,0.0000000000,1,1.0000000000,23.6813773984,AminDW,0.8093319690,808.7354718000,0.0000000000,0.0000000000,0.0000000000,0.0000000000,0.0000000000
7038,7038,Kilkenny,ED,2020,27.0000000000,1467.3420960000,1.0000000000,0.0000000000,0.0000000000,0.0000000000,0.0000000000,0.0000000000,1.0000000000,0.0000000000,0.0000000000,1,1.0000000000,24.0000000000,AminDW,1.0000000000,1467.3420960000,0.0000000000,0.0000000000,0.0000000000,0.0000000000,0.0000000000
7039,7039,Kilkenny,ED,2020,64.0000000000,2297.4865781000,1.0000000000,0.0000000000,0.0000000000,0.0000000000,0.0000000000,0.0000000000,1.0000000000,0.0000000000,0.0000000000,1,1.0000000000,23.7349277224,AminDW,0.9154641416,2297.4865781000,0.0000000000,0.0000000000,0.0000000000,0.0000000000,0.0000000000
7040,7040,Kilkenny,ED,2020,27.0000000000,1647.5023420000,0.2644063009,0.0000000000,0.7355936991,0.0000000000,0.0000000000,0.0000000000,0.2644063009,0.7355936991,0.0000000000,2,0.7355936991,24.0000000000,AminPD,0.6713145067,1647.5023420000,0.0000000000,0.0000000000,0.0000000000,0.0000000000,0.0367796850
7041,7041,Kilkenny,ED,2020,40.0000000000,2103.9899890000,0.0000000000,0.0000000000,1.0000000000,0.0000000000,0.0000000000,0.0000000000,0.0000000000,1.0000000000,0.0000000000,2,1.0000000000,23.4560430392,AminPD,0.3544883787,2103.9899890000,0.0000000000,0.0000000000,0.0000000000,0.0000000000,0.0500000000
7042,7042,Kilkenny,ED,2020,40.0000000000,1871.1310727000,0.8843480272,0.0000000000,0.1156519728,0.0000000000,0.0000000000,0.0000000000,0.8843480272,0.1156519728,0.0000000000,1,0.8843480272,23.8011897694,AminPD,0.6406433505,1871.1310727000,0.0000000000,0.0000000000,0.0000000000,0.0000000000,0.0057825986
7043,7043,Kilkenny,ED,2020,34.0000000000,1821.1955990000,0.7430511581,0.0000000000,0.0000000000,0.2569488419,0.0000000000,0.0000000000,0.7430511581,0.2569488419,0.0000000000,1,0.7430511581,24.0000000000,AminDW,0.4883879472,1821.1955990000,0.0000000000,0.0000000000,0.0020075850,0.0020075850,0.0020075850
7044,7044,Kilkenny,ED,2020,32.0000000000,1889.7284815000,0.2827983439,0.7172016561,0.0000000000,0.0000000000,0.0000000000,0.0000000000,1.0000000000,0.0000000000,0.0000000000,1,1.0000000000,24.0000000000,BminSW,0.3731774265,1889.7284815000,0.0000000000,0.0000000000,0.0358600828,0.0358600828,0.0358600828
7045,7045,Kilkenny,ED,2020,32.0000000000,1783.2991264000,0.5739106709,0.0000000000,0.0000000000,0.4260893291,0.0000000000,0.0000000000,0.5739106709,0.4260893291,0.0000000000,1,0.5739106709,24.0000000000,BminDW,0.6820428508,1783.2991264000,0.0000000000,0.0000000000,0.0000000000,0.0000000000,0.0000000000
7046,7046,Kilkenny,ED,2020,23.0000000000,1199.3956580000,0.3403450190,0.6596549810,0.0000000000,0.0000000000,0.0000000000,0.0000000000,1.0000000000,0.0000000000,0.0000000000,1,1.0000000000,24.0000000000,AminPD,0.4413875725,1199.3956580000,0.0000000000,0.0000000000,0.0329827491,0.0329827491,0.0329827491
7047,7047,Kilkenny,ED,2020,32.0000000000,1496.5767240000,0.7416484876,0.0465061356,0.2118453768,0.0000000000,0.0000000000,0.0000000000,0.7881546232,0.2118453768,0.0000000000,1,0.7881546232,23.8327063251,BminSW,0.3361101519,1496.5767240000,0.0000000000,0.0000000000,0.0023253068,0.0023253068,0.0129175756
7048,7048,Kilkenny,ED,2020,49.0000000000,2630.6193970000,0.5009144635,0.0000000000,0.0000000000,0.4990855365,0.0000000000,0.0000000000,0.5009144635,0.4990855365,0.0000000000,1,0.5009144635,23.4177797055,BminDW,0.3492191858,2630.6193970000,0.0000000000,0.0000000000,0.0196564406,0.0196564406,0.0196564406
7049,7049,Kilkenny,ED,2020,32.0000000000,1677.5457232000,1.0000000000,0.0000000000,0.0000000000,0.0000000000,0.0000000000,0.0000000000,1.0000000000,0.0000000000,0.0000000000,1,1.0000000000,22.9597899027,AminDW,0.7755343967,1677.5457232000,0.0000000000,0.0000000000,0.0000000000,0.0000000000,0.0000000000
7050,7050,Kilkenny,ED,2020,38.0000000000,1794.2050677000,0.7460968658,0.2539031342,0.0000000000,0.0000000000,0.0000000000,0.0000000000,1.0000000000,0.0000000000,0.0000000000,1,1.0000000000,23.9848505556,AminPD,0.3959231767,1794.2050677000,0.0000000000,0.0000000000,0.0126951567,0.0126951567,0.0126951567
7051,7051,Kilkenny,ED,2020,46.0000000000,2123.4607323000,0.8535619580,0.0000000000,0.0000000000,0.1464380420,0.0000000000,0.0000000000,0.8535619580,0.1464380420,0.0000000000,1,0.8535619580,23.6390797398,AminSW,0.7076851871,2123.4607323000,0.0000000000,0.0000000000,0.0146438042,0.0146438042,0.0146438042
7052,7052,Kilkenny,ED,2020,33.0000000000,1775.4730470000,0.4749551121,0.4944535342,0.0305913537,0.0000000000,0.0000000000,0.0000000000,0.9694086463,0.0305913537,0.0000000000,1,0.9694086463,24.0000000000,BminSW,0.5047978861,1775.4730470000,0.0000000000,0.0000000000,0.0247226767,0.0247226767,0.0262522444
7053,7053,Kilkenny,ED,2020,22.0000000000,1049.4865980000,0.7618934930,0.2381065070,0.0000000000,0.0000000000,0.0000000000,0.0000000000,1.0000000000,0.0000000000,0.0000000000,1,1.0000000000,24.0000000000,BminSW,0.6188235383,1049.4865980000,0.0000000000,0.0000000000,0.0313271008,0.0313271008,0.0313271008
7054,7054,Kilkenny,ED,2020,28.0000000000,1445.1865343000,0.5691055865,0.4308944135,0.0000000000,0.0000000000,0.0000000000,0.0000000000,1.0000000000,0.0000000000,0.0000000000,1,1.0000000000,22.9164028568,BminDW,0.9191799832,1445.1865343000,0.0000000000,0.0000000000,0.0215447207,0.0215447207,0.0215447207
7055,7055,Kilkenny,ED,2020,40.0000000000,1728.8094790000,0.2893353340,0.0000000000,0.0000000000,0.7106646660,0.0000000000,0.0000000000,0.2893353340,0.7106646660,0.0000000000,2,0.7106646660,22.7415280177,AminSW,0.4206291791,1728.8094790000,0.0000000000,0.0000000000,0.0710664666,0.0710664666,0.0710664666
7056,7056,Kilkenny,ED,2020,21.0000000000,1004.6835160000,0.1595726390,0.0000000000,0.8404273610,0.0000000000,0.0000000000,0.0000000000,0.1595726390,0.8404273610,0.0000000000,2,0.8404273610,23.0698968928,AminPD,0.7085164668,1004.6835160000,0.0000000000,0.0000000000,0.0000000000,0.0000000000,0.0420213681
7057,7057,Kilkenny,ED,2020,37.0000000000,1651.2088827000,0.9128517285,0.0871482715,0.0000000000,0.0000000000,0.0000000000,0.0000000000,1.0000000000,0.0000000000,0.0000000000,1,1.0000000000,23.6585527895,AminPD,0.6935042851,1651.2088827000,0.0000000000,0.0000000000,0.0043574136,0.0043574136,0.0043574136
7058,7058,Kilkenny,ED,2020,53.0000000000,2316.0214498000,0.5438329014,0.0367872241,0.0000000000,0.4193798745,0.0000000000,0.0000000000,0.5806201255,0.4193798745,0.0000000000,1,0.5806201255,23.1108679886,AminPD,0.3424729465,2316.0214498000,0.0000000000,0.0000000000,0.0437773487,0.0437773487,0.0437773487
7059,7059,Kilkenny,ED,2020,39.0000000000,2036.8893690000,0.0000000000,0.0000000000,0.0000000000,1.0000000000,0.0000000000,0.0000000000,0.0000000000,1.0000000000,0.0000000000,2,1.0000000000,21.5271346472,AminPD,0.5312415482,2036.8893690000,0.0000000000,0.0000000000,0.1000000000,0.1000000000,0.1000000000
7060,7060,Kilkenny,ED,2020,29.0000000000,1523.4865445000,0.0000000000,0.0000000000,1.0000000000,0.0000000000,0.0000000000,0.0000000000,0.0000000000,1.0000000000,0.0000000000,2,1.0000000000,23.5790970374,AminPD,0.6547066347,1523.4865445000,0.0000000000,0.0000000000,0.0000000000,0.0000000000,0.0500000000
7061,7061,Kilkenny,ED,2020,23.0000000000,940.7533998000,0.6940331570,0.0000000000,0.3059668430,0.0000000000,0.0000000000,0.0000000000,0.6940331570,0.3059668430,0.0000000000,1,0.6940331570,23.5046523349,AminDW,0.4651158825,940.7533998000,0.0000000000,0.0000000000,0.0000000000,0.0000000000,0.0000000000
7062,7062,Kilkenny,ED,2020,23.0000000000,809.4454670000,0.5211702038,0.0000000000,0.4788297962,0.0000000000,0.0000000000,0.0000000000,0.5211702038,0.4788297962,0.0000000000,1,0.5211702038,23.6540841707,AminDW,0.6356060636,809.4454670000,0.0000000000,0.0000000000,0.0000000000,0.0000000000,0.0000000000
7063,7063,Kilkenny,ED,2020,21.0000000000,1231.8900000000,0.4493095974,0.0000000000,0.5506904026,0.0000000000,0.0000000000,0.0000000000,0.4493095974,0.5506904026,0.0000000000,2,0.5506904026,23.4772260510,AminSW,0.6154607960,1231.8900000000,0.0000000000,0.0000000000,0.0000000000,0.0000000000,0.0000000000
7064,7064,Kilkenny,ED,2020,23.0000000000,1626.6618030000,1.0000000000,0.0000000000,0.0000000000,0.0000000000,0.0000000000,0.0000000000,1.0000000000,0.0000000000,0.0000000000,1,1.0000000000,23.8506143074,BminDW,0.8053928608,1626.6618030000,0.0000000000,0.0000000000,0.0000000000,0.0000000000,0.0000000000
7065,7065,Kilkenny,ED,2020,21.0000000000,1517.1859140000,0.8131956062,0.0000000000,0.1868043938,0.0000000000,0.0000000000,0.0000000000,0.8131956062,0.1868043938,0.0000000000,1,0.8131956062,23.9516303906,BminDW,0.8131956062,1517.1859140000,0.0000000000,0.0000000000,0.0000000000,0.0000000000,0.0000000000
7066,7066,Kilkenny,ED,2020,11.0000000000,671.1400000000,0.4766516673,0.0000000000,0.0000000000,0.5233483327,0.0000000000,0.0000000000,0.4766516673,0.5233483327,0.0000000000,2,0.5233483327,23.6487171082,AminPD,1.0000000000,671.1400000000,0.0000000000,0.0000000000,0.0000000000,0.0000000000,0.1308370832
7067,7067,Kilkenny,ED,2020,15.0000000000,664.7853640000,0.0000000000,0.0000000000,0.7385696912,0.2614303088,0.0000000000,0.0000000000,0.0000000000,1.0000000000,0.0000000000,2,1.0000000000,23.7745532196,AminSW,0.6003915107,664.7853640000,0.0000000000,0.0000000000,0.0000000000,0.0000000000,0.0653575772
7068,7068,Kilkenny,ED,2020,22.0000000000,726.5370729000,0.1547001451,0.6968594462,0.1484404086,0.0000000000,0.0000000000,0.0000000000,0.8515595914,0.1484404086,0.0000000000,1,0.8515595914,22.1622722518,AminDW,0.9991158837,726.5370729000,0.6423433000,0.0008841163,0.0000000000,0.0000000000,0.0000000000
7069,7069,Kilkenny,ED,2020,28.0000000000,1232.0255510000,1.0000000000,0.0000000000,0.0000000000,0.0000000000,0.0000000000,0.0000000000,1.0000000000,0.0000000000,0.0000000000,1,1.0000000000,24.0000000000,BminSW,0.6406486865,1232.0255510000,0.0000000000,0.0000000000,0.0399932081,0.0399932081,0.0399932081
7070,7070,Kilkenny,ED,2020,18.0000000000,877.5197108000,1.0000000000,0.0000000000,0.0000000000,0.0000000000,0.0000000000,0.0000000000,1.0000000000,0.0000000000,0.0000000000,1,1.0000000000,24.0000000000,BminDW,0.6797087317,877.5197108000,0.0000000000,0.0000000000,0.0500000000,0.0500000000,0.0500000000
7071,7071,Kilkenny,ED,2020,34.0000000000,1768.3578540000,0.6390208206,0.0000000000,0.2823751798,0.0000000000,0.0786039996,0.0000000000,0.6390208206,0.2823751798,0.0786039996,1,0.6390208206,23.2478897883,AminDW,0.8611598498,1768.3578540000,0.0000000000,0.0000000000,0.0078604000,0.0078604000,0.0668133996
7072,7072,Kilkenny,ED,2020,21.0000000000,1078.8400000000,0.0000000000,0.3704812576,0.6295187424,0.0000000000,0.0000000000,0.0000000000,0.3704812576,0.6295187424,0.0000000000,2,0.6295187424,21.2402209781,AminDW,0.9725631234,1078.8400000000,0.0000000000,0.0000000000,0.0000000000,0.0000000000,0.0000000000
7073,7073,Kilkenny,ED,2020,21.0000000000,972.4846207000,1.0000000000,0.0000000000,0.0000000000,0.0000000000,0.0000000000,0.0000000000,1.0000000000,0.0000000000,0.0000000000,1,1.0000000000,24.0000000000,BminDW,1.0000000000,972.4846207000,0.0000000000,0.0000000000,0.0000000000,0.0000000000,0.0000000000
7074,7074,Kilkenny,ED,2020,56.0000000000,2205.1423308000,0.2751899515,0.3528066935,0.3720033550,0.0000000000,0.0000000000,0.0000000000,0.6279966450,0.3720033550,0.0000000000,1,0.6279966450,23.3127971928,AminDW,0.6842355984,2205.1423308000,0.0000000000,0.0000000000,0.0000000000,0.0000000000,0.0000000000
7075,7075,Kilkenny,ED,2020,47.0000000000,1770.3806260000,0.5394849316,0.1400727315,0.3204423369,0.0000000000,0.0000000000,0.0000000000,0.6795576631,0.3204423369,0.0000000000,1,0.6795576631,22.1498554763,AminDW,0.3654371323,1770.3806260000,247.9820500000,0.1400727315,0.0000000000,0.0000000000,0.0000000000
7076,7076,Kilkenny,ED,2020,30.0000000000,1681.2079476000,1.0000000000,0.0000000000,0.0000000000,0.0000000000,0.0000000000,0.0000000000,1.0000000000,0.0000000000,0.0000000000,1,1.0000000000,24.0000000000,BminDW,0.3350390467,1681.2079476000,0.0000000000,0.0000000000,0.0000000000,0.0000000000,0.0000000000
7077,7077,Kilkenny,ED,2020,23.0000000000,822.0206437000,0.4183805317,0.0000000000,0.5816194683,0.0000000000,0.0000000000,0.0000000000,0.4183805317,0.5816194683,0.0000000000,2,0.5816194683,23.4221556312,BminDW,0.2660323712,822.0206437000,63.8900000000,0.0777231089,0.0000000000,0.0000000000,0.0000000000
7078,7078,Kilkenny,ED,2020,35.0000000000,1472.7649437000,1.0000000000,0.0000000000,0.0000000000,0.0000000000,0.0000000000,0.0000000000,1.0000000000,0.0000000000,0.0000000000,1,1.0000000000,23.6170468326,AminDW,0.5890142106,1472.7649437000,0.0000000000,0.0000000000,0.0000000000,0.0000000000,0.0000000000
7079,7079,Kilkenny,ED,2020,12.0000000000,715.6799810000,0.0000000000,0.0000000000,1.0000000000,0.0000000000,0.0000000000,0.0000000000,0.0000000000,1.0000000000,0.0000000000,2,1.0000000000,23.6003800475,AminSW,0.5217275751,715.6799810000,0.0000000000,0.0000000000,0.0000000000,0.0000000000,0.0000000000
7080,7080,Kilkenny,ED,2020,26.0000000000,1313.1984781000,1.0000000000,0.0000000000,0.0000000000,0.0000000000,0.0000000000,0.0000000000,1.0000000000,0.0000000000,0.0000000000,1,1.0000000000,23.2604147536,BminDW,0.6451791928,1313.1984781000,0.0000000000,0.0000000000,0.0000000000,0.0000000000,0.0000000000
7081,7081,Kilkenny,ED,2020,29.0000000000,1330.0300470000,0.9303023265,0.0000000000,0.0696976735,0.0000000000,0.0000000000,0.0000000000,0.9303023265,0.0696976735,0.0000000000,1,0.9303023265,24.0000000000,AminDW,0.4521640608,1330.0300470000,0.0000000000,0.0000000000,0.0000000000,0.0000000000,0.0000000000
7082,7082,Kilkenny,ED,2020,35.0000000000,1458.3421340000,0.3445253732,0.4408209034,0.2146537234,0.0000000000,0.0000000000,0.0000000000,0.7853462766,0.2146537234,0.0000000000,1,0.7853462766,23.9462000870,AminSW,0.2704646535,1458.3421340000,217.8518070000,0.1493831947,0.0000000000,0.0000000000,0.0000000000
7083,7083,Kilkenny,ED,2020,21.0000000000,960.2218646000,1.0000000000,0.0000000000,0.0000000000,0.0000000000,0.0000000000,0.0000000000,1.0000000000,0.0000000000,0.0000000000,1,1.0000000000,23.1580070921,BminDW,0.9102290802,960.2218646000,0.0000000000,0.0000000000,0.0044885460,0.0044885460,0.0044885460
7084,7084,Kilkenny,ED,2020,27.0000000000,861.0208447000,1.0000000000,0.0000000000,0.0000000000,0.0000000000,0.0000000000,0.0000000000,1.0000000000,0.0000000000,0.0000000000,1,1.0000000000,22.7860271834,BminSW,0.3283556162,861.0208447000,0.0000000000,0.0000000000,0.0199690050,0.0199690050,0.0199690050
7085,7085,Kilkenny,ED,2020,19.0000000000,785.2125201000,0.6651189438,0.0000000000,0.3348810562,0.0000000000,0.0000000000,0.0000000000,0.6651189438,0.3348810562,0.0000000000,1,0.6651189438,24.0000000000,BminDW,0.6651189438,785.2125201000,0.0000000000,0.0000000000,0.0000000000,0.0000000000,0.0000000000
7086,7086,Kilkenny,ED,2020,31.0000000000,1215.5827865000,0.0000000000,1.0000000000,0.0000000000,0.0000000000,0.0000000000,0.0000000000,1.0000000000,0.0000000000,0.0000000000,1,1.0000000000,23.8044065755,AminDW,0.6236370611,1215.5827865000,0.0000000000,0.0000000000,0.0000000000,0.0000000000,0.0000000000
7087,7087,Kilkenny,ED,2020,19.0000000000,1050.2115720000,1.0000000000,0.0000000000,0.0000000000,0.0000000000,0.0000000000,0.0000000000,1.0000000000,0.0000000000,0.0000000000,1,1.0000000000,24.0000000000,BminSW,0.5934963379,1050.2115720000,0.0000000000,0.0000000000,0.0014663712,0.0014663712,0.0014663712
7088,7088,Kilkenny,ED,2020,34.0000000000,1908.1577712000,0.4826513515,0.0000000000,0.5173486485,0.0000000000,0.0000000000,0.0000000000,0.4826513515,0.5173486485,0.0000000000,2,0.5173486485,24.0000000000,AminPD,0.4396405568,1908.1577712000,0.0000000000,0.0000000000,0.0000000000,0.0000000000,0.0000000000
7089,7089,Kilkenny,ED,2020,26.0000000000,1492.3888210000,0.2035354438,0.7964645562,0.0000000000,0.0000000000,0.0000000000,0.0000000000,1.0000000000,0.0000000000,0.0000000000,1,1.0000000000,24.0000000000,BminSW,0.6235672547,1492.3888210000,0.0000000000,0.0000000000,0.0398232278,0.0398232278,0.0398232278
7090,7090,Kilkenny,ED,2020,21.0000000000,1090.2781278000,0.1640806941,0.0000000000,0.0000000000,0.0000000000,0.8359193059,0.0000000000,0.1640806941,0.0000000000,0.8359193059,3,0.8359193059,21.8046536180,Cut,0.9611075459,1090.2781278000,1047.8745358000,0.9611075459,0.8359193059,0.8359193059,0.8359193059
7091,7091,Kilkenny,ED,2020,30.0000000000,1390.6545390000,0.4180306587,0.0000000000,0.5819693413,0.0000000000,0.0000000000,0.0000000000,0.4180306587,0.5819693413,0.0000000000,2,0.5819693413,23.2236749173,BminSW,0.4961104909,1390.6545390000,0.0000000000,0.0000000000,0.0000000000,0.0000000000,0.0114192532
7092,7092,Kilkenny,ED,2020,43.0000000000,1942.1696219000,0.7217581302,0.2782418698,0.0000000000,0.0000000000,0.0000000000,0.0000000000,1.0000000000,0.0000000000,0.0000000000,1,1.0000000000,23.8208189459,BminSW,0.4362563627,1942.1696219000,137.7128600000,0.0709067110,0.0000000000,0.0000000000,0.0000000000
7093,7093,Kilkenny,ED,2020,44.0000000000,2261.8986468000,0.0000000000,0.2480301869,0.7519698131,0.0000000000,0.0000000000,0.0000000000,0.2480301869,0.7519698131,0.0000000000,2,0.7519698131,23.4500195657,BminDW,0.7121890739,2261.8986468000,0.0000000000,0.0000000000,0.0000000000,0.0000000000,0.0000000000
7094,7094,Kilkenny,ED,2020,43.0000000000,1547.6951154000,0.1228963910,0.5592945671,0.3178090419,0.0000000000,0.0000000000,0.0000000000,0.6821909581,0.3178090419,0.0000000000,1,0.6821909581,24.0000000000,BminDW,0.6639740208,1547.6951154000,295.6257666000,0.1910103377,0.0000000000,0.0000000000,0.0000000000
7095,7095,Kilkenny,ED,2020,32.0000000000,1745.3348573000,0.6098341833,0.0000000000,0.3901658167,0.0000000000,0.0000000000,0.0000000000,0.6098341833,0.3901658167,0.0000000000,1,0.6098341833,23.3004436972,AminPD,0.7746703973,1745.3348573000,0.0000000000,0.0000000000,0.0000000000,0.0000000000,0.0000000000
7096,7096,Kilkenny,ED,2020,31.0000000000,1128.9924546000,0.5283251067,0.4716748933,0.0000000000,0.0000000000,0.0000000000,0.0000000000,1.0000000000,0.0000000000,0.0000000000,1,1.0000000000,23.8572896751,BminSW,0.4188289320,1128.9924546000,0.0000000000,0.0000000000,0.0235837447,0.0235837447,0.0235837447
7097,7097,Kilkenny,ED,2020,31.0000000000,1874.0699180000,0.1693078945,0.0000000000,0.8306921055,0.0000000000,0.0000000000,0.0000000000,0.1693078945,0.8306921055,0.0000000000,2,0.8306921055,24.0000000000,BminDW,0.4306989351,1874.0699180000,0.0000000000,0.0000000000,0.0000000000,0.0000000000,0.0415346053
7098,7098,Kilkenny,ED,2020,29.0000000000,1315.1798060000,0.4442881584,0.3709562600,0.0000000000,0.1847555816,0.0000000000,0.0000000000,0.8152444184,0.1847555816,0.0000000000,1,0.8152444184,23.9373782052,BminDW,0.8233938714,1315.1798060000,0.0000000000,0.0000000000,0.0000000000,0.0000000000,0.0000000000
7099,7099,Kilkenny,ED,2020,21.0000000000,695.2113769000,1.0000000000,0.0000000000,0.0000000000,0.0000000000,0.0000000000,0.0000000000,1.0000000000,0.0000000000,0.0000000000,1,1.0000000000,22.7632538411,AminDW,0.8109927364,695.2113769000,0.0000000000,0.0000000000,0.0000000000,0.0000000000,0.0000000000
7100,7100,Kilkenny,ED,2020,37.0000000000,1433.5503990000,1.0000000000,0.0000000000,0.0000000000,0.0000000000,0.0000000000,0.0000000000,1.0000000000,0.0000000000,0.0000000000,1,1.0000000000,22.8639640914,AminDW,0.6332674670,1433.5503990000,0.0000000000,0.0000000000,0.0000000000,0.0000000000,0.0000000000
7101,7101,Kilkenny,ED,2020,30.0000000000,1232.0447920000,1.0000000000,0.0000000000,0.0000000000,0.0000000000,0.0000000000,0.0000000000,1.0000000000,0.0000000000,0.0000000000,1,1.0000000000,22.8052382433,AminDW,0.7947647101,1232.0447920000,0.0000000000,0.0000000000,0.0000000000,0.0000000000,0.0000000000
7102,7102,Kilkenny,ED,2020,24.0000000000,1062.4180920000,0.2853289889,0.0000000000,0.0615294492,0.6531415619,0.0000000000,0.0000000000,0.2853289889,0.7146710111,0.0000000000,2,0.7146710111,24.0000000000,AminPD,0.5374902934,1062.4180920000,0.0000000000,0.0000000000,0.0000000000,0.0000000000,0.1632853905
7103,7103,Kilkenny,ED,2020,23.0000000000,1362.2272830000,0.2558444860,0.0000000000,0.1998271532,0.5443283608,0.0000000000,0.0000000000,0.2558444860,0.7441555140,0.0000000000,2,0.7441555140,22.9730054467,AminPD,0.5014500535,1362.2272830000,0.0000000000,0.0000000000,0.0000000000,0.0000000000,0.1360820902
7104,7104,Kilkenny,ED,2020,25.0000000000,931.7497209000,0.8239231992,0.0000000000,0.1760768008,0.0000000000,0.0000000000,0.0000000000,0.8239231992,0.1760768008,0.0000000000,1,0.8239231992,24.0000000000,AminDW,0.6964104162,931.7497209000,0.0000000000,0.0000000000,0.0000000000,0.0000000000,0.0000000000
7105,7105,Kilkenny,ED,2020,25.0000000000,1123.4726996000,1.0000000000,0.0000000000,0.0000000000,0.0000000000,0.0000000000,0.0000000000,1.0000000000,0.0000000000,0.0000000000,1,1.0000000000,23.1989465233,AminDW,0.7734791419,1123.4726996000,0.0000000000,0.0000000000,0.0000000000,0.0000000000,0.0000000000
7106,7106,Kilkenny,ED,2020,8.0000000000,359.4712800000,1.0000000000,0.0000000000,0.0000000000,0.0000000000,0.0000000000,0.0000000000,1.0000000000,0.0000000000,0.0000000000,1,1.0000000000,22.8316173687,AminDW,0.9168222841,359.4712800000,0.0000000000,0.0000000000,0.0000000000,0.0000000000,0.0000000000
7107,7107,Kilkenny,ED,2020,40.0000000000,1687.6642812000,1.0000000000,0.0000000000,0.0000000000,0.0000000000,0.0000000000,0.0000000000,1.0000000000,0.0000000000,0.0000000000,1,1.0000000000,23.5879512248,AminPD,0.3857114559,1687.6642812000,0.0000000000,0.0000000000,0.0000000000,0.0000000000,0.0000000000
7108,7108,Kilkenny,ED,2020,19.0000000000,1027.6092761000,1.0000000000,0.0000000000,0.0000000000,0.0000000000,0.0000000000,0.0000000000,1.0000000000,0.0000000000,0.0000000000,1,1.0000000000,23.6046686130,AminDW,0.8941231823,1027.6092761000,0.0000000000,0.0000000000,0.0000000000,0.0000000000,0.0000000000
7109,7109,Kilkenny,ED,2020,32.0000000000,1466.4123934000,1.0000000000,0.0000000000,0.0000000000,0.0000000000,0.0000000000,0.0000000000,1.0000000000,0.0000000000,0.0000000000,1,1.0000000000,24.0000000000,AminDW,0.5170753405,1466.4123934000,0.0000000000,0.0000000000,0.0000000000,0.0000000000,0.0000000000
7110,7110,Kilkenny,ED,2020,30.0000000000,1156.7190537000,1.0000000000,0.0000000000,0.0000000000,0.0000000000,0.0000000000,0.0000000000,1.0000000000,0.0000000000,0.0000000000,1,1.0000000000,23.9751314237,AminDW,0.6848806523,1156.7190537000,0.0000000000,0.0000000000,0.0000000000,0.0000000000,0.0000000000
7111,7111,Kilkenny,ED,2020,15.0000000000,597.4748733000,1.0000000000,0.0000000000,0.0000000000,0.0000000000,0.0000000000,0.0000000000,1.0000000000,0.0000000000,0.0000000000,1,1.0000000000,24.0000000000,AminDW,1.0000000000,597.4748733000,0.0000000000,0.0000000000,0.0000000000,0.0000000000,0.0000000000
7112,7112,Kilkenny,ED,2020,30.0000000000,1343.7266135000,0.9295243548,0.0000000000,0.0704756452,0.0000000000,0.0000000000,0.0000000000,0.9295243548,0.0704756452,0.0000000000,1,0.9295243548,23.5414088001,AminPD,0.5083358108,1343.7266135000,0.0000000000,0.0000000000,0.0000000000,0.0000000000,0.0000000000
7113,7113,Kilkenny,ED,2020,29.0000000000,1032.9889967000,1.0000000000,0.0000000000,0.0000000000,0.0000000000,0.0000000000,0.0000000000,1.0000000000,0.0000000000,0.0000000000,1,1.0000000000,24.0000000000,AminDW,0.6652046846,1032.9889967000,0.0000000000,0.0000000000,0.0000000000,0.0000000000,0.0000000000
8001,8001,Laois,ED,2020,73.0000000000,2752.9404584000,0.6467663772,0.2635935420,0.0000000000,0.0896400808,0.0000000000,0.0000000000,0.9103599192,0.0896400808,0.0000000000,1,0.9103599192,23.6687386038,BminDW,0.3745073364,2752.9404584000,493.2938050000,0.1791879674,0.0000000000,0.0000000000,0.0000000000
8002,8002,Laois,ED,2020,39.0000000000,1682.6905760000,0.4487870686,0.3625785036,0.1886344278,0.0000000000,0.0000000000,0.0000000000,0.8113655722,0.1886344278,0.0000000000,1,0.8113655722,23.7490268086,BminDW,0.5512129314,1682.6905760000,0.0000000000,0.0000000000,0.0000000000,0.0000000000,0.0000000000
8003,8003,Laois,ED,2020,40.0000000000,1400.2029747000,0.4797081488,0.0000000000,0.0000000000,0.5202918512,0.0000000000,0.0000000000,0.4797081488,0.5202918512,0.0000000000,2,0.5202918512,23.6659984071,BminSW,0.3366130977,1400.2029747000,0.0000000000,0.0000000000,0.0520291851,0.0520291851,0.0520291851
8004,8004,Laois,ED,2020,43.0000000000,1497.5829158000,0.4014349762,0.0000000000,0.0000000000,0.5985650238,0.0000000000,0.0000000000,0.4014349762,0.5985650238,0.0000000000,2,0.5985650238,23.2375772958,BminDW,0.4371418264,1497.5829158000,0.0000000000,0.0000000000,0.0598565024,0.0598565024,0.0598565024
8005,8005,Laois,ED,2020,40.0000000000,1864.0930860000,0.2227710317,0.0000000000,0.0000000000,0.7772289683,0.0000000000,0.0000000000,0.2227710317,0.7772289683,0.0000000000,2,0.7772289683,23.6966353214,AminPD,0.4908961097,1864.0930860000,0.0000000000,0.0000000000,0.0777228968,0.0777228968,0.0777228968
8006,8006,Laois,ED,2020,17.0000000000,682.9519970000,0.1761470799,0.0000000000,0.0000000000,0.7434226699,0.0804302502,0.0000000000,0.1761470799,0.7434226699,0.0804302502,2,0.7434226699,23.1117453369,BminPD,0.7242998032,682.9519970000,21.3000000000,0.0311881363,0.0804302502,0.0804302502,0.0804302502
8007,8007,Laois,ED,2020,41.0000000000,2019.4290126000,0.5386386068,0.0000000000,0.0000000000,0.3623086418,0.0990527514,0.0000000000,0.5386386068,0.3623086418,0.0990527514,1,0.5386386068,22.5837977061,BminDW,0.5078654966,2019.4290126000,361.5130820000,0.1790174746,0.0990527514,0.0990527514,0.0990527514
8008,8008,Laois,ED,2020,37.0000000000,1264.8401648000,0.1672148038,0.8327851962,0.0000000000,0.0000000000,0.0000000000,0.0000000000,1.0000000000,0.0000000000,0.0000000000,1,1.0000000000,23.7992227832,BminDW,0.5085465996,1264.8401648000,0.0000000000,0.0000000000,0.0000000000,0.0000000000,0.0000000000
8009,8009,Laois,ED,2020,49.0000000000,1424.4348597000,0.0000000000,0.0000000000,0.0000000000,0.7259015564,0.2740984436,0.0000000000,0.0000000000,0.7259015564,0.2740984436,2,0.7259015564,23.4582923559,BminPD,0.5855098724,1424.4348597000,70.4451837000,0.0494548299,0.2740984436,0.2740984436,0.2740984436
8010,8010,Laois,ED,2020,17.0000000000,391.2651821000,0.2080430453,0.0000000000,0.0000000000,0.0000000000,0.7919569547,0.0000000000,0.2080430453,0.0000000000,0.7919569547,3,0.7919569547,22.0543166138,Cut,0.7919569547,391.2651821000,309.8651821000,0.7919569547,0.7919569547,0.7919569547,0.7919569547
8011,8011,Laois,ED,2020,30.0000000000,1898.7152520000,0.6630351395,0.3369648605,0.0000000000,0.0000000000,0.0000000000,0.0000000000,1.0000000000,0.0000000000,0.0000000000,1,1.0000000000,24.0000000000,BminDW,0.5720956193,1898.7152520000,137.7900000000,0.0725701233,0.0000000000,0.0000000000,0.0000000000
8012,8012,Laois,ED,2020,33.0000000000,1766.0330950000,0.0000000000,0.3143620647,0.6856379353,0.0000000000,0.0000000000,0.0000000000,0.3143620647,0.6856379353,0.0000000000,2,0.6856379353,23.0389696112,BminDW,0.7963875558,1766.0330950000,0.0000000000,0.0000000000,0.0000000000,0.0000000000,0.0000000000
8013,8013,Laois,ED,2020,17.0000000000,795.8294436000,1.0000000000,0.0000000000,0.0000000000,0.0000000000,0.0000000000,0.0000000000,1.0000000000,0.0000000000,0.0000000000,1,1.0000000000,23.4502590932,BminPD,0.5202747942,795.8294436000,0.0000000000,0.0000000000,0.0000000000,0.0000000000,0.0000000000
8014,8014,Laois,ED,2020,24.0000000000,1277.3181010000,1.0000000000,0.0000000000,0.0000000000,0.0000000000,0.0000000000,0.0000000000,1.0000000000,0.0000000000,0.0000000000,1,1.0000000000,23.9551496687,BminDW,0.5216746099,1277.3181010000,323.7200000000,0.2534372603,0.0000000000,0.0000000000,0.0000000000
8015,8015,Laois,ED,2020,42.0000000000,2029.5901699000,0.0317305439,0.0000000000,0.0000000000,0.4798465559,0.4884229002,0.0000000000,0.0317305439,0.4798465559,0.4884229002,3,0.4884229002,21.0344102917,Cut,0.4551664325,2029.5901699000,988.2013170000,0.4868969764,0.4884229002,0.4884229002,0.4884229002
8016,8016,Laois,ED,2020,18.0000000000,556.6246816000,0.0577588473,0.8843924782,0.0000000000,0.0000000000,0.0578486745,0.0000000000,0.9421513255,0.0000000000,0.0578486745,1,0.9421513255,24.0000000000,BminDW,0.9422411527,556.6246816000,0.0000000000,0.0000000000,0.0578486745,0.0578486745,0.0578486745
8017,8017,Laois,ED,2020,44.0000000000,2187.6981030000,0.4858431794,0.3868540636,0.1273027570,0.0000000000,0.0000000000,0.0000000000,0.8726972430,0.1273027570,0.0000000000,1,0.8726972430,23.9341828748,BminDW,0.5490692438,2187.6981030000,0.0000000000,0.0000000000,0.0163176350,0.0163176350,0.0163176350
8018,8018,Laois,ED,2020,41.0000000000,1767.3432570000,0.0000000000,0.0000000000,0.0000000000,1.0000000000,0.0000000000,0.0000000000,0.0000000000,1.0000000000,0.0000000000,2,1.0000000000,21.6286440207,AminPD,0.5371457668,1767.3432570000,0.0000000000,0.0000000000,0.1000000000,0.1000000000,0.1000000000
8019,8019,Laois,ED,2020,20.0000000000,848.1351160000,0.2235492865,0.0000000000,0.0000000000,0.7764507135,0.0000000000,0.0000000000,0.2235492865,0.7764507135,0.0000000000,2,0.7764507135,21.9166672165,AminPD,0.4147328620,848.1351160000,0.0000000000,0.0000000000,0.0776450714,0.0776450714,0.0776450714
8020,8020,Laois,ED,2020,40.0000000000,1831.9108579000,0.6495585502,0.2279436066,0.0000000000,0.0000000000,0.1224978432,0.0000000000,0.8775021568,0.0000000000,0.1224978432,1,0.8775021568,23.8596590501,BminDW,0.6840406871,1831.9108579000,81.7400000000,0.0446200751,0.1224978432,0.1224978432,0.1224978432
8021,8021,Laois,ED,2020,19.0000000000,918.5763940000,1.0000000000,0.0000000000,0.0000000000,0.0000000000,0.0000000000,0.0000000000,1.0000000000,0.0000000000,0.0000000000,1,1.0000000000,24.0000000000,AminDW,0.5452439071,918.5763940000,0.0000000000,0.0000000000,0.0000000000,0.0000000000,0.0000000000
8022,8022,Laois,ED,2020,33.0000000000,1138.2565229000,0.9037230556,0.0000000000,0.0000000000,0.0962769444,0.0000000000,0.0000000000,0.9037230556,0.0962769444,0.0000000000,1,0.9037230556,23.8881510473,AminPD,0.7833620937,1138.2565229000,109.5878600000,0.0962769444,0.0000000000,0.0000000000,0.0000000000
8023,8023,Laois,ED,2020,28.0000000000,1424.8901660000,0.1172160521,0.7653854255,0.0000000000,0.0000000000,0.1173985224,0.0000000000,0.8826014776,0.0000000000,0.1173985224,1,0.8826014776,23.5959548225,BminDW,0.9015362704,1424.8901660000,140.3000000000,0.0984637296,0.1173985224,0.1173985224,0.1173985224
8024,8024,Laois,ED,2020,33.0000000000,1273.9896609000,0.0000000000,0.7586988573,0.0000000000,0.0000000000,0.2413011427,0.0000000000,0.7586988573,0.0000000000,0.2413011427,1,0.7586988573,23.1993424916,BminDW,0.9265300160,1273.9896609000,93.6000000000,0.0734699840,0.2413011427,0.2413011427,0.2413011427
8025,8025,Laois,ED,2020,44.0000000000,1685.8012757000,0.4778888613,0.1946831512,0.0000000000,0.2383130947,0.0891148928,0.0000000000,0.6725720125,0.2383130947,0.0891148928,1,0.6725720125,23.0838729260,AminPD,0.3116311629,1685.8012757000,142.1475310000,0.0843204552,0.0891148928,0.0891148928,0.0891148928
8026,8026,Laois,ED,2020,26.0000000000,1407.8671007000,0.5654064225,0.4345935775,0.0000000000,0.0000000000,0.0000000000,0.0000000000,1.0000000000,0.0000000000,0.0000000000,1,1.0000000000,23.8863529094,BminDW,0.7032783614,1407.8671007000,0.0000000000,0.0000000000,0.0000000000,0.0000000000,0.0000000000
8027,8027,Laois,ED,2020,55.0000000000,2098.5409748000,0.6050827643,0.0000000000,0.0000000000,0.3949172357,0.0000000000,0.0000000000,0.6050827643,0.3949172357,0.0000000000,1,0.6050827643,23.5891480921,BminSW,0.3053187518,2098.5409748000,0.0000000000,0.0000000000,0.0394917236,0.0394917236,0.0394917236
8028,8028,Laois,ED,2020,30.0000000000,1542.4032601000,0.9330029813,0.0669970187,0.0000000000,0.0000000000,0.0000000000,0.0000000000,1.0000000000,0.0000000000,0.0000000000,1,1.0000000000,23.9385137062,BminDW,0.8897587781,1542.4032601000,170.0364200000,0.1102412219,0.0000000000,0.0000000000,0.0000000000
8029,8029,Laois,ED,2020,28.0000000000,1014.3905668000,1.0000000000,0.0000000000,0.0000000000,0.0000000000,0.0000000000,0.0000000000,1.0000000000,0.0000000000,0.0000000000,1,1.0000000000,23.6580212678,BminDW,0.7846490226,1014.3905668000,0.0000000000,0.0000000000,0.0000000000,0.0000000000,0.0000000000
8030,8030,Laois,ED,2020,24.0000000000,1469.6450840000,0.0582871150,0.9417128850,0.0000000000,0.0000000000,0.0000000000,0.0000000000,1.0000000000,0.0000000000,0.0000000000,1,1.0000000000,24.0000000000,BminDW,0.7524114625,1469.6450840000,0.0000000000,0.0000000000,0.0273405048,0.0273405048,0.0273405048
8031,8031,Laois,ED,2020,16.0000000000,743.5526737000,1.0000000000,0.0000000000,0.0000000000,0.0000000000,0.0000000000,0.0000000000,1.0000000000,0.0000000000,0.0000000000,1,1.0000000000,22.6497257888,BminDW,0.8854380638,743.5526737000,85.1828340000,0.1145619362,0.0000000000,0.0000000000,0.0000000000
8032,8032,Laois,ED,2020,29.0000000000,1311.2615374000,0.0000000000,1.0000000000,0.0000000000,0.0000000000,0.0000000000,0.0000000000,1.0000000000,0.0000000000,0.0000000000,1,1.0000000000,23.9326729432,BminDW,0.3723809892,1311.2615374000,0.0000000000,0.0000000000,0.0500000000,0.0500000000,0.0500000000
8033,8033,Laois,ED,2020,40.0000000000,1749.5869120000,0.9399003609,0.0000000000,0.0000000000,0.0600996391,0.0000000000,0.0000000000,0.9399003609,0.0600996391,0.0000000000,1,0.9399003609,23.1059402164,AminPD,0.4527202447,1749.5869120000,0.0000000000,0.0000000000,0.0060099639,0.0060099639,0.0060099639
8034,8034,Laois,ED,2020,33.0000000000,1574.2866488000,0.8666962690,0.0000000000,0.0000000000,0.0000000000,0.1333037310,0.0000000000,0.8666962690,0.0000000000,0.1333037310,1,0.8666962690,22.9438617311,BminDW,0.4577985785,1574.2866488000,509.3853700000,0.3235658324,0.1558598334,0.1558598334,0.1558598334
8035,8035,Laois,ED,2020,32.0000000000,1270.3995262000,0.4072085410,0.0000000000,0.0000000000,0.5927914590,0.0000000000,0.0000000000,0.4072085410,0.5927914590,0.0000000000,2,0.5927914590,21.7578644387,AminPD,0.9630116361,1270.3995262000,0.0000000000,0.0000000000,0.0592791459,0.0592791459,0.0592791459
8036,8036,Laois,ED,2020,35.0000000000,1897.9536670000,1.0000000000,0.0000000000,0.0000000000,0.0000000000,0.0000000000,0.0000000000,1.0000000000,0.0000000000,0.0000000000,1,1.0000000000,23.3450841179,BminDW,0.6957896886,1897.9536670000,0.0000000000,0.0000000000,0.0000000000,0.0000000000,0.0000000000
8037,8037,Laois,ED,2020,32.0000000000,1308.2790949000,0.2000646124,0.7999353876,0.0000000000,0.0000000000,0.0000000000,0.0000000000,1.0000000000,0.0000000000,0.0000000000,1,1.0000000000,23.9592339813,BminDW,0.5561761339,1308.2790949000,0.0000000000,0.0000000000,0.0229080531,0.0229080531,0.0229080531
8038,8038,Laois,ED,2020,35.0000000000,1609.0854214000,1.0000000000,0.0000000000,0.0000000000,0.0000000000,0.0000000000,0.0000000000,1.0000000000,0.0000000000,0.0000000000,1,1.0000000000,22.9202810635,BminDW,0.6194563658,1609.0854214000,0.0000000000,0.0000000000,0.0000000000,0.0000000000,0.0000000000
8039,8039,Laois,ED,2020,16.0000000000,665.3452380000,0.1240285649,0.0000000000,0.8759714351,0.0000000000,0.0000000000,0.0000000000,0.1240285649,0.8759714351,0.0000000000,2,0.8759714351,22.2884732242,BminPD,0.7207470131,665.3452380000,0.0000000000,0.0000000000,0.0000000000,0.0000000000,0.1751942870
8040,8040,Laois,ED,2020,30.0000000000,1226.0573725000,0.0000000000,0.0000000000,0.0318092782,0.9681907218,0.0000000000,0.0000000000,0.0000000000,1.0000000000,0.0000000000,2,1.0000000000,22.4225044901,AminDW,0.4178186719,1226.0573725000,73.5536590000,0.0599920205,0.0000000000,0.0000000000,0.2420476805
8041,8041,Laois,ED,2020,23.0000000000,690.7667301000,1.0000000000,0.0000000000,0.0000000000,0.0000000000,0.0000000000,0.0000000000,1.0000000000,0.0000000000,0.0000000000,1,1.0000000000,23.9711346608,BminDW,0.4703605253,690.7667301000,9.2018790000,0.0133212539,0.0500000000,0.0500000000,0.0500000000
8042,8042,Laois,ED,2020,18.0000000000,921.6347260000,1.0000000000,0.0000000000,0.0000000000,0.0000000000,0.0000000000,0.0000000000,1.0000000000,0.0000000000,0.0000000000,1,1.0000000000,22.8729808343,BminDW,0.9158795813,921.6347260000,0.0000000000,0.0000000000,0.0000000000,0.0000000000,0.0000000000
8043,8043,Laois,ED,2020,70.0000000000,2128.2628323000,0.0000000000,0.0000000000,0.0000000000,1.0000000000,0.0000000000,0.0000000000,0.0000000000,1.0000000000,0.0000000000,2,1.0000000000,22.1937301626,AminPD,0.5381112591,2128.2628323000,352.6727790000,0.1657092224,0.0000000000,0.0000000000,0.0443169323
8044,8044,Laois,ED,2020,30.0000000000,1472.1202311000,0.2322213857,0.0000000000,0.0000000000,0.4432110002,0.3245676140,0.0000000000,0.2322213857,0.4432110002,0.3245676140,2,0.4432110002,22.7330498389,Cut,0.4889545466,1472.1202311000,719.7998801000,0.4889545466,0.3245676140,0.3245676140,0.3245676140
08045/08046,8045/8046,Laois,COUNTY_FALLBACK,2020,3024.0000000000,121835.8570961200,0.4246898339,0.1269038868,0.0404448316,0.3281753528,0.0797860950,0.0000000000,0.5515937207,0.3686201843,0.0797860950,1,0.5515937207,23.0390023424,,,121835.8570961200,13889.9853066000,0.1140057257,0.0824283531,0.0824283531,0.1091435270
8047,8047,Laois,ED,2020,38.0000000000,1436.2755824000,0.6333074359,0.0000000000,0.0000000000,0.3666925641,0.0000000000,0.0000000000,0.6333074359,0.3666925641,0.0000000000,1,0.6333074359,23.2895234477,BminPD,0.6411016458,1436.2755824000,71.0000000000,0.0494334102,0.0316653718,0.0316653718,0.0316653718
8048,8048,Laois,ED,2020,17.0000000000,471.4404270000,0.0000000000,0.0000000000,0.3798257887,0.3817559647,0.2384182466,0.0000000000,0.0000000000,0.7615817534,0.2384182466,2,0.7615817534,23.9693326470,AminDW,0.3957556126,471.4404270000,105.4174600000,0.2236071706,0.0476836493,0.0476836493,0.3338572378
8049,8049,Laois,ED,2020,46.0000000000,1534.8884593000,0.0495666948,0.3733092808,0.0000000000,0.0000000000,0.5771240244,0.0000000000,0.4228759756,0.0000000000,0.5771240244,3,0.5771240244,20.5154146651,Cut,0.2752374711,1534.8884593000,861.3329378000,0.5611697271,0.2313474046,0.2313474046,0.5957894885
8050,8050,Laois,ED,2020,50.0000000000,1484.3103439000,0.4144040708,0.0572656523,0.0000000000,0.0000000000,0.5283302769,0.0000000000,0.4716697231,0.0000000000,0.5283302769,3,0.5283302769,21.4635246413,Cut,0.3361843411,1484.3103439000,674.3302270000,0.4543054152,0.4811116599,0.4811116599,0.5311935595
8051,8051,Laois,ED,2020,25.0000000000,915.0001402000,0.0000000000,0.0000000000,0.0000000000,1.0000000000,0.0000000000,0.0000000000,0.0000000000,1.0000000000,0.0000000000,2,1.0000000000,23.9589213068,BminDW,0.6162201588,915.0001402000,0.0000000000,0.0000000000,0.0000000000,0.0000000000,0.0000000000
8052,8052,Laois,ED,2020,36.0000000000,1014.3553777000,0.0000000000,0.0000000000,0.0000000000,1.0000000000,0.0000000000,0.0000000000,0.0000000000,1.0000000000,0.0000000000,2,1.0000000000,23.2844601760,AminPD,0.7119438739,1014.3553777000,0.0000000000,0.0000000000,0.0000000000,0.0000000000,0.0487216041
8053,8053,Laois,ED,2020,24.0000000000,1023.1431460000,0.0000000000,0.0000000000,0.0000000000,0.5549229765,0.4450770235,0.0000000000,0.0000000000,0.5549229765,0.4450770235,2,0.5549229765,24.0000000000,BminSW,0.4472029919,1023.1431460000,0.0000000000,0.0000000000,0.4450770235,0.4450770235,0.4841365132
8054,8054,Laois,ED,2020,24.0000000000,1489.4259740000,0.0000000000,0.0000000000,0.0000000000,1.0000000000,0.0000000000,0.0000000000,0.0000000000,1.0000000000,0.0000000000,2,1.0000000000,24.0000000000,BminDW,0.7020018163,1489.4259740000,69.3748150000,0.0465782229,0.0000000000,0.0000000000,0.0000000000
8055,8055,Laois,ED,2020,51.0000000000,1990.9125152000,0.5745972537,0.0000000000,0.0000000000,0.1872479237,0.2381548227,0.0000000000,0.5745972537,0.1872479237,0.2381548227,1,0.5745972537,23.0973637886,BminDW,0.6647801581,1990.9125152000,450.5386840000,0.2262975799,0.2505978833,0.2505978833,0.2505978833
8056,8056,Laois,ED,2020,17.0000000000,774.4235782000,0.3867552650,0.0000000000,0.0000000000,0.0000000000,0.6132447350,0.0000000000,0.3867552650,0.0000000000,0.6132447350,3,0.6132447350,23.6882842842,Cut,0.4062778960,774.4235782000,314.6311820000,0.4062778960,0.6325824983,0.6325824983,0.6325824983
8057,8057,Laois,ED,2020,15.0000000000,559.8046669000,0.0000000000,0.0000000000,0.0000000000,0.2434515288,0.7565484712,0.0000000000,0.0000000000,0.2434515288,0.7565484712,3,0.7565484712,21.2619356382,BminPDPT,0.5890447499,559.8046669000,457.7475240000,0.8176915111,0.7565484712,0.7565484712,0.7565484712
8058,8058,Laois,ED,2020,34.0000000000,1427.6001091000,0.6895381598,0.0802745806,0.2301872597,0.0000000000,0.0000000000,0.0000000000,0.7698127403,0.2301872597,0.0000000000,1,0.7698127403,23.0683665604,BminDW,0.7291435392,1427.6001091000,0.0000000000,0.0000000000,0.0344769080,0.0344769080,0.0805143599
8059,8059,Laois,ED,2020,43.0000000000,1805.6191571000,1.0000000000,0.0000000000,0.0000000000,0.0000000000,0.0000000000,0.0000000000,1.0000000000,0.0000000000,0.0000000000,1,1.0000000000,23.1857843753,BminSW,0.4090903703,1805.6191571000,0.0000000000,0.0000000000,0.0000000000,0.0000000000,0.0000000000
8060,8060,Laois,ED,2020,22.0000000000,1121.6235980000,0.0000000000,0.1859753908,0.8140246092,0.0000000000,0.0000000000,0.0000000000,0.1859753908,0.8140246092,0.0000000000,2,0.8140246092,23.1621783799,BminSW,0.5492216828,1121.6235980000,0.0000000000,0.0000000000,0.0000000000,0.0000000000,0.1628049218
8061,8061,Laois,ED,2020,17.0000000000,855.6487961000,1.0000000000,0.0000000000,0.0000000000,0.0000000000,0.0000000000,0.0000000000,1.0000000000,0.0000000000,0.0000000000,1,1.0000000000,21.3145830387,BminDW,0.9237537640,855.6487961000,65.2400000000,0.0762462360,0.0000000000,0.0000000000,0.0000000000
8062,8062,Laois,ED,2020,31.0000000000,881.6253640000,0.0000000000,0.0000000000,0.0000000000,0.6229469879,0.3770530121,0.0000000000,0.0000000000,0.6229469879,0.3770530121,2,0.6229469879,21.4428515897,AminPDPT,0.3734176629,881.6253640000,355.2744830000,0.4029767036,0.0990578350,0.0990578350,0.5327897590
8063,8063,Laois,ED,2020,28.0000000000,1127.4283541000,0.0000000000,0.0000000000,0.0000000000,1.0000000000,0.0000000000,0.0000000000,0.0000000000,1.0000000000,0.0000000000,2,1.0000000000,23.3201980080,AminPD,0.5236723689,1127.4283541000,0.0000000000,0.0000000000,0.0000000000,0.0000000000,0.0446347653
8064,8064,Laois,ED,2020,31.0000000000,1181.6248055000,0.1207381462,0.0000000000,0.0000000000,0.7822474373,0.0970144165,0.0000000000,0.1207381462,0.7822474373,0.0970144165,2,0.7822474373,22.9562674326,Cut,0.3526895932,1181.6248055000,484.0301540000,0.4096310028,0.0549471608,0.0549471608,0.0981037515
8065,8065,Laois,ED,2020,38.0000000000,1001.0672953000,0.0000000000,0.0000000000,0.0000000000,1.0000000000,0.0000000000,0.0000000000,0.0000000000,1.0000000000,0.0000000000,2,1.0000000000,23.8303810335,BminDW,0.2987417863,1001.0672953000,244.1614360000,0.2439011215,0.0000000000,0.0000000000,0.0000000000
8067,8067,Laois,ED,2020,53.0000000000,1924.1122708000,0.0000000000,0.0000000000,0.0000000000,0.7437422751,0.2562577249,0.0000000000,0.0000000000,0.7437422751,0.2562577249,2,0.7437422751,23.5768438192,AminPD,0.8605787797,1924.1122708000,0.0000000000,0.0000000000,0.2562577249,0.2562577249,0.2562577249
8068,8068,Laois,ED,2020,12.0000000000,467.2725862000,0.0000000000,0.0000000000,0.0000000000,0.9454279991,0.0545720009,0.0000000000,0.0000000000,0.9454279991,0.0545720009,2,0.9454279991,23.2931446660,AminDW,0.5085774133,467.2725862000,187.2283030000,0.4006832597,0.0109144002,0.0109144002,0.2909290007
8069,8069,Laois,ED,2020,46.0000000000,1283.9371913000,0.0000000000,0.0000000000,0.0000000000,0.9624970300,0.0375029700,0.0000000000,0.0000000000,0.9624970300,0.0375029700,2,0.9624970300,23.6441507084,BminPD,0.6854979607,1283.9371913000,403.8008650000,0.3145020393,0.0375029700,0.0375029700,0.0375029700
8070,8070,Laois,ED,2020,16.0000000000,667.4844638000,1.0000000000,0.0000000000,0.0000000000,0.0000000000,0.0000000000,0.0000000000,1.0000000000,0.0000000000,0.0000000000,1,1.0000000000,23.0708548863,BminPD,0.5042581244,667.4844638000,53.5000000000,0.0801516783,0.0500000000,0.0500000000,0.0500000000
8071,8071,Laois,ED,2020,21.0000000000,1268.8399550000,0.7453500745,0.0000000000,0.0000000000,0.2546499255,0.0000000000,0.0000000000,0.7453500745,0.2546499255,0.0000000000,1,0.7453500745,23.6115409938,BminDW,0.4307421703,1268.8399550000,323.1100000000,0.2546499255,0.0000000000,0.0000000000,0.0000000000
8073,8073,Laois,ED,2020,27.0000000000,1007.5184702000,0.0610016807,0.0000000000,0.0000000000,0.6842962649,0.2547020544,0.0000000000,0.0610016807,0.6842962649,0.2547020544,2,0.6842962649,20.1056098396,Cut,0.5708069410,1007.5184702000,575.0985360000,0.5708069410,0.2547020544,0.2547020544,0.2547020544
8074,8074,Laois,ED,2020,42.0000000000,1228.9977060200,0.0547739539,0.0000000000,0.0000000000,0.9452260461,0.0000000000,0.0000000000,0.0547739539,0.9452260461,0.0000000000,2,0.9452260461,23.2944049124,AminPD,0.2515609960,1228.9977060200,265.1297500000,0.2157284336,0.0000000000,0.0000000000,0.0334381808
8075,8075,Laois,ED,2020,36.0000000000,1814.0193891000,0.3451771981,0.0603832686,0.5944395333,0.0000000000,0.0000000000,0.0000000000,0.4055604667,0.5944395333,0.0000000000,2,0.5944395333,24.0000000000,AlluvMIN,0.5038370463,1814.0193891000,116.0021711000,0.0639475916,0.0172588599,0.0172588599,0.1361467666
8076,8076,Laois,ED,2020,49.0000000000,2138.7608498000,0.8568684961,0.0000000000,0.0000000000,0.1431315039,0.0000000000,0.0000000000,0.8568684961,0.1431315039,0.0000000000,1,0.8568684961,22.1736860676,BminDW,0.9023986085,2138.7608498000,101.0499100000,0.0472469421,0.0262036956,0.0262036956,0.0262036956
8077,8077,Laois,ED,2020,36.0000000000,813.0531010000,0.4092264659,0.0000000000,0.0000000000,0.0000000000,0.5907735341,0.0000000000,0.4092264659,0.0000000000,0.5907735341,3,0.5907735341,19.8126293308,BktPt,0.4867214865,813.0531010000,512.5133809000,0.6303565908,0.1693861670,0.1693861670,0.5907735341
8078,8078,Laois,ED,2020,24.0000000000,757.0343857000,0.0000000000,0.0000000000,0.0000000000,0.5542780402,0.4457219598,0.0000000000,0.0000000000,0.5542780402,0.4457219598,2,0.5542780402,22.7929559052,BminPD,0.6597850896,757.0343857000,0.0000000000,0.0000000000,0.4457219598,0.4457219598,0.4457219598
8079,8079,Laois,ED,2020,22.0000000000,765.6860970000,1.0000000000,0.0000000000,0.0000000000,0.0000000000,0.0000000000,0.0000000000,1.0000000000,0.0000000000,0.0000000000,1,1.0000000000,24.0000000000,AminDW,0.8828194095,765.6860970000,0.0000000000,0.0000000000,0.0000000000,0.0000000000,0.0000000000
8080,8080,Laois,ED,2020,50.0000000000,1739.0371873000,0.7122321675,0.0000000000,0.0000000000,0.2877678325,0.0000000000,0.0000000000,0.7122321675,0.2877678325,0.0000000000,1,0.7122321675,23.7573967348,BminSW,0.3462846847,1739.0371873000,78.2057610000,0.0449707238,0.0000000000,0.0000000000,0.0000000000
8081,8081,Laois,ED,2020,32.0000000000,1153.5386629000,0.1364672958,0.0000000000,0.0000000000,0.8635327042,0.0000000000,0.0000000000,0.1364672958,0.8635327042,0.0000000000,2,0.8635327042,23.6790196741,AminPD,0.6100525319,1153.5386629000,359.2117089000,0.3113998000,0.0000000000,0.0000000000,0.0000000000
8082,8082,Laois,ED,2020,29.0000000000,1070.0984223000,0.7182793800,0.0000000000,0.0000000000,0.0533491030,0.2283715170,0.0000000000,0.7182793800,0.0533491030,0.2283715170,1,0.7182793800,21.3757927975,BminPD,0.4770003351,1070.0984223000,23.5000000000,0.0219605968,0.2283715170,0.2283715170,0.2283715170
8083,8083,Laois,ED,2020,40.0000000000,1296.8439085000,0.0000000000,0.0000000000,0.0000000000,0.9574132726,0.0425867274,0.0000000000,0.0000000000,0.9574132726,0.0425867274,2,0.9574132726,23.2831464281,Cut,0.2544108954,1296.8439085000,329.9312200000,0.2544108954,0.0425867274,0.0425867274,0.1052691321
8084,8084,Laois,ED,2020,45.0000000000,1857.8872816000,1.0000000000,0.0000000000,0.0000000000,0.0000000000,0.0000000000,0.0000000000,1.0000000000,0.0000000000,0.0000000000,1,1.0000000000,23.5899423999,BminDW,0.6435486953,1857.8872816000,0.0000000000,0.0000000000,0.0000000000,0.0000000000,0.0000000000
8085,8085,Laois,ED,2020,24.0000000000,1176.7624094000,0.9492764027,0.0000000000,0.0000000000,0.0507235973,0.0000000000,0.0000000000,0.9492764027,0.0507235973,0.0000000000,1,0.9492764027,24.0000000000,AminDW,0.8794893953,1176.7624094000,1.2727270000,0.0010815497,0.0000000000,0.0000000000,0.0000000000
8086,8086,Laois,ED,2020,18.0000000000,814.0237180000,0.0000000000,0.0000000000,0.0000000000,1.0000000000,0.0000000000,0.0000000000,0.0000000000,1.0000000000,0.0000000000,2,1.0000000000,23.6423793735,BminDW,0.5297091356,814.0237180000,301.9779180000,0.3709694341,0.0000000000,0.0000000000,0.0000000000
8087,8087,Laois,ED,2020,31.0000000000,1612.4642710000,0.8096081845,0.0000000000,0.0000000000,0.1903918155,0.0000000000,0.0000000000,0.8096081845,0.1903918155,0.0000000000,1,0.8096081845,23.6744113904,AminDW,0.4366512174,1612.4642710000,0.0000000000,0.0000000000,0.0000000000,0.0000000000,0.0000000000
8088,8088,Laois,ED,2020,38.0000000000,1198.3484290000,0.0000000000,0.0000000000,0.0000000000,1.0000000000,0.0000000000,0.0000000000,0.0000000000,1.0000000000,0.0000000000,2,1.0000000000,20.4307651026,AminPD,0.5981145906,1198.3484290000,436.6979300000,0.3644164914,0.1000000000,0.1000000000,0.1000000000
8089,8089,Laois,ED,2020,27.0000000000,1118.9208040000,1.0000000000,0.0000000000,0.0000000000,0.0000000000,0.0000000000,0.0000000000,1.0000000000,0.0000000000,0.0000000000,1,1.0000000000,23.5329059232,BminDW,0.4885498375,1118.9208040000,0.0000000000,0.0000000000,0.0000000000,0.0000000000,0.0000000000
8090,8090,Laois,ED,2020,33.0000000000,1182.2340370000,0.8028251550,0.0587626932,0.0000000000,0.1384121518,0.0000000000,0.0000000000,0.8615878482,0.1384121518,0.0000000000,1,0.8615878482,23.8394564916,BminPD,0.4373212730,1182.2340370000,197.7711300000,0.1672859382,0.0167793498,0.0167793498,0.0167793498
8091,8091,Laois,ED,2020,6.0000000000,292.1018070000,0.6196469712,0.0000000000,0.0000000000,0.3803530288,0.0000000000,0.0000000000,0.6196469712,0.3803530288,0.0000000000,1,0.6196469712,22.4785878849,AminPD,1.0000000000,292.1018070000,0.0000000000,0.0000000000,0.0380353029,0.0380353029,0.0380353029
8092,8092,Laois,ED,2020,29.0000000000,1112.8887062000,0.0000000000,0.0000000000,0.0000000000,1.0000000000,0.0000000000,0.0000000000,0.0000000000,1.0000000000,0.0000000000,2,1.0000000000,22.4020676730,AminPD,0.8287837929,1112.8887062000,0.0000000000,0.0000000000,0.1000000000,0.1000000000,0.1000000000
8093,8093,Laois,ED,2020,21.0000000000,927.4441530000,0.3770324422,0.0000000000,0.0000000000,0.6229675578,0.0000000000,0.0000000000,0.3770324422,0.6229675578,0.0000000000,2,0.6229675578,22.3215473676,AminPD,0.6912449671,927.4441530000,0.0000000000,0.0000000000,0.0622967558,0.0622967558,0.0622967558
8094,8094,Laois,ED,2020,25.0000000000,932.4452990000,0.1201322620,0.8798677380,0.0000000000,0.0000000000,0.0000000000,0.0000000000,1.0000000000,0.0000000000,0.0000000000,1,1.0000000000,23.8230624186,BminDW,0.7561717634,932.4452990000,0.0000000000,0.0000000000,0.0439933869,0.0439933869,0.0439933869
8095,8095,Laois,ED,2020,18.0000000000,763.5144881000,0.0000000000,0.0000000000,0.0000000000,1.0000000000,0.0000000000,0.0000000000,0.0000000000,1.0000000000,0.0000000000,2,1.0000000000,21.6779030260,AminPD,0.5299300345,763.5144881000,0.0000000000,0.0000000000,0.1000000000,0.1000000000,0.1000000000
8096,8096,Laois,ED,2020,24.0000000000,899.2481360000,1.0000000000,0.0000000000,0.0000000000,0.0000000000,0.0000000000,0.0000000000,1.0000000000,0.0000000000,0.0000000000,1,1.0000000000,21.9804684299,AminSW,0.9095021755,899.2481360000,0.0000000000,0.0000000000,0.0000000000,0.0000000000,0.0000000000
8097,8097,Laois,ED,2020,22.0000000000,1340.0551125000,0.0311988609,0.9688011391,0.0000000000,0.0000000000,0.0000000000,0.0000000000,1.0000000000,0.0000000000,0.0000000000,1,1.0000000000,22.2799961147,BminDW,0.3685341580,1340.0551125000,0.0000000000,0.0000000000,0.0484400570,0.0484400570,0.0484400570
8098,8098,Laois,ED,2020,37.0000000000,1503.6143190000,0.2114204859,0.0000000000,0.0000000000,0.7885795141,0.0000000000,0.0000000000,0.2114204859,0.7885795141,0.0000000000,2,0.7885795141,22.0784049876,AminPD,1.0000000000,1503.6143190000,0.0000000000,0.0000000000,0.0788579514,0.0788579514,0.0788579514
9003,9003,Longford,ED,2020,43.0000000000,1551.4420666000,0.0000000000,0.0000000000,0.6165802193,0.0000000000,0.3834197807,0.0000000000,0.0000000000,0.6165802193,0.3834197807,2,0.6165802193,23.8602192085,AminDW,0.6181120769,1551.4420666000,472.1190270000,0.3043098013,0.5067358246,0.5067358246,0.5067358246
9004,9004,Longford,ED,2020,69.0000000000,2966.2626795000,0.3897322931,0.6102677069,0.0000000000,0.0000000000,0.0000000000,0.0000000000,1.0000000000,0.0000000000,0.0000000000,1,1.0000000000,23.5954505283,AminDW,0.6426078485,2966.2626795000,508.2868448000,0.1713559788,0.0500000000,0.0500000000,0.0500000000
9005,9005,Longford,ED,2020,41.0000000000,1049.3523493000,0.1423407070,0.0000000000,0.0000000000,0.0000000000,0.8576592930,0.0000000000,0.1423407070,0.0000000000,0.8576592930,3,0.8576592930,20.2736105726,BminPD,0.5153316008,1049.3523493000,321.2868640000,0.3061763422,0.8647763283,0.8647763283,0.8647763283
9006,9006,Longford,ED,2020,71.0000000000,2053.8096948000,0.7995538823,0.0000000000,0.0000000000,0.0000000000,0.2004461177,0.0000000000,0.7995538823,0.0000000000,0.2004461177,1,0.7995538823,22.5825740561,BminDW,0.7028445861,2053.8096948000,267.9350160000,0.1304575671,0.2404238118,0.2404238118,0.2404238118
9007,9007,Longford,ED,2020,58.0000000000,1887.9340484000,0.3568829240,0.0303153243,0.5162201109,0.0965816407,0.0000000000,0.0000000000,0.3871982483,0.6128017517,0.0000000000,2,0.6128017517,23.1673437950,AminDW,0.7082892602,1887.9340484000,286.9900000000,0.1520127254,0.1226039346,0.1226039346,0.1467493448
9008,9008,Longford,ED,2020,55.0000000000,2004.8079465000,0.0000000000,0.8408975141,0.0000000000,0.0000000000,0.1591024859,0.0000000000,0.8408975141,0.0000000000,0.1591024859,1,0.8408975141,23.9889368775,AminDW,0.7070263648,2004.8079465000,403.1354670000,0.2010843321,0.2011473616,0.2011473616,0.2011473616
9009,9009,Longford,ED,2020,32.0000000000,810.1650709000,0.0000000000,0.0000000000,0.5889802981,0.0000000000,0.4110197019,0.0000000000,0.0000000000,0.5889802981,0.4110197019,2,0.5889802981,22.4252769283,AminPDPT,0.3986816658,810.1650709000,322.9979600000,0.3986816658,0.5288157615,0.5288157615,0.5288157615
9010,9010,Longford,ED,2020,66.0000000000,2774.5028930000,0.9208468679,0.0000000000,0.0791531321,0.0000000000,0.0000000000,0.0000000000,0.9208468679,0.0791531321,0.0000000000,1,0.9208468679,22.6496763476,AminDW,0.5170525371,2774.5028930000,495.1098960000,0.1784499476,0.0618729698,0.0618729698,0.0618729698
9011,9011,Longford,ED,2020,73.0000000000,1995.2738377000,0.0000000000,0.0828499562,0.9171500438,0.0000000000,0.0000000000,0.0000000000,0.0828499562,0.9171500438,0.0000000000,2,0.9171500438,23.8135034736,AminDW,0.6243654441,1995.2738377000,0.0000000000,0.0000000000,0.1875725066,0.1875725066,0.1875725066
9012,9012,Longford,ED,2020,41.0000000000,1357.1485122000,0.5646217760,0.1541060961,0.0000000000,0.0000000000,0.2812721280,0.0000000000,0.7187278720,0.0000000000,0.2812721280,1,0.7187278720,20.2640978351,BminPDPT,0.3498132665,1357.1485122000,629.3036532000,0.4636954965,0.3172085216,0.3172085216,0.3172085216
9013,9013,Longford,ED,2020,20.0000000000,690.5791570000,0.3295059584,0.0000000000,0.4469745095,0.0000000000,0.2235195320,0.0000000000,0.3295059584,0.4469745095,0.2235195320,2,0.4469745095,24.0000000000,AminDW,0.7788842474,690.5791570000,12.2579300000,0.0177502172,0.3129144339,0.3129144339,0.3129144339
9014,9014,Longford,ED,2020,38.0000000000,990.4507267000,0.0000000000,0.0000000000,0.9113780902,0.0000000000,0.0886219098,0.0000000000,0.0000000000,0.9113780902,0.0886219098,2,0.9113780902,23.2730582344,AminDW,0.5935218281,990.4507267000,402.5966007000,0.4064781719,0.3164664324,0.3164664324,0.3164664324
9015,9015,Longford,ED,2020,21.0000000000,1067.8243528000,0.0000000000,0.0000000000,0.7242992265,0.0000000000,0.2757007735,0.0000000000,0.0000000000,0.7242992265,0.2757007735,2,0.7242992265,22.6205596490,AminPD,0.4222517634,1067.8243528000,401.1176810000,0.3756401322,0.4205606188,0.4205606188,0.4205606188
9016,9016,Longford,ED,2020,29.0000000000,958.9990960000,0.0000000000,0.0000000000,1.0000000000,0.0000000000,0.0000000000,0.0000000000,0.0000000000,1.0000000000,0.0000000000,2,1.0000000000,22.7216169388,AminPDPT,0.5489115329,958.9990960000,526.4056638000,0.5489115329,0.2337768749,0.2337768749,0.2337768749
9017,9017,Longford,ED,2020,60.0000000000,1433.9062167000,0.0000000000,0.0000000000,0.0000000000,1.0000000000,0.0000000000,0.0000000000,0.0000000000,1.0000000000,0.0000000000,2,1.0000000000,22.5951271844,AminDW,1.0000000000,1433.9062167000,0.0000000000,0.0000000000,0.1000000000,0.1000000000,0.1000000000
9018,9018,Longford,ED,2020,34.0000000000,1185.6887800000,0.0000000000,0.0000000000,1.0000000000,0.0000000000,0.0000000000,0.0000000000,0.0000000000,1.0000000000,0.0000000000,2,1.0000000000,23.4248069042,AminDW,0.5504831605,1185.6887800000,347.2400000000,0.2928593117,0.2000000000,0.2000000000,0.2000000000
9019,9019,Longford,ED,2020,40.0000000000,950.3158605000,1.0000000000,0.0000000000,0.0000000000,0.0000000000,0.0000000000,0.0000000000,1.0000000000,0.0000000000,0.0000000000,1,1.0000000000,23.1634360395,AminDW,0.8909427302,950.3158605000,0.0000000000,0.0000000000,0.0000000000,0.0000000000,0.0000000000
9020,9020,Longford,ED,2020,19.0000000000,597.7896100000,0.0000000000,0.0000000000,0.5883166989,0.0000000000,0.4116833011,0.0000000000,0.0000000000,0.5883166989,0.4116833011,2,0.5883166989,23.8748636665,AminPD,0.7550977843,597.7896100000,87.3000000000,0.1460380016,0.5293466409,0.5293466409,0.5293466409
9021,9021,Longford,ED,2020,27.0000000000,1037.9727939000,0.0000000000,0.0000000000,1.0000000000,0.0000000000,0.0000000000,0.0000000000,0.0000000000,1.0000000000,0.0000000000,2,1.0000000000,23.5635723762,AminDW,0.8398560425,1037.9727939000,166.2250710000,0.1601439575,0.2254500511,0.2254500511,0.2254500511
9022,9022,Longford,ED,2020,29.0000000000,849.2040220000,0.6222395047,0.0000000000,0.3777604953,0.0000000000,0.0000000000,0.0000000000,0.6222395047,0.3777604953,0.0000000000,1,0.6222395047,23.1827641155,AminDW,0.8077235237,849.2040220000,0.0000000000,0.0000000000,0.0755520991,0.0755520991,0.0755520991
9023,9023,Longford,ED,2020,20.0000000000,717.1740635000,0.0000000000,0.0000000000,1.0000000000,0.0000000000,0.0000000000,0.0000000000,0.0000000000,1.0000000000,0.0000000000,2,1.0000000000,24.0000000000,AminDW,0.6408813528,717.1740635000,257.5505795000,0.3591186472,0.2000000000,0.2000000000,0.2000000000
09024/09035,9024/9035,Longford,COUNTY_FALLBACK,2020,2363.0000000000,69021.6255524200,0.1579410256,0.0986520419,0.4087254586,0.1670463425,0.1676351313,0.0000000000,0.2565930675,0.5757718012,0.1676351313,2,0.5757718012,22.8980614089,,,69021.6255524200,14081.5055427000,0.2040158491,0.2795940792,0.2795940792,0.2831684365
9025,9025,Longford,ED,2020,61.0000000000,1386.5344986000,0.0000000000,0.0000000000,0.5295697002,0.4704302998,0.0000000000,0.0000000000,0.0000000000,1.0000000000,0.0000000000,2,1.0000000000,21.9110009263,AminDW,0.7173145512,1386.5344986000,391.9531270000,0.2826854488,0.1794354550,0.1794354550,0.1794354550
9026,9026,Longford,ED,2020,45.0000000000,1558.3539117000,0.1262377407,0.0000000000,0.8737622593,0.0000000000,0.0000000000,0.0000000000,0.1262377407,0.8737622593,0.0000000000,2,0.8737622593,24.0000000000,AminDW,0.7966058945,1558.3539117000,216.9600000000,0.1392238299,0.1784662251,0.1784662251,0.1784662251
9027,9027,Longford,ED,2020,18.0000000000,600.3240040000,0.6765160502,0.0000000000,0.3234839498,0.0000000000,0.0000000000,0.0000000000,0.6765160502,0.3234839498,0.0000000000,1,0.6765160502,24.0000000000,AminDW,0.6663801569,600.3240040000,0.0000000000,0.0000000000,0.0646967900,0.0646967900,0.0646967900
9028,9028,Longford,ED,2020,20.0000000000,572.2462497000,0.0000000000,0.0000000000,0.5833708201,0.0000000000,0.4166291799,0.0000000000,0.0000000000,0.5833708201,0.4166291799,2,0.5833708201,23.7729439781,AminPDPT,0.3099396809,572.2462497000,347.2552157000,0.6068282944,0.5333033439,0.5333033439,0.5333033439
9029,9029,Longford,ED,2020,22.0000000000,490.4886705000,0.0000000000,0.0000000000,0.3067583342,0.6932416658,0.0000000000,0.0000000000,0.0000000000,1.0000000000,0.0000000000,2,1.0000000000,22.5042389720,AminDW,0.7454765329,490.4886705000,108.7312830000,0.2216794995,0.1460137501,0.1460137501,0.1460137501
9030,9030,Longford,ED,2020,23.0000000000,797.6351580000,0.0000000000,0.0000000000,1.0000000000,0.0000000000,0.0000000000,0.0000000000,0.0000000000,1.0000000000,0.0000000000,2,1.0000000000,24.0000000000,AminDW,0.4858805772,797.6351580000,0.0000000000,0.0000000000,0.2000000000,0.2000000000,0.2000000000
9031,9031,Longford,ED,2020,35.0000000000,1152.7231240000,0.0000000000,0.0000000000,0.8100627883,0.0000000000,0.1899372117,0.0000000000,0.0000000000,0.8100627883,0.1899372117,2,0.8100627883,23.9430634481,AminDW,0.5383374325,1152.7231240000,455.3691170000,0.3950377220,0.3520678985,0.3520678985,0.3520678985
9032,9032,Longford,ED,2020,25.0000000000,833.4994185000,0.0000000000,0.0000000000,1.0000000000,0.0000000000,0.0000000000,0.0000000000,0.0000000000,1.0000000000,0.0000000000,2,1.0000000000,23.6364724518,AminDW,1.0000000000,833.4994185000,0.0000000000,0.0000000000,0.2000000000,0.2000000000,0.2000000000
9033,9033,Longford,ED,2020,55.0000000000,1335.0656200000,0.0000000000,0.0000000000,0.0000000000,1.0000000000,0.0000000000,0.0000000000,0.0000000000,1.0000000000,0.0000000000,2,1.0000000000,23.6052272247,AminDW,0.9689343053,1335.0656200000,0.0000000000,0.0000000000,0.1000000000,0.1000000000,0.1000000000
9034,9034,Longford,ED,2020,55.0000000000,1238.4725179200,0.0000000000,0.0000000000,1.0000000000,0.0000000000,0.0000000000,0.0000000000,0.0000000000,1.0000000000,0.0000000000,2,1.0000000000,23.6827382164,AminDW,0.6630672809,1238.4725179200,95.9476560000,0.0774725758,0.2496937638,0.2496937638,0.2496937638
9036,9036,Longford,ED,2020,31.0000000000,907.6737984000,0.0000000000,0.0000000000,0.4086506653,0.0554824873,0.5358668474,0.0000000000,0.0000000000,0.4641331526,0.5358668474,3,0.5358668474,22.8998184060,AminDW,1.0000000000,907.6737984000,0.0000000000,0.0000000000,0.6308347484,0.6308347484,0.6308347484
9037,9037,Longford,ED,2020,62.0000000000,897.8062441000,0.0000000000,0.0000000000,0.9071633991,0.0928366009,0.0000000000,0.0000000000,0.0000000000,1.0000000000,0.0000000000,2,1.0000000000,23.1085372314,AminDW,0.5136495098,897.8062441000,63.6836660000,0.0709325274,0.2153036117,0.2153036117,0.2153036117
9038,9038,Longford,ED,2020,69.0000000000,2948.3610820000,0.0000000000,0.0000000000,0.8583021549,0.0000000000,0.1416978451,0.0000000000,0.0000000000,0.8583021549,0.1416978451,2,0.8583021549,24.0000000000,AminDW,0.6127946434,2948.3610820000,107.6600000000,0.0365152018,0.3133582761,0.3133582761,0.3133582761
9039,9039,Longford,ED,2020,33.0000000000,1221.8148932000,0.0000000000,0.3941792081,0.2325956393,0.3732251526,0.0000000000,0.0000000000,0.3941792081,0.6058207919,0.0000000000,2,0.6058207919,23.4187811755,AminDW,0.5901411901,1221.8148932000,103.4495480000,0.0846687568,0.0465191279,0.0465191279,0.1398254160
9040,9040,Longford,ED,2020,55.0000000000,1286.9918523000,0.0000000000,0.0000000000,0.0000000000,0.8510186777,0.1489813223,0.0000000000,0.0000000000,0.8510186777,0.1489813223,2,0.8510186777,20.6804958931,AminDW,0.8299210499,1286.9918523000,142.2853640000,0.1105565383,0.2340831901,0.2340831901,0.2340831901
9041,9041,Longford,ED,2020,74.0000000000,1399.2616153000,0.0000000000,0.0000000000,0.0000000000,0.6310986654,0.3689013346,0.0000000000,0.0000000000,0.6310986654,0.3689013346,2,0.6310986654,21.7877994464,AminDW,0.3705227465,1399.2616153000,402.1255055000,0.2873840754,0.4390109643,0.4390109643,0.4390109643
9042,9042,Longford,ED,2020,80.0000000000,1236.7521158000,0.0000000000,0.0000000000,0.0000000000,0.7781810433,0.2218189567,0.0000000000,0.0000000000,0.7781810433,0.2218189567,2,0.7781810433,22.5218743961,AminPD,0.9748389256,1236.7521158000,31.1180120000,0.0251610744,0.3309694787,0.3309694787,0.3309694787
9043,9043,Longford,ED,2020,50.0000000000,1144.3925192000,0.0000000000,0.0000000000,0.4851615377,0.3467580207,0.1680804416,0.0000000000,0.0000000000,0.8319195584,0.1680804416,2,0.8319195584,23.4753729914,AminPD,0.3756392884,1144.3925192000,399.0119956000,0.3486670779,0.3171264522,0.3171264522,0.3171264522
9044,9044,Longford,ED,2020,45.0000000000,1369.1183786000,0.0000000000,0.0000000000,0.6822349620,0.0000000000,0.3177650380,0.0000000000,0.0000000000,0.6822349620,0.3177650380,2,0.6822349620,21.1302984520,AminDW,0.2414211599,1369.1183786000,566.7008530000,0.4139166210,0.4542120304,0.4542120304,0.4542120304
9045,9045,Longford,ED,2020,54.0000000000,1514.2208877000,0.0000000000,0.1213825549,0.8786174451,0.0000000000,0.0000000000,0.0000000000,0.1213825549,0.8786174451,0.0000000000,2,0.8786174451,23.6163043287,AminDW,0.3527130278,1514.2208877000,546.9873711000,0.3612335397,0.1757234890,0.1757234890,0.1757234890
9046,9046,Longford,ED,2020,48.0000000000,2060.4733770000,0.0000000000,0.4297674131,0.5702325869,0.0000000000,0.0000000000,0.0000000000,0.4297674131,0.5702325869,0.0000000000,2,0.5702325869,23.3514111782,AminDW,0.8537277873,2060.4733770000,219.9400000000,0.1067424614,0.1140465174,0.1140465174,0.1140465174
9047,9047,Longford,ED,2020,67.0000000000,1450.1407947000,0.0000000000,0.0000000000,0.0000000000,0.5274560115,0.4725439885,0.0000000000,0.0000000000,0.5274560115,0.4725439885,2,0.5274560115,21.5467568323,AminDW,0.8304131482,1450.1407947000,0.0000000000,0.0000000000,0.5252895896,0.5252895896,0.5252895896
9048,9048,Longford,ED,2020,78.0000000000,1714.8271116000,0.0000000000,0.0000000000,0.0000000000,0.6337064409,0.3662935591,0.0000000000,0.0000000000,0.6337064409,0.3662935591,2,0.6337064409,22.8683348706,AminPD,0.7996308778,1714.8271116000,56.8377830000,0.0331449058,0.4541540103,0.4541540103,0.4541540103
9049,9049,Longford,ED,2020,37.0000000000,1410.6675801000,0.0000000000,0.0000000000,0.8008035316,0.0000000000,0.1991964684,0.0000000000,0.0000000000,0.8008035316,0.1991964684,2,0.8008035316,21.8977347989,BminPDPT,0.3584447776,1410.6675801000,868.5904710000,0.6157300864,0.3593571747,0.3593571747,0.3593571747
9050,9050,Longford,ED,2020,44.0000000000,742.3470772000,0.0000000000,0.0000000000,0.0000000000,0.6172735841,0.3827264159,0.0000000000,0.0000000000,0.6172735841,0.3827264159,2,0.6172735841,20.7664780121,AminDW,0.6469812342,742.3470772000,149.3124490000,0.2011356326,0.4444537743,0.4444537743,0.4444537743
9051,9051,Longford,ED,2020,47.0000000000,1427.6352518000,0.0000000000,0.5067698547,0.1519938225,0.0000000000,0.3412363229,0.0000000000,0.5067698547,0.1519938225,0.3412363229,1,0.5067698547,22.9566863678,AminDW,0.5299619718,1427.6352518000,366.0995037000,0.2564377023,0.3716350873,0.3716350873,0.3716350873
9052,9052,Longford,ED,2020,29.0000000000,730.0426920000,0.0014145282,0.0000000000,0.0000000000,0.0000000000,0.9985854718,0.0000000000,0.0014145282,0.0000000000,0.9985854718,3,0.9985854718,20.5724232029,BminPDPT,0.5320289885,730.0426920000,539.2038750000,0.7385922507,0.9986561982,0.9986561982,0.9986561982
9053,9053,Longford,ED,2020,64.0000000000,2110.9201805000,0.0549539902,0.2875355360,0.3889038764,0.1650844036,0.1035221938,0.0000000000,0.3424895263,0.5539882799,0.1035221938,2,0.5539882799,23.3596199312,AminDW,0.3944189727,2110.9201805000,881.6611665000,0.4176667477,0.1840506686,0.1840506686,0.2253217695
9054,9054,Longford,ED,2020,39.0000000000,1246.9004877000,0.0000000000,0.0000000000,0.0526476248,0.8024841376,0.1448682376,0.0000000000,0.0000000000,0.8551317624,0.1448682376,2,0.8551317624,20.7187117847,AminPD,0.3907916894,1246.9004877000,410.5397066000,0.3292481723,0.2757703832,0.2757703832,0.2757703832
9055,9055,Longford,ED,2020,85.0000000000,2253.3317103000,0.6801925421,0.0000000000,0.0000000000,0.0000000000,0.3198074579,0.0000000000,0.6801925421,0.0000000000,0.3198074579,1,0.6801925421,22.9660009499,BminDW,0.6156179740,2253.3317103000,490.5524080000,0.2177009296,0.3538170850,0.3538170850,0.3538170850
