STATISTIC Label,Year,Type of Land Use,Region,UNIT,VALUE
Area Farmed in June,2013,Arable silage,Border,000 Hectares,0.605
Area Farmed in June,2013,Area farmed (AAU),Border,000 Hectares,713.334
Area Farmed in June,2013,Beans and peas,Border,000 Hectares,0.006
Area Farmed in June,2013,Beet,Border,000 Hectares,0.034
Area Farmed in June,2013,Crops and pasture,Border,000 Hectares,596.511
Area Farmed in June,2013,Fodder rape and kale,Border,000 Hectares,0.023
Area Farmed in June,2013,Fruit,Border,000 Hectares,0.03
Area Farmed in June,2013,Grass silage,Border,000 Hectares,165.278
Area Farmed in June,2013,Hay,Border,000 Hectares,34.877
Area Farmed in June,2013,Maize silage,Border,000 Hectares,0.279
Area Farmed in June,2013,"Nurseries, horticulture etc.",Border,000 Hectares,0.004
Area Farmed in June,2013,Oilseed rape,Border,000 Hectares,0.096
Area Farmed in June,2013,Other cereals,Border,000 Hectares,0.105
Area Farmed in June,2013,Other crops,Border,000 Hectares,0.27
Area Farmed in June,2013,Pasture,Border,000 Hectares,386.692
Area Farmed in June,2013,Potatoes,Border,000 Hectares,1.126
Area Farmed in June,2013,Rough grazing in use,Border,000 Hectares,116.823
Area Farmed in June,2013,Spring barley,Border,000 Hectares,4.312
Area Farmed in June,2013,Spring oats,Border,000 Hectares,0.936
Area Farmed in June,2013,Spring wheat,Border,000 Hectares,0.209
Area Farmed in June,2013,Total barley,Border,000 Hectares,5.425
Area Farmed in June,2013,Total cereals,Border,000 Hectares,7.134
Area Farmed in June,2013,"Total crops, fruit and horticulture",Border,000 Hectares,9.664
Area Farmed in June,2013,Total oats,Border,000 Hectares,0.993
Area Farmed in June,2013,Total wheat,Border,000 Hectares,0.611
Area Farmed in June,2013,Turnips,Border,000 Hectares,0.019
Area Farmed in June,2013,Vegetables for sale,Border,000 Hectares,0.038
Area Farmed in June,2013,Winter barley,Border,000 Hectares,1.113
Area Farmed in June,2013,Winter oats,Border,000 Hectares,0.057
Area Farmed in June,2013,Winter wheat,Border,000 Hectares,0.402
Area Farmed in June,2013,Arable silage,Dublin and Mid-East,000 Hectares,0.678
Area Farmed in June,2013,Area farmed (AAU),Dublin and Mid-East,000 Hectares,504.672
Area Farmed in June,2013,Beans and peas,Dublin and Mid-East,000 Hectares,1.906
Area Farmed in June,2013,Beet,Dublin and Mid-East,000 Hectares,1.406
Area Farmed in June,2013,Crops and pasture,Dublin and Mid-East,000 Hectares,471.423
Area Farmed in June,2013,Fodder rape and kale,Dublin and Mid-East,000 Hectares,0.215
Area Farmed in June,2013,Fruit,Dublin and Mid-East,000 Hectares,0.328
Area Farmed in June,2013,Grass silage,Dublin and Mid-East,000 Hectares,94.244
Area Farmed in June,2013,Hay,Dublin and Mid-East,000 Hectares,25.715
Area Farmed in June,2013,Maize silage,Dublin and Mid-East,000 Hectares,4.102
Area Farmed in June,2013,"Nurseries, horticulture etc.",Dublin and Mid-East,000 Hectares,0.045
Area Farmed in June,2013,Oilseed rape,Dublin and Mid-East,000 Hectares,6.163
Area Farmed in June,2013,Other cereals,Dublin and Mid-East,000 Hectares,0.341
Area Farmed in June,2013,Other crops,Dublin and Mid-East,000 Hectares,1.659
Area Farmed in June,2013,Pasture,Dublin and Mid-East,000 Hectares,225.524
Area Farmed in June,2013,Potatoes,Dublin and Mid-East,000 Hectares,5.872
Area Farmed in June,2013,Rough grazing in use,Dublin and Mid-East,000 Hectares,33.249
Area Farmed in June,2013,Spring barley,Dublin and Mid-East,000 Hectares,48.749
Area Farmed in June,2013,Spring oats,Dublin and Mid-East,000 Hectares,7.584
Area Farmed in June,2013,Spring wheat,Dublin and Mid-East,000 Hectares,6.384
Area Farmed in June,2013,Total barley,Dublin and Mid-East,000 Hectares,60.856
Area Farmed in June,2013,Total cereals,Dublin and Mid-East,000 Hectares,101.234
Area Farmed in June,2013,"Total crops, fruit and horticulture",Dublin and Mid-East,000 Hectares,125.94
Area Farmed in June,2013,Total oats,Dublin and Mid-East,000 Hectares,9.59
Area Farmed in June,2013,Total wheat,Dublin and Mid-East,000 Hectares,30.447
Area Farmed in June,2013,Turnips,Dublin and Mid-East,000 Hectares,0.136
Area Farmed in June,2013,Vegetables for sale,Dublin and Mid-East,000 Hectares,2.196
Area Farmed in June,2013,Winter barley,Dublin and Mid-East,000 Hectares,12.107
Area Farmed in June,2013,Winter oats,Dublin and Mid-East,000 Hectares,2.006
Area Farmed in June,2013,Winter wheat,Dublin and Mid-East,000 Hectares,24.063
Area Farmed in June,2013,Arable silage,Eastern and Midland,000 Hectares,1.266
Area Farmed in June,2013,Area farmed (AAU),Eastern and Midland,000 Hectares,932.028
Area Farmed in June,2013,Beans and peas,Eastern and Midland,000 Hectares,2.301
Area Farmed in June,2013,Beet,Eastern and Midland,000 Hectares,2.842
Area Farmed in June,2013,Crops and pasture,Eastern and Midland,000 Hectares,880.665
Area Farmed in June,2013,Fodder rape and kale,Eastern and Midland,000 Hectares,0.474
Area Farmed in June,2013,Fruit,Eastern and Midland,000 Hectares,0.365
Area Farmed in June,2013,Grass silage,Eastern and Midland,000 Hectares,209.099
Area Farmed in June,2013,Hay,Eastern and Midland,000 Hectares,49.646
Area Farmed in June,2013,Maize silage,Eastern and Midland,000 Hectares,5.123
Area Farmed in June,2013,"Nurseries, horticulture etc.",Eastern and Midland,000 Hectares,0.072
Area Farmed in June,2013,Oilseed rape,Eastern and Midland,000 Hectares,7.057
Area Farmed in June,2013,Other cereals,Eastern and Midland,000 Hectares,0.57
Area Farmed in June,2013,Other crops,Eastern and Midland,000 Hectares,2.053
Area Farmed in June,2013,Pasture,Eastern and Midland,000 Hectares,457.523
Area Farmed in June,2013,Potatoes,Eastern and Midland,000 Hectares,6.187
Area Farmed in June,2013,Rough grazing in use,Eastern and Midland,000 Hectares,51.363
Area Farmed in June,2013,Spring barley,Eastern and Midland,000 Hectares,72.146
Area Farmed in June,2013,Spring oats,Eastern and Midland,000 Hectares,8.87
Area Farmed in June,2013,Spring wheat,Eastern and Midland,000 Hectares,7.517
Area Farmed in June,2013,Total barley,Eastern and Midland,000 Hectares,87.118
Area Farmed in June,2013,Total cereals,Eastern and Midland,000 Hectares,133.971
Area Farmed in June,2013,"Total crops, fruit and horticulture",Eastern and Midland,000 Hectares,164.397
Area Farmed in June,2013,Total oats,Eastern and Midland,000 Hectares,11.426
Area Farmed in June,2013,Total wheat,Eastern and Midland,000 Hectares,34.857
Area Farmed in June,2013,Turnips,Eastern and Midland,000 Hectares,0.269
Area Farmed in June,2013,Vegetables for sale,Eastern and Midland,000 Hectares,2.417
Area Farmed in June,2013,Winter barley,Eastern and Midland,000 Hectares,14.972
Area Farmed in June,2013,Winter oats,Eastern and Midland,000 Hectares,2.556
Area Farmed in June,2013,Winter wheat,Eastern and Midland,000 Hectares,27.34
Area Farmed in June,2013,Arable silage,Mid-West,000 Hectares,0.242
Area Farmed in June,2013,Area farmed (AAU),Mid-West,000 Hectares,709.146
Area Farmed in June,2013,Beans and peas,Mid-West,000 Hectares,0.274
Area Farmed in June,2013,Beet,Mid-West,000 Hectares,0.581
Area Farmed in June,2013,Crops and pasture,Mid-West,000 Hectares,663.86
Area Farmed in June,2013,Fodder rape and kale,Mid-West,000 Hectares,0.147
Area Farmed in June,2013,Fruit,Mid-West,000 Hectares,0.075
Area Farmed in June,2013,Grass silage,Mid-West,000 Hectares,197.229
Area Farmed in June,2013,Hay,Mid-West,000 Hectares,37.506
Area Farmed in June,2013,Maize silage,Mid-West,000 Hectares,1.056
Area Farmed in June,2013,"Nurseries, horticulture etc.",Mid-West,000 Hectares,0.062
Area Farmed in June,2013,Oilseed rape,Mid-West,000 Hectares,0.918
Area Farmed in June,2013,Other cereals,Mid-West,000 Hectares,0.083
Area Farmed in June,2013,Other crops,Mid-West,000 Hectares,0.746
Area Farmed in June,2013,Pasture,Mid-West,000 Hectares,400.448
Area Farmed in June,2013,Potatoes,Mid-West,000 Hectares,0.314
Area Farmed in June,2013,Rough grazing in use,Mid-West,000 Hectares,45.296
Area Farmed in June,2013,Spring barley,Mid-West,000 Hectares,13.353
Area Farmed in June,2013,Spring oats,Mid-West,000 Hectares,1.766
Area Farmed in June,2013,Spring wheat,Mid-West,000 Hectares,0.785
Area Farmed in June,2013,Total barley,Mid-West,000 Hectares,17.565
Area Farmed in June,2013,Total cereals,Mid-West,000 Hectares,24.174
Area Farmed in June,2013,"Total crops, fruit and horticulture",Mid-West,000 Hectares,28.667
Area Farmed in June,2013,Total oats,Mid-West,000 Hectares,2.11
Area Farmed in June,2013,Total wheat,Mid-West,000 Hectares,4.416
Area Farmed in June,2013,Turnips,Mid-West,000 Hectares,0.023
Area Farmed in June,2013,Vegetables for sale,Mid-West,000 Hectares,0.055
Area Farmed in June,2013,Winter barley,Mid-West,000 Hectares,4.212
Area Farmed in June,2013,Winter oats,Mid-West,000 Hectares,0.344
Area Farmed in June,2013,Winter wheat,Mid-West,000 Hectares,3.631
Area Farmed in June,2013,Arable silage,Midland,000 Hectares,0.588
Area Farmed in June,2013,Area farmed (AAU),Midland,000 Hectares,427.356
Area Farmed in June,2013,Beans and peas,Midland,000 Hectares,0.395
Area Farmed in June,2013,Beet,Midland,000 Hectares,1.436
Area Farmed in June,2013,Crops and pasture,Midland,000 Hectares,409.242
Area Farmed in June,2013,Fodder rape and kale,Midland,000 Hectares,0.259
Area Farmed in June,2013,Fruit,Midland,000 Hectares,0.037
Area Farmed in June,2013,Grass silage,Midland,000 Hectares,114.855
Area Farmed in June,2013,Hay,Midland,000 Hectares,23.931
Area Farmed in June,2013,Maize silage,Midland,000 Hectares,1.021
Area Farmed in June,2013,"Nurseries, horticulture etc.",Midland,000 Hectares,0.027
Area Farmed in June,2013,Oilseed rape,Midland,000 Hectares,0.894
Area Farmed in June,2013,Other cereals,Midland,000 Hectares,0.229
Area Farmed in June,2013,Other crops,Midland,000 Hectares,0.394
Area Farmed in June,2013,Pasture,Midland,000 Hectares,231.999
Area Farmed in June,2013,Potatoes,Midland,000 Hectares,0.315
Area Farmed in June,2013,Rough grazing in use,Midland,000 Hectares,18.114
Area Farmed in June,2013,Spring barley,Midland,000 Hectares,23.397
Area Farmed in June,2013,Spring oats,Midland,000 Hectares,1.286
Area Farmed in June,2013,Spring wheat,Midland,000 Hectares,1.133
Area Farmed in June,2013,Total barley,Midland,000 Hectares,26.262
Area Farmed in June,2013,Total cereals,Midland,000 Hectares,32.737
Area Farmed in June,2013,"Total crops, fruit and horticulture",Midland,000 Hectares,38.457
Area Farmed in June,2013,Total oats,Midland,000 Hectares,1.836
Area Farmed in June,2013,Total wheat,Midland,000 Hectares,4.41
Area Farmed in June,2013,Turnips,Midland,000 Hectares,0.133
Area Farmed in June,2013,Vegetables for sale,Midland,000 Hectares,0.221
Area Farmed in June,2013,Winter barley,Midland,000 Hectares,2.865
Area Farmed in June,2013,Winter oats,Midland,000 Hectares,0.55
Area Farmed in June,2013,Winter wheat,Midland,000 Hectares,3.277
Area Farmed in June,2013,Arable silage,Northern and Western,000 Hectares,0.912
Area Farmed in June,2013,Area farmed (AAU),Northern and Western,000 Hectares,1500.595
Area Farmed in June,2013,Beans and peas,Northern and Western,000 Hectares,0.073
Area Farmed in June,2013,Beet,Northern and Western,000 Hectares,0.198
Area Farmed in June,2013,Crops and pasture,Northern and Western,000 Hectares,1276.276
Area Farmed in June,2013,Fodder rape and kale,Northern and Western,000 Hectares,0.178
Area Farmed in June,2013,Fruit,Northern and Western,000 Hectares,0.053
Area Farmed in June,2013,Grass silage,Northern and Western,000 Hectares,342.067
Area Farmed in June,2013,Hay,Northern and Western,000 Hectares,70.629
Area Farmed in June,2013,Maize silage,Northern and Western,000 Hectares,0.494
Area Farmed in June,2013,"Nurseries, horticulture etc.",Northern and Western,000 Hectares,0.009
Area Farmed in June,2013,Oilseed rape,Northern and Western,000 Hectares,0.134
Area Farmed in June,2013,Other cereals,Northern and Western,000 Hectares,0.157
Area Farmed in June,2013,Other crops,Northern and Western,000 Hectares,0.373
Area Farmed in June,2013,Pasture,Northern and Western,000 Hectares,846.968
Area Farmed in June,2013,Potatoes,Northern and Western,000 Hectares,1.245
Area Farmed in June,2013,Rough grazing in use,Northern and Western,000 Hectares,224.319
Area Farmed in June,2013,Spring barley,Northern and Western,000 Hectares,8.594
Area Farmed in June,2013,Spring oats,Northern and Western,000 Hectares,1.841
Area Farmed in June,2013,Spring wheat,Northern and Western,000 Hectares,0.352
Area Farmed in June,2013,Total barley,Northern and Western,000 Hectares,9.774
Area Farmed in June,2013,Total cereals,Northern and Western,000 Hectares,12.68
Area Farmed in June,2013,"Total crops, fruit and horticulture",Northern and Western,000 Hectares,16.612
Area Farmed in June,2013,Total oats,Northern and Western,000 Hectares,1.934
Area Farmed in June,2013,Total wheat,Northern and Western,000 Hectares,0.815
Area Farmed in June,2013,Turnips,Northern and Western,000 Hectares,0.141
Area Farmed in June,2013,Vegetables for sale,Northern and Western,000 Hectares,0.122
Area Farmed in June,2013,Winter barley,Northern and Western,000 Hectares,1.18
Area Farmed in June,2013,Winter oats,Northern and Western,000 Hectares,0.093
Area Farmed in June,2013,Winter wheat,Northern and Western,000 Hectares,0.463
Area Farmed in June,2013,Arable silage,South-East,000 Hectares,0.6
Area Farmed in June,2013,Area farmed (AAU),South-East,000 Hectares,534.253
Area Farmed in June,2013,Beans and peas,South-East,000 Hectares,1.071
Area Farmed in June,2013,Beet,South-East,000 Hectares,3.32
Area Farmed in June,2013,Crops and pasture,South-East,000 Hectares,508.308
Area Farmed in June,2013,Fodder rape and kale,South-East,000 Hectares,0.339
Area Farmed in June,2013,Fruit,South-East,000 Hectares,0.39
Area Farmed in June,2013,Grass silage,South-East,000 Hectares,125.594
Area Farmed in June,2013,Hay,South-East,000 Hectares,30.464
Area Farmed in June,2013,Maize silage,South-East,000 Hectares,3.416
Area Farmed in June,2013,"Nurseries, horticulture etc.",South-East,000 Hectares,0.238
Area Farmed in June,2013,Oilseed rape,South-East,000 Hectares,4.79
Area Farmed in June,2013,Other cereals,South-East,000 Hectares,0.256
Area Farmed in June,2013,Other crops,South-East,000 Hectares,1.073
Area Farmed in June,2013,Pasture,South-East,000 Hectares,242.641
Area Farmed in June,2013,Potatoes,South-East,000 Hectares,2.036
Area Farmed in June,2013,Rough grazing in use,South-East,000 Hectares,25.945
Area Farmed in June,2013,Spring barley,South-East,000 Hectares,62.586
Area Farmed in June,2013,Spring oats,South-East,000 Hectares,6.172
Area Farmed in June,2013,Spring wheat,South-East,000 Hectares,3.624
Area Farmed in June,2013,Total barley,South-East,000 Hectares,69.745
Area Farmed in June,2013,Total cereals,South-East,000 Hectares,91.478
Area Farmed in June,2013,"Total crops, fruit and horticulture",South-East,000 Hectares,109.609
Area Farmed in June,2013,Total oats,South-East,000 Hectares,8.127
Area Farmed in June,2013,Total wheat,South-East,000 Hectares,13.35
Area Farmed in June,2013,Turnips,South-East,000 Hectares,0.295
Area Farmed in June,2013,Vegetables for sale,South-East,000 Hectares,0.563
Area Farmed in June,2013,Winter barley,South-East,000 Hectares,7.159
Area Farmed in June,2013,Winter oats,South-East,000 Hectares,1.955
Area Farmed in June,2013,Winter wheat,South-East,000 Hectares,9.726
Area Farmed in June,2013,Arable silage,South-West,000 Hectares,0.909
Area Farmed in June,2013,Area farmed (AAU),South-West,000 Hectares,801.752
Area Farmed in June,2013,Beans and peas,South-West,000 Hectares,0.767
Area Farmed in June,2013,Beet,South-West,000 Hectares,3.192
Area Farmed in June,2013,Crops and pasture,South-West,000 Hectares,675.199
Area Farmed in June,2013,Fodder rape and kale,South-West,000 Hectares,0.269
Area Farmed in June,2013,Fruit,South-West,000 Hectares,0.054
Area Farmed in June,2013,Grass silage,South-West,000 Hectares,197.015
Area Farmed in June,2013,Hay,South-West,000 Hectares,30.139
Area Farmed in June,2013,Maize silage,South-West,000 Hectares,4.456
Area Farmed in June,2013,"Nurseries, horticulture etc.",South-West,000 Hectares,0.092
Area Farmed in June,2013,Oilseed rape,South-West,000 Hectares,0.789
Area Farmed in June,2013,Other cereals,South-West,000 Hectares,0.056
Area Farmed in June,2013,Other crops,South-West,000 Hectares,0.459
Area Farmed in June,2013,Pasture,South-West,000 Hectares,390.121
Area Farmed in June,2013,Potatoes,South-West,000 Hectares,0.954
Area Farmed in June,2013,Rough grazing in use,South-West,000 Hectares,126.553
Area Farmed in June,2013,Spring barley,South-West,000 Hectares,26.784
Area Farmed in June,2013,Spring oats,South-West,000 Hectares,2.644
Area Farmed in June,2013,Spring wheat,South-West,000 Hectares,2.939
Area Farmed in June,2013,Total barley,South-West,000 Hectares,35.243
Area Farmed in June,2013,Total cereals,South-West,000 Hectares,45.516
Area Farmed in June,2013,"Total crops, fruit and horticulture",South-West,000 Hectares,57.924
Area Farmed in June,2013,Total oats,South-West,000 Hectares,3.061
Area Farmed in June,2013,Total wheat,South-West,000 Hectares,7.162
Area Farmed in June,2013,Turnips,South-West,000 Hectares,0.162
Area Farmed in June,2013,Vegetables for sale,South-West,000 Hectares,0.305
Area Farmed in June,2013,Winter barley,South-West,000 Hectares,8.459
Area Farmed in June,2013,Winter oats,South-West,000 Hectares,0.417
Area Farmed in June,2013,Winter wheat,South-West,000 Hectares,4.223
Area Farmed in June,2013,Arable silage,Southern,000 Hectares,1.751
Area Farmed in June,2013,Area farmed (AAU),Southern,000 Hectares,2045.151
Area Farmed in June,2013,Beans and peas,Southern,000 Hectares,2.112
Area Farmed in June,2013,Beet,Southern,000 Hectares,7.093
Area Farmed in June,2013,Crops and pasture,Southern,000 Hectares,1847.357
Area Farmed in June,2013,Fodder rape and kale,Southern,000 Hectares,0.755
Area Farmed in June,2013,Fruit,Southern,000 Hectares,0.519
Area Farmed in June,2013,Grass silage,Southern,000 Hectares,519.838
Area Farmed in June,2013,Hay,Southern,000 Hectares,98.109
Area Farmed in June,2013,Maize silage,Southern,000 Hectares,8.928
Area Farmed in June,2013,"Nurseries, horticulture etc.",Southern,000 Hectares,0.392
Area Farmed in June,2013,Oilseed rape,Southern,000 Hectares,6.497
Area Farmed in June,2013,Other cereals,Southern,000 Hectares,0.389
Area Farmed in June,2013,Other crops,Southern,000 Hectares,2.278
Area Farmed in June,2013,Pasture,Southern,000 Hectares,1033.21
Area Farmed in June,2013,Potatoes,Southern,000 Hectares,3.304
Area Farmed in June,2013,Rough grazing in use,Southern,000 Hectares,197.794
Area Farmed in June,2013,Spring barley,Southern,000 Hectares,102.723
Area Farmed in June,2013,Spring oats,Southern,000 Hectares,10.582
Area Farmed in June,2013,Spring wheat,Southern,000 Hectares,7.348
Area Farmed in June,2013,Total barley,Southern,000 Hectares,122.553
Area Farmed in June,2013,Total cereals,Southern,000 Hectares,161.168
Area Farmed in June,2013,"Total crops, fruit and horticulture",Southern,000 Hectares,196.2
Area Farmed in June,2013,Total oats,Southern,000 Hectares,13.298
Area Farmed in June,2013,Total wheat,Southern,000 Hectares,24.928
Area Farmed in June,2013,Turnips,Southern,000 Hectares,0.48
Area Farmed in June,2013,Vegetables for sale,Southern,000 Hectares,0.923
Area Farmed in June,2013,Winter barley,Southern,000 Hectares,19.83
Area Farmed in June,2013,Winter oats,Southern,000 Hectares,2.716
Area Farmed in June,2013,Winter wheat,Southern,000 Hectares,17.58
Area Farmed in June,2013,Arable silage,State,000 Hectares,3.929
Area Farmed in June,2013,Area farmed (AAU),State,000 Hectares,4477.774
Area Farmed in June,2013,Beans and peas,State,000 Hectares,4.486
Area Farmed in June,2013,Beet,State,000 Hectares,10.133
Area Farmed in June,2013,Crops and pasture,State,000 Hectares,4004.298
Area Farmed in June,2013,Fodder rape and kale,State,000 Hectares,1.407
Area Farmed in June,2013,Fruit,State,000 Hectares,0.937
Area Farmed in June,2013,Grass silage,State,000 Hectares,1071.004
Area Farmed in June,2013,Hay,State,000 Hectares,218.384
Area Farmed in June,2013,Maize silage,State,000 Hectares,14.545
Area Farmed in June,2013,"Nurseries, horticulture etc.",State,000 Hectares,0.473
Area Farmed in June,2013,Oilseed rape,State,000 Hectares,13.688
Area Farmed in June,2013,Other cereals,State,000 Hectares,1.116
Area Farmed in June,2013,Other crops,State,000 Hectares,4.704
Area Farmed in June,2013,Pasture,State,000 Hectares,2337.701
Area Farmed in June,2013,Potatoes,State,000 Hectares,10.736
Area Farmed in June,2013,Rough grazing in use,State,000 Hectares,473.476
Area Farmed in June,2013,Spring barley,State,000 Hectares,183.463
Area Farmed in June,2013,Spring oats,State,000 Hectares,21.293
Area Farmed in June,2013,Spring wheat,State,000 Hectares,15.217
Area Farmed in June,2013,Total barley,State,000 Hectares,219.445
Area Farmed in June,2013,Total cereals,State,000 Hectares,307.819
Area Farmed in June,2013,"Total crops, fruit and horticulture",State,000 Hectares,377.209
Area Farmed in June,2013,Total oats,State,000 Hectares,26.658
Area Farmed in June,2013,Total wheat,State,000 Hectares,60.6
Area Farmed in June,2013,Turnips,State,000 Hectares,0.89
Area Farmed in June,2013,Vegetables for sale,State,000 Hectares,3.462
Area Farmed in June,2013,Winter barley,State,000 Hectares,35.982
Area Farmed in June,2013,Winter oats,State,000 Hectares,5.365
Area Farmed in June,2013,Winter wheat,State,000 Hectares,45.383
Area Farmed in June,2013,Arable silage,West,000 Hectares,0.307
Area Farmed in June,2013,Area farmed (AAU),West,000 Hectares,787.261
Area Farmed in June,2013,Beans and peas,West,000 Hectares,0.067
Area Farmed in June,2013,Beet,West,000 Hectares,0.164
Area Farmed in June,2013,Crops and pasture,West,000 Hectares,679.765
Area Farmed in June,2013,Fodder rape and kale,West,000 Hectares,0.155
Area Farmed in June,2013,Fruit,West,000 Hectares,0.023
Area Farmed in June,2013,Grass silage,West,000 Hectares,176.789
Area Farmed in June,2013,Hay,West,000 Hectares,35.752
Area Farmed in June,2013,Maize silage,West,000 Hectares,0.215
Area Farmed in June,2013,"Nurseries, horticulture etc.",West,000 Hectares,0.005
Area Farmed in June,2013,Oilseed rape,West,000 Hectares,0.038
Area Farmed in June,2013,Other cereals,West,000 Hectares,0.052
Area Farmed in June,2013,Other crops,West,000 Hectares,0.103
Area Farmed in June,2013,Pasture,West,000 Hectares,460.276
Area Farmed in June,2013,Potatoes,West,000 Hectares,0.119
Area Farmed in June,2013,Rough grazing in use,West,000 Hectares,107.496
Area Farmed in June,2013,Spring barley,West,000 Hectares,4.282
Area Farmed in June,2013,Spring oats,West,000 Hectares,0.905
Area Farmed in June,2013,Spring wheat,West,000 Hectares,0.143
Area Farmed in June,2013,Total barley,West,000 Hectares,4.349
Area Farmed in June,2013,Total cereals,West,000 Hectares,5.546
Area Farmed in June,2013,"Total crops, fruit and horticulture",West,000 Hectares,6.948
Area Farmed in June,2013,Total oats,West,000 Hectares,0.941
Area Farmed in June,2013,Total wheat,West,000 Hectares,0.204
Area Farmed in June,2013,Turnips,West,000 Hectares,0.122
Area Farmed in June,2013,Vegetables for sale,West,000 Hectares,0.084
Area Farmed in June,2013,Winter barley,West,000 Hectares,0.067
Area Farmed in June,2013,Winter oats,West,000 Hectares,0.036
Area Farmed in June,2013,Winter wheat,West,000 Hectares,0.061
Area Farmed in June,2014,Arable silage,Border,000 Hectares,0.66
Area Farmed in June,2014,Area farmed (AAU),Border,000 Hectares,702.987
Area Farmed in June,2014,Beans and peas,Border,000 Hectares,0.058
Area Farmed in June,2014,Beet,Border,000 Hectares,0.024
Area Farmed in June,2014,Crops and pasture,Border,000 Hectares,581.379
Area Farmed in June,2014,Fodder rape and kale,Border,000 Hectares,0.011
Area Farmed in June,2014,Fruit,Border,000 Hectares,0.031
Area Farmed in June,2014,Grass silage,Border,000 Hectares,149.388
Area Farmed in June,2014,Hay,Border,000 Hectares,35.928
Area Farmed in June,2014,Maize silage,Border,000 Hectares,0.187
Area Farmed in June,2014,"Nurseries, horticulture etc.",Border,000 Hectares,0.004
Area Farmed in June,2014,Oilseed rape,Border,000 Hectares,0.032
Area Farmed in June,2014,Other cereals,Border,000 Hectares,0.035
Area Farmed in June,2014,Other crops,Border,000 Hectares,0.236
Area Farmed in June,2014,Pasture,Border,000 Hectares,387.083
Area Farmed in June,2014,Potatoes,Border,000 Hectares,1.005
Area Farmed in June,2014,Rough grazing in use,Border,000 Hectares,121.608
Area Farmed in June,2014,Spring barley,Border,000 Hectares,3.807
Area Farmed in June,2014,Spring oats,Border,000 Hectares,0.754
Area Farmed in June,2014,Spring wheat,Border,000 Hectares,0.139
Area Farmed in June,2014,Total barley,Border,000 Hectares,5.1
Area Farmed in June,2014,Total cereals,Border,000 Hectares,6.688
Area Farmed in June,2014,"Total crops, fruit and horticulture",Border,000 Hectares,8.98
Area Farmed in June,2014,Total oats,Border,000 Hectares,0.905
Area Farmed in June,2014,Total wheat,Border,000 Hectares,0.648
Area Farmed in June,2014,Turnips,Border,000 Hectares,0.014
Area Farmed in June,2014,Vegetables for sale,Border,000 Hectares,0.04
Area Farmed in June,2014,Winter barley,Border,000 Hectares,1.293
Area Farmed in June,2014,Winter oats,Border,000 Hectares,0.151
Area Farmed in June,2014,Winter wheat,Border,000 Hectares,0.509
Area Farmed in June,2014,Arable silage,Dublin and Mid-East,000 Hectares,0.458
Area Farmed in June,2014,Area farmed (AAU),Dublin and Mid-East,000 Hectares,501.8
Area Farmed in June,2014,Beans and peas,Dublin and Mid-East,000 Hectares,1.678
Area Farmed in June,2014,Beet,Dublin and Mid-East,000 Hectares,1.312
Area Farmed in June,2014,Crops and pasture,Dublin and Mid-East,000 Hectares,473.369
Area Farmed in June,2014,Fodder rape and kale,Dublin and Mid-East,000 Hectares,0.151
Area Farmed in June,2014,Fruit,Dublin and Mid-East,000 Hectares,0.353
Area Farmed in June,2014,Grass silage,Dublin and Mid-East,000 Hectares,94.688
Area Farmed in June,2014,Hay,Dublin and Mid-East,000 Hectares,25.763
Area Farmed in June,2014,Maize silage,Dublin and Mid-East,000 Hectares,3.833
Area Farmed in June,2014,"Nurseries, horticulture etc.",Dublin and Mid-East,000 Hectares,0.052
Area Farmed in June,2014,Oilseed rape,Dublin and Mid-East,000 Hectares,4.277
Area Farmed in June,2014,Other cereals,Dublin and Mid-East,000 Hectares,0.29
Area Farmed in June,2014,Other crops,Dublin and Mid-East,000 Hectares,1.494
Area Farmed in June,2014,Pasture,Dublin and Mid-East,000 Hectares,227.686
Area Farmed in June,2014,Potatoes,Dublin and Mid-East,000 Hectares,5.181
Area Farmed in June,2014,Rough grazing in use,Dublin and Mid-East,000 Hectares,28.431
Area Farmed in June,2014,Spring barley,Dublin and Mid-East,000 Hectares,34.251
Area Farmed in June,2014,Spring oats,Dublin and Mid-East,000 Hectares,1.949
Area Farmed in June,2014,Spring wheat,Dublin and Mid-East,000 Hectares,1.796
Area Farmed in June,2014,Total barley,Dublin and Mid-East,000 Hectares,56.432
Area Farmed in June,2014,Total cereals,Dublin and Mid-East,000 Hectares,104.195
Area Farmed in June,2014,"Total crops, fruit and horticulture",Dublin and Mid-East,000 Hectares,125.232
Area Farmed in June,2014,Total oats,Dublin and Mid-East,000 Hectares,5.84
Area Farmed in June,2014,Total wheat,Dublin and Mid-East,000 Hectares,41.633
Area Farmed in June,2014,Turnips,Dublin and Mid-East,000 Hectares,0.161
Area Farmed in June,2014,Vegetables for sale,Dublin and Mid-East,000 Hectares,2.087
Area Farmed in June,2014,Winter barley,Dublin and Mid-East,000 Hectares,22.181
Area Farmed in June,2014,Winter oats,Dublin and Mid-East,000 Hectares,3.891
Area Farmed in June,2014,Winter wheat,Dublin and Mid-East,000 Hectares,39.837
Area Farmed in June,2014,Arable silage,Eastern and Midland,000 Hectares,1.054
Area Farmed in June,2014,Area farmed (AAU),Eastern and Midland,000 Hectares,943.975
Area Farmed in June,2014,Beans and peas,Eastern and Midland,000 Hectares,1.834
Area Farmed in June,2014,Beet,Eastern and Midland,000 Hectares,2.865
Area Farmed in June,2014,Crops and pasture,Eastern and Midland,000 Hectares,886.948
Area Farmed in June,2014,Fodder rape and kale,Eastern and Midland,000 Hectares,0.424
Area Farmed in June,2014,Fruit,Eastern and Midland,000 Hectares,0.386
Area Farmed in June,2014,Grass silage,Eastern and Midland,000 Hectares,213.471
Area Farmed in June,2014,Hay,Eastern and Midland,000 Hectares,49.085
Area Farmed in June,2014,Maize silage,Eastern and Midland,000 Hectares,4.71
Area Farmed in June,2014,"Nurseries, horticulture etc.",Eastern and Midland,000 Hectares,0.073
Area Farmed in June,2014,Oilseed rape,Eastern and Midland,000 Hectares,4.862
Area Farmed in June,2014,Other cereals,Eastern and Midland,000 Hectares,0.453
Area Farmed in June,2014,Other crops,Eastern and Midland,000 Hectares,1.799
Area Farmed in June,2014,Pasture,Eastern and Midland,000 Hectares,461.383
Area Farmed in June,2014,Potatoes,Eastern and Midland,000 Hectares,5.405
Area Farmed in June,2014,Rough grazing in use,Eastern and Midland,000 Hectares,57.027
Area Farmed in June,2014,Spring barley,Eastern and Midland,000 Hectares,54.611
Area Farmed in June,2014,Spring oats,Eastern and Midland,000 Hectares,2.709
Area Farmed in June,2014,Spring wheat,Eastern and Midland,000 Hectares,2.585
Area Farmed in June,2014,Total barley,Eastern and Midland,000 Hectares,82.025
Area Farmed in June,2014,Total cereals,Eastern and Midland,000 Hectares,137.044
Area Farmed in June,2014,"Total crops, fruit and horticulture",Eastern and Midland,000 Hectares,163.009
Area Farmed in June,2014,Total oats,Eastern and Midland,000 Hectares,7.473
Area Farmed in June,2014,Total wheat,Eastern and Midland,000 Hectares,47.093
Area Farmed in June,2014,Turnips,Eastern and Midland,000 Hectares,0.259
Area Farmed in June,2014,Vegetables for sale,Eastern and Midland,000 Hectares,2.294
Area Farmed in June,2014,Winter barley,Eastern and Midland,000 Hectares,27.414
Area Farmed in June,2014,Winter oats,Eastern and Midland,000 Hectares,4.764
Area Farmed in June,2014,Winter wheat,Eastern and Midland,000 Hectares,44.508
Area Farmed in June,2014,Arable silage,Mid-West,000 Hectares,0.233
Area Farmed in June,2014,Area farmed (AAU),Mid-West,000 Hectares,702.193
Area Farmed in June,2014,Beans and peas,Mid-West,000 Hectares,0.205
Area Farmed in June,2014,Beet,Mid-West,000 Hectares,0.587
Area Farmed in June,2014,Crops and pasture,Mid-West,000 Hectares,653.952
Area Farmed in June,2014,Fodder rape and kale,Mid-West,000 Hectares,0.101
Area Farmed in June,2014,Fruit,Mid-West,000 Hectares,0.077
Area Farmed in June,2014,Grass silage,Mid-West,000 Hectares,198.417
Area Farmed in June,2014,Hay,Mid-West,000 Hectares,46.872
Area Farmed in June,2014,Maize silage,Mid-West,000 Hectares,1.128
Area Farmed in June,2014,"Nurseries, horticulture etc.",Mid-West,000 Hectares,0.063
Area Farmed in June,2014,Oilseed rape,Mid-West,000 Hectares,0.562
Area Farmed in June,2014,Other cereals,Mid-West,000 Hectares,0.047
Area Farmed in June,2014,Other crops,Mid-West,000 Hectares,0.584
Area Farmed in June,2014,Pasture,Mid-West,000 Hectares,381.158
Area Farmed in June,2014,Potatoes,Mid-West,000 Hectares,0.211
Area Farmed in June,2014,Rough grazing in use,Mid-West,000 Hectares,48.241
Area Farmed in June,2014,Spring barley,Mid-West,000 Hectares,10.485
Area Farmed in June,2014,Spring oats,Mid-West,000 Hectares,0.792
Area Farmed in June,2014,Spring wheat,Mid-West,000 Hectares,0.406
Area Farmed in June,2014,Total barley,Mid-West,000 Hectares,17.926
Area Farmed in June,2014,Total cereals,Mid-West,000 Hectares,23.683
Area Farmed in June,2014,"Total crops, fruit and horticulture",Mid-West,000 Hectares,27.505
Area Farmed in June,2014,Total oats,Mid-West,000 Hectares,1.553
Area Farmed in June,2014,Total wheat,Mid-West,000 Hectares,4.157
Area Farmed in June,2014,Turnips,Mid-West,000 Hectares,0.026
Area Farmed in June,2014,Vegetables for sale,Mid-West,000 Hectares,0.045
Area Farmed in June,2014,Winter barley,Mid-West,000 Hectares,7.441
Area Farmed in June,2014,Winter oats,Mid-West,000 Hectares,0.761
Area Farmed in June,2014,Winter wheat,Mid-West,000 Hectares,3.751
Area Farmed in June,2014,Arable silage,Midland,000 Hectares,0.596
Area Farmed in June,2014,Area farmed (AAU),Midland,000 Hectares,442.175
Area Farmed in June,2014,Beans and peas,Midland,000 Hectares,0.156
Area Farmed in June,2014,Beet,Midland,000 Hectares,1.553
Area Farmed in June,2014,Crops and pasture,Midland,000 Hectares,413.579
Area Farmed in June,2014,Fodder rape and kale,Midland,000 Hectares,0.273
Area Farmed in June,2014,Fruit,Midland,000 Hectares,0.033
Area Farmed in June,2014,Grass silage,Midland,000 Hectares,118.783
Area Farmed in June,2014,Hay,Midland,000 Hectares,23.322
Area Farmed in June,2014,Maize silage,Midland,000 Hectares,0.877
Area Farmed in June,2014,"Nurseries, horticulture etc.",Midland,000 Hectares,0.021
Area Farmed in June,2014,Oilseed rape,Midland,000 Hectares,0.585
Area Farmed in June,2014,Other cereals,Midland,000 Hectares,0.163
Area Farmed in June,2014,Other crops,Midland,000 Hectares,0.305
Area Farmed in June,2014,Pasture,Midland,000 Hectares,233.697
Area Farmed in June,2014,Potatoes,Midland,000 Hectares,0.224
Area Farmed in June,2014,Rough grazing in use,Midland,000 Hectares,28.596
Area Farmed in June,2014,Spring barley,Midland,000 Hectares,20.36
Area Farmed in June,2014,Spring oats,Midland,000 Hectares,0.76
Area Farmed in June,2014,Spring wheat,Midland,000 Hectares,0.789
Area Farmed in June,2014,Total barley,Midland,000 Hectares,25.593
Area Farmed in June,2014,Total cereals,Midland,000 Hectares,32.849
Area Farmed in June,2014,"Total crops, fruit and horticulture",Midland,000 Hectares,37.777
Area Farmed in June,2014,Total oats,Midland,000 Hectares,1.633
Area Farmed in June,2014,Total wheat,Midland,000 Hectares,5.46
Area Farmed in June,2014,Turnips,Midland,000 Hectares,0.098
Area Farmed in June,2014,Vegetables for sale,Midland,000 Hectares,0.207
Area Farmed in June,2014,Winter barley,Midland,000 Hectares,5.233
Area Farmed in June,2014,Winter oats,Midland,000 Hectares,0.873
Area Farmed in June,2014,Winter wheat,Midland,000 Hectares,4.671
Area Farmed in June,2014,Arable silage,Northern and Western,000 Hectares,0.905
Area Farmed in June,2014,Area farmed (AAU),Northern and Western,000 Hectares,1508.69
Area Farmed in June,2014,Beans and peas,Northern and Western,000 Hectares,0.19
Area Farmed in June,2014,Beet,Northern and Western,000 Hectares,0.224
Area Farmed in June,2014,Crops and pasture,Northern and Western,000 Hectares,1271.999
Area Farmed in June,2014,Fodder rape and kale,Northern and Western,000 Hectares,0.222
Area Farmed in June,2014,Fruit,Northern and Western,000 Hectares,0.053
Area Farmed in June,2014,Grass silage,Northern and Western,000 Hectares,334.446
Area Farmed in June,2014,Hay,Northern and Western,000 Hectares,65.924
Area Farmed in June,2014,Maize silage,Northern and Western,000 Hectares,0.369
Area Farmed in June,2014,"Nurseries, horticulture etc.",Northern and Western,000 Hectares,0.006
Area Farmed in June,2014,Oilseed rape,Northern and Western,000 Hectares,0.032
Area Farmed in June,2014,Other cereals,Northern and Western,000 Hectares,0.049
Area Farmed in June,2014,Other crops,Northern and Western,000 Hectares,0.296
Area Farmed in June,2014,Pasture,Northern and Western,000 Hectares,855.927
Area Farmed in June,2014,Potatoes,Northern and Western,000 Hectares,1.105
Area Farmed in June,2014,Rough grazing in use,Northern and Western,000 Hectares,236.691
Area Farmed in June,2014,Spring barley,Northern and Western,000 Hectares,7.516
Area Farmed in June,2014,Spring oats,Northern and Western,000 Hectares,1.573
Area Farmed in June,2014,Spring wheat,Northern and Western,000 Hectares,0.201
Area Farmed in June,2014,Total barley,Northern and Western,000 Hectares,9.292
Area Farmed in June,2014,Total cereals,Northern and Western,000 Hectares,12.037
Area Farmed in June,2014,"Total crops, fruit and horticulture",Northern and Western,000 Hectares,15.702
Area Farmed in June,2014,Total oats,Northern and Western,000 Hectares,1.798
Area Farmed in June,2014,Total wheat,Northern and Western,000 Hectares,0.898
Area Farmed in June,2014,Turnips,Northern and Western,000 Hectares,0.134
Area Farmed in June,2014,Vegetables for sale,Northern and Western,000 Hectares,0.129
Area Farmed in June,2014,Winter barley,Northern and Western,000 Hectares,1.776
Area Farmed in June,2014,Winter oats,Northern and Western,000 Hectares,0.225
Area Farmed in June,2014,Winter wheat,Northern and Western,000 Hectares,0.697
Area Farmed in June,2014,Arable silage,South-East,000 Hectares,0.534
Area Farmed in June,2014,Area farmed (AAU),South-East,000 Hectares,517.922
Area Farmed in June,2014,Beans and peas,South-East,000 Hectares,0.815
Area Farmed in June,2014,Beet,South-East,000 Hectares,3.617
Area Farmed in June,2014,Crops and pasture,South-East,000 Hectares,492.504
Area Farmed in June,2014,Fodder rape and kale,South-East,000 Hectares,0.227
Area Farmed in June,2014,Fruit,South-East,000 Hectares,0.345
Area Farmed in June,2014,Grass silage,South-East,000 Hectares,125.288
Area Farmed in June,2014,Hay,South-East,000 Hectares,28.817
Area Farmed in June,2014,Maize silage,South-East,000 Hectares,3.368
Area Farmed in June,2014,"Nurseries, horticulture etc.",South-East,000 Hectares,0.204
Area Farmed in June,2014,Oilseed rape,South-East,000 Hectares,3.362
Area Farmed in June,2014,Other cereals,South-East,000 Hectares,0.211
Area Farmed in June,2014,Other crops,South-East,000 Hectares,1.018
Area Farmed in June,2014,Pasture,South-East,000 Hectares,231.923
Area Farmed in June,2014,Potatoes,South-East,000 Hectares,1.863
Area Farmed in June,2014,Rough grazing in use,South-East,000 Hectares,25.418
Area Farmed in June,2014,Spring barley,South-East,000 Hectares,58.167
Area Farmed in June,2014,Spring oats,South-East,000 Hectares,2.113
Area Farmed in June,2014,Spring wheat,South-East,000 Hectares,1.312
Area Farmed in June,2014,Total barley,South-East,000 Hectares,71.234
Area Farmed in June,2014,Total cereals,South-East,000 Hectares,90.18
Area Farmed in June,2014,"Total crops, fruit and horticulture",South-East,000 Hectares,106.476
Area Farmed in June,2014,Total oats,South-East,000 Hectares,5.755
Area Farmed in June,2014,Total wheat,South-East,000 Hectares,12.98
Area Farmed in June,2014,Turnips,South-East,000 Hectares,0.298
Area Farmed in June,2014,Vegetables for sale,South-East,000 Hectares,0.645
Area Farmed in June,2014,Winter barley,South-East,000 Hectares,13.067
Area Farmed in June,2014,Winter oats,South-East,000 Hectares,3.642
Area Farmed in June,2014,Winter wheat,South-East,000 Hectares,11.668
Area Farmed in June,2014,Arable silage,South-West,000 Hectares,0.73
Area Farmed in June,2014,Area farmed (AAU),South-West,000 Hectares,792.986
Area Farmed in June,2014,Beans and peas,South-West,000 Hectares,0.491
Area Farmed in June,2014,Beet,South-West,000 Hectares,3.043
Area Farmed in June,2014,Crops and pasture,South-West,000 Hectares,666.116
Area Farmed in June,2014,Fodder rape and kale,South-West,000 Hectares,0.236
Area Farmed in June,2014,Fruit,South-West,000 Hectares,0.054
Area Farmed in June,2014,Grass silage,South-West,000 Hectares,205.937
Area Farmed in June,2014,Hay,South-West,000 Hectares,27.21
Area Farmed in June,2014,Maize silage,South-West,000 Hectares,4.298
Area Farmed in June,2014,"Nurseries, horticulture etc.",South-West,000 Hectares,0.114
Area Farmed in June,2014,Oilseed rape,South-West,000 Hectares,0.621
Area Farmed in June,2014,Other cereals,South-West,000 Hectares,0.031
Area Farmed in June,2014,Other crops,South-West,000 Hectares,0.348
Area Farmed in June,2014,Pasture,South-West,000 Hectares,378.0
Area Farmed in June,2014,Potatoes,South-West,000 Hectares,0.871
Area Farmed in June,2014,Rough grazing in use,South-West,000 Hectares,126.87
Area Farmed in June,2014,Spring barley,South-West,000 Hectares,24.816
Area Farmed in June,2014,Spring oats,South-West,000 Hectares,1.324
Area Farmed in June,2014,Spring wheat,South-West,000 Hectares,1.954
Area Farmed in June,2014,Total barley,South-West,000 Hectares,35.195
Area Farmed in June,2014,Total cereals,South-West,000 Hectares,43.742
Area Farmed in June,2014,"Total crops, fruit and horticulture",South-West,000 Hectares,54.969
Area Farmed in June,2014,Total oats,South-West,000 Hectares,2.037
Area Farmed in June,2014,Total wheat,South-West,000 Hectares,6.479
Area Farmed in June,2014,Turnips,South-West,000 Hectares,0.145
Area Farmed in June,2014,Vegetables for sale,South-West,000 Hectares,0.276
Area Farmed in June,2014,Winter barley,South-West,000 Hectares,10.379
Area Farmed in June,2014,Winter oats,South-West,000 Hectares,0.713
Area Farmed in June,2014,Winter wheat,South-West,000 Hectares,4.525
Area Farmed in June,2014,Arable silage,Southern,000 Hectares,1.497
Area Farmed in June,2014,Area farmed (AAU),Southern,000 Hectares,2013.101
Area Farmed in June,2014,Beans and peas,Southern,000 Hectares,1.511
Area Farmed in June,2014,Beet,Southern,000 Hectares,7.247
Area Farmed in June,2014,Crops and pasture,Southern,000 Hectares,1812.572
Area Farmed in June,2014,Fodder rape and kale,Southern,000 Hectares,0.564
Area Farmed in June,2014,Fruit,Southern,000 Hectares,0.476
Area Farmed in June,2014,Grass silage,Southern,000 Hectares,529.642
Area Farmed in June,2014,Hay,Southern,000 Hectares,102.899
Area Farmed in June,2014,Maize silage,Southern,000 Hectares,8.794
Area Farmed in June,2014,"Nurseries, horticulture etc.",Southern,000 Hectares,0.381
Area Farmed in June,2014,Oilseed rape,Southern,000 Hectares,4.545
Area Farmed in June,2014,Other cereals,Southern,000 Hectares,0.289
Area Farmed in June,2014,Other crops,Southern,000 Hectares,1.95
Area Farmed in June,2014,Pasture,Southern,000 Hectares,991.081
Area Farmed in June,2014,Potatoes,Southern,000 Hectares,2.945
Area Farmed in June,2014,Rough grazing in use,Southern,000 Hectares,200.529
Area Farmed in June,2014,Spring barley,Southern,000 Hectares,93.468
Area Farmed in June,2014,Spring oats,Southern,000 Hectares,4.229
Area Farmed in June,2014,Spring wheat,Southern,000 Hectares,3.672
Area Farmed in June,2014,Total barley,Southern,000 Hectares,124.355
Area Farmed in June,2014,Total cereals,Southern,000 Hectares,157.605
Area Farmed in June,2014,"Total crops, fruit and horticulture",Southern,000 Hectares,188.95
Area Farmed in June,2014,Total oats,Southern,000 Hectares,9.345
Area Farmed in June,2014,Total wheat,Southern,000 Hectares,23.616
Area Farmed in June,2014,Turnips,Southern,000 Hectares,0.469
Area Farmed in June,2014,Vegetables for sale,Southern,000 Hectares,0.966
Area Farmed in June,2014,Winter barley,Southern,000 Hectares,30.887
Area Farmed in June,2014,Winter oats,Southern,000 Hectares,5.116
Area Farmed in June,2014,Winter wheat,Southern,000 Hectares,19.944
Area Farmed in June,2014,Arable silage,State,000 Hectares,3.456
Area Farmed in June,2014,Area farmed (AAU),State,000 Hectares,4465.766
Area Farmed in June,2014,Beans and peas,State,000 Hectares,3.535
Area Farmed in June,2014,Beet,State,000 Hectares,10.336
Area Farmed in June,2014,Crops and pasture,State,000 Hectares,3971.519
Area Farmed in June,2014,Fodder rape and kale,State,000 Hectares,1.21
Area Farmed in June,2014,Fruit,State,000 Hectares,0.915
Area Farmed in June,2014,Grass silage,State,000 Hectares,1077.559
Area Farmed in June,2014,Hay,State,000 Hectares,217.908
Area Farmed in June,2014,Maize silage,State,000 Hectares,13.873
Area Farmed in June,2014,"Nurseries, horticulture etc.",State,000 Hectares,0.46
Area Farmed in June,2014,Oilseed rape,State,000 Hectares,9.439
Area Farmed in June,2014,Other cereals,State,000 Hectares,0.791
Area Farmed in June,2014,Other crops,State,000 Hectares,4.045
Area Farmed in June,2014,Pasture,State,000 Hectares,2308.391
Area Farmed in June,2014,Potatoes,State,000 Hectares,9.455
Area Farmed in June,2014,Rough grazing in use,State,000 Hectares,494.247
Area Farmed in June,2014,Spring barley,State,000 Hectares,155.595
Area Farmed in June,2014,Spring oats,State,000 Hectares,8.511
Area Farmed in June,2014,Spring wheat,State,000 Hectares,6.458
Area Farmed in June,2014,Total barley,State,000 Hectares,215.672
Area Farmed in June,2014,Total cereals,State,000 Hectares,306.686
Area Farmed in June,2014,"Total crops, fruit and horticulture",State,000 Hectares,367.661
Area Farmed in June,2014,Total oats,State,000 Hectares,18.616
Area Farmed in June,2014,Total wheat,State,000 Hectares,71.607
Area Farmed in June,2014,Turnips,State,000 Hectares,0.862
Area Farmed in June,2014,Vegetables for sale,State,000 Hectares,3.389
Area Farmed in June,2014,Winter barley,State,000 Hectares,60.077
Area Farmed in June,2014,Winter oats,State,000 Hectares,10.105
Area Farmed in June,2014,Winter wheat,State,000 Hectares,65.149
Area Farmed in June,2014,Arable silage,West,000 Hectares,0.255
Area Farmed in June,2014,Area farmed (AAU),West,000 Hectares,805.703
Area Farmed in June,2014,Beans and peas,West,000 Hectares,0.132
Area Farmed in June,2014,Beet,West,000 Hectares,0.2
Area Farmed in June,2014,Crops and pasture,West,000 Hectares,690.62
Area Farmed in June,2014,Fodder rape and kale,West,000 Hectares,0.211
Area Farmed in June,2014,Fruit,West,000 Hectares,0.022
Area Farmed in June,2014,Grass silage,West,000 Hectares,185.058
Area Farmed in June,2014,Hay,West,000 Hectares,29.996
Area Farmed in June,2014,Maize silage,West,000 Hectares,0.182
Area Farmed in June,2014,"Nurseries, horticulture etc.",West,000 Hectares,0.002
Area Farmed in June,2014,Oilseed rape,West,000 Hectares,0.0
Area Farmed in June,2014,Other cereals,West,000 Hectares,0.014
Area Farmed in June,2014,Other crops,West,000 Hectares,0.06
Area Farmed in June,2014,Pasture,West,000 Hectares,468.844
Area Farmed in June,2014,Potatoes,West,000 Hectares,0.1
Area Farmed in June,2014,Rough grazing in use,West,000 Hectares,115.083
Area Farmed in June,2014,Spring barley,West,000 Hectares,3.709
Area Farmed in June,2014,Spring oats,West,000 Hectares,0.819
Area Farmed in June,2014,Spring wheat,West,000 Hectares,0.062
Area Farmed in June,2014,Total barley,West,000 Hectares,4.192
Area Farmed in June,2014,Total cereals,West,000 Hectares,5.349
Area Farmed in June,2014,"Total crops, fruit and horticulture",West,000 Hectares,6.722
Area Farmed in June,2014,Total oats,West,000 Hectares,0.893
Area Farmed in June,2014,Total wheat,West,000 Hectares,0.26
Area Farmed in June,2014,Turnips,West,000 Hectares,0.12
Area Farmed in June,2014,Vegetables for sale,West,000 Hectares,0.089
Area Farmed in June,2014,Winter barley,West,000 Hectares,0.483
Area Farmed in June,2014,Winter oats,West,000 Hectares,0.074
Area Farmed in June,2014,Winter wheat,West,000 Hectares,0.188
Area Farmed in June,2015,Arable silage,Border,000 Hectares,0.555
Area Farmed in June,2015,Area farmed (AAU),Border,000 Hectares,695.592
Area Farmed in June,2015,Beans and peas,Border,000 Hectares,0.007
Area Farmed in June,2015,Beet,Border,000 Hectares,0.012
Area Farmed in June,2015,Crops and pasture,Border,000 Hectares,575.584
Area Farmed in June,2015,Fodder rape and kale,Border,000 Hectares,0.021
Area Farmed in June,2015,Fruit,Border,000 Hectares,0.031
Area Farmed in June,2015,Grass silage,Border,000 Hectares,160.783
Area Farmed in June,2015,Hay,Border,000 Hectares,29.419
Area Farmed in June,2015,Maize silage,Border,000 Hectares,0.177
Area Farmed in June,2015,"Nurseries, horticulture etc.",Border,000 Hectares,0.008
Area Farmed in June,2015,Oilseed rape,Border,000 Hectares,0.036
Area Farmed in June,2015,Other cereals,Border,000 Hectares,0.032
Area Farmed in June,2015,Other crops,Border,000 Hectares,0.631
Area Farmed in June,2015,Pasture,Border,000 Hectares,376.783
Area Farmed in June,2015,Potatoes,Border,000 Hectares,0.962
Area Farmed in June,2015,Rough grazing in use,Border,000 Hectares,120.008
Area Farmed in June,2015,Spring barley,Border,000 Hectares,3.072
Area Farmed in June,2015,Spring oats,Border,000 Hectares,0.68
Area Farmed in June,2015,Spring wheat,Border,000 Hectares,0.067
Area Farmed in June,2015,Total barley,Border,000 Hectares,4.679
Area Farmed in June,2015,Total cereals,Border,000 Hectares,6.106
Area Farmed in June,2015,"Total crops, fruit and horticulture",Border,000 Hectares,8.599
Area Farmed in June,2015,Total oats,Border,000 Hectares,0.843
Area Farmed in June,2015,Total wheat,Border,000 Hectares,0.553
Area Farmed in June,2015,Turnips,Border,000 Hectares,0.023
Area Farmed in June,2015,Vegetables for sale,Border,000 Hectares,0.027
Area Farmed in June,2015,Winter barley,Border,000 Hectares,1.606
Area Farmed in June,2015,Winter oats,Border,000 Hectares,0.163
Area Farmed in June,2015,Winter wheat,Border,000 Hectares,0.486
Area Farmed in June,2015,Arable silage,Dublin and Mid-East,000 Hectares,0.513
Area Farmed in June,2015,Area farmed (AAU),Dublin and Mid-East,000 Hectares,492.381
Area Farmed in June,2015,Beans and peas,Dublin and Mid-East,000 Hectares,4.446
Area Farmed in June,2015,Beet,Dublin and Mid-East,000 Hectares,1.208
Area Farmed in June,2015,Crops and pasture,Dublin and Mid-East,000 Hectares,459.792
Area Farmed in June,2015,Fodder rape and kale,Dublin and Mid-East,000 Hectares,0.277
Area Farmed in June,2015,Fruit,Dublin and Mid-East,000 Hectares,0.344
Area Farmed in June,2015,Grass silage,Dublin and Mid-East,000 Hectares,96.769
Area Farmed in June,2015,Hay,Dublin and Mid-East,000 Hectares,22.102
Area Farmed in June,2015,Maize silage,Dublin and Mid-East,000 Hectares,3.655
Area Farmed in June,2015,"Nurseries, horticulture etc.",Dublin and Mid-East,000 Hectares,0.073
Area Farmed in June,2015,Oilseed rape,Dublin and Mid-East,000 Hectares,4.808
Area Farmed in June,2015,Other cereals,Dublin and Mid-East,000 Hectares,0.322
Area Farmed in June,2015,Other crops,Dublin and Mid-East,000 Hectares,2.3
Area Farmed in June,2015,Pasture,Dublin and Mid-East,000 Hectares,217.293
Area Farmed in June,2015,Potatoes,Dublin and Mid-East,000 Hectares,4.537
Area Farmed in June,2015,Rough grazing in use,Dublin and Mid-East,000 Hectares,32.59
Area Farmed in June,2015,Spring barley,Dublin and Mid-East,000 Hectares,29.157
Area Farmed in June,2015,Spring oats,Dublin and Mid-East,000 Hectares,2.82
Area Farmed in June,2015,Spring wheat,Dublin and Mid-East,000 Hectares,3.265
Area Farmed in June,2015,Total barley,Dublin and Mid-East,000 Hectares,54.671
Area Farmed in June,2015,Total cereals,Dublin and Mid-East,000 Hectares,99.24
Area Farmed in June,2015,"Total crops, fruit and horticulture",Dublin and Mid-East,000 Hectares,123.628
Area Farmed in June,2015,Total oats,Dublin and Mid-East,000 Hectares,7.408
Area Farmed in June,2015,Total wheat,Dublin and Mid-East,000 Hectares,36.84
Area Farmed in June,2015,Turnips,Dublin and Mid-East,000 Hectares,0.373
Area Farmed in June,2015,Vegetables for sale,Dublin and Mid-East,000 Hectares,1.854
Area Farmed in June,2015,Winter barley,Dublin and Mid-East,000 Hectares,25.514
Area Farmed in June,2015,Winter oats,Dublin and Mid-East,000 Hectares,4.587
Area Farmed in June,2015,Winter wheat,Dublin and Mid-East,000 Hectares,33.575
Area Farmed in June,2015,Arable silage,Eastern and Midland,000 Hectares,1.047
Area Farmed in June,2015,Area farmed (AAU),Eastern and Midland,000 Hectares,950.135
Area Farmed in June,2015,Beans and peas,Eastern and Midland,000 Hectares,5.188
Area Farmed in June,2015,Beet,Eastern and Midland,000 Hectares,2.672
Area Farmed in June,2015,Crops and pasture,Eastern and Midland,000 Hectares,887.932
Area Farmed in June,2015,Fodder rape and kale,Eastern and Midland,000 Hectares,0.542
Area Farmed in June,2015,Fruit,Eastern and Midland,000 Hectares,0.377
Area Farmed in June,2015,Grass silage,Eastern and Midland,000 Hectares,215.426
Area Farmed in June,2015,Hay,Eastern and Midland,000 Hectares,41.125
Area Farmed in June,2015,Maize silage,Eastern and Midland,000 Hectares,4.469
Area Farmed in June,2015,"Nurseries, horticulture etc.",Eastern and Midland,000 Hectares,0.095
Area Farmed in June,2015,Oilseed rape,Eastern and Midland,000 Hectares,5.233
Area Farmed in June,2015,Other cereals,Eastern and Midland,000 Hectares,0.518
Area Farmed in June,2015,Other crops,Eastern and Midland,000 Hectares,3.137
Area Farmed in June,2015,Pasture,Eastern and Midland,000 Hectares,470.697
Area Farmed in June,2015,Potatoes,Eastern and Midland,000 Hectares,4.71
Area Farmed in June,2015,Rough grazing in use,Eastern and Midland,000 Hectares,62.204
Area Farmed in June,2015,Spring barley,Eastern and Midland,000 Hectares,46.858
Area Farmed in June,2015,Spring oats,Eastern and Midland,000 Hectares,4.061
Area Farmed in June,2015,Spring wheat,Eastern and Midland,000 Hectares,4.103
Area Farmed in June,2015,Total barley,Eastern and Midland,000 Hectares,78.838
Area Farmed in June,2015,Total cereals,Eastern and Midland,000 Hectares,130.655
Area Farmed in June,2015,"Total crops, fruit and horticulture",Eastern and Midland,000 Hectares,160.683
Area Farmed in June,2015,Total oats,Eastern and Midland,000 Hectares,9.693
Area Farmed in June,2015,Total wheat,Eastern and Midland,000 Hectares,41.606
Area Farmed in June,2015,Turnips,Eastern and Midland,000 Hectares,0.462
Area Farmed in June,2015,Vegetables for sale,Eastern and Midland,000 Hectares,2.097
Area Farmed in June,2015,Winter barley,Eastern and Midland,000 Hectares,31.98
Area Farmed in June,2015,Winter oats,Eastern and Midland,000 Hectares,5.632
Area Farmed in June,2015,Winter wheat,Eastern and Midland,000 Hectares,37.504
Area Farmed in June,2015,Arable silage,Mid-West,000 Hectares,0.265
Area Farmed in June,2015,Area farmed (AAU),Mid-West,000 Hectares,697.226
Area Farmed in June,2015,Beans and peas,Mid-West,000 Hectares,0.607
Area Farmed in June,2015,Beet,Mid-West,000 Hectares,0.646
Area Farmed in June,2015,Crops and pasture,Mid-West,000 Hectares,648.549
Area Farmed in June,2015,Fodder rape and kale,Mid-West,000 Hectares,0.154
Area Farmed in June,2015,Fruit,Mid-West,000 Hectares,0.087
Area Farmed in June,2015,Grass silage,Mid-West,000 Hectares,191.764
Area Farmed in June,2015,Hay,Mid-West,000 Hectares,47.836
Area Farmed in June,2015,Maize silage,Mid-West,000 Hectares,1.173
Area Farmed in June,2015,"Nurseries, horticulture etc.",Mid-West,000 Hectares,0.055
Area Farmed in June,2015,Oilseed rape,Mid-West,000 Hectares,0.514
Area Farmed in June,2015,Other cereals,Mid-West,000 Hectares,0.089
Area Farmed in June,2015,Other crops,Mid-West,000 Hectares,0.866
Area Farmed in June,2015,Pasture,Mid-West,000 Hectares,380.532
Area Farmed in June,2015,Potatoes,Mid-West,000 Hectares,0.297
Area Farmed in June,2015,Rough grazing in use,Mid-West,000 Hectares,48.677
Area Farmed in June,2015,Spring barley,Mid-West,000 Hectares,8.991
Area Farmed in June,2015,Spring oats,Mid-West,000 Hectares,0.858
Area Farmed in June,2015,Spring wheat,Mid-West,000 Hectares,0.636
Area Farmed in June,2015,Total barley,Mid-West,000 Hectares,17.038
Area Farmed in June,2015,Total cereals,Mid-West,000 Hectares,23.664
Area Farmed in June,2015,"Total crops, fruit and horticulture",Mid-West,000 Hectares,28.416
Area Farmed in June,2015,Total oats,Mid-West,000 Hectares,1.909
Area Farmed in June,2015,Total wheat,Mid-West,000 Hectares,4.628
Area Farmed in June,2015,Turnips,Mid-West,000 Hectares,0.023
Area Farmed in June,2015,Vegetables for sale,Mid-West,000 Hectares,0.065
Area Farmed in June,2015,Winter barley,Mid-West,000 Hectares,8.047
Area Farmed in June,2015,Winter oats,Mid-West,000 Hectares,1.051
Area Farmed in June,2015,Winter wheat,Mid-West,000 Hectares,3.992
Area Farmed in June,2015,Arable silage,Midland,000 Hectares,0.533
Area Farmed in June,2015,Area farmed (AAU),Midland,000 Hectares,457.754
Area Farmed in June,2015,Beans and peas,Midland,000 Hectares,0.742
Area Farmed in June,2015,Beet,Midland,000 Hectares,1.464
Area Farmed in June,2015,Crops and pasture,Midland,000 Hectares,428.14
Area Farmed in June,2015,Fodder rape and kale,Midland,000 Hectares,0.265
Area Farmed in June,2015,Fruit,Midland,000 Hectares,0.033
Area Farmed in June,2015,Grass silage,Midland,000 Hectares,118.657
Area Farmed in June,2015,Hay,Midland,000 Hectares,19.023
Area Farmed in June,2015,Maize silage,Midland,000 Hectares,0.815
Area Farmed in June,2015,"Nurseries, horticulture etc.",Midland,000 Hectares,0.022
Area Farmed in June,2015,Oilseed rape,Midland,000 Hectares,0.426
Area Farmed in June,2015,Other cereals,Midland,000 Hectares,0.196
Area Farmed in June,2015,Other crops,Midland,000 Hectares,0.837
Area Farmed in June,2015,Pasture,Midland,000 Hectares,253.404
Area Farmed in June,2015,Potatoes,Midland,000 Hectares,0.173
Area Farmed in June,2015,Rough grazing in use,Midland,000 Hectares,29.614
Area Farmed in June,2015,Spring barley,Midland,000 Hectares,17.701
Area Farmed in June,2015,Spring oats,Midland,000 Hectares,1.241
Area Farmed in June,2015,Spring wheat,Midland,000 Hectares,0.838
Area Farmed in June,2015,Total barley,Midland,000 Hectares,24.167
Area Farmed in June,2015,Total cereals,Midland,000 Hectares,31.415
Area Farmed in June,2015,"Total crops, fruit and horticulture",Midland,000 Hectares,37.055
Area Farmed in June,2015,Total oats,Midland,000 Hectares,2.285
Area Farmed in June,2015,Total wheat,Midland,000 Hectares,4.767
Area Farmed in June,2015,Turnips,Midland,000 Hectares,0.088
Area Farmed in June,2015,Vegetables for sale,Midland,000 Hectares,0.242
Area Farmed in June,2015,Winter barley,Midland,000 Hectares,6.466
Area Farmed in June,2015,Winter oats,Midland,000 Hectares,1.045
Area Farmed in June,2015,Winter wheat,Midland,000 Hectares,3.929
Area Farmed in June,2015,Arable silage,Northern and Western,000 Hectares,0.794
Area Farmed in June,2015,Area farmed (AAU),Northern and Western,000 Hectares,1488.872
Area Farmed in June,2015,Beans and peas,Northern and Western,000 Hectares,0.052
Area Farmed in June,2015,Beet,Northern and Western,000 Hectares,0.188
Area Farmed in June,2015,Crops and pasture,Northern and Western,000 Hectares,1246.138
Area Farmed in June,2015,Fodder rape and kale,Northern and Western,000 Hectares,0.305
Area Farmed in June,2015,Fruit,Northern and Western,000 Hectares,0.053
Area Farmed in June,2015,Grass silage,Northern and Western,000 Hectares,333.91
Area Farmed in June,2015,Hay,Northern and Western,000 Hectares,63.062
Area Farmed in June,2015,Maize silage,Northern and Western,000 Hectares,0.303
Area Farmed in June,2015,"Nurseries, horticulture etc.",Northern and Western,000 Hectares,0.013
Area Farmed in June,2015,Oilseed rape,Northern and Western,000 Hectares,0.036
Area Farmed in June,2015,Other cereals,Northern and Western,000 Hectares,0.054
Area Farmed in June,2015,Other crops,Northern and Western,000 Hectares,1.126
Area Farmed in June,2015,Pasture,Northern and Western,000 Hectares,833.852
Area Farmed in June,2015,Potatoes,Northern and Western,000 Hectares,1.046
Area Farmed in June,2015,Rough grazing in use,Northern and Western,000 Hectares,242.734
Area Farmed in June,2015,Spring barley,Northern and Western,000 Hectares,6.124
Area Farmed in June,2015,Spring oats,Northern and Western,000 Hectares,1.557
Area Farmed in June,2015,Spring wheat,Northern and Western,000 Hectares,0.21
Area Farmed in June,2015,Total barley,Northern and Western,000 Hectares,8.403
Area Farmed in June,2015,Total cereals,Northern and Western,000 Hectares,11.153
Area Farmed in June,2015,"Total crops, fruit and horticulture",Northern and Western,000 Hectares,15.315
Area Farmed in June,2015,Total oats,Northern and Western,000 Hectares,1.83
Area Farmed in June,2015,Total wheat,Northern and Western,000 Hectares,0.866
Area Farmed in June,2015,Turnips,Northern and Western,000 Hectares,0.139
Area Farmed in June,2015,Vegetables for sale,Northern and Western,000 Hectares,0.108
Area Farmed in June,2015,Winter barley,Northern and Western,000 Hectares,2.278
Area Farmed in June,2015,Winter oats,Northern and Western,000 Hectares,0.273
Area Farmed in June,2015,Winter wheat,Northern and Western,000 Hectares,0.656
Area Farmed in June,2015,Arable silage,South-East,000 Hectares,0.661
Area Farmed in June,2015,Area farmed (AAU),South-East,000 Hectares,512.164
Area Farmed in June,2015,Beans and peas,South-East,000 Hectares,3.248
Area Farmed in June,2015,Beet,South-East,000 Hectares,3.367
Area Farmed in June,2015,Crops and pasture,South-East,000 Hectares,489.841
Area Farmed in June,2015,Fodder rape and kale,South-East,000 Hectares,0.438
Area Farmed in June,2015,Fruit,South-East,000 Hectares,0.291
Area Farmed in June,2015,Grass silage,South-East,000 Hectares,122.027
Area Farmed in June,2015,Hay,South-East,000 Hectares,20.293
Area Farmed in June,2015,Maize silage,South-East,000 Hectares,3.196
Area Farmed in June,2015,"Nurseries, horticulture etc.",South-East,000 Hectares,0.224
Area Farmed in June,2015,Oilseed rape,South-East,000 Hectares,2.589
Area Farmed in June,2015,Other cereals,South-East,000 Hectares,0.142
Area Farmed in June,2015,Other crops,South-East,000 Hectares,1.86
Area Farmed in June,2015,Pasture,South-East,000 Hectares,243.671
Area Farmed in June,2015,Potatoes,South-East,000 Hectares,1.725
Area Farmed in June,2015,Rough grazing in use,South-East,000 Hectares,22.324
Area Farmed in June,2015,Spring barley,South-East,000 Hectares,49.698
Area Farmed in June,2015,Spring oats,South-East,000 Hectares,3.832
Area Farmed in June,2015,Spring wheat,South-East,000 Hectares,2.661
Area Farmed in June,2015,Total barley,South-East,000 Hectares,66.232
Area Farmed in June,2015,Total cereals,South-East,000 Hectares,85.21
Area Farmed in June,2015,"Total crops, fruit and horticulture",South-East,000 Hectares,103.85
Area Farmed in June,2015,Total oats,South-East,000 Hectares,7.137
Area Farmed in June,2015,Total wheat,South-East,000 Hectares,11.699
Area Farmed in June,2015,Turnips,South-East,000 Hectares,0.354
Area Farmed in June,2015,Vegetables for sale,South-East,000 Hectares,0.687
Area Farmed in June,2015,Winter barley,South-East,000 Hectares,16.534
Area Farmed in June,2015,Winter oats,South-East,000 Hectares,3.305
Area Farmed in June,2015,Winter wheat,South-East,000 Hectares,9.038
Area Farmed in June,2015,Arable silage,South-West,000 Hectares,0.708
Area Farmed in June,2015,Area farmed (AAU),South-West,000 Hectares,783.037
Area Farmed in June,2015,Beans and peas,South-West,000 Hectares,1.56
Area Farmed in June,2015,Beet,South-West,000 Hectares,2.739
Area Farmed in June,2015,Crops and pasture,South-West,000 Hectares,655.423
Area Farmed in June,2015,Fodder rape and kale,South-West,000 Hectares,0.28
Area Farmed in June,2015,Fruit,South-West,000 Hectares,0.072
Area Farmed in June,2015,Grass silage,South-West,000 Hectares,207.994
Area Farmed in June,2015,Hay,South-West,000 Hectares,23.402
Area Farmed in June,2015,Maize silage,South-West,000 Hectares,3.709
Area Farmed in June,2015,"Nurseries, horticulture etc.",South-West,000 Hectares,0.115
Area Farmed in June,2015,Oilseed rape,South-West,000 Hectares,0.542
Area Farmed in June,2015,Other cereals,South-West,000 Hectares,0.063
Area Farmed in June,2015,Other crops,South-West,000 Hectares,0.702
Area Farmed in June,2015,Pasture,South-West,000 Hectares,370.677
Area Farmed in June,2015,Potatoes,South-West,000 Hectares,0.741
Area Farmed in June,2015,Rough grazing in use,South-West,000 Hectares,127.614
Area Farmed in June,2015,Spring barley,South-West,000 Hectares,21.363
Area Farmed in June,2015,Spring oats,South-West,000 Hectares,1.764
Area Farmed in June,2015,Spring wheat,South-West,000 Hectares,2.464
Area Farmed in June,2015,Total barley,South-West,000 Hectares,32.278
Area Farmed in June,2015,Total cereals,South-West,000 Hectares,41.737
Area Farmed in June,2015,"Total crops, fruit and horticulture",South-West,000 Hectares,53.349
Area Farmed in June,2015,Total oats,South-West,000 Hectares,2.864
Area Farmed in June,2015,Total wheat,South-West,000 Hectares,6.533
Area Farmed in June,2015,Turnips,South-West,000 Hectares,0.165
Area Farmed in June,2015,Vegetables for sale,South-West,000 Hectares,0.281
Area Farmed in June,2015,Winter barley,South-West,000 Hectares,10.915
Area Farmed in June,2015,Winter oats,South-West,000 Hectares,1.1
Area Farmed in June,2015,Winter wheat,South-West,000 Hectares,4.07
Area Farmed in June,2015,Arable silage,Southern,000 Hectares,1.633
Area Farmed in June,2015,Area farmed (AAU),Southern,000 Hectares,1992.427
Area Farmed in June,2015,Beans and peas,Southern,000 Hectares,5.414
Area Farmed in June,2015,Beet,Southern,000 Hectares,6.751
Area Farmed in June,2015,Crops and pasture,Southern,000 Hectares,1793.813
Area Farmed in June,2015,Fodder rape and kale,Southern,000 Hectares,0.872
Area Farmed in June,2015,Fruit,Southern,000 Hectares,0.45
Area Farmed in June,2015,Grass silage,Southern,000 Hectares,521.786
Area Farmed in June,2015,Hay,Southern,000 Hectares,91.531
Area Farmed in June,2015,Maize silage,Southern,000 Hectares,8.079
Area Farmed in June,2015,"Nurseries, horticulture etc.",Southern,000 Hectares,0.394
Area Farmed in June,2015,Oilseed rape,Southern,000 Hectares,3.644
Area Farmed in June,2015,Other cereals,Southern,000 Hectares,0.293
Area Farmed in June,2015,Other crops,Southern,000 Hectares,3.429
Area Farmed in June,2015,Pasture,Southern,000 Hectares,994.881
Area Farmed in June,2015,Potatoes,Southern,000 Hectares,2.763
Area Farmed in June,2015,Rough grazing in use,Southern,000 Hectares,198.614
Area Farmed in June,2015,Spring barley,Southern,000 Hectares,80.053
Area Farmed in June,2015,Spring oats,Southern,000 Hectares,6.454
Area Farmed in June,2015,Spring wheat,Southern,000 Hectares,5.761
Area Farmed in June,2015,Total barley,Southern,000 Hectares,115.549
Area Farmed in June,2015,Total cereals,Southern,000 Hectares,150.612
Area Farmed in June,2015,"Total crops, fruit and horticulture",Southern,000 Hectares,185.615
Area Farmed in June,2015,Total oats,Southern,000 Hectares,11.909
Area Farmed in June,2015,Total wheat,Southern,000 Hectares,22.861
Area Farmed in June,2015,Turnips,Southern,000 Hectares,0.542
Area Farmed in June,2015,Vegetables for sale,Southern,000 Hectares,1.032
Area Farmed in June,2015,Winter barley,Southern,000 Hectares,35.496
Area Farmed in June,2015,Winter oats,Southern,000 Hectares,5.455
Area Farmed in June,2015,Winter wheat,Southern,000 Hectares,17.1
Area Farmed in June,2015,Arable silage,State,000 Hectares,3.473
Area Farmed in June,2015,Area farmed (AAU),State,000 Hectares,4431.435
Area Farmed in June,2015,Beans and peas,State,000 Hectares,10.655
Area Farmed in June,2015,Beet,State,000 Hectares,9.611
Area Farmed in June,2015,Crops and pasture,State,000 Hectares,3927.883
Area Farmed in June,2015,Fodder rape and kale,State,000 Hectares,1.718
Area Farmed in June,2015,Fruit,State,000 Hectares,0.88
Area Farmed in June,2015,Grass silage,State,000 Hectares,1071.122
Area Farmed in June,2015,Hay,State,000 Hectares,195.718
Area Farmed in June,2015,Maize silage,State,000 Hectares,12.851
Area Farmed in June,2015,"Nurseries, horticulture etc.",State,000 Hectares,0.502
Area Farmed in June,2015,Oilseed rape,State,000 Hectares,8.914
Area Farmed in June,2015,Other cereals,State,000 Hectares,0.865
Area Farmed in June,2015,Other crops,State,000 Hectares,7.691
Area Farmed in June,2015,Pasture,State,000 Hectares,2299.43
Area Farmed in June,2015,Potatoes,State,000 Hectares,8.519
Area Farmed in June,2015,Rough grazing in use,State,000 Hectares,503.552
Area Farmed in June,2015,Spring barley,State,000 Hectares,133.036
Area Farmed in June,2015,Spring oats,State,000 Hectares,12.072
Area Farmed in June,2015,Spring wheat,State,000 Hectares,10.074
Area Farmed in June,2015,Total barley,State,000 Hectares,202.79
Area Farmed in June,2015,Total cereals,State,000 Hectares,292.419
Area Farmed in June,2015,"Total crops, fruit and horticulture",State,000 Hectares,361.613
Area Farmed in June,2015,Total oats,State,000 Hectares,23.432
Area Farmed in June,2015,Total wheat,State,000 Hectares,65.333
Area Farmed in June,2015,Turnips,State,000 Hectares,1.143
Area Farmed in June,2015,Vegetables for sale,State,000 Hectares,3.237
Area Farmed in June,2015,Winter barley,State,000 Hectares,69.754
Area Farmed in June,2015,Winter oats,State,000 Hectares,11.36
Area Farmed in June,2015,Winter wheat,State,000 Hectares,55.259
Area Farmed in June,2015,Arable silage,West,000 Hectares,0.238
Area Farmed in June,2015,Area farmed (AAU),West,000 Hectares,793.28
Area Farmed in June,2015,Beans and peas,West,000 Hectares,0.045
Area Farmed in June,2015,Beet,West,000 Hectares,0.176
Area Farmed in June,2015,Crops and pasture,West,000 Hectares,670.554
Area Farmed in June,2015,Fodder rape and kale,West,000 Hectares,0.284
Area Farmed in June,2015,Fruit,West,000 Hectares,0.022
Area Farmed in June,2015,Grass silage,West,000 Hectares,173.127
Area Farmed in June,2015,Hay,West,000 Hectares,33.642
Area Farmed in June,2015,Maize silage,West,000 Hectares,0.126
Area Farmed in June,2015,"Nurseries, horticulture etc.",West,000 Hectares,0.005
Area Farmed in June,2015,Oilseed rape,West,000 Hectares,0.0
Area Farmed in June,2015,Other cereals,West,000 Hectares,0.022
Area Farmed in June,2015,Other crops,West,000 Hectares,0.494
Area Farmed in June,2015,Pasture,West,000 Hectares,457.069
Area Farmed in June,2015,Potatoes,West,000 Hectares,0.084
Area Farmed in June,2015,Rough grazing in use,West,000 Hectares,122.726
Area Farmed in June,2015,Spring barley,West,000 Hectares,3.052
Area Farmed in June,2015,Spring oats,West,000 Hectares,0.877
Area Farmed in June,2015,Spring wheat,West,000 Hectares,0.143
Area Farmed in June,2015,Total barley,West,000 Hectares,3.724
Area Farmed in June,2015,Total cereals,West,000 Hectares,5.047
Area Farmed in June,2015,"Total crops, fruit and horticulture",West,000 Hectares,6.716
Area Farmed in June,2015,Total oats,West,000 Hectares,0.987
Area Farmed in June,2015,Total wheat,West,000 Hectares,0.314
Area Farmed in June,2015,Turnips,West,000 Hectares,0.116
Area Farmed in June,2015,Vegetables for sale,West,000 Hectares,0.081
Area Farmed in June,2015,Winter barley,West,000 Hectares,0.672
Area Farmed in June,2015,Winter oats,West,000 Hectares,0.11
Area Farmed in June,2015,Winter wheat,West,000 Hectares,0.17
Area Farmed in June,2016,Arable silage,Border,000 Hectares,0.583
Area Farmed in June,2016,Area farmed (AAU),Border,000 Hectares,680.602
Area Farmed in June,2016,Beans and peas,Border,000 Hectares,0.07
Area Farmed in June,2016,Beet,Border,000 Hectares,0.023
Area Farmed in June,2016,Crops and pasture,Border,000 Hectares,557.931
Area Farmed in June,2016,Fodder rape and kale,Border,000 Hectares,0.018
Area Farmed in June,2016,Fruit,Border,000 Hectares,0.026
Area Farmed in June,2016,Grass silage,Border,000 Hectares,147.246
Area Farmed in June,2016,Hay,Border,000 Hectares,24.777
Area Farmed in June,2016,Maize silage,Border,000 Hectares,0.106
Area Farmed in June,2016,"Nurseries, horticulture etc.",Border,000 Hectares,0.005
Area Farmed in June,2016,Oilseed rape,Border,000 Hectares,0.036
Area Farmed in June,2016,Other cereals,Border,000 Hectares,0.034
Area Farmed in June,2016,Other crops,Border,000 Hectares,1.929
Area Farmed in June,2016,Pasture,Border,000 Hectares,376.768
Area Farmed in June,2016,Potatoes,Border,000 Hectares,0.982
Area Farmed in June,2016,Rough grazing in use,Border,000 Hectares,122.671
Area Farmed in June,2016,Spring barley,Border,000 Hectares,2.198
Area Farmed in June,2016,Spring oats,Border,000 Hectares,0.592
Area Farmed in June,2016,Spring wheat,Border,000 Hectares,0.094
Area Farmed in June,2016,Total barley,Border,000 Hectares,3.875
Area Farmed in June,2016,Total cereals,Border,000 Hectares,5.3
Area Farmed in June,2016,"Total crops, fruit and horticulture",Border,000 Hectares,9.14
Area Farmed in June,2016,Total oats,Border,000 Hectares,0.771
Area Farmed in June,2016,Total wheat,Border,000 Hectares,0.62
Area Farmed in June,2016,Turnips,Border,000 Hectares,0.029
Area Farmed in June,2016,Vegetables for sale,Border,000 Hectares,0.033
Area Farmed in June,2016,Winter barley,Border,000 Hectares,1.677
Area Farmed in June,2016,Winter oats,Border,000 Hectares,0.179
Area Farmed in June,2016,Winter wheat,Border,000 Hectares,0.525
Area Farmed in June,2016,Arable silage,Dublin and Mid-East,000 Hectares,0.435
Area Farmed in June,2016,Area farmed (AAU),Dublin and Mid-East,000 Hectares,498.169
Area Farmed in June,2016,Beans and peas,Dublin and Mid-East,000 Hectares,4.82
Area Farmed in June,2016,Beet,Dublin and Mid-East,000 Hectares,1.256
Area Farmed in June,2016,Crops and pasture,Dublin and Mid-East,000 Hectares,461.243
Area Farmed in June,2016,Fodder rape and kale,Dublin and Mid-East,000 Hectares,0.336
Area Farmed in June,2016,Fruit,Dublin and Mid-East,000 Hectares,0.318
Area Farmed in June,2016,Grass silage,Dublin and Mid-East,000 Hectares,82.777
Area Farmed in June,2016,Hay,Dublin and Mid-East,000 Hectares,22.016
Area Farmed in June,2016,Maize silage,Dublin and Mid-East,000 Hectares,2.929
Area Farmed in June,2016,"Nurseries, horticulture etc.",Dublin and Mid-East,000 Hectares,0.074
Area Farmed in June,2016,Oilseed rape,Dublin and Mid-East,000 Hectares,4.862
Area Farmed in June,2016,Other cereals,Dublin and Mid-East,000 Hectares,0.3
Area Farmed in June,2016,Other crops,Dublin and Mid-East,000 Hectares,4.474
Area Farmed in June,2016,Pasture,Dublin and Mid-East,000 Hectares,231.97
Area Farmed in June,2016,Potatoes,Dublin and Mid-East,000 Hectares,4.767
Area Farmed in June,2016,Rough grazing in use,Dublin and Mid-East,000 Hectares,36.926
Area Farmed in June,2016,Spring barley,Dublin and Mid-East,000 Hectares,23.253
Area Farmed in June,2016,Spring oats,Dublin and Mid-East,000 Hectares,2.111
Area Farmed in June,2016,Spring wheat,Dublin and Mid-East,000 Hectares,2.187
Area Farmed in June,2016,Total barley,Dublin and Mid-East,000 Hectares,51.123
Area Farmed in June,2016,Total cereals,Dublin and Mid-East,000 Hectares,97.693
Area Farmed in June,2016,"Total crops, fruit and horticulture",Dublin and Mid-East,000 Hectares,124.48
Area Farmed in June,2016,Total oats,Dublin and Mid-East,000 Hectares,7.546
Area Farmed in June,2016,Total wheat,Dublin and Mid-East,000 Hectares,38.725
Area Farmed in June,2016,Turnips,Dublin and Mid-East,000 Hectares,0.326
Area Farmed in June,2016,Vegetables for sale,Dublin and Mid-East,000 Hectares,2.19
Area Farmed in June,2016,Winter barley,Dublin and Mid-East,000 Hectares,27.87
Area Farmed in June,2016,Winter oats,Dublin and Mid-East,000 Hectares,5.435
Area Farmed in June,2016,Winter wheat,Dublin and Mid-East,000 Hectares,36.538
Area Farmed in June,2016,Arable silage,Eastern and Midland,000 Hectares,0.94
Area Farmed in June,2016,Area farmed (AAU),Eastern and Midland,000 Hectares,961.596
Area Farmed in June,2016,Beans and peas,Eastern and Midland,000 Hectares,5.858
Area Farmed in June,2016,Beet,Eastern and Midland,000 Hectares,2.75
Area Farmed in June,2016,Crops and pasture,Eastern and Midland,000 Hectares,876.629
Area Farmed in June,2016,Fodder rape and kale,Eastern and Midland,000 Hectares,0.6
Area Farmed in June,2016,Fruit,Eastern and Midland,000 Hectares,0.353
Area Farmed in June,2016,Grass silage,Eastern and Midland,000 Hectares,202.802
Area Farmed in June,2016,Hay,Eastern and Midland,000 Hectares,45.369
Area Farmed in June,2016,Maize silage,Eastern and Midland,000 Hectares,3.578
Area Farmed in June,2016,"Nurseries, horticulture etc.",Eastern and Midland,000 Hectares,0.081
Area Farmed in June,2016,Oilseed rape,Eastern and Midland,000 Hectares,5.574
Area Farmed in June,2016,Other cereals,Eastern and Midland,000 Hectares,0.502
Area Farmed in June,2016,Other crops,Eastern and Midland,000 Hectares,7.531
Area Farmed in June,2016,Pasture,Eastern and Midland,000 Hectares,465.714
Area Farmed in June,2016,Potatoes,Eastern and Midland,000 Hectares,4.978
Area Farmed in June,2016,Rough grazing in use,Eastern and Midland,000 Hectares,84.967
Area Farmed in June,2016,Spring barley,Eastern and Midland,000 Hectares,38.484
Area Farmed in June,2016,Spring oats,Eastern and Midland,000 Hectares,3.189
Area Farmed in June,2016,Spring wheat,Eastern and Midland,000 Hectares,2.715
Area Farmed in June,2016,Total barley,Eastern and Midland,000 Hectares,73.77
Area Farmed in June,2016,Total cereals,Eastern and Midland,000 Hectares,127.701
Area Farmed in June,2016,"Total crops, fruit and horticulture",Eastern and Midland,000 Hectares,162.744
Area Farmed in June,2016,Total oats,Eastern and Midland,000 Hectares,9.769
Area Farmed in June,2016,Total wheat,Eastern and Midland,000 Hectares,43.66
Area Farmed in June,2016,Turnips,Eastern and Midland,000 Hectares,0.432
Area Farmed in June,2016,Vegetables for sale,Eastern and Midland,000 Hectares,2.367
Area Farmed in June,2016,Winter barley,Eastern and Midland,000 Hectares,35.286
Area Farmed in June,2016,Winter oats,Eastern and Midland,000 Hectares,6.58
Area Farmed in June,2016,Winter wheat,Eastern and Midland,000 Hectares,40.944
Area Farmed in June,2016,Arable silage,Mid-West,000 Hectares,0.346
Area Farmed in June,2016,Area farmed (AAU),Mid-West,000 Hectares,728.278
Area Farmed in June,2016,Beans and peas,Mid-West,000 Hectares,0.688
Area Farmed in June,2016,Beet,Mid-West,000 Hectares,0.612
Area Farmed in June,2016,Crops and pasture,Mid-West,000 Hectares,679.309
Area Farmed in June,2016,Fodder rape and kale,Mid-West,000 Hectares,0.143
Area Farmed in June,2016,Fruit,Mid-West,000 Hectares,0.08
Area Farmed in June,2016,Grass silage,Mid-West,000 Hectares,199.467
Area Farmed in June,2016,Hay,Mid-West,000 Hectares,58.29
Area Farmed in June,2016,Maize silage,Mid-West,000 Hectares,0.982
Area Farmed in June,2016,"Nurseries, horticulture etc.",Mid-West,000 Hectares,0.055
Area Farmed in June,2016,Oilseed rape,Mid-West,000 Hectares,0.644
Area Farmed in June,2016,Other cereals,Mid-West,000 Hectares,0.08
Area Farmed in June,2016,Other crops,Mid-West,000 Hectares,1.988
Area Farmed in June,2016,Pasture,Mid-West,000 Hectares,392.733
Area Farmed in June,2016,Potatoes,Mid-West,000 Hectares,0.252
Area Farmed in June,2016,Rough grazing in use,Mid-West,000 Hectares,48.969
Area Farmed in June,2016,Spring barley,Mid-West,000 Hectares,7.414
Area Farmed in June,2016,Spring oats,Mid-West,000 Hectares,0.777
Area Farmed in June,2016,Spring wheat,Mid-West,000 Hectares,0.565
Area Farmed in June,2016,Total barley,Mid-West,000 Hectares,15.859
Area Farmed in June,2016,Total cereals,Mid-West,000 Hectares,22.958
Area Farmed in June,2016,"Total crops, fruit and horticulture",Mid-West,000 Hectares,28.819
Area Farmed in June,2016,Total oats,Mid-West,000 Hectares,2.109
Area Farmed in June,2016,Total wheat,Mid-West,000 Hectares,4.91
Area Farmed in June,2016,Turnips,Mid-West,000 Hectares,0.035
Area Farmed in June,2016,Vegetables for sale,Mid-West,000 Hectares,0.037
Area Farmed in June,2016,Winter barley,Mid-West,000 Hectares,8.445
Area Farmed in June,2016,Winter oats,Mid-West,000 Hectares,1.332
Area Farmed in June,2016,Winter wheat,Mid-West,000 Hectares,4.345
Area Farmed in June,2016,Arable silage,Midland,000 Hectares,0.505
Area Farmed in June,2016,Area farmed (AAU),Midland,000 Hectares,463.427
Area Farmed in June,2016,Beans and peas,Midland,000 Hectares,1.038
Area Farmed in June,2016,Beet,Midland,000 Hectares,1.494
Area Farmed in June,2016,Crops and pasture,Midland,000 Hectares,415.386
Area Farmed in June,2016,Fodder rape and kale,Midland,000 Hectares,0.263
Area Farmed in June,2016,Fruit,Midland,000 Hectares,0.035
Area Farmed in June,2016,Grass silage,Midland,000 Hectares,120.025
Area Farmed in June,2016,Hay,Midland,000 Hectares,23.353
Area Farmed in June,2016,Maize silage,Midland,000 Hectares,0.65
Area Farmed in June,2016,"Nurseries, horticulture etc.",Midland,000 Hectares,0.008
Area Farmed in June,2016,Oilseed rape,Midland,000 Hectares,0.712
Area Farmed in June,2016,Other cereals,Midland,000 Hectares,0.202
Area Farmed in June,2016,Other crops,Midland,000 Hectares,3.057
Area Farmed in June,2016,Pasture,Midland,000 Hectares,233.744
Area Farmed in June,2016,Potatoes,Midland,000 Hectares,0.211
Area Farmed in June,2016,Rough grazing in use,Midland,000 Hectares,48.041
Area Farmed in June,2016,Spring barley,Midland,000 Hectares,15.231
Area Farmed in June,2016,Spring oats,Midland,000 Hectares,1.079
Area Farmed in June,2016,Spring wheat,Midland,000 Hectares,0.528
Area Farmed in June,2016,Total barley,Midland,000 Hectares,22.647
Area Farmed in June,2016,Total cereals,Midland,000 Hectares,30.008
Area Farmed in June,2016,"Total crops, fruit and horticulture",Midland,000 Hectares,38.264
Area Farmed in June,2016,Total oats,Midland,000 Hectares,2.224
Area Farmed in June,2016,Total wheat,Midland,000 Hectares,4.935
Area Farmed in June,2016,Turnips,Midland,000 Hectares,0.106
Area Farmed in June,2016,Vegetables for sale,Midland,000 Hectares,0.177
Area Farmed in June,2016,Winter barley,Midland,000 Hectares,7.416
Area Farmed in June,2016,Winter oats,Midland,000 Hectares,1.145
Area Farmed in June,2016,Winter wheat,Midland,000 Hectares,4.407
Area Farmed in June,2016,Arable silage,Northern and Western,000 Hectares,0.812
Area Farmed in June,2016,Area farmed (AAU),Northern and Western,000 Hectares,1483.355
Area Farmed in June,2016,Beans and peas,Northern and Western,000 Hectares,0.102
Area Farmed in June,2016,Beet,Northern and Western,000 Hectares,0.178
Area Farmed in June,2016,Crops and pasture,Northern and Western,000 Hectares,1237.941
Area Farmed in June,2016,Fodder rape and kale,Northern and Western,000 Hectares,0.253
Area Farmed in June,2016,Fruit,Northern and Western,000 Hectares,0.049
Area Farmed in June,2016,Grass silage,Northern and Western,000 Hectares,329.193
Area Farmed in June,2016,Hay,Northern and Western,000 Hectares,52.333
Area Farmed in June,2016,Maize silage,Northern and Western,000 Hectares,0.168
Area Farmed in June,2016,"Nurseries, horticulture etc.",Northern and Western,000 Hectares,0.009
Area Farmed in June,2016,Oilseed rape,Northern and Western,000 Hectares,0.054
Area Farmed in June,2016,Other cereals,Northern and Western,000 Hectares,0.05
Area Farmed in June,2016,Other crops,Northern and Western,000 Hectares,5.476
Area Farmed in June,2016,Pasture,Northern and Western,000 Hectares,838.34
Area Farmed in June,2016,Potatoes,Northern and Western,000 Hectares,1.052
Area Farmed in June,2016,Rough grazing in use,Northern and Western,000 Hectares,245.414
Area Farmed in June,2016,Spring barley,Northern and Western,000 Hectares,4.544
Area Farmed in June,2016,Spring oats,Northern and Western,000 Hectares,1.327
Area Farmed in June,2016,Spring wheat,Northern and Western,000 Hectares,0.163
Area Farmed in June,2016,Total barley,Northern and Western,000 Hectares,7.095
Area Farmed in June,2016,Total cereals,Northern and Western,000 Hectares,9.626
Area Farmed in June,2016,"Total crops, fruit and horticulture",Northern and Western,000 Hectares,18.075
Area Farmed in June,2016,Total oats,Northern and Western,000 Hectares,1.56
Area Farmed in June,2016,Total wheat,Northern and Western,000 Hectares,0.922
Area Farmed in June,2016,Turnips,Northern and Western,000 Hectares,0.137
Area Farmed in June,2016,Vegetables for sale,Northern and Western,000 Hectares,0.158
Area Farmed in June,2016,Winter barley,Northern and Western,000 Hectares,2.55
Area Farmed in June,2016,Winter oats,Northern and Western,000 Hectares,0.232
Area Farmed in June,2016,Winter wheat,Northern and Western,000 Hectares,0.759
Area Farmed in June,2016,Arable silage,South-East,000 Hectares,0.744
Area Farmed in June,2016,Area farmed (AAU),South-East,000 Hectares,506.721
Area Farmed in June,2016,Beans and peas,South-East,000 Hectares,4.221
Area Farmed in June,2016,Beet,South-East,000 Hectares,3.307
Area Farmed in June,2016,Crops and pasture,South-East,000 Hectares,484.276
Area Farmed in June,2016,Fodder rape and kale,South-East,000 Hectares,0.417
Area Farmed in June,2016,Fruit,South-East,000 Hectares,0.275
Area Farmed in June,2016,Grass silage,South-East,000 Hectares,120.898
Area Farmed in June,2016,Hay,South-East,000 Hectares,16.234
Area Farmed in June,2016,Maize silage,South-East,000 Hectares,3.094
Area Farmed in June,2016,"Nurseries, horticulture etc.",South-East,000 Hectares,0.209
Area Farmed in June,2016,Oilseed rape,South-East,000 Hectares,3.126
Area Farmed in June,2016,Other cereals,South-East,000 Hectares,0.125
Area Farmed in June,2016,Other crops,South-East,000 Hectares,4.493
Area Farmed in June,2016,Pasture,South-East,000 Hectares,243.784
Area Farmed in June,2016,Potatoes,South-East,000 Hectares,1.923
Area Farmed in June,2016,Rough grazing in use,South-East,000 Hectares,22.445
Area Farmed in June,2016,Spring barley,South-East,000 Hectares,44.416
Area Farmed in June,2016,Spring oats,South-East,000 Hectares,3.046
Area Farmed in June,2016,Spring wheat,South-East,000 Hectares,1.854
Area Farmed in June,2016,Total barley,South-East,000 Hectares,61.121
Area Farmed in June,2016,Total cereals,South-East,000 Hectares,80.466
Area Farmed in June,2016,"Total crops, fruit and horticulture",South-East,000 Hectares,103.36
Area Farmed in June,2016,Total oats,South-East,000 Hectares,7.165
Area Farmed in June,2016,Total wheat,South-East,000 Hectares,12.054
Area Farmed in June,2016,Turnips,South-East,000 Hectares,0.326
Area Farmed in June,2016,Vegetables for sale,South-East,000 Hectares,0.757
Area Farmed in June,2016,Winter barley,South-East,000 Hectares,16.705
Area Farmed in June,2016,Winter oats,South-East,000 Hectares,4.12
Area Farmed in June,2016,Winter wheat,South-East,000 Hectares,10.2
Area Farmed in June,2016,Arable silage,South-West,000 Hectares,0.666
Area Farmed in June,2016,Area farmed (AAU),South-West,000 Hectares,781.258
Area Farmed in June,2016,Beans and peas,South-West,000 Hectares,1.613
Area Farmed in June,2016,Beet,South-West,000 Hectares,2.615
Area Farmed in June,2016,Crops and pasture,South-West,000 Hectares,650.658
Area Farmed in June,2016,Fodder rape and kale,South-West,000 Hectares,0.224
Area Farmed in June,2016,Fruit,South-West,000 Hectares,0.055
Area Farmed in June,2016,Grass silage,South-West,000 Hectares,214.439
Area Farmed in June,2016,Hay,South-West,000 Hectares,16.16
Area Farmed in June,2016,Maize silage,South-West,000 Hectares,3.096
Area Farmed in June,2016,"Nurseries, horticulture etc.",South-West,000 Hectares,0.119
Area Farmed in June,2016,Oilseed rape,South-West,000 Hectares,0.473
Area Farmed in June,2016,Other cereals,South-West,000 Hectares,0.031
Area Farmed in June,2016,Other crops,South-West,000 Hectares,2.298
Area Farmed in June,2016,Pasture,South-West,000 Hectares,367.254
Area Farmed in June,2016,Potatoes,South-West,000 Hectares,0.835
Area Farmed in June,2016,Rough grazing in use,South-West,000 Hectares,130.6
Area Farmed in June,2016,Spring barley,South-West,000 Hectares,19.744
Area Farmed in June,2016,Spring oats,South-West,000 Hectares,1.626
Area Farmed in June,2016,Spring wheat,South-West,000 Hectares,2.232
Area Farmed in June,2016,Total barley,South-West,000 Hectares,31.368
Area Farmed in June,2016,Total cereals,South-West,000 Hectares,40.379
Area Farmed in June,2016,"Total crops, fruit and horticulture",South-West,000 Hectares,52.805
Area Farmed in June,2016,Total oats,South-West,000 Hectares,2.605
Area Farmed in June,2016,Total wheat,South-West,000 Hectares,6.376
Area Farmed in June,2016,Turnips,South-West,000 Hectares,0.156
Area Farmed in June,2016,Vegetables for sale,South-West,000 Hectares,0.275
Area Farmed in June,2016,Winter barley,South-West,000 Hectares,11.624
Area Farmed in June,2016,Winter oats,South-West,000 Hectares,0.979
Area Farmed in June,2016,Winter wheat,South-West,000 Hectares,4.144
Area Farmed in June,2016,Arable silage,Southern,000 Hectares,1.756
Area Farmed in June,2016,Area farmed (AAU),Southern,000 Hectares,2016.258
Area Farmed in June,2016,Beans and peas,Southern,000 Hectares,6.521
Area Farmed in June,2016,Beet,Southern,000 Hectares,6.535
Area Farmed in June,2016,Crops and pasture,Southern,000 Hectares,1814.244
Area Farmed in June,2016,Fodder rape and kale,Southern,000 Hectares,0.785
Area Farmed in June,2016,Fruit,Southern,000 Hectares,0.411
Area Farmed in June,2016,Grass silage,Southern,000 Hectares,534.804
Area Farmed in June,2016,Hay,Southern,000 Hectares,90.684
Area Farmed in June,2016,Maize silage,Southern,000 Hectares,7.172
Area Farmed in June,2016,"Nurseries, horticulture etc.",Southern,000 Hectares,0.383
Area Farmed in June,2016,Oilseed rape,Southern,000 Hectares,4.244
Area Farmed in June,2016,Other cereals,Southern,000 Hectares,0.236
Area Farmed in June,2016,Other crops,Southern,000 Hectares,8.779
Area Farmed in June,2016,Pasture,Southern,000 Hectares,1003.771
Area Farmed in June,2016,Potatoes,Southern,000 Hectares,3.01
Area Farmed in June,2016,Rough grazing in use,Southern,000 Hectares,202.014
Area Farmed in June,2016,Spring barley,Southern,000 Hectares,71.574
Area Farmed in June,2016,Spring oats,Southern,000 Hectares,5.448
Area Farmed in June,2016,Spring wheat,Southern,000 Hectares,4.651
Area Farmed in June,2016,Total barley,Southern,000 Hectares,108.348
Area Farmed in June,2016,Total cereals,Southern,000 Hectares,143.803
Area Farmed in June,2016,"Total crops, fruit and horticulture",Southern,000 Hectares,184.985
Area Farmed in June,2016,Total oats,Southern,000 Hectares,11.879
Area Farmed in June,2016,Total wheat,Southern,000 Hectares,23.34
Area Farmed in June,2016,Turnips,Southern,000 Hectares,0.517
Area Farmed in June,2016,Vegetables for sale,Southern,000 Hectares,1.069
Area Farmed in June,2016,Winter barley,Southern,000 Hectares,36.774
Area Farmed in June,2016,Winter oats,Southern,000 Hectares,6.431
Area Farmed in June,2016,Winter wheat,Southern,000 Hectares,18.689
Area Farmed in June,2016,Arable silage,State,000 Hectares,3.508
Area Farmed in June,2016,Area farmed (AAU),State,000 Hectares,4461.208
Area Farmed in June,2016,Beans and peas,State,000 Hectares,12.481
Area Farmed in June,2016,Beet,State,000 Hectares,9.462
Area Farmed in June,2016,Crops and pasture,State,000 Hectares,3928.813
Area Farmed in June,2016,Fodder rape and kale,State,000 Hectares,1.637
Area Farmed in June,2016,Fruit,State,000 Hectares,0.814
Area Farmed in June,2016,Grass silage,State,000 Hectares,1066.799
Area Farmed in June,2016,Hay,State,000 Hectares,188.386
Area Farmed in June,2016,Maize silage,State,000 Hectares,10.918
Area Farmed in June,2016,"Nurseries, horticulture etc.",State,000 Hectares,0.474
Area Farmed in June,2016,Oilseed rape,State,000 Hectares,9.873
Area Farmed in June,2016,Other cereals,State,000 Hectares,0.788
Area Farmed in June,2016,Other crops,State,000 Hectares,21.786
Area Farmed in June,2016,Pasture,State,000 Hectares,2307.825
Area Farmed in June,2016,Potatoes,State,000 Hectares,9.041
Area Farmed in June,2016,Rough grazing in use,State,000 Hectares,532.395
Area Farmed in June,2016,Spring barley,State,000 Hectares,114.602
Area Farmed in June,2016,Spring oats,State,000 Hectares,9.965
Area Farmed in June,2016,Spring wheat,State,000 Hectares,7.529
Area Farmed in June,2016,Total barley,State,000 Hectares,189.213
Area Farmed in June,2016,Total cereals,State,000 Hectares,281.131
Area Farmed in June,2016,"Total crops, fruit and horticulture",State,000 Hectares,365.803
Area Farmed in June,2016,Total oats,State,000 Hectares,23.208
Area Farmed in June,2016,Total wheat,State,000 Hectares,67.922
Area Farmed in June,2016,Turnips,State,000 Hectares,1.086
Area Farmed in June,2016,Vegetables for sale,State,000 Hectares,3.594
Area Farmed in June,2016,Winter barley,State,000 Hectares,74.61
Area Farmed in June,2016,Winter oats,State,000 Hectares,13.243
Area Farmed in June,2016,Winter wheat,State,000 Hectares,60.393
Area Farmed in June,2016,Arable silage,West,000 Hectares,0.229
Area Farmed in June,2016,Area farmed (AAU),West,000 Hectares,802.753
Area Farmed in June,2016,Beans and peas,West,000 Hectares,0.032
Area Farmed in June,2016,Beet,West,000 Hectares,0.155
Area Farmed in June,2016,Crops and pasture,West,000 Hectares,680.01
Area Farmed in June,2016,Fodder rape and kale,West,000 Hectares,0.235
Area Farmed in June,2016,Fruit,West,000 Hectares,0.023
Area Farmed in June,2016,Grass silage,West,000 Hectares,181.947
Area Farmed in June,2016,Hay,West,000 Hectares,27.556
Area Farmed in June,2016,Maize silage,West,000 Hectares,0.063
Area Farmed in June,2016,"Nurseries, horticulture etc.",West,000 Hectares,0.004
Area Farmed in June,2016,Oilseed rape,West,000 Hectares,0.018
Area Farmed in June,2016,Other cereals,West,000 Hectares,0.016
Area Farmed in June,2016,Other crops,West,000 Hectares,3.547
Area Farmed in June,2016,Pasture,West,000 Hectares,461.572
Area Farmed in June,2016,Potatoes,West,000 Hectares,0.07
Area Farmed in June,2016,Rough grazing in use,West,000 Hectares,122.743
Area Farmed in June,2016,Spring barley,West,000 Hectares,2.347
Area Farmed in June,2016,Spring oats,West,000 Hectares,0.735
Area Farmed in June,2016,Spring wheat,West,000 Hectares,0.068
Area Farmed in June,2016,Total barley,West,000 Hectares,3.22
Area Farmed in June,2016,Total cereals,West,000 Hectares,4.326
Area Farmed in June,2016,"Total crops, fruit and horticulture",West,000 Hectares,8.935
Area Farmed in June,2016,Total oats,West,000 Hectares,0.789
Area Farmed in June,2016,Total wheat,West,000 Hectares,0.302
Area Farmed in June,2016,Turnips,West,000 Hectares,0.107
Area Farmed in June,2016,Vegetables for sale,West,000 Hectares,0.125
Area Farmed in June,2016,Winter barley,West,000 Hectares,0.873
Area Farmed in June,2016,Winter oats,West,000 Hectares,0.054
Area Farmed in June,2016,Winter wheat,West,000 Hectares,0.234
Area Farmed in June,2017,Arable silage,Border,000 Hectares,0.5
Area Farmed in June,2017,Area farmed (AAU),Border,000 Hectares,691.9
Area Farmed in June,2017,Beans and peas,Border,000 Hectares,0.0
Area Farmed in June,2017,Beet,Border,000 Hectares,0.0
Area Farmed in June,2017,Crops and pasture,Border,000 Hectares,571.6
Area Farmed in June,2017,Fodder rape and kale,Border,000 Hectares,0.0
Area Farmed in June,2017,Fruit,Border,000 Hectares,0.0
Area Farmed in June,2017,Grass silage,Border,000 Hectares,150.3
Area Farmed in June,2017,Hay,Border,000 Hectares,25.6
Area Farmed in June,2017,Maize silage,Border,000 Hectares,0.1
Area Farmed in June,2017,"Nurseries, horticulture etc.",Border,000 Hectares,0.0
Area Farmed in June,2017,Oilseed rape,Border,000 Hectares,0.0
Area Farmed in June,2017,Other cereals,Border,000 Hectares,0.1
Area Farmed in June,2017,Other crops,Border,000 Hectares,2.9
Area Farmed in June,2017,Pasture,Border,000 Hectares,385.9
Area Farmed in June,2017,Potatoes,Border,000 Hectares,0.9
Area Farmed in June,2017,Rough grazing in use,Border,000 Hectares,120.3
Area Farmed in June,2017,Spring barley,Border,000 Hectares,2.0
Area Farmed in June,2017,Spring oats,Border,000 Hectares,0.5
Area Farmed in June,2017,Spring wheat,Border,000 Hectares,0.2
Area Farmed in June,2017,Total barley,Border,000 Hectares,3.6
Area Farmed in June,2017,Total cereals,Border,000 Hectares,5.1
Area Farmed in June,2017,"Total crops, fruit and horticulture",Border,000 Hectares,9.8
Area Farmed in June,2017,Total oats,Border,000 Hectares,0.7
Area Farmed in June,2017,Total wheat,Border,000 Hectares,0.7
Area Farmed in June,2017,Turnips,Border,000 Hectares,0.0
Area Farmed in June,2017,Vegetables for sale,Border,000 Hectares,0.0
Area Farmed in June,2017,Winter barley,Border,000 Hectares,1.6
Area Farmed in June,2017,Winter oats,Border,000 Hectares,0.2
Area Farmed in June,2017,Winter wheat,Border,000 Hectares,0.5
Area Farmed in June,2017,Arable silage,Dublin and Mid-East,000 Hectares,0.3
Area Farmed in June,2017,Area farmed (AAU),Dublin and Mid-East,000 Hectares,501.8
Area Farmed in June,2017,Beans and peas,Dublin and Mid-East,000 Hectares,5.5
Area Farmed in June,2017,Beet,Dublin and Mid-East,000 Hectares,1.4
Area Farmed in June,2017,Crops and pasture,Dublin and Mid-East,000 Hectares,465.0
Area Farmed in June,2017,Fodder rape and kale,Dublin and Mid-East,000 Hectares,0.2
Area Farmed in June,2017,Fruit,Dublin and Mid-East,000 Hectares,0.3
Area Farmed in June,2017,Grass silage,Dublin and Mid-East,000 Hectares,86.1
Area Farmed in June,2017,Hay,Dublin and Mid-East,000 Hectares,24.9
Area Farmed in June,2017,Maize silage,Dublin and Mid-East,000 Hectares,3.6
Area Farmed in June,2017,"Nurseries, horticulture etc.",Dublin and Mid-East,000 Hectares,0.1
Area Farmed in June,2017,Oilseed rape,Dublin and Mid-East,000 Hectares,5.1
Area Farmed in June,2017,Other cereals,Dublin and Mid-East,000 Hectares,0.2
Area Farmed in June,2017,Other crops,Dublin and Mid-East,000 Hectares,5.1
Area Farmed in June,2017,Pasture,Dublin and Mid-East,000 Hectares,230.2
Area Farmed in June,2017,Potatoes,Dublin and Mid-East,000 Hectares,5.0
Area Farmed in June,2017,Rough grazing in use,Dublin and Mid-East,000 Hectares,36.7
Area Farmed in June,2017,Spring barley,Dublin and Mid-East,000 Hectares,25.1
Area Farmed in June,2017,Spring oats,Dublin and Mid-East,000 Hectares,2.2
Area Farmed in June,2017,Spring wheat,Dublin and Mid-East,000 Hectares,2.0
Area Farmed in June,2017,Total barley,Dublin and Mid-East,000 Hectares,48.4
Area Farmed in June,2017,Total cereals,Dublin and Mid-East,000 Hectares,94.8
Area Farmed in June,2017,"Total crops, fruit and horticulture",Dublin and Mid-East,000 Hectares,123.8
Area Farmed in June,2017,Total oats,Dublin and Mid-East,000 Hectares,8.1
Area Farmed in June,2017,Total wheat,Dublin and Mid-East,000 Hectares,38.0
Area Farmed in June,2017,Turnips,Dublin and Mid-East,000 Hectares,0.3
Area Farmed in June,2017,Vegetables for sale,Dublin and Mid-East,000 Hectares,2.1
Area Farmed in June,2017,Winter barley,Dublin and Mid-East,000 Hectares,23.4
Area Farmed in June,2017,Winter oats,Dublin and Mid-East,000 Hectares,6.0
Area Farmed in June,2017,Winter wheat,Dublin and Mid-East,000 Hectares,35.9
Area Farmed in June,2017,Arable silage,Eastern and Midland,000 Hectares,0.8
Area Farmed in June,2017,Area farmed (AAU),Eastern and Midland,000 Hectares,966.1
Area Farmed in June,2017,Beans and peas,Eastern and Midland,000 Hectares,6.5
Area Farmed in June,2017,Beet,Eastern and Midland,000 Hectares,2.8
Area Farmed in June,2017,Crops and pasture,Eastern and Midland,000 Hectares,883.8
Area Farmed in June,2017,Fodder rape and kale,Eastern and Midland,000 Hectares,0.6
Area Farmed in June,2017,Fruit,Eastern and Midland,000 Hectares,0.4
Area Farmed in June,2017,Grass silage,Eastern and Midland,000 Hectares,212.5
Area Farmed in June,2017,Hay,Eastern and Midland,000 Hectares,49.2
Area Farmed in June,2017,Maize silage,Eastern and Midland,000 Hectares,4.3
Area Farmed in June,2017,"Nurseries, horticulture etc.",Eastern and Midland,000 Hectares,0.1
Area Farmed in June,2017,Oilseed rape,Eastern and Midland,000 Hectares,6.0
Area Farmed in June,2017,Other cereals,Eastern and Midland,000 Hectares,0.4
Area Farmed in June,2017,Other crops,Eastern and Midland,000 Hectares,9.2
Area Farmed in June,2017,Pasture,Eastern and Midland,000 Hectares,459.0
Area Farmed in June,2017,Potatoes,Eastern and Midland,000 Hectares,5.2
Area Farmed in June,2017,Rough grazing in use,Eastern and Midland,000 Hectares,82.3
Area Farmed in June,2017,Spring barley,Eastern and Midland,000 Hectares,40.3
Area Farmed in June,2017,Spring oats,Eastern and Midland,000 Hectares,3.2
Area Farmed in June,2017,Spring wheat,Eastern and Midland,000 Hectares,2.4
Area Farmed in June,2017,Total barley,Eastern and Midland,000 Hectares,70.5
Area Farmed in June,2017,Total cereals,Eastern and Midland,000 Hectares,124.5
Area Farmed in June,2017,"Total crops, fruit and horticulture",Eastern and Midland,000 Hectares,163.0
Area Farmed in June,2017,Total oats,Eastern and Midland,000 Hectares,10.5
Area Farmed in June,2017,Total wheat,Eastern and Midland,000 Hectares,43.1
Area Farmed in June,2017,Turnips,Eastern and Midland,000 Hectares,0.4
Area Farmed in June,2017,Vegetables for sale,Eastern and Midland,000 Hectares,2.3
Area Farmed in June,2017,Winter barley,Eastern and Midland,000 Hectares,30.2
Area Farmed in June,2017,Winter oats,Eastern and Midland,000 Hectares,7.3
Area Farmed in June,2017,Winter wheat,Eastern and Midland,000 Hectares,40.6
Area Farmed in June,2017,Arable silage,Mid-West,000 Hectares,0.2
Area Farmed in June,2017,Area farmed (AAU),Mid-West,000 Hectares,732.8
Area Farmed in June,2017,Beans and peas,Mid-West,000 Hectares,0.7
Area Farmed in June,2017,Beet,Mid-West,000 Hectares,0.6
Area Farmed in June,2017,Crops and pasture,Mid-West,000 Hectares,686.0
Area Farmed in June,2017,Fodder rape and kale,Mid-West,000 Hectares,0.1
Area Farmed in June,2017,Fruit,Mid-West,000 Hectares,0.1
Area Farmed in June,2017,Grass silage,Mid-West,000 Hectares,199.4
Area Farmed in June,2017,Hay,Mid-West,000 Hectares,52.4
Area Farmed in June,2017,Maize silage,Mid-West,000 Hectares,1.0
Area Farmed in June,2017,"Nurseries, horticulture etc.",Mid-West,000 Hectares,0.0
Area Farmed in June,2017,Oilseed rape,Mid-West,000 Hectares,0.6
Area Farmed in June,2017,Other cereals,Mid-West,000 Hectares,0.0
Area Farmed in June,2017,Other crops,Mid-West,000 Hectares,2.6
Area Farmed in June,2017,Pasture,Mid-West,000 Hectares,405.6
Area Farmed in June,2017,Potatoes,Mid-West,000 Hectares,0.2
Area Farmed in June,2017,Rough grazing in use,Mid-West,000 Hectares,46.8
Area Farmed in June,2017,Spring barley,Mid-West,000 Hectares,7.5
Area Farmed in June,2017,Spring oats,Mid-West,000 Hectares,0.8
Area Farmed in June,2017,Spring wheat,Mid-West,000 Hectares,0.6
Area Farmed in June,2017,Total barley,Mid-West,000 Hectares,15.4
Area Farmed in June,2017,Total cereals,Mid-West,000 Hectares,22.3
Area Farmed in June,2017,"Total crops, fruit and horticulture",Mid-West,000 Hectares,28.5
Area Farmed in June,2017,Total oats,Mid-West,000 Hectares,2.2
Area Farmed in June,2017,Total wheat,Mid-West,000 Hectares,4.6
Area Farmed in June,2017,Turnips,Mid-West,000 Hectares,0.0
Area Farmed in June,2017,Vegetables for sale,Mid-West,000 Hectares,0.1
Area Farmed in June,2017,Winter barley,Mid-West,000 Hectares,7.9
Area Farmed in June,2017,Winter oats,Mid-West,000 Hectares,1.5
Area Farmed in June,2017,Winter wheat,Mid-West,000 Hectares,4.0
Area Farmed in June,2017,Arable silage,Midland,000 Hectares,0.5
Area Farmed in June,2017,Area farmed (AAU),Midland,000 Hectares,464.3
Area Farmed in June,2017,Beans and peas,Midland,000 Hectares,1.0
Area Farmed in June,2017,Beet,Midland,000 Hectares,1.5
Area Farmed in June,2017,Crops and pasture,Midland,000 Hectares,418.7
Area Farmed in June,2017,Fodder rape and kale,Midland,000 Hectares,0.3
Area Farmed in June,2017,Fruit,Midland,000 Hectares,0.0
Area Farmed in June,2017,Grass silage,Midland,000 Hectares,126.4
Area Farmed in June,2017,Hay,Midland,000 Hectares,24.3
Area Farmed in June,2017,Maize silage,Midland,000 Hectares,0.7
Area Farmed in June,2017,"Nurseries, horticulture etc.",Midland,000 Hectares,0.0
Area Farmed in June,2017,Oilseed rape,Midland,000 Hectares,0.9
Area Farmed in June,2017,Other cereals,Midland,000 Hectares,0.2
Area Farmed in June,2017,Other crops,Midland,000 Hectares,4.0
Area Farmed in June,2017,Pasture,Midland,000 Hectares,228.8
Area Farmed in June,2017,Potatoes,Midland,000 Hectares,0.2
Area Farmed in June,2017,Rough grazing in use,Midland,000 Hectares,45.6
Area Farmed in June,2017,Spring barley,Midland,000 Hectares,15.3
Area Farmed in June,2017,Spring oats,Midland,000 Hectares,1.0
Area Farmed in June,2017,Spring wheat,Midland,000 Hectares,0.4
Area Farmed in June,2017,Total barley,Midland,000 Hectares,22.1
Area Farmed in June,2017,Total cereals,Midland,000 Hectares,29.7
Area Farmed in June,2017,"Total crops, fruit and horticulture",Midland,000 Hectares,39.2
Area Farmed in June,2017,Total oats,Midland,000 Hectares,2.3
Area Farmed in June,2017,Total wheat,Midland,000 Hectares,5.1
Area Farmed in June,2017,Turnips,Midland,000 Hectares,0.1
Area Farmed in June,2017,Vegetables for sale,Midland,000 Hectares,0.2
Area Farmed in June,2017,Winter barley,Midland,000 Hectares,6.8
Area Farmed in June,2017,Winter oats,Midland,000 Hectares,1.4
Area Farmed in June,2017,Winter wheat,Midland,000 Hectares,4.7
Area Farmed in June,2017,Arable silage,Northern and Western,000 Hectares,0.7
Area Farmed in June,2017,Area farmed (AAU),Northern and Western,000 Hectares,1504.4
Area Farmed in June,2017,Beans and peas,Northern and Western,000 Hectares,0.1
Area Farmed in June,2017,Beet,Northern and Western,000 Hectares,0.2
Area Farmed in June,2017,Crops and pasture,Northern and Western,000 Hectares,1264.1
Area Farmed in June,2017,Fodder rape and kale,Northern and Western,000 Hectares,0.3
Area Farmed in June,2017,Fruit,Northern and Western,000 Hectares,0.1
Area Farmed in June,2017,Grass silage,Northern and Western,000 Hectares,340.2
Area Farmed in June,2017,Hay,Northern and Western,000 Hectares,56.5
Area Farmed in June,2017,Maize silage,Northern and Western,000 Hectares,0.2
Area Farmed in June,2017,"Nurseries, horticulture etc.",Northern and Western,000 Hectares,0.0
Area Farmed in June,2017,Oilseed rape,Northern and Western,000 Hectares,0.1
Area Farmed in June,2017,Other cereals,Northern and Western,000 Hectares,0.1
Area Farmed in June,2017,Other crops,Northern and Western,000 Hectares,8.1
Area Farmed in June,2017,Pasture,Northern and Western,000 Hectares,847.2
Area Farmed in June,2017,Potatoes,Northern and Western,000 Hectares,1.0
Area Farmed in June,2017,Rough grazing in use,Northern and Western,000 Hectares,240.3
Area Farmed in June,2017,Spring barley,Northern and Western,000 Hectares,4.3
Area Farmed in June,2017,Spring oats,Northern and Western,000 Hectares,1.1
Area Farmed in June,2017,Spring wheat,Northern and Western,000 Hectares,0.3
Area Farmed in June,2017,Total barley,Northern and Western,000 Hectares,6.8
Area Farmed in June,2017,Total cereals,Northern and Western,000 Hectares,9.3
Area Farmed in June,2017,"Total crops, fruit and horticulture",Northern and Western,000 Hectares,20.2
Area Farmed in June,2017,Total oats,Northern and Western,000 Hectares,1.4
Area Farmed in June,2017,Total wheat,Northern and Western,000 Hectares,1.0
Area Farmed in June,2017,Turnips,Northern and Western,000 Hectares,0.1
Area Farmed in June,2017,Vegetables for sale,Northern and Western,000 Hectares,0.2
Area Farmed in June,2017,Winter barley,Northern and Western,000 Hectares,2.5
Area Farmed in June,2017,Winter oats,Northern and Western,000 Hectares,0.3
Area Farmed in June,2017,Winter wheat,Northern and Western,000 Hectares,0.7
Area Farmed in June,2017,Arable silage,South-East,000 Hectares,0.5
Area Farmed in June,2017,Area farmed (AAU),South-East,000 Hectares,510.0
Area Farmed in June,2017,Beans and peas,South-East,000 Hectares,4.8
Area Farmed in June,2017,Beet,South-East,000 Hectares,3.5
Area Farmed in June,2017,Crops and pasture,South-East,000 Hectares,488.0
Area Farmed in June,2017,Fodder rape and kale,South-East,000 Hectares,0.4
Area Farmed in June,2017,Fruit,South-East,000 Hectares,0.3
Area Farmed in June,2017,Grass silage,South-East,000 Hectares,124.5
Area Farmed in June,2017,Hay,South-East,000 Hectares,16.7
Area Farmed in June,2017,Maize silage,South-East,000 Hectares,3.4
Area Farmed in June,2017,"Nurseries, horticulture etc.",South-East,000 Hectares,0.2
Area Farmed in June,2017,Oilseed rape,South-East,000 Hectares,2.8
Area Farmed in June,2017,Other cereals,South-East,000 Hectares,0.2
Area Farmed in June,2017,Other crops,South-East,000 Hectares,5.3
Area Farmed in June,2017,Pasture,South-East,000 Hectares,244.9
Area Farmed in June,2017,Potatoes,South-East,000 Hectares,2.0
Area Farmed in June,2017,Rough grazing in use,South-East,000 Hectares,22.0
Area Farmed in June,2017,Spring barley,South-East,000 Hectares,44.8
Area Farmed in June,2017,Spring oats,South-East,000 Hectares,3.2
Area Farmed in June,2017,Spring wheat,South-East,000 Hectares,1.6
Area Farmed in June,2017,Total barley,South-East,000 Hectares,58.1
Area Farmed in June,2017,Total cereals,South-East,000 Hectares,77.8
Area Farmed in June,2017,"Total crops, fruit and horticulture",South-East,000 Hectares,101.9
Area Farmed in June,2017,Total oats,South-East,000 Hectares,7.3
Area Farmed in June,2017,Total wheat,South-East,000 Hectares,12.2
Area Farmed in June,2017,Turnips,South-East,000 Hectares,0.2
Area Farmed in June,2017,Vegetables for sale,South-East,000 Hectares,0.8
Area Farmed in June,2017,Winter barley,South-East,000 Hectares,13.3
Area Farmed in June,2017,Winter oats,South-East,000 Hectares,4.0
Area Farmed in June,2017,Winter wheat,South-East,000 Hectares,10.6
Area Farmed in June,2017,Arable silage,South-West,000 Hectares,0.6
Area Farmed in June,2017,Area farmed (AAU),South-West,000 Hectares,776.3
Area Farmed in June,2017,Beans and peas,South-West,000 Hectares,1.7
Area Farmed in June,2017,Beet,South-West,000 Hectares,2.8
Area Farmed in June,2017,Crops and pasture,South-West,000 Hectares,647.4
Area Farmed in June,2017,Fodder rape and kale,South-West,000 Hectares,0.2
Area Farmed in June,2017,Fruit,South-West,000 Hectares,0.1
Area Farmed in June,2017,Grass silage,South-West,000 Hectares,212.3
Area Farmed in June,2017,Hay,South-West,000 Hectares,17.3
Area Farmed in June,2017,Maize silage,South-West,000 Hectares,3.1
Area Farmed in June,2017,"Nurseries, horticulture etc.",South-West,000 Hectares,0.1
Area Farmed in June,2017,Oilseed rape,South-West,000 Hectares,0.5
Area Farmed in June,2017,Other cereals,South-West,000 Hectares,0.0
Area Farmed in June,2017,Other crops,South-West,000 Hectares,2.9
Area Farmed in June,2017,Pasture,South-West,000 Hectares,366.0
Area Farmed in June,2017,Potatoes,South-West,000 Hectares,0.8
Area Farmed in June,2017,Rough grazing in use,South-West,000 Hectares,128.9
Area Farmed in June,2017,Spring barley,South-West,000 Hectares,18.2
Area Farmed in June,2017,Spring oats,South-West,000 Hectares,1.7
Area Farmed in June,2017,Spring wheat,South-West,000 Hectares,1.8
Area Farmed in June,2017,Total barley,South-West,000 Hectares,29.4
Area Farmed in June,2017,Total cereals,South-West,000 Hectares,38.6
Area Farmed in June,2017,"Total crops, fruit and horticulture",South-West,000 Hectares,51.9
Area Farmed in June,2017,Total oats,South-West,000 Hectares,3.1
Area Farmed in June,2017,Total wheat,South-West,000 Hectares,6.1
Area Farmed in June,2017,Turnips,South-West,000 Hectares,0.1
Area Farmed in June,2017,Vegetables for sale,South-West,000 Hectares,0.3
Area Farmed in June,2017,Winter barley,South-West,000 Hectares,11.2
Area Farmed in June,2017,Winter oats,South-West,000 Hectares,1.3
Area Farmed in June,2017,Winter wheat,South-West,000 Hectares,4.3
Area Farmed in June,2017,Arable silage,Southern,000 Hectares,1.4
Area Farmed in June,2017,Area farmed (AAU),Southern,000 Hectares,2019.1
Area Farmed in June,2017,Beans and peas,Southern,000 Hectares,7.2
Area Farmed in June,2017,Beet,Southern,000 Hectares,6.9
Area Farmed in June,2017,Crops and pasture,Southern,000 Hectares,1821.4
Area Farmed in June,2017,Fodder rape and kale,Southern,000 Hectares,0.8
Area Farmed in June,2017,Fruit,Southern,000 Hectares,0.4
Area Farmed in June,2017,Grass silage,Southern,000 Hectares,536.2
Area Farmed in June,2017,Hay,Southern,000 Hectares,86.4
Area Farmed in June,2017,Maize silage,Southern,000 Hectares,7.4
Area Farmed in June,2017,"Nurseries, horticulture etc.",Southern,000 Hectares,0.4
Area Farmed in June,2017,Oilseed rape,Southern,000 Hectares,4.0
Area Farmed in June,2017,Other cereals,Southern,000 Hectares,0.3
Area Farmed in June,2017,Other crops,Southern,000 Hectares,10.8
Area Farmed in June,2017,Pasture,Southern,000 Hectares,1016.5
Area Farmed in June,2017,Potatoes,Southern,000 Hectares,3.0
Area Farmed in June,2017,Rough grazing in use,Southern,000 Hectares,197.7
Area Farmed in June,2017,Spring barley,Southern,000 Hectares,70.5
Area Farmed in June,2017,Spring oats,Southern,000 Hectares,5.7
Area Farmed in June,2017,Spring wheat,Southern,000 Hectares,4.0
Area Farmed in June,2017,Total barley,Southern,000 Hectares,102.9
Area Farmed in June,2017,Total cereals,Southern,000 Hectares,138.7
Area Farmed in June,2017,"Total crops, fruit and horticulture",Southern,000 Hectares,182.3
Area Farmed in June,2017,Total oats,Southern,000 Hectares,12.5
Area Farmed in June,2017,Total wheat,Southern,000 Hectares,22.9
Area Farmed in June,2017,Turnips,Southern,000 Hectares,0.3
Area Farmed in June,2017,Vegetables for sale,Southern,000 Hectares,1.1
Area Farmed in June,2017,Winter barley,Southern,000 Hectares,32.4
Area Farmed in June,2017,Winter oats,Southern,000 Hectares,6.8
Area Farmed in June,2017,Winter wheat,Southern,000 Hectares,18.9
Area Farmed in June,2017,Arable silage,State,000 Hectares,2.9
Area Farmed in June,2017,Area farmed (AAU),State,000 Hectares,4489.5
Area Farmed in June,2017,Beans and peas,State,000 Hectares,13.7
Area Farmed in June,2017,Beet,State,000 Hectares,10.0
Area Farmed in June,2017,Crops and pasture,State,000 Hectares,3969.3
Area Farmed in June,2017,Fodder rape and kale,State,000 Hectares,1.6
Area Farmed in June,2017,Fruit,State,000 Hectares,0.8
Area Farmed in June,2017,Grass silage,State,000 Hectares,1088.9
Area Farmed in June,2017,Hay,State,000 Hectares,192.1
Area Farmed in June,2017,Maize silage,State,000 Hectares,11.9
Area Farmed in June,2017,"Nurseries, horticulture etc.",State,000 Hectares,0.5
Area Farmed in June,2017,Oilseed rape,State,000 Hectares,10.1
Area Farmed in June,2017,Other cereals,State,000 Hectares,0.8
Area Farmed in June,2017,Other crops,State,000 Hectares,28.1
Area Farmed in June,2017,Pasture,State,000 Hectares,2322.7
Area Farmed in June,2017,Potatoes,State,000 Hectares,9.2
Area Farmed in June,2017,Rough grazing in use,State,000 Hectares,520.2
Area Farmed in June,2017,Spring barley,State,000 Hectares,115.2
Area Farmed in June,2017,Spring oats,State,000 Hectares,10.0
Area Farmed in June,2017,Spring wheat,State,000 Hectares,6.8
Area Farmed in June,2017,Total barley,State,000 Hectares,180.2
Area Farmed in June,2017,Total cereals,State,000 Hectares,272.4
Area Farmed in June,2017,"Total crops, fruit and horticulture",State,000 Hectares,365.6
Area Farmed in June,2017,Total oats,State,000 Hectares,24.4
Area Farmed in June,2017,Total wheat,State,000 Hectares,67.0
Area Farmed in June,2017,Turnips,State,000 Hectares,0.8
Area Farmed in June,2017,Vegetables for sale,State,000 Hectares,3.6
Area Farmed in June,2017,Winter barley,State,000 Hectares,65.0
Area Farmed in June,2017,Winter oats,State,000 Hectares,14.4
Area Farmed in June,2017,Winter wheat,State,000 Hectares,60.3
Area Farmed in June,2017,Arable silage,West,000 Hectares,0.2
Area Farmed in June,2017,Area farmed (AAU),West,000 Hectares,812.5
Area Farmed in June,2017,Beans and peas,West,000 Hectares,0.0
Area Farmed in June,2017,Beet,West,000 Hectares,0.2
Area Farmed in June,2017,Crops and pasture,West,000 Hectares,692.5
Area Farmed in June,2017,Fodder rape and kale,West,000 Hectares,0.2
Area Farmed in June,2017,Fruit,West,000 Hectares,0.0
Area Farmed in June,2017,Grass silage,West,000 Hectares,189.9
Area Farmed in June,2017,Hay,West,000 Hectares,30.9
Area Farmed in June,2017,Maize silage,West,000 Hectares,0.1
Area Farmed in June,2017,"Nurseries, horticulture etc.",West,000 Hectares,0.0
Area Farmed in June,2017,Oilseed rape,West,000 Hectares,0.0
Area Farmed in June,2017,Other cereals,West,000 Hectares,0.0
Area Farmed in June,2017,Other crops,West,000 Hectares,5.2
Area Farmed in June,2017,Pasture,West,000 Hectares,461.2
Area Farmed in June,2017,Potatoes,West,000 Hectares,0.1
Area Farmed in June,2017,Rough grazing in use,West,000 Hectares,120.0
Area Farmed in June,2017,Spring barley,West,000 Hectares,2.3
Area Farmed in June,2017,Spring oats,West,000 Hectares,0.6
Area Farmed in June,2017,Spring wheat,West,000 Hectares,0.1
Area Farmed in June,2017,Total barley,West,000 Hectares,3.1
Area Farmed in June,2017,Total cereals,West,000 Hectares,4.2
Area Farmed in June,2017,"Total crops, fruit and horticulture",West,000 Hectares,10.5
Area Farmed in June,2017,Total oats,West,000 Hectares,0.7
Area Farmed in June,2017,Total wheat,West,000 Hectares,0.3
Area Farmed in June,2017,Turnips,West,000 Hectares,0.1
Area Farmed in June,2017,Vegetables for sale,West,000 Hectares,0.1
Area Farmed in June,2017,Winter barley,West,000 Hectares,0.9
Area Farmed in June,2017,Winter oats,West,000 Hectares,0.1
Area Farmed in June,2017,Winter wheat,West,000 Hectares,0.2
Area Farmed in June,2018,Arable silage,Border,000 Hectares,0.5
Area Farmed in June,2018,Area farmed (AAU),Border,000 Hectares,670.0
Area Farmed in June,2018,Beans and peas,Border,000 Hectares,0.0
Area Farmed in June,2018,Beet,Border,000 Hectares,0.0
Area Farmed in June,2018,Crops and pasture,Border,000 Hectares,548.3
Area Farmed in June,2018,Fodder rape and kale,Border,000 Hectares,0.0
Area Farmed in June,2018,Fruit,Border,000 Hectares,0.0
Area Farmed in June,2018,Grass silage,Border,000 Hectares,141.4
Area Farmed in June,2018,Hay,Border,000 Hectares,24.9
Area Farmed in June,2018,Maize silage,Border,000 Hectares,0.2
Area Farmed in June,2018,"Nurseries, horticulture etc.",Border,000 Hectares,0.0
Area Farmed in June,2018,Oilseed rape,Border,000 Hectares,0.0
Area Farmed in June,2018,Other cereals,Border,000 Hectares,0.0
Area Farmed in June,2018,Other crops,Border,000 Hectares,3.1
Area Farmed in June,2018,Pasture,Border,000 Hectares,372.6
Area Farmed in June,2018,Potatoes,Border,000 Hectares,0.8
Area Farmed in June,2018,Rough grazing in use,Border,000 Hectares,121.6
Area Farmed in June,2018,Spring barley,Border,000 Hectares,2.2
Area Farmed in June,2018,Spring oats,Border,000 Hectares,0.4
Area Farmed in June,2018,Spring wheat,Border,000 Hectares,0.2
Area Farmed in June,2018,Total barley,Border,000 Hectares,3.4
Area Farmed in June,2018,Total cereals,Border,000 Hectares,4.6
Area Farmed in June,2018,"Total crops, fruit and horticulture",Border,000 Hectares,9.5
Area Farmed in June,2018,Total oats,Border,000 Hectares,0.5
Area Farmed in June,2018,Total wheat,Border,000 Hectares,0.6
Area Farmed in June,2018,Turnips,Border,000 Hectares,0.0
Area Farmed in June,2018,Vegetables for sale,Border,000 Hectares,0.0
Area Farmed in June,2018,Winter barley,Border,000 Hectares,1.3
Area Farmed in June,2018,Winter oats,Border,000 Hectares,0.1
Area Farmed in June,2018,Winter wheat,Border,000 Hectares,0.4
Area Farmed in June,2018,Arable silage,Dublin and Mid-East,000 Hectares,0.4
Area Farmed in June,2018,Area farmed (AAU),Dublin and Mid-East,000 Hectares,511.5
Area Farmed in June,2018,Beans and peas,Dublin and Mid-East,000 Hectares,3.7
Area Farmed in June,2018,Beet,Dublin and Mid-East,000 Hectares,1.7
Area Farmed in June,2018,Crops and pasture,Dublin and Mid-East,000 Hectares,472.8
Area Farmed in June,2018,Fodder rape and kale,Dublin and Mid-East,000 Hectares,0.3
Area Farmed in June,2018,Fruit,Dublin and Mid-East,000 Hectares,0.3
Area Farmed in June,2018,Grass silage,Dublin and Mid-East,000 Hectares,83.4
Area Farmed in June,2018,Hay,Dublin and Mid-East,000 Hectares,24.4
Area Farmed in June,2018,Maize silage,Dublin and Mid-East,000 Hectares,5.3
Area Farmed in June,2018,"Nurseries, horticulture etc.",Dublin and Mid-East,000 Hectares,0.1
Area Farmed in June,2018,Oilseed rape,Dublin and Mid-East,000 Hectares,5.8
Area Farmed in June,2018,Other cereals,Dublin and Mid-East,000 Hectares,0.2
Area Farmed in June,2018,Other crops,Dublin and Mid-East,000 Hectares,5.2
Area Farmed in June,2018,Pasture,Dublin and Mid-East,000 Hectares,242.6
Area Farmed in June,2018,Potatoes,Dublin and Mid-East,000 Hectares,4.3
Area Farmed in June,2018,Rough grazing in use,Dublin and Mid-East,000 Hectares,38.7
Area Farmed in June,2018,Spring barley,Dublin and Mid-East,000 Hectares,30.2
Area Farmed in June,2018,Spring oats,Dublin and Mid-East,000 Hectares,1.6
Area Farmed in June,2018,Spring wheat,Dublin and Mid-East,000 Hectares,1.2
Area Farmed in June,2018,Total barley,Dublin and Mid-East,000 Hectares,52.3
Area Farmed in June,2018,Total cereals,Dublin and Mid-East,000 Hectares,92.8
Area Farmed in June,2018,"Total crops, fruit and horticulture",Dublin and Mid-East,000 Hectares,122.4
Area Farmed in June,2018,Total oats,Dublin and Mid-East,000 Hectares,5.8
Area Farmed in June,2018,Total wheat,Dublin and Mid-East,000 Hectares,34.5
Area Farmed in June,2018,Turnips,Dublin and Mid-East,000 Hectares,0.3
Area Farmed in June,2018,Vegetables for sale,Dublin and Mid-East,000 Hectares,2.2
Area Farmed in June,2018,Winter barley,Dublin and Mid-East,000 Hectares,22.0
Area Farmed in June,2018,Winter oats,Dublin and Mid-East,000 Hectares,4.2
Area Farmed in June,2018,Winter wheat,Dublin and Mid-East,000 Hectares,33.3
Area Farmed in June,2018,Arable silage,Eastern and Midland,000 Hectares,0.9
Area Farmed in June,2018,Area farmed (AAU),Eastern and Midland,000 Hectares,978.5
Area Farmed in June,2018,Beans and peas,Eastern and Midland,000 Hectares,4.3
Area Farmed in June,2018,Beet,Eastern and Midland,000 Hectares,3.4
Area Farmed in June,2018,Crops and pasture,Eastern and Midland,000 Hectares,896.9
Area Farmed in June,2018,Fodder rape and kale,Eastern and Midland,000 Hectares,0.6
Area Farmed in June,2018,Fruit,Eastern and Midland,000 Hectares,0.4
Area Farmed in June,2018,Grass silage,Eastern and Midland,000 Hectares,208.8
Area Farmed in June,2018,Hay,Eastern and Midland,000 Hectares,49.2
Area Farmed in June,2018,Maize silage,Eastern and Midland,000 Hectares,6.3
Area Farmed in June,2018,"Nurseries, horticulture etc.",Eastern and Midland,000 Hectares,0.1
Area Farmed in June,2018,Oilseed rape,Eastern and Midland,000 Hectares,6.9
Area Farmed in June,2018,Other cereals,Eastern and Midland,000 Hectares,0.4
Area Farmed in June,2018,Other crops,Eastern and Midland,000 Hectares,9.2
Area Farmed in June,2018,Pasture,Eastern and Midland,000 Hectares,478.6
Area Farmed in June,2018,Potatoes,Eastern and Midland,000 Hectares,4.5
Area Farmed in June,2018,Rough grazing in use,Eastern and Midland,000 Hectares,81.7
Area Farmed in June,2018,Spring barley,Eastern and Midland,000 Hectares,46.2
Area Farmed in June,2018,Spring oats,Eastern and Midland,000 Hectares,2.5
Area Farmed in June,2018,Spring wheat,Eastern and Midland,000 Hectares,1.4
Area Farmed in June,2018,Total barley,Eastern and Midland,000 Hectares,74.4
Area Farmed in June,2018,Total cereals,Eastern and Midland,000 Hectares,120.8
Area Farmed in June,2018,"Total crops, fruit and horticulture",Eastern and Midland,000 Hectares,160.2
Area Farmed in June,2018,Total oats,Eastern and Midland,000 Hectares,7.5
Area Farmed in June,2018,Total wheat,Eastern and Midland,000 Hectares,38.5
Area Farmed in June,2018,Turnips,Eastern and Midland,000 Hectares,0.4
Area Farmed in June,2018,Vegetables for sale,Eastern and Midland,000 Hectares,2.4
Area Farmed in June,2018,Winter barley,Eastern and Midland,000 Hectares,28.2
Area Farmed in June,2018,Winter oats,Eastern and Midland,000 Hectares,5.1
Area Farmed in June,2018,Winter wheat,Eastern and Midland,000 Hectares,37.1
Area Farmed in June,2018,Arable silage,Mid-West,000 Hectares,0.2
Area Farmed in June,2018,Area farmed (AAU),Mid-West,000 Hectares,741.4
Area Farmed in June,2018,Beans and peas,Mid-West,000 Hectares,0.4
Area Farmed in June,2018,Beet,Mid-West,000 Hectares,0.7
Area Farmed in June,2018,Crops and pasture,Mid-West,000 Hectares,693.9
Area Farmed in June,2018,Fodder rape and kale,Mid-West,000 Hectares,0.1
Area Farmed in June,2018,Fruit,Mid-West,000 Hectares,0.1
Area Farmed in June,2018,Grass silage,Mid-West,000 Hectares,198.9
Area Farmed in June,2018,Hay,Mid-West,000 Hectares,54.9
Area Farmed in June,2018,Maize silage,Mid-West,000 Hectares,1.4
Area Farmed in June,2018,"Nurseries, horticulture etc.",Mid-West,000 Hectares,0.1
Area Farmed in June,2018,Oilseed rape,Mid-West,000 Hectares,0.7
Area Farmed in June,2018,Other cereals,Mid-West,000 Hectares,0.0
Area Farmed in June,2018,Other crops,Mid-West,000 Hectares,2.6
Area Farmed in June,2018,Pasture,Mid-West,000 Hectares,412.5
Area Farmed in June,2018,Potatoes,Mid-West,000 Hectares,0.2
Area Farmed in June,2018,Rough grazing in use,Mid-West,000 Hectares,47.5
Area Farmed in June,2018,Spring barley,Mid-West,000 Hectares,8.4
Area Farmed in June,2018,Spring oats,Mid-West,000 Hectares,0.6
Area Farmed in June,2018,Spring wheat,Mid-West,000 Hectares,0.4
Area Farmed in June,2018,Total barley,Mid-West,000 Hectares,15.3
Area Farmed in June,2018,Total cereals,Mid-West,000 Hectares,20.9
Area Farmed in June,2018,"Total crops, fruit and horticulture",Mid-West,000 Hectares,27.5
Area Farmed in June,2018,Total oats,Mid-West,000 Hectares,1.6
Area Farmed in June,2018,Total wheat,Mid-West,000 Hectares,3.9
Area Farmed in June,2018,Turnips,Mid-West,000 Hectares,0.0
Area Farmed in June,2018,Vegetables for sale,Mid-West,000 Hectares,0.1
Area Farmed in June,2018,Winter barley,Mid-West,000 Hectares,7.0
Area Farmed in June,2018,Winter oats,Mid-West,000 Hectares,1.0
Area Farmed in June,2018,Winter wheat,Mid-West,000 Hectares,3.5
Area Farmed in June,2018,Arable silage,Midland,000 Hectares,0.5
Area Farmed in June,2018,Area farmed (AAU),Midland,000 Hectares,467.0
Area Farmed in June,2018,Beans and peas,Midland,000 Hectares,0.6
Area Farmed in June,2018,Beet,Midland,000 Hectares,1.7
Area Farmed in June,2018,Crops and pasture,Midland,000 Hectares,424.0
Area Farmed in June,2018,Fodder rape and kale,Midland,000 Hectares,0.4
Area Farmed in June,2018,Fruit,Midland,000 Hectares,0.0
Area Farmed in June,2018,Grass silage,Midland,000 Hectares,125.4
Area Farmed in June,2018,Hay,Midland,000 Hectares,24.8
Area Farmed in June,2018,Maize silage,Midland,000 Hectares,1.0
Area Farmed in June,2018,"Nurseries, horticulture etc.",Midland,000 Hectares,0.0
Area Farmed in June,2018,Oilseed rape,Midland,000 Hectares,1.1
Area Farmed in June,2018,Other cereals,Midland,000 Hectares,0.2
Area Farmed in June,2018,Other crops,Midland,000 Hectares,4.0
Area Farmed in June,2018,Pasture,Midland,000 Hectares,236.0
Area Farmed in June,2018,Potatoes,Midland,000 Hectares,0.1
Area Farmed in June,2018,Rough grazing in use,Midland,000 Hectares,43.0
Area Farmed in June,2018,Spring barley,Midland,000 Hectares,16.0
Area Farmed in June,2018,Spring oats,Midland,000 Hectares,0.8
Area Farmed in June,2018,Spring wheat,Midland,000 Hectares,0.3
Area Farmed in June,2018,Total barley,Midland,000 Hectares,22.2
Area Farmed in June,2018,Total cereals,Midland,000 Hectares,28.1
Area Farmed in June,2018,"Total crops, fruit and horticulture",Midland,000 Hectares,37.8
Area Farmed in June,2018,Total oats,Midland,000 Hectares,1.7
Area Farmed in June,2018,Total wheat,Midland,000 Hectares,4.0
Area Farmed in June,2018,Turnips,Midland,000 Hectares,0.1
Area Farmed in June,2018,Vegetables for sale,Midland,000 Hectares,0.2
Area Farmed in June,2018,Winter barley,Midland,000 Hectares,6.2
Area Farmed in June,2018,Winter oats,Midland,000 Hectares,0.9
Area Farmed in June,2018,Winter wheat,Midland,000 Hectares,3.8
Area Farmed in June,2018,Arable silage,Northern and Western,000 Hectares,0.7
Area Farmed in June,2018,Area farmed (AAU),Northern and Western,000 Hectares,1513.8
Area Farmed in June,2018,Beans and peas,Northern and Western,000 Hectares,0.0
Area Farmed in June,2018,Beet,Northern and Western,000 Hectares,0.3
Area Farmed in June,2018,Crops and pasture,Northern and Western,000 Hectares,1271.1
Area Farmed in June,2018,Fodder rape and kale,Northern and Western,000 Hectares,0.2
Area Farmed in June,2018,Fruit,Northern and Western,000 Hectares,0.0
Area Farmed in June,2018,Grass silage,Northern and Western,000 Hectares,318.3
Area Farmed in June,2018,Hay,Northern and Western,000 Hectares,56.4
Area Farmed in June,2018,Maize silage,Northern and Western,000 Hectares,0.3
Area Farmed in June,2018,"Nurseries, horticulture etc.",Northern and Western,000 Hectares,0.0
Area Farmed in June,2018,Oilseed rape,Northern and Western,000 Hectares,0.1
Area Farmed in June,2018,Other cereals,Northern and Western,000 Hectares,0.0
Area Farmed in June,2018,Other crops,Northern and Western,000 Hectares,8.3
Area Farmed in June,2018,Pasture,Northern and Western,000 Hectares,877.1
Area Farmed in June,2018,Potatoes,Northern and Western,000 Hectares,0.9
Area Farmed in June,2018,Rough grazing in use,Northern and Western,000 Hectares,242.7
Area Farmed in June,2018,Spring barley,Northern and Western,000 Hectares,4.6
Area Farmed in June,2018,Spring oats,Northern and Western,000 Hectares,1.0
Area Farmed in June,2018,Spring wheat,Northern and Western,000 Hectares,0.2
Area Farmed in June,2018,Total barley,Northern and Western,000 Hectares,6.3
Area Farmed in June,2018,Total cereals,Northern and Western,000 Hectares,8.3
Area Farmed in June,2018,"Total crops, fruit and horticulture",Northern and Western,000 Hectares,19.3
Area Farmed in June,2018,Total oats,Northern and Western,000 Hectares,1.2
Area Farmed in June,2018,Total wheat,Northern and Western,000 Hectares,0.7
Area Farmed in June,2018,Turnips,Northern and Western,000 Hectares,0.1
Area Farmed in June,2018,Vegetables for sale,Northern and Western,000 Hectares,0.1
Area Farmed in June,2018,Winter barley,Northern and Western,000 Hectares,1.7
Area Farmed in June,2018,Winter oats,Northern and Western,000 Hectares,0.2
Area Farmed in June,2018,Winter wheat,Northern and Western,000 Hectares,0.5
Area Farmed in June,2018,Arable silage,South-East,000 Hectares,0.7
Area Farmed in June,2018,Area farmed (AAU),South-East,000 Hectares,490.2
Area Farmed in June,2018,Beans and peas,South-East,000 Hectares,2.9
Area Farmed in June,2018,Beet,South-East,000 Hectares,3.8
Area Farmed in June,2018,Crops and pasture,South-East,000 Hectares,468.0
Area Farmed in June,2018,Fodder rape and kale,South-East,000 Hectares,0.3
Area Farmed in June,2018,Fruit,South-East,000 Hectares,0.3
Area Farmed in June,2018,Grass silage,South-East,000 Hectares,122.9
Area Farmed in June,2018,Hay,South-East,000 Hectares,15.5
Area Farmed in June,2018,Maize silage,South-East,000 Hectares,5.1
Area Farmed in June,2018,"Nurseries, horticulture etc.",South-East,000 Hectares,0.2
Area Farmed in June,2018,Oilseed rape,South-East,000 Hectares,2.5
Area Farmed in June,2018,Other cereals,South-East,000 Hectares,0.1
Area Farmed in June,2018,Other crops,South-East,000 Hectares,5.5
Area Farmed in June,2018,Pasture,South-East,000 Hectares,229.7
Area Farmed in June,2018,Potatoes,South-East,000 Hectares,1.9
Area Farmed in June,2018,Rough grazing in use,South-East,000 Hectares,22.2
Area Farmed in June,2018,Spring barley,South-East,000 Hectares,48.7
Area Farmed in June,2018,Spring oats,South-East,000 Hectares,2.2
Area Farmed in June,2018,Spring wheat,South-East,000 Hectares,0.7
Area Farmed in June,2018,Total barley,South-East,000 Hectares,59.9
Area Farmed in June,2018,Total cereals,South-East,000 Hectares,75.7
Area Farmed in June,2018,"Total crops, fruit and horticulture",South-East,000 Hectares,99.9
Area Farmed in June,2018,Total oats,South-East,000 Hectares,5.5
Area Farmed in June,2018,Total wheat,South-East,000 Hectares,10.1
Area Farmed in June,2018,Turnips,South-East,000 Hectares,0.3
Area Farmed in June,2018,Vegetables for sale,South-East,000 Hectares,0.7
Area Farmed in June,2018,Winter barley,South-East,000 Hectares,11.2
Area Farmed in June,2018,Winter oats,South-East,000 Hectares,3.3
Area Farmed in June,2018,Winter wheat,South-East,000 Hectares,9.5
Area Farmed in June,2018,Arable silage,South-West,000 Hectares,0.8
Area Farmed in June,2018,Area farmed (AAU),South-West,000 Hectares,792.4
Area Farmed in June,2018,Beans and peas,South-West,000 Hectares,0.9
Area Farmed in June,2018,Beet,South-West,000 Hectares,3.0
Area Farmed in June,2018,Crops and pasture,South-West,000 Hectares,662.4
Area Farmed in June,2018,Fodder rape and kale,South-West,000 Hectares,0.2
Area Farmed in June,2018,Fruit,South-West,000 Hectares,0.0
Area Farmed in June,2018,Grass silage,South-West,000 Hectares,215.6
Area Farmed in June,2018,Hay,South-West,000 Hectares,15.8
Area Farmed in June,2018,Maize silage,South-West,000 Hectares,4.7
Area Farmed in June,2018,"Nurseries, horticulture etc.",South-West,000 Hectares,0.1
Area Farmed in June,2018,Oilseed rape,South-West,000 Hectares,0.4
Area Farmed in June,2018,Other cereals,South-West,000 Hectares,0.0
Area Farmed in June,2018,Other crops,South-West,000 Hectares,2.9
Area Farmed in June,2018,Pasture,South-West,000 Hectares,380.8
Area Farmed in June,2018,Potatoes,South-West,000 Hectares,0.7
Area Farmed in June,2018,Rough grazing in use,South-West,000 Hectares,130.0
Area Farmed in June,2018,Spring barley,South-West,000 Hectares,19.5
Area Farmed in June,2018,Spring oats,South-West,000 Hectares,1.3
Area Farmed in June,2018,Spring wheat,South-West,000 Hectares,0.8
Area Farmed in June,2018,Total barley,South-West,000 Hectares,29.3
Area Farmed in June,2018,Total cereals,South-West,000 Hectares,36.0
Area Farmed in June,2018,"Total crops, fruit and horticulture",South-West,000 Hectares,50.1
Area Farmed in June,2018,Total oats,South-West,000 Hectares,1.9
Area Farmed in June,2018,Total wheat,South-West,000 Hectares,4.7
Area Farmed in June,2018,Turnips,South-West,000 Hectares,0.1
Area Farmed in June,2018,Vegetables for sale,South-West,000 Hectares,0.2
Area Farmed in June,2018,Winter barley,South-West,000 Hectares,9.8
Area Farmed in June,2018,Winter oats,South-West,000 Hectares,0.6
Area Farmed in June,2018,Winter wheat,South-West,000 Hectares,3.9
Area Farmed in June,2018,Arable silage,Southern,000 Hectares,1.7
Area Farmed in June,2018,Area farmed (AAU),Southern,000 Hectares,2024.0
Area Farmed in June,2018,Beans and peas,Southern,000 Hectares,4.2
Area Farmed in June,2018,Beet,Southern,000 Hectares,7.6
Area Farmed in June,2018,Crops and pasture,Southern,000 Hectares,1824.2
Area Farmed in June,2018,Fodder rape and kale,Southern,000 Hectares,0.6
Area Farmed in June,2018,Fruit,Southern,000 Hectares,0.4
Area Farmed in June,2018,Grass silage,Southern,000 Hectares,537.4
Area Farmed in June,2018,Hay,Southern,000 Hectares,86.3
Area Farmed in June,2018,Maize silage,Southern,000 Hectares,11.1
Area Farmed in June,2018,"Nurseries, horticulture etc.",Southern,000 Hectares,0.4
Area Farmed in June,2018,Oilseed rape,Southern,000 Hectares,3.6
Area Farmed in June,2018,Other cereals,Southern,000 Hectares,0.2
Area Farmed in June,2018,Other crops,Southern,000 Hectares,11.0
Area Farmed in June,2018,Pasture,Southern,000 Hectares,1023.0
Area Farmed in June,2018,Potatoes,Southern,000 Hectares,2.9
Area Farmed in June,2018,Rough grazing in use,Southern,000 Hectares,199.8
Area Farmed in June,2018,Spring barley,Southern,000 Hectares,76.6
Area Farmed in June,2018,Spring oats,Southern,000 Hectares,4.1
Area Farmed in June,2018,Spring wheat,Southern,000 Hectares,1.9
Area Farmed in June,2018,Total barley,Southern,000 Hectares,104.5
Area Farmed in June,2018,Total cereals,Southern,000 Hectares,132.5
Area Farmed in June,2018,"Total crops, fruit and horticulture",Southern,000 Hectares,177.5
Area Farmed in June,2018,Total oats,Southern,000 Hectares,9.0
Area Farmed in June,2018,Total wheat,Southern,000 Hectares,18.7
Area Farmed in June,2018,Turnips,Southern,000 Hectares,0.4
Area Farmed in June,2018,Vegetables for sale,Southern,000 Hectares,1.0
Area Farmed in June,2018,Winter barley,Southern,000 Hectares,28.0
Area Farmed in June,2018,Winter oats,Southern,000 Hectares,4.9
Area Farmed in June,2018,Winter wheat,Southern,000 Hectares,16.9
Area Farmed in June,2018,Arable silage,State,000 Hectares,3.3
Area Farmed in June,2018,Area farmed (AAU),State,000 Hectares,4516.3
Area Farmed in June,2018,Beans and peas,State,000 Hectares,8.5
Area Farmed in June,2018,Beet,State,000 Hectares,11.3
Area Farmed in June,2018,Crops and pasture,State,000 Hectares,3992.2
Area Farmed in June,2018,Fodder rape and kale,State,000 Hectares,1.5
Area Farmed in June,2018,Fruit,State,000 Hectares,0.8
Area Farmed in June,2018,Grass silage,State,000 Hectares,1064.5
Area Farmed in June,2018,Hay,State,000 Hectares,191.9
Area Farmed in June,2018,Maize silage,State,000 Hectares,17.8
Area Farmed in June,2018,"Nurseries, horticulture etc.",State,000 Hectares,0.5
Area Farmed in June,2018,Oilseed rape,State,000 Hectares,10.6
Area Farmed in June,2018,Other cereals,State,000 Hectares,0.6
Area Farmed in June,2018,Other crops,State,000 Hectares,28.4
Area Farmed in June,2018,Pasture,State,000 Hectares,2378.7
Area Farmed in June,2018,Potatoes,State,000 Hectares,8.2
Area Farmed in June,2018,Rough grazing in use,State,000 Hectares,524.1
Area Farmed in June,2018,Spring barley,State,000 Hectares,127.4
Area Farmed in June,2018,Spring oats,State,000 Hectares,7.6
Area Farmed in June,2018,Spring wheat,State,000 Hectares,3.6
Area Farmed in June,2018,Total barley,State,000 Hectares,185.2
Area Farmed in June,2018,Total cereals,State,000 Hectares,261.6
Area Farmed in June,2018,"Total crops, fruit and horticulture",State,000 Hectares,357.0
Area Farmed in June,2018,Total oats,State,000 Hectares,17.8
Area Farmed in June,2018,Total wheat,State,000 Hectares,58.0
Area Farmed in June,2018,Turnips,State,000 Hectares,0.9
Area Farmed in June,2018,Vegetables for sale,State,000 Hectares,3.6
Area Farmed in June,2018,Winter barley,State,000 Hectares,57.9
Area Farmed in June,2018,Winter oats,State,000 Hectares,10.2
Area Farmed in June,2018,Winter wheat,State,000 Hectares,54.4
Area Farmed in June,2018,Arable silage,West,000 Hectares,0.2
Area Farmed in June,2018,Area farmed (AAU),West,000 Hectares,843.8
Area Farmed in June,2018,Beans and peas,West,000 Hectares,0.0
Area Farmed in June,2018,Beet,West,000 Hectares,0.3
Area Farmed in June,2018,Crops and pasture,West,000 Hectares,722.7
Area Farmed in June,2018,Fodder rape and kale,West,000 Hectares,0.2
Area Farmed in June,2018,Fruit,West,000 Hectares,0.0
Area Farmed in June,2018,Grass silage,West,000 Hectares,176.9
Area Farmed in June,2018,Hay,West,000 Hectares,31.6
Area Farmed in June,2018,Maize silage,West,000 Hectares,0.1
Area Farmed in June,2018,"Nurseries, horticulture etc.",West,000 Hectares,0.0
Area Farmed in June,2018,Oilseed rape,West,000 Hectares,0.0
Area Farmed in June,2018,Other cereals,West,000 Hectares,0.0
Area Farmed in June,2018,Other crops,West,000 Hectares,5.1
Area Farmed in June,2018,Pasture,West,000 Hectares,504.4
Area Farmed in June,2018,Potatoes,West,000 Hectares,0.0
Area Farmed in June,2018,Rough grazing in use,West,000 Hectares,121.1
Area Farmed in June,2018,Spring barley,West,000 Hectares,2.4
Area Farmed in June,2018,Spring oats,West,000 Hectares,0.6
Area Farmed in June,2018,Spring wheat,West,000 Hectares,0.1
Area Farmed in June,2018,Total barley,West,000 Hectares,2.8
Area Farmed in June,2018,Total cereals,West,000 Hectares,3.6
Area Farmed in June,2018,"Total crops, fruit and horticulture",West,000 Hectares,9.8
Area Farmed in June,2018,Total oats,West,000 Hectares,0.7
Area Farmed in June,2018,Total wheat,West,000 Hectares,0.1
Area Farmed in June,2018,Turnips,West,000 Hectares,0.1
Area Farmed in June,2018,Vegetables for sale,West,000 Hectares,0.1
Area Farmed in June,2018,Winter barley,West,000 Hectares,0.4
Area Farmed in June,2018,Winter oats,West,000 Hectares,0.1
Area Farmed in June,2018,Winter wheat,West,000 Hectares,0.1
Area Farmed in June,2019,Arable silage,Border,000 Hectares,0.4
Area Farmed in June,2019,Area farmed (AAU),Border,000 Hectares,669.7
Area Farmed in June,2019,Beans and peas,Border,000 Hectares,0.0
Area Farmed in June,2019,Beet,Border,000 Hectares,0.0
Area Farmed in June,2019,Crops and pasture,Border,000 Hectares,544.5
Area Farmed in June,2019,Fodder rape and kale,Border,000 Hectares,0.0
Area Farmed in June,2019,Fruit,Border,000 Hectares,0.0
Area Farmed in June,2019,Grass silage,Border,000 Hectares,142.1
Area Farmed in June,2019,Hay,Border,000 Hectares,21.9
Area Farmed in June,2019,Maize silage,Border,000 Hectares,0.2
Area Farmed in June,2019,"Nurseries, horticulture etc.",Border,000 Hectares,0.0
Area Farmed in June,2019,Oilseed rape,Border,000 Hectares,0.0
Area Farmed in June,2019,Other cereals,Border,000 Hectares,0.0
Area Farmed in June,2019,Other crops,Border,000 Hectares,3.1
Area Farmed in June,2019,Pasture,Border,000 Hectares,371.1
Area Farmed in June,2019,Potatoes,Border,000 Hectares,0.8
Area Farmed in June,2019,Rough grazing in use,Border,000 Hectares,125.3
Area Farmed in June,2019,Spring barley,Border,000 Hectares,2.0
Area Farmed in June,2019,Spring oats,Border,000 Hectares,0.3
Area Farmed in June,2019,Spring wheat,Border,000 Hectares,0.1
Area Farmed in June,2019,Total barley,Border,000 Hectares,3.5
Area Farmed in June,2019,Total cereals,Border,000 Hectares,4.9
Area Farmed in June,2019,"Total crops, fruit and horticulture",Border,000 Hectares,9.4
Area Farmed in June,2019,Total oats,Border,000 Hectares,0.5
Area Farmed in June,2019,Total wheat,Border,000 Hectares,0.7
Area Farmed in June,2019,Turnips,Border,000 Hectares,0.0
Area Farmed in June,2019,Vegetables for sale,Border,000 Hectares,0.0
Area Farmed in June,2019,Winter barley,Border,000 Hectares,1.6
Area Farmed in June,2019,Winter oats,Border,000 Hectares,0.2
Area Farmed in June,2019,Winter wheat,Border,000 Hectares,0.6
Area Farmed in June,2019,Arable silage,Dublin and Mid-East,000 Hectares,0.3
Area Farmed in June,2019,Area farmed (AAU),Dublin and Mid-East,000 Hectares,523.5
Area Farmed in June,2019,Beans and peas,Dublin and Mid-East,000 Hectares,3.5
Area Farmed in June,2019,Beet,Dublin and Mid-East,000 Hectares,1.4
Area Farmed in June,2019,Crops and pasture,Dublin and Mid-East,000 Hectares,474.9
Area Farmed in June,2019,Fodder rape and kale,Dublin and Mid-East,000 Hectares,0.2
Area Farmed in June,2019,Fruit,Dublin and Mid-East,000 Hectares,0.3
Area Farmed in June,2019,Grass silage,Dublin and Mid-East,000 Hectares,84.3
Area Farmed in June,2019,Hay,Dublin and Mid-East,000 Hectares,24.5
Area Farmed in June,2019,Maize silage,Dublin and Mid-East,000 Hectares,4.6
Area Farmed in June,2019,"Nurseries, horticulture etc.",Dublin and Mid-East,000 Hectares,0.1
Area Farmed in June,2019,Oilseed rape,Dublin and Mid-East,000 Hectares,4.9
Area Farmed in June,2019,Other cereals,Dublin and Mid-East,000 Hectares,0.4
Area Farmed in June,2019,Other crops,Dublin and Mid-East,000 Hectares,4.7
Area Farmed in June,2019,Pasture,Dublin and Mid-East,000 Hectares,243.5
Area Farmed in June,2019,Potatoes,Dublin and Mid-East,000 Hectares,4.8
Area Farmed in June,2019,Rough grazing in use,Dublin and Mid-East,000 Hectares,48.6
Area Farmed in June,2019,Spring barley,Dublin and Mid-East,000 Hectares,18.0
Area Farmed in June,2019,Spring oats,Dublin and Mid-East,000 Hectares,1.3
Area Farmed in June,2019,Spring wheat,Dublin and Mid-East,000 Hectares,1.5
Area Farmed in June,2019,Total barley,Dublin and Mid-East,000 Hectares,49.1
Area Farmed in June,2019,Total cereals,Dublin and Mid-East,000 Hectares,95.2
Area Farmed in June,2019,"Total crops, fruit and horticulture",Dublin and Mid-East,000 Hectares,122.6
Area Farmed in June,2019,Total oats,Dublin and Mid-East,000 Hectares,7.7
Area Farmed in June,2019,Total wheat,Dublin and Mid-East,000 Hectares,38.1
Area Farmed in June,2019,Turnips,Dublin and Mid-East,000 Hectares,0.4
Area Farmed in June,2019,Vegetables for sale,Dublin and Mid-East,000 Hectares,2.1
Area Farmed in June,2019,Winter barley,Dublin and Mid-East,000 Hectares,31.1
Area Farmed in June,2019,Winter oats,Dublin and Mid-East,000 Hectares,6.3
Area Farmed in June,2019,Winter wheat,Dublin and Mid-East,000 Hectares,36.6
Area Farmed in June,2019,Arable silage,Eastern and Midland,000 Hectares,0.7
Area Farmed in June,2019,Area farmed (AAU),Eastern and Midland,000 Hectares,981.8
Area Farmed in June,2019,Beans and peas,Eastern and Midland,000 Hectares,4.3
Area Farmed in June,2019,Beet,Eastern and Midland,000 Hectares,2.9
Area Farmed in June,2019,Crops and pasture,Eastern and Midland,000 Hectares,900.8
Area Farmed in June,2019,Fodder rape and kale,Eastern and Midland,000 Hectares,0.5
Area Farmed in June,2019,Fruit,Eastern and Midland,000 Hectares,0.4
Area Farmed in June,2019,Grass silage,Eastern and Midland,000 Hectares,209.0
Area Farmed in June,2019,Hay,Eastern and Midland,000 Hectares,47.6
Area Farmed in June,2019,Maize silage,Eastern and Midland,000 Hectares,5.7
Area Farmed in June,2019,"Nurseries, horticulture etc.",Eastern and Midland,000 Hectares,0.1
Area Farmed in June,2019,Oilseed rape,Eastern and Midland,000 Hectares,5.7
Area Farmed in June,2019,Other cereals,Eastern and Midland,000 Hectares,0.6
Area Farmed in June,2019,Other crops,Eastern and Midland,000 Hectares,8.6
Area Farmed in June,2019,Pasture,Eastern and Midland,000 Hectares,483.5
Area Farmed in June,2019,Potatoes,Eastern and Midland,000 Hectares,4.9
Area Farmed in June,2019,Rough grazing in use,Eastern and Midland,000 Hectares,80.9
Area Farmed in June,2019,Spring barley,Eastern and Midland,000 Hectares,31.2
Area Farmed in June,2019,Spring oats,Eastern and Midland,000 Hectares,2.0
Area Farmed in June,2019,Spring wheat,Eastern and Midland,000 Hectares,1.8
Area Farmed in June,2019,Total barley,Eastern and Midland,000 Hectares,71.3
Area Farmed in June,2019,Total cereals,Eastern and Midland,000 Hectares,124.1
Area Farmed in June,2019,"Total crops, fruit and horticulture",Eastern and Midland,000 Hectares,160.7
Area Farmed in June,2019,Total oats,Eastern and Midland,000 Hectares,9.7
Area Farmed in June,2019,Total wheat,Eastern and Midland,000 Hectares,42.6
Area Farmed in June,2019,Turnips,Eastern and Midland,000 Hectares,0.4
Area Farmed in June,2019,Vegetables for sale,Eastern and Midland,000 Hectares,2.4
Area Farmed in June,2019,Winter barley,Eastern and Midland,000 Hectares,40.1
Area Farmed in June,2019,Winter oats,Eastern and Midland,000 Hectares,7.6
Area Farmed in June,2019,Winter wheat,Eastern and Midland,000 Hectares,40.8
Area Farmed in June,2019,Arable silage,Mid-West,000 Hectares,0.2
Area Farmed in June,2019,Area farmed (AAU),Mid-West,000 Hectares,740.0
Area Farmed in June,2019,Beans and peas,Mid-West,000 Hectares,0.3
Area Farmed in June,2019,Beet,Mid-West,000 Hectares,0.6
Area Farmed in June,2019,Crops and pasture,Mid-West,000 Hectares,695.5
Area Farmed in June,2019,Fodder rape and kale,Mid-West,000 Hectares,0.1
Area Farmed in June,2019,Fruit,Mid-West,000 Hectares,0.1
Area Farmed in June,2019,Grass silage,Mid-West,000 Hectares,209.3
Area Farmed in June,2019,Hay,Mid-West,000 Hectares,48.8
Area Farmed in June,2019,Maize silage,Mid-West,000 Hectares,1.2
Area Farmed in June,2019,"Nurseries, horticulture etc.",Mid-West,000 Hectares,0.0
Area Farmed in June,2019,Oilseed rape,Mid-West,000 Hectares,0.9
Area Farmed in June,2019,Other cereals,Mid-West,000 Hectares,0.1
Area Farmed in June,2019,Other crops,Mid-West,000 Hectares,2.4
Area Farmed in June,2019,Pasture,Mid-West,000 Hectares,410.2
Area Farmed in June,2019,Potatoes,Mid-West,000 Hectares,0.3
Area Farmed in June,2019,Rough grazing in use,Mid-West,000 Hectares,44.5
Area Farmed in June,2019,Spring barley,Mid-West,000 Hectares,6.2
Area Farmed in June,2019,Spring oats,Mid-West,000 Hectares,0.6
Area Farmed in June,2019,Spring wheat,Mid-West,000 Hectares,0.2
Area Farmed in June,2019,Total barley,Mid-West,000 Hectares,14.9
Area Farmed in June,2019,Total cereals,Mid-West,000 Hectares,21.1
Area Farmed in June,2019,"Total crops, fruit and horticulture",Mid-West,000 Hectares,27.1
Area Farmed in June,2019,Total oats,Mid-West,000 Hectares,2.2
Area Farmed in June,2019,Total wheat,Mid-West,000 Hectares,3.9
Area Farmed in June,2019,Turnips,Mid-West,000 Hectares,0.0
Area Farmed in June,2019,Vegetables for sale,Mid-West,000 Hectares,0.1
Area Farmed in June,2019,Winter barley,Mid-West,000 Hectares,8.6
Area Farmed in June,2019,Winter oats,Mid-West,000 Hectares,1.6
Area Farmed in June,2019,Winter wheat,Mid-West,000 Hectares,3.7
Area Farmed in June,2019,Arable silage,Midland,000 Hectares,0.4
Area Farmed in June,2019,Area farmed (AAU),Midland,000 Hectares,458.3
Area Farmed in June,2019,Beans and peas,Midland,000 Hectares,0.7
Area Farmed in June,2019,Beet,Midland,000 Hectares,1.6
Area Farmed in June,2019,Crops and pasture,Midland,000 Hectares,425.9
Area Farmed in June,2019,Fodder rape and kale,Midland,000 Hectares,0.3
Area Farmed in June,2019,Fruit,Midland,000 Hectares,0.0
Area Farmed in June,2019,Grass silage,Midland,000 Hectares,124.6
Area Farmed in June,2019,Hay,Midland,000 Hectares,23.1
Area Farmed in June,2019,Maize silage,Midland,000 Hectares,1.1
Area Farmed in June,2019,"Nurseries, horticulture etc.",Midland,000 Hectares,0.0
Area Farmed in June,2019,Oilseed rape,Midland,000 Hectares,0.8
Area Farmed in June,2019,Other cereals,Midland,000 Hectares,0.2
Area Farmed in June,2019,Other crops,Midland,000 Hectares,3.9
Area Farmed in June,2019,Pasture,Midland,000 Hectares,240.1
Area Farmed in June,2019,Potatoes,Midland,000 Hectares,0.2
Area Farmed in June,2019,Rough grazing in use,Midland,000 Hectares,32.3
Area Farmed in June,2019,Spring barley,Midland,000 Hectares,13.2
Area Farmed in June,2019,Spring oats,Midland,000 Hectares,0.7
Area Farmed in June,2019,Spring wheat,Midland,000 Hectares,0.3
Area Farmed in June,2019,Total barley,Midland,000 Hectares,22.2
Area Farmed in June,2019,Total cereals,Midland,000 Hectares,28.9
Area Farmed in June,2019,"Total crops, fruit and horticulture",Midland,000 Hectares,38.1
Area Farmed in June,2019,Total oats,Midland,000 Hectares,2.0
Area Farmed in June,2019,Total wheat,Midland,000 Hectares,4.5
Area Farmed in June,2019,Turnips,Midland,000 Hectares,0.0
Area Farmed in June,2019,Vegetables for sale,Midland,000 Hectares,0.3
Area Farmed in June,2019,Winter barley,Midland,000 Hectares,9.0
Area Farmed in June,2019,Winter oats,Midland,000 Hectares,1.3
Area Farmed in June,2019,Winter wheat,Midland,000 Hectares,4.2
Area Farmed in June,2019,Arable silage,Northern and Western,000 Hectares,0.6
Area Farmed in June,2019,Area farmed (AAU),Northern and Western,000 Hectares,1516.9
Area Farmed in June,2019,Beans and peas,Northern and Western,000 Hectares,0.1
Area Farmed in June,2019,Beet,Northern and Western,000 Hectares,0.3
Area Farmed in June,2019,Crops and pasture,Northern and Western,000 Hectares,1272.6
Area Farmed in June,2019,Fodder rape and kale,Northern and Western,000 Hectares,0.2
Area Farmed in June,2019,Fruit,Northern and Western,000 Hectares,0.0
Area Farmed in June,2019,Grass silage,Northern and Western,000 Hectares,320.0
Area Farmed in June,2019,Hay,Northern and Western,000 Hectares,50.6
Area Farmed in June,2019,Maize silage,Northern and Western,000 Hectares,0.2
Area Farmed in June,2019,"Nurseries, horticulture etc.",Northern and Western,000 Hectares,0.0
Area Farmed in June,2019,Oilseed rape,Northern and Western,000 Hectares,0.1
Area Farmed in June,2019,Other cereals,Northern and Western,000 Hectares,0.1
Area Farmed in June,2019,Other crops,Northern and Western,000 Hectares,8.1
Area Farmed in June,2019,Pasture,Northern and Western,000 Hectares,882.7
Area Farmed in June,2019,Potatoes,Northern and Western,000 Hectares,0.8
Area Farmed in June,2019,Rough grazing in use,Northern and Western,000 Hectares,244.3
Area Farmed in June,2019,Spring barley,Northern and Western,000 Hectares,3.7
Area Farmed in June,2019,Spring oats,Northern and Western,000 Hectares,0.9
Area Farmed in June,2019,Spring wheat,Northern and Western,000 Hectares,0.2
Area Farmed in June,2019,Total barley,Northern and Western,000 Hectares,6.4
Area Farmed in June,2019,Total cereals,Northern and Western,000 Hectares,8.7
Area Farmed in June,2019,"Total crops, fruit and horticulture",Northern and Western,000 Hectares,19.3
Area Farmed in June,2019,Total oats,Northern and Western,000 Hectares,1.3
Area Farmed in June,2019,Total wheat,Northern and Western,000 Hectares,1.0
Area Farmed in June,2019,Turnips,Northern and Western,000 Hectares,0.1
Area Farmed in June,2019,Vegetables for sale,Northern and Western,000 Hectares,0.1
Area Farmed in June,2019,Winter barley,Northern and Western,000 Hectares,2.6
Area Farmed in June,2019,Winter oats,Northern and Western,000 Hectares,0.4
Area Farmed in June,2019,Winter wheat,Northern and Western,000 Hectares,0.8
Area Farmed in June,2019,Arable silage,South-East,000 Hectares,0.6
Area Farmed in June,2019,Area farmed (AAU),South-East,000 Hectares,487.9
Area Farmed in June,2019,Beans and peas,South-East,000 Hectares,2.8
Area Farmed in June,2019,Beet,South-East,000 Hectares,3.5
Area Farmed in June,2019,Crops and pasture,South-East,000 Hectares,467.1
Area Farmed in June,2019,Fodder rape and kale,South-East,000 Hectares,0.2
Area Farmed in June,2019,Fruit,South-East,000 Hectares,0.3
Area Farmed in June,2019,Grass silage,South-East,000 Hectares,123.4
Area Farmed in June,2019,Hay,South-East,000 Hectares,17.0
Area Farmed in June,2019,Maize silage,South-East,000 Hectares,5.1
Area Farmed in June,2019,"Nurseries, horticulture etc.",South-East,000 Hectares,0.2
Area Farmed in June,2019,Oilseed rape,South-East,000 Hectares,2.2
Area Farmed in June,2019,Other cereals,South-East,000 Hectares,0.3
Area Farmed in June,2019,Other crops,South-East,000 Hectares,5.0
Area Farmed in June,2019,Pasture,South-East,000 Hectares,227.0
Area Farmed in June,2019,Potatoes,South-East,000 Hectares,1.8
Area Farmed in June,2019,Rough grazing in use,South-East,000 Hectares,20.7
Area Farmed in June,2019,Spring barley,South-East,000 Hectares,39.3
Area Farmed in June,2019,Spring oats,South-East,000 Hectares,2.3
Area Farmed in June,2019,Spring wheat,South-East,000 Hectares,0.9
Area Farmed in June,2019,Total barley,South-East,000 Hectares,58.2
Area Farmed in June,2019,Total cereals,South-East,000 Hectares,77.2
Area Farmed in June,2019,"Total crops, fruit and horticulture",South-East,000 Hectares,99.8
Area Farmed in June,2019,Total oats,South-East,000 Hectares,7.9
Area Farmed in June,2019,Total wheat,South-East,000 Hectares,10.8
Area Farmed in June,2019,Turnips,South-East,000 Hectares,0.2
Area Farmed in June,2019,Vegetables for sale,South-East,000 Hectares,0.7
Area Farmed in June,2019,Winter barley,South-East,000 Hectares,18.8
Area Farmed in June,2019,Winter oats,South-East,000 Hectares,5.6
Area Farmed in June,2019,Winter wheat,South-East,000 Hectares,9.9
Area Farmed in June,2019,Arable silage,South-West,000 Hectares,0.6
Area Farmed in June,2019,Area farmed (AAU),South-West,000 Hectares,797.8
Area Farmed in June,2019,Beans and peas,South-West,000 Hectares,0.8
Area Farmed in June,2019,Beet,South-West,000 Hectares,2.6
Area Farmed in June,2019,Crops and pasture,South-West,000 Hectares,666.8
Area Farmed in June,2019,Fodder rape and kale,South-West,000 Hectares,0.1
Area Farmed in June,2019,Fruit,South-West,000 Hectares,0.0
Area Farmed in June,2019,Grass silage,South-West,000 Hectares,227.1
Area Farmed in June,2019,Hay,South-West,000 Hectares,16.8
Area Farmed in June,2019,Maize silage,South-West,000 Hectares,4.5
Area Farmed in June,2019,"Nurseries, horticulture etc.",South-West,000 Hectares,0.1
Area Farmed in June,2019,Oilseed rape,South-West,000 Hectares,0.3
Area Farmed in June,2019,Other cereals,South-West,000 Hectares,0.0
Area Farmed in June,2019,Other crops,South-West,000 Hectares,2.7
Area Farmed in June,2019,Pasture,South-West,000 Hectares,373.2
Area Farmed in June,2019,Potatoes,South-West,000 Hectares,0.8
Area Farmed in June,2019,Rough grazing in use,South-West,000 Hectares,131.0
Area Farmed in June,2019,Spring barley,South-West,000 Hectares,16.0
Area Farmed in June,2019,Spring oats,South-West,000 Hectares,1.4
Area Farmed in June,2019,Spring wheat,South-West,000 Hectares,0.7
Area Farmed in June,2019,Total barley,South-West,000 Hectares,28.7
Area Farmed in June,2019,Total cereals,South-West,000 Hectares,36.7
Area Farmed in June,2019,"Total crops, fruit and horticulture",South-West,000 Hectares,49.7
Area Farmed in June,2019,Total oats,South-West,000 Hectares,2.8
Area Farmed in June,2019,Total wheat,South-West,000 Hectares,5.2
Area Farmed in June,2019,Turnips,South-West,000 Hectares,0.1
Area Farmed in June,2019,Vegetables for sale,South-West,000 Hectares,0.3
Area Farmed in June,2019,Winter barley,South-West,000 Hectares,12.7
Area Farmed in June,2019,Winter oats,South-West,000 Hectares,1.4
Area Farmed in June,2019,Winter wheat,South-West,000 Hectares,4.5
Area Farmed in June,2019,Arable silage,Southern,000 Hectares,1.4
Area Farmed in June,2019,Area farmed (AAU),Southern,000 Hectares,2025.7
Area Farmed in June,2019,Beans and peas,Southern,000 Hectares,3.8
Area Farmed in June,2019,Beet,Southern,000 Hectares,6.7
Area Farmed in June,2019,Crops and pasture,Southern,000 Hectares,1829.4
Area Farmed in June,2019,Fodder rape and kale,Southern,000 Hectares,0.4
Area Farmed in June,2019,Fruit,Southern,000 Hectares,0.4
Area Farmed in June,2019,Grass silage,Southern,000 Hectares,559.8
Area Farmed in June,2019,Hay,Southern,000 Hectares,82.6
Area Farmed in June,2019,Maize silage,Southern,000 Hectares,10.7
Area Farmed in June,2019,"Nurseries, horticulture etc.",Southern,000 Hectares,0.3
Area Farmed in June,2019,Oilseed rape,Southern,000 Hectares,3.5
Area Farmed in June,2019,Other cereals,Southern,000 Hectares,0.4
Area Farmed in June,2019,Other crops,Southern,000 Hectares,10.2
Area Farmed in June,2019,Pasture,Southern,000 Hectares,1010.5
Area Farmed in June,2019,Potatoes,Southern,000 Hectares,2.9
Area Farmed in June,2019,Rough grazing in use,Southern,000 Hectares,196.3
Area Farmed in June,2019,Spring barley,Southern,000 Hectares,61.6
Area Farmed in June,2019,Spring oats,Southern,000 Hectares,4.3
Area Farmed in June,2019,Spring wheat,Southern,000 Hectares,1.8
Area Farmed in June,2019,Total barley,Southern,000 Hectares,101.7
Area Farmed in June,2019,Total cereals,Southern,000 Hectares,134.9
Area Farmed in June,2019,"Total crops, fruit and horticulture",Southern,000 Hectares,176.6
Area Farmed in June,2019,Total oats,Southern,000 Hectares,12.9
Area Farmed in June,2019,Total wheat,Southern,000 Hectares,19.9
Area Farmed in June,2019,Turnips,Southern,000 Hectares,0.3
Area Farmed in June,2019,Vegetables for sale,Southern,000 Hectares,1.1
Area Farmed in June,2019,Winter barley,Southern,000 Hectares,40.1
Area Farmed in June,2019,Winter oats,Southern,000 Hectares,8.6
Area Farmed in June,2019,Winter wheat,Southern,000 Hectares,18.1
Area Farmed in June,2019,Arable silage,State,000 Hectares,2.7
Area Farmed in June,2019,Area farmed (AAU),State,000 Hectares,4524.4
Area Farmed in June,2019,Beans and peas,State,000 Hectares,8.1
Area Farmed in June,2019,Beet,State,000 Hectares,9.9
Area Farmed in June,2019,Crops and pasture,State,000 Hectares,4002.8
Area Farmed in June,2019,Fodder rape and kale,State,000 Hectares,1.2
Area Farmed in June,2019,Fruit,State,000 Hectares,0.8
Area Farmed in June,2019,Grass silage,State,000 Hectares,1088.7
Area Farmed in June,2019,Hay,State,000 Hectares,180.8
Area Farmed in June,2019,Maize silage,State,000 Hectares,16.6
Area Farmed in June,2019,"Nurseries, horticulture etc.",State,000 Hectares,0.5
Area Farmed in June,2019,Oilseed rape,State,000 Hectares,9.2
Area Farmed in June,2019,Other cereals,State,000 Hectares,1.0
Area Farmed in June,2019,Other crops,State,000 Hectares,26.9
Area Farmed in June,2019,Pasture,State,000 Hectares,2376.7
Area Farmed in June,2019,Potatoes,State,000 Hectares,8.7
Area Farmed in June,2019,Rough grazing in use,State,000 Hectares,521.5
Area Farmed in June,2019,Spring barley,State,000 Hectares,96.5
Area Farmed in June,2019,Spring oats,State,000 Hectares,7.2
Area Farmed in June,2019,Spring wheat,State,000 Hectares,3.8
Area Farmed in June,2019,Total barley,State,000 Hectares,179.4
Area Farmed in June,2019,Total cereals,State,000 Hectares,267.7
Area Farmed in June,2019,"Total crops, fruit and horticulture",State,000 Hectares,356.7
Area Farmed in June,2019,Total oats,State,000 Hectares,23.8
Area Farmed in June,2019,Total wheat,State,000 Hectares,63.5
Area Farmed in June,2019,Turnips,State,000 Hectares,0.8
Area Farmed in June,2019,Vegetables for sale,State,000 Hectares,3.6
Area Farmed in June,2019,Winter barley,State,000 Hectares,82.8
Area Farmed in June,2019,Winter oats,State,000 Hectares,16.6
Area Farmed in June,2019,Winter wheat,State,000 Hectares,59.7
Area Farmed in June,2019,Arable silage,West,000 Hectares,0.2
Area Farmed in June,2019,Area farmed (AAU),West,000 Hectares,847.2
Area Farmed in June,2019,Beans and peas,West,000 Hectares,0.0
Area Farmed in June,2019,Beet,West,000 Hectares,0.2
Area Farmed in June,2019,Crops and pasture,West,000 Hectares,728.1
Area Farmed in June,2019,Fodder rape and kale,West,000 Hectares,0.2
Area Farmed in June,2019,Fruit,West,000 Hectares,0.0
Area Farmed in June,2019,Grass silage,West,000 Hectares,177.9
Area Farmed in June,2019,Hay,West,000 Hectares,28.7
Area Farmed in June,2019,Maize silage,West,000 Hectares,0.1
Area Farmed in June,2019,"Nurseries, horticulture etc.",West,000 Hectares,0.0
Area Farmed in June,2019,Oilseed rape,West,000 Hectares,0.0
Area Farmed in June,2019,Other cereals,West,000 Hectares,0.0
Area Farmed in June,2019,Other crops,West,000 Hectares,5.1
Area Farmed in June,2019,Pasture,West,000 Hectares,511.6
Area Farmed in June,2019,Potatoes,West,000 Hectares,0.1
Area Farmed in June,2019,Rough grazing in use,West,000 Hectares,119.1
Area Farmed in June,2019,Spring barley,West,000 Hectares,1.8
Area Farmed in June,2019,Spring oats,West,000 Hectares,0.6
Area Farmed in June,2019,Spring wheat,West,000 Hectares,0.1
Area Farmed in June,2019,Total barley,West,000 Hectares,2.8
Area Farmed in June,2019,Total cereals,West,000 Hectares,3.8
Area Farmed in June,2019,"Total crops, fruit and horticulture",West,000 Hectares,9.9
Area Farmed in June,2019,Total oats,West,000 Hectares,0.7
Area Farmed in June,2019,Total wheat,West,000 Hectares,0.3
Area Farmed in June,2019,Turnips,West,000 Hectares,0.1
Area Farmed in June,2019,Vegetables for sale,West,000 Hectares,0.1
Area Farmed in June,2019,Winter barley,West,000 Hectares,1.0
Area Farmed in June,2019,Winter oats,West,000 Hectares,0.2
Area Farmed in June,2019,Winter wheat,West,000 Hectares,0.2
Area Farmed in June,2020,Arable silage,Border,000 Hectares,0.5
Area Farmed in June,2020,Area farmed (AAU),Border,000 Hectares,695.4
Area Farmed in June,2020,Beans and peas,Border,000 Hectares,0.0
Area Farmed in June,2020,Beet,Border,000 Hectares,0.0
Area Farmed in June,2020,Crops and pasture,Border,000 Hectares,566.9
Area Farmed in June,2020,Fodder rape and kale,Border,000 Hectares,0.0
Area Farmed in June,2020,Fruit,Border,000 Hectares,0.0
Area Farmed in June,2020,Grass silage,Border,000 Hectares,171.1
Area Farmed in June,2020,Hay,Border,000 Hectares,24.4
Area Farmed in June,2020,Maize silage,Border,000 Hectares,0.2
Area Farmed in June,2020,"Nurseries, horticulture etc.",Border,000 Hectares,0.0
Area Farmed in June,2020,Oilseed rape,Border,000 Hectares,0.0
Area Farmed in June,2020,Other cereals,Border,000 Hectares,0.1
Area Farmed in June,2020,Other crops,Border,000 Hectares,2.9
Area Farmed in June,2020,Pasture,Border,000 Hectares,361.9
Area Farmed in June,2020,Potatoes,Border,000 Hectares,0.9
Area Farmed in June,2020,Rough grazing in use,Border,000 Hectares,128.5
Area Farmed in June,2020,Spring barley,Border,000 Hectares,2.2
Area Farmed in June,2020,Spring oats,Border,000 Hectares,0.4
Area Farmed in June,2020,Spring wheat,Border,000 Hectares,0.2
Area Farmed in June,2020,Total barley,Border,000 Hectares,3.6
Area Farmed in June,2020,Total cereals,Border,000 Hectares,4.9
Area Farmed in June,2020,"Total crops, fruit and horticulture",Border,000 Hectares,9.5
Area Farmed in June,2020,Total oats,Border,000 Hectares,0.6
Area Farmed in June,2020,Total wheat,Border,000 Hectares,0.6
Area Farmed in June,2020,Turnips,Border,000 Hectares,0.0
Area Farmed in June,2020,Vegetables for sale,Border,000 Hectares,0.0
Area Farmed in June,2020,Winter barley,Border,000 Hectares,1.4
Area Farmed in June,2020,Winter oats,Border,000 Hectares,0.2
Area Farmed in June,2020,Winter wheat,Border,000 Hectares,0.5
Area Farmed in June,2020,Arable silage,Dublin and Mid-East,000 Hectares,0.3
Area Farmed in June,2020,Area farmed (AAU),Dublin and Mid-East,000 Hectares,501.9
Area Farmed in June,2020,Beans and peas,Dublin and Mid-East,000 Hectares,6.0
Area Farmed in June,2020,Beet,Dublin and Mid-East,000 Hectares,1.3
Area Farmed in June,2020,Crops and pasture,Dublin and Mid-East,000 Hectares,482.2
Area Farmed in June,2020,Fodder rape and kale,Dublin and Mid-East,000 Hectares,0.3
Area Farmed in June,2020,Fruit,Dublin and Mid-East,000 Hectares,0.3
Area Farmed in June,2020,Grass silage,Dublin and Mid-East,000 Hectares,105.0
Area Farmed in June,2020,Hay,Dublin and Mid-East,000 Hectares,21.0
Area Farmed in June,2020,Maize silage,Dublin and Mid-East,000 Hectares,3.9
Area Farmed in June,2020,"Nurseries, horticulture etc.",Dublin and Mid-East,000 Hectares,0.1
Area Farmed in June,2020,Oilseed rape,Dublin and Mid-East,000 Hectares,5.7
Area Farmed in June,2020,Other cereals,Dublin and Mid-East,000 Hectares,0.3
Area Farmed in June,2020,Other crops,Dublin and Mid-East,000 Hectares,5.0
Area Farmed in June,2020,Pasture,Dublin and Mid-East,000 Hectares,232.8
Area Farmed in June,2020,Potatoes,Dublin and Mid-East,000 Hectares,4.8
Area Farmed in June,2020,Rough grazing in use,Dublin and Mid-East,000 Hectares,19.7
Area Farmed in June,2020,Spring barley,Dublin and Mid-East,000 Hectares,38.7
Area Farmed in June,2020,Spring oats,Dublin and Mid-East,000 Hectares,6.2
Area Farmed in June,2020,Spring wheat,Dublin and Mid-East,000 Hectares,6.3
Area Farmed in June,2020,Total barley,Dublin and Mid-East,000 Hectares,56.6
Area Farmed in June,2020,Total cereals,Dublin and Mid-East,000 Hectares,93.1
Area Farmed in June,2020,"Total crops, fruit and horticulture",Dublin and Mid-East,000 Hectares,123.3
Area Farmed in June,2020,Total oats,Dublin and Mid-East,000 Hectares,8.9
Area Farmed in June,2020,Total wheat,Dublin and Mid-East,000 Hectares,27.4
Area Farmed in June,2020,Turnips,Dublin and Mid-East,000 Hectares,0.3
Area Farmed in June,2020,Vegetables for sale,Dublin and Mid-East,000 Hectares,2.3
Area Farmed in June,2020,Winter barley,Dublin and Mid-East,000 Hectares,17.9
Area Farmed in June,2020,Winter oats,Dublin and Mid-East,000 Hectares,2.6
Area Farmed in June,2020,Winter wheat,Dublin and Mid-East,000 Hectares,21.1
Area Farmed in June,2020,Arable silage,Eastern and Midland,000 Hectares,0.6
Area Farmed in June,2020,Area farmed (AAU),Eastern and Midland,000 Hectares,952.4
Area Farmed in June,2020,Beans and peas,Eastern and Midland,000 Hectares,7.2
Area Farmed in June,2020,Beet,Eastern and Midland,000 Hectares,2.7
Area Farmed in June,2020,Crops and pasture,Eastern and Midland,000 Hectares,918.4
Area Farmed in June,2020,Fodder rape and kale,Eastern and Midland,000 Hectares,0.5
Area Farmed in June,2020,Fruit,Eastern and Midland,000 Hectares,0.3
Area Farmed in June,2020,Grass silage,Eastern and Midland,000 Hectares,236.3
Area Farmed in June,2020,Hay,Eastern and Midland,000 Hectares,41.3
Area Farmed in June,2020,Maize silage,Eastern and Midland,000 Hectares,5.0
Area Farmed in June,2020,"Nurseries, horticulture etc.",Eastern and Midland,000 Hectares,0.1
Area Farmed in June,2020,Oilseed rape,Eastern and Midland,000 Hectares,6.9
Area Farmed in June,2020,Other cereals,Eastern and Midland,000 Hectares,0.5
Area Farmed in June,2020,Other crops,Eastern and Midland,000 Hectares,8.9
Area Farmed in June,2020,Pasture,Eastern and Midland,000 Hectares,478.8
Area Farmed in June,2020,Potatoes,Eastern and Midland,000 Hectares,4.9
Area Farmed in June,2020,Rough grazing in use,Eastern and Midland,000 Hectares,34.0
Area Farmed in June,2020,Spring barley,Eastern and Midland,000 Hectares,55.9
Area Farmed in June,2020,Spring oats,Eastern and Midland,000 Hectares,7.7
Area Farmed in June,2020,Spring wheat,Eastern and Midland,000 Hectares,6.7
Area Farmed in June,2020,Total barley,Eastern and Midland,000 Hectares,79.6
Area Farmed in June,2020,Total cereals,Eastern and Midland,000 Hectares,121.8
Area Farmed in June,2020,"Total crops, fruit and horticulture",Eastern and Midland,000 Hectares,161.9
Area Farmed in June,2020,Total oats,Eastern and Midland,000 Hectares,11.3
Area Farmed in June,2020,Total wheat,Eastern and Midland,000 Hectares,30.5
Area Farmed in June,2020,Turnips,Eastern and Midland,000 Hectares,0.4
Area Farmed in June,2020,Vegetables for sale,Eastern and Midland,000 Hectares,2.5
Area Farmed in June,2020,Winter barley,Eastern and Midland,000 Hectares,23.8
Area Farmed in June,2020,Winter oats,Eastern and Midland,000 Hectares,3.6
Area Farmed in June,2020,Winter wheat,Eastern and Midland,000 Hectares,23.8
Area Farmed in June,2020,Arable silage,Mid-West,000 Hectares,0.2
Area Farmed in June,2020,Area farmed (AAU),Mid-West,000 Hectares,720.8
Area Farmed in June,2020,Beans and peas,Mid-West,000 Hectares,0.8
Area Farmed in June,2020,Beet,Mid-West,000 Hectares,0.7
Area Farmed in June,2020,Crops and pasture,Mid-West,000 Hectares,674.4
Area Farmed in June,2020,Fodder rape and kale,Mid-West,000 Hectares,0.1
Area Farmed in June,2020,Fruit,Mid-West,000 Hectares,0.1
Area Farmed in June,2020,Grass silage,Mid-West,000 Hectares,219.3
Area Farmed in June,2020,Hay,Mid-West,000 Hectares,29.4
Area Farmed in June,2020,Maize silage,Mid-West,000 Hectares,1.0
Area Farmed in June,2020,"Nurseries, horticulture etc.",Mid-West,000 Hectares,0.0
Area Farmed in June,2020,Oilseed rape,Mid-West,000 Hectares,0.9
Area Farmed in June,2020,Other cereals,Mid-West,000 Hectares,0.2
Area Farmed in June,2020,Other crops,Mid-West,000 Hectares,2.4
Area Farmed in June,2020,Pasture,Mid-West,000 Hectares,398.3
Area Farmed in June,2020,Potatoes,Mid-West,000 Hectares,0.3
Area Farmed in June,2020,Rough grazing in use,Mid-West,000 Hectares,46.4
Area Farmed in June,2020,Spring barley,Mid-West,000 Hectares,8.9
Area Farmed in June,2020,Spring oats,Mid-West,000 Hectares,1.4
Area Farmed in June,2020,Spring wheat,Mid-West,000 Hectares,0.5
Area Farmed in June,2020,Total barley,Mid-West,000 Hectares,15.3
Area Farmed in June,2020,Total cereals,Mid-West,000 Hectares,20.9
Area Farmed in June,2020,"Total crops, fruit and horticulture",Mid-West,000 Hectares,27.4
Area Farmed in June,2020,Total oats,Mid-West,000 Hectares,2.6
Area Farmed in June,2020,Total wheat,Mid-West,000 Hectares,2.8
Area Farmed in June,2020,Turnips,Mid-West,000 Hectares,0.0
Area Farmed in June,2020,Vegetables for sale,Mid-West,000 Hectares,0.0
Area Farmed in June,2020,Winter barley,Mid-West,000 Hectares,6.3
Area Farmed in June,2020,Winter oats,Mid-West,000 Hectares,1.2
Area Farmed in June,2020,Winter wheat,Mid-West,000 Hectares,2.3
Area Farmed in June,2020,Arable silage,Midland,000 Hectares,0.4
Area Farmed in June,2020,Area farmed (AAU),Midland,000 Hectares,450.5
Area Farmed in June,2020,Beans and peas,Midland,000 Hectares,1.3
Area Farmed in June,2020,Beet,Midland,000 Hectares,1.4
Area Farmed in June,2020,Crops and pasture,Midland,000 Hectares,436.2
Area Farmed in June,2020,Fodder rape and kale,Midland,000 Hectares,0.3
Area Farmed in June,2020,Fruit,Midland,000 Hectares,0.0
Area Farmed in June,2020,Grass silage,Midland,000 Hectares,131.4
Area Farmed in June,2020,Hay,Midland,000 Hectares,20.3
Area Farmed in June,2020,Maize silage,Midland,000 Hectares,1.1
Area Farmed in June,2020,"Nurseries, horticulture etc.",Midland,000 Hectares,0.0
Area Farmed in June,2020,Oilseed rape,Midland,000 Hectares,1.2
Area Farmed in June,2020,Other cereals,Midland,000 Hectares,0.1
Area Farmed in June,2020,Other crops,Midland,000 Hectares,3.9
Area Farmed in June,2020,Pasture,Midland,000 Hectares,246.0
Area Farmed in June,2020,Potatoes,Midland,000 Hectares,0.2
Area Farmed in June,2020,Rough grazing in use,Midland,000 Hectares,14.3
Area Farmed in June,2020,Spring barley,Midland,000 Hectares,17.2
Area Farmed in June,2020,Spring oats,Midland,000 Hectares,1.5
Area Farmed in June,2020,Spring wheat,Midland,000 Hectares,0.4
Area Farmed in June,2020,Total barley,Midland,000 Hectares,23.1
Area Farmed in June,2020,Total cereals,Midland,000 Hectares,28.7
Area Farmed in June,2020,"Total crops, fruit and horticulture",Midland,000 Hectares,38.6
Area Farmed in June,2020,Total oats,Midland,000 Hectares,2.4
Area Farmed in June,2020,Total wheat,Midland,000 Hectares,3.1
Area Farmed in June,2020,Turnips,Midland,000 Hectares,0.0
Area Farmed in June,2020,Vegetables for sale,Midland,000 Hectares,0.2
Area Farmed in June,2020,Winter barley,Midland,000 Hectares,5.9
Area Farmed in June,2020,Winter oats,Midland,000 Hectares,1.0
Area Farmed in June,2020,Winter wheat,Midland,000 Hectares,2.7
Area Farmed in June,2020,Arable silage,Northern and Western,000 Hectares,0.7
Area Farmed in June,2020,Area farmed (AAU),Northern and Western,000 Hectares,1487.3
Area Farmed in June,2020,Beans and peas,Northern and Western,000 Hectares,0.0
Area Farmed in June,2020,Beet,Northern and Western,000 Hectares,0.3
Area Farmed in June,2020,Crops and pasture,Northern and Western,000 Hectares,1235.3
Area Farmed in June,2020,Fodder rape and kale,Northern and Western,000 Hectares,0.2
Area Farmed in June,2020,Fruit,Northern and Western,000 Hectares,0.0
Area Farmed in June,2020,Grass silage,Northern and Western,000 Hectares,373.7
Area Farmed in June,2020,Hay,Northern and Western,000 Hectares,58.6
Area Farmed in June,2020,Maize silage,Northern and Western,000 Hectares,0.2
Area Farmed in June,2020,"Nurseries, horticulture etc.",Northern and Western,000 Hectares,0.0
Area Farmed in June,2020,Oilseed rape,Northern and Western,000 Hectares,0.0
Area Farmed in June,2020,Other cereals,Northern and Western,000 Hectares,0.1
Area Farmed in June,2020,Other crops,Northern and Western,000 Hectares,8.0
Area Farmed in June,2020,Pasture,Northern and Western,000 Hectares,783.8
Area Farmed in June,2020,Potatoes,Northern and Western,000 Hectares,1.0
Area Farmed in June,2020,Rough grazing in use,Northern and Western,000 Hectares,252.0
Area Farmed in June,2020,Spring barley,Northern and Western,000 Hectares,4.5
Area Farmed in June,2020,Spring oats,Northern and Western,000 Hectares,1.0
Area Farmed in June,2020,Spring wheat,Northern and Western,000 Hectares,0.2
Area Farmed in June,2020,Total barley,Northern and Western,000 Hectares,6.4
Area Farmed in June,2020,Total cereals,Northern and Western,000 Hectares,8.5
Area Farmed in June,2020,"Total crops, fruit and horticulture",Northern and Western,000 Hectares,19.2
Area Farmed in June,2020,Total oats,Northern and Western,000 Hectares,1.3
Area Farmed in June,2020,Total wheat,Northern and Western,000 Hectares,0.8
Area Farmed in June,2020,Turnips,Northern and Western,000 Hectares,0.1
Area Farmed in June,2020,Vegetables for sale,Northern and Western,000 Hectares,0.1
Area Farmed in June,2020,Winter barley,Northern and Western,000 Hectares,1.9
Area Farmed in June,2020,Winter oats,Northern and Western,000 Hectares,0.3
Area Farmed in June,2020,Winter wheat,Northern and Western,000 Hectares,0.6
Area Farmed in June,2020,Arable silage,South-East,000 Hectares,0.5
Area Farmed in June,2020,Area farmed (AAU),South-East,000 Hectares,537.3
Area Farmed in June,2020,Beans and peas,South-East,000 Hectares,4.5
Area Farmed in June,2020,Beet,South-East,000 Hectares,3.1
Area Farmed in June,2020,Crops and pasture,South-East,000 Hectares,523.1
Area Farmed in June,2020,Fodder rape and kale,South-East,000 Hectares,0.2
Area Farmed in June,2020,Fruit,South-East,000 Hectares,0.3
Area Farmed in June,2020,Grass silage,South-East,000 Hectares,147.9
Area Farmed in June,2020,Hay,South-East,000 Hectares,18.8
Area Farmed in June,2020,Maize silage,South-East,000 Hectares,4.8
Area Farmed in June,2020,"Nurseries, horticulture etc.",South-East,000 Hectares,0.3
Area Farmed in June,2020,Oilseed rape,South-East,000 Hectares,2.3
Area Farmed in June,2020,Other cereals,South-East,000 Hectares,0.2
Area Farmed in June,2020,Other crops,South-East,000 Hectares,4.8
Area Farmed in June,2020,Pasture,South-East,000 Hectares,255.1
Area Farmed in June,2020,Potatoes,South-East,000 Hectares,1.9
Area Farmed in June,2020,Rough grazing in use,South-East,000 Hectares,14.2
Area Farmed in June,2020,Spring barley,South-East,000 Hectares,50.9
Area Farmed in June,2020,Spring oats,South-East,000 Hectares,5.1
Area Farmed in June,2020,Spring wheat,South-East,000 Hectares,3.0
Area Farmed in June,2020,Total barley,South-East,000 Hectares,61.3
Area Farmed in June,2020,Total cereals,South-East,000 Hectares,77.7
Area Farmed in June,2020,"Total crops, fruit and horticulture",South-East,000 Hectares,101.3
Area Farmed in June,2020,Total oats,South-East,000 Hectares,7.7
Area Farmed in June,2020,Total wheat,South-East,000 Hectares,8.5
Area Farmed in June,2020,Turnips,South-East,000 Hectares,0.2
Area Farmed in June,2020,Vegetables for sale,South-East,000 Hectares,0.7
Area Farmed in June,2020,Winter barley,South-East,000 Hectares,10.4
Area Farmed in June,2020,Winter oats,South-East,000 Hectares,2.6
Area Farmed in June,2020,Winter wheat,South-East,000 Hectares,5.6
Area Farmed in June,2020,Arable silage,South-West,000 Hectares,0.4
Area Farmed in June,2020,Area farmed (AAU),South-West,000 Hectares,813.8
Area Farmed in June,2020,Beans and peas,South-West,000 Hectares,1.2
Area Farmed in June,2020,Beet,South-West,000 Hectares,2.2
Area Farmed in June,2020,Crops and pasture,South-West,000 Hectares,688.7
Area Farmed in June,2020,Fodder rape and kale,South-West,000 Hectares,0.1
Area Farmed in June,2020,Fruit,South-West,000 Hectares,0.0
Area Farmed in June,2020,Grass silage,South-West,000 Hectares,221.8
Area Farmed in June,2020,Hay,South-West,000 Hectares,21.6
Area Farmed in June,2020,Maize silage,South-West,000 Hectares,3.8
Area Farmed in June,2020,"Nurseries, horticulture etc.",South-West,000 Hectares,0.1
Area Farmed in June,2020,Oilseed rape,South-West,000 Hectares,0.3
Area Farmed in June,2020,Other cereals,South-West,000 Hectares,0.1
Area Farmed in June,2020,Other crops,South-West,000 Hectares,2.7
Area Farmed in June,2020,Pasture,South-West,000 Hectares,395.6
Area Farmed in June,2020,Potatoes,South-West,000 Hectares,0.8
Area Farmed in June,2020,Rough grazing in use,South-West,000 Hectares,125.1
Area Farmed in June,2020,Spring barley,South-West,000 Hectares,21.6
Area Farmed in June,2020,Spring oats,South-West,000 Hectares,2.0
Area Farmed in June,2020,Spring wheat,South-West,000 Hectares,1.2
Area Farmed in June,2020,Total barley,South-West,000 Hectares,30.6
Area Farmed in June,2020,Total cereals,South-West,000 Hectares,37.6
Area Farmed in June,2020,"Total crops, fruit and horticulture",South-West,000 Hectares,49.7
Area Farmed in June,2020,Total oats,South-West,000 Hectares,2.5
Area Farmed in June,2020,Total wheat,South-West,000 Hectares,4.4
Area Farmed in June,2020,Turnips,South-West,000 Hectares,0.1
Area Farmed in June,2020,Vegetables for sale,South-West,000 Hectares,0.4
Area Farmed in June,2020,Winter barley,South-West,000 Hectares,9.1
Area Farmed in June,2020,Winter oats,South-West,000 Hectares,0.6
Area Farmed in June,2020,Winter wheat,South-West,000 Hectares,3.2
Area Farmed in June,2020,Arable silage,Southern,000 Hectares,1.2
Area Farmed in June,2020,Area farmed (AAU),Southern,000 Hectares,2071.8
Area Farmed in June,2020,Beans and peas,Southern,000 Hectares,6.5
Area Farmed in June,2020,Beet,Southern,000 Hectares,6.0
Area Farmed in June,2020,Crops and pasture,Southern,000 Hectares,1886.1
Area Farmed in June,2020,Fodder rape and kale,Southern,000 Hectares,0.5
Area Farmed in June,2020,Fruit,Southern,000 Hectares,0.4
Area Farmed in June,2020,Grass silage,Southern,000 Hectares,589.0
Area Farmed in June,2020,Hay,Southern,000 Hectares,69.8
Area Farmed in June,2020,Maize silage,Southern,000 Hectares,9.6
Area Farmed in June,2020,"Nurseries, horticulture etc.",Southern,000 Hectares,0.4
Area Farmed in June,2020,Oilseed rape,Southern,000 Hectares,3.4
Area Farmed in June,2020,Other cereals,Southern,000 Hectares,0.5
Area Farmed in June,2020,Other crops,Southern,000 Hectares,9.9
Area Farmed in June,2020,Pasture,Southern,000 Hectares,1049.0
Area Farmed in June,2020,Potatoes,Southern,000 Hectares,3.0
Area Farmed in June,2020,Rough grazing in use,Southern,000 Hectares,185.7
Area Farmed in June,2020,Spring barley,Southern,000 Hectares,81.4
Area Farmed in June,2020,Spring oats,Southern,000 Hectares,8.4
Area Farmed in June,2020,Spring wheat,Southern,000 Hectares,4.7
Area Farmed in June,2020,Total barley,Southern,000 Hectares,107.2
Area Farmed in June,2020,Total cereals,Southern,000 Hectares,136.2
Area Farmed in June,2020,"Total crops, fruit and horticulture",Southern,000 Hectares,178.4
Area Farmed in June,2020,Total oats,Southern,000 Hectares,12.8
Area Farmed in June,2020,Total wheat,Southern,000 Hectares,15.7
Area Farmed in June,2020,Turnips,Southern,000 Hectares,0.3
Area Farmed in June,2020,Vegetables for sale,Southern,000 Hectares,1.1
Area Farmed in June,2020,Winter barley,Southern,000 Hectares,25.8
Area Farmed in June,2020,Winter oats,Southern,000 Hectares,4.4
Area Farmed in June,2020,Winter wheat,Southern,000 Hectares,11.1
Area Farmed in June,2020,Arable silage,State,000 Hectares,2.5
Area Farmed in June,2020,Area farmed (AAU),State,000 Hectares,4511.6
Area Farmed in June,2020,Beans and peas,State,000 Hectares,13.7
Area Farmed in June,2020,Beet,State,000 Hectares,9.1
Area Farmed in June,2020,Crops and pasture,State,000 Hectares,4039.8
Area Farmed in June,2020,Fodder rape and kale,State,000 Hectares,1.2
Area Farmed in June,2020,Fruit,State,000 Hectares,0.8
Area Farmed in June,2020,Grass silage,State,000 Hectares,1199.0
Area Farmed in June,2020,Hay,State,000 Hectares,169.7
Area Farmed in June,2020,Maize silage,State,000 Hectares,14.8
Area Farmed in June,2020,"Nurseries, horticulture etc.",State,000 Hectares,0.5
Area Farmed in June,2020,Oilseed rape,State,000 Hectares,10.3
Area Farmed in June,2020,Other cereals,State,000 Hectares,1.0
Area Farmed in June,2020,Other crops,State,000 Hectares,26.8
Area Farmed in June,2020,Pasture,State,000 Hectares,2311.5
Area Farmed in June,2020,Potatoes,State,000 Hectares,8.9
Area Farmed in June,2020,Rough grazing in use,State,000 Hectares,471.8
Area Farmed in June,2020,Spring barley,State,000 Hectares,141.7
Area Farmed in June,2020,Spring oats,State,000 Hectares,17.2
Area Farmed in June,2020,Spring wheat,State,000 Hectares,11.5
Area Farmed in June,2020,Total barley,State,000 Hectares,193.2
Area Farmed in June,2020,Total cereals,State,000 Hectares,266.6
Area Farmed in June,2020,"Total crops, fruit and horticulture",State,000 Hectares,359.6
Area Farmed in June,2020,Total oats,State,000 Hectares,25.4
Area Farmed in June,2020,Total wheat,State,000 Hectares,47.0
Area Farmed in June,2020,Turnips,State,000 Hectares,0.8
Area Farmed in June,2020,Vegetables for sale,State,000 Hectares,3.7
Area Farmed in June,2020,Winter barley,State,000 Hectares,51.5
Area Farmed in June,2020,Winter oats,State,000 Hectares,8.3
Area Farmed in June,2020,Winter wheat,State,000 Hectares,35.4
Area Farmed in June,2020,Arable silage,West,000 Hectares,0.2
Area Farmed in June,2020,Area farmed (AAU),West,000 Hectares,792.0
Area Farmed in June,2020,Beans and peas,West,000 Hectares,0.0
Area Farmed in June,2020,Beet,West,000 Hectares,0.3
Area Farmed in June,2020,Crops and pasture,West,000 Hectares,668.4
Area Farmed in June,2020,Fodder rape and kale,West,000 Hectares,0.2
Area Farmed in June,2020,Fruit,West,000 Hectares,0.0
Area Farmed in June,2020,Grass silage,West,000 Hectares,202.5
Area Farmed in June,2020,Hay,West,000 Hectares,34.2
Area Farmed in June,2020,Maize silage,West,000 Hectares,0.1
Area Farmed in June,2020,"Nurseries, horticulture etc.",West,000 Hectares,0.0
Area Farmed in June,2020,Oilseed rape,West,000 Hectares,0.0
Area Farmed in June,2020,Other cereals,West,000 Hectares,0.0
Area Farmed in June,2020,Other crops,West,000 Hectares,5.1
Area Farmed in June,2020,Pasture,West,000 Hectares,421.9
Area Farmed in June,2020,Potatoes,West,000 Hectares,0.0
Area Farmed in June,2020,Rough grazing in use,West,000 Hectares,123.6
Area Farmed in June,2020,Spring barley,West,000 Hectares,2.2
Area Farmed in June,2020,Spring oats,West,000 Hectares,0.6
Area Farmed in June,2020,Spring wheat,West,000 Hectares,0.0
Area Farmed in June,2020,Total barley,West,000 Hectares,2.8
Area Farmed in June,2020,Total cereals,West,000 Hectares,3.7
Area Farmed in June,2020,"Total crops, fruit and horticulture",West,000 Hectares,9.7
Area Farmed in June,2020,Total oats,West,000 Hectares,0.7
Area Farmed in June,2020,Total wheat,West,000 Hectares,0.1
Area Farmed in June,2020,Turnips,West,000 Hectares,0.1
Area Farmed in June,2020,Vegetables for sale,West,000 Hectares,0.1
Area Farmed in June,2020,Winter barley,West,000 Hectares,0.6
Area Farmed in June,2020,Winter oats,West,000 Hectares,0.1
Area Farmed in June,2020,Winter wheat,West,000 Hectares,0.1
Area Farmed in June,2021,Arable silage,Border,000 Hectares,0.1
Area Farmed in June,2021,Area farmed (AAU),Border,000 Hectares,668.7
Area Farmed in June,2021,Beans and peas,Border,000 Hectares,0.0
Area Farmed in June,2021,Beet,Border,000 Hectares,0.0
Area Farmed in June,2021,Crops and pasture,Border,000 Hectares,541.3
Area Farmed in June,2021,Fodder rape and kale,Border,000 Hectares,0.0
Area Farmed in June,2021,Fruit,Border,000 Hectares,0.0
Area Farmed in June,2021,Grass silage,Border,000 Hectares,174.3
Area Farmed in June,2021,Hay,Border,000 Hectares,12.4
Area Farmed in June,2021,Maize silage,Border,000 Hectares,0.2
Area Farmed in June,2021,"Nurseries, horticulture etc.",Border,000 Hectares,0.0
Area Farmed in June,2021,Oilseed rape,Border,000 Hectares,0.0
Area Farmed in June,2021,Other cereals,Border,000 Hectares,0.1
Area Farmed in June,2021,Other crops,Border,000 Hectares,2.6
Area Farmed in June,2021,Pasture,Border,000 Hectares,345.6
Area Farmed in June,2021,Potatoes,Border,000 Hectares,0.9
Area Farmed in June,2021,Rough grazing in use,Border,000 Hectares,127.4
Area Farmed in June,2021,Spring barley,Border,000 Hectares,2.3
Area Farmed in June,2021,Spring oats,Border,000 Hectares,0.5
Area Farmed in June,2021,Spring wheat,Border,000 Hectares,0.2
Area Farmed in June,2021,Total barley,Border,000 Hectares,3.7
Area Farmed in June,2021,Total cereals,Border,000 Hectares,5.0
Area Farmed in June,2021,"Total crops, fruit and horticulture",Border,000 Hectares,9.0
Area Farmed in June,2021,Total oats,Border,000 Hectares,0.7
Area Farmed in June,2021,Total wheat,Border,000 Hectares,0.6
Area Farmed in June,2021,Turnips,Border,000 Hectares,0.0
Area Farmed in June,2021,Vegetables for sale,Border,000 Hectares,0.1
Area Farmed in June,2021,Winter barley,Border,000 Hectares,1.4
Area Farmed in June,2021,Winter oats,Border,000 Hectares,0.2
Area Farmed in June,2021,Winter wheat,Border,000 Hectares,0.4
Area Farmed in June,2021,Arable silage,Dublin and Mid-East,000 Hectares,0.1
Area Farmed in June,2021,Area farmed (AAU),Dublin and Mid-East,000 Hectares,473.4
Area Farmed in June,2021,Beans and peas,Dublin and Mid-East,000 Hectares,3.8
Area Farmed in June,2021,Beet,Dublin and Mid-East,000 Hectares,1.4
Area Farmed in June,2021,Crops and pasture,Dublin and Mid-East,000 Hectares,455.3
Area Farmed in June,2021,Fodder rape and kale,Dublin and Mid-East,000 Hectares,0.3
Area Farmed in June,2021,Fruit,Dublin and Mid-East,000 Hectares,0.4
Area Farmed in June,2021,Grass silage,Dublin and Mid-East,000 Hectares,103.8
Area Farmed in June,2021,Hay,Dublin and Mid-East,000 Hectares,20.0
Area Farmed in June,2021,Maize silage,Dublin and Mid-East,000 Hectares,3.9
Area Farmed in June,2021,"Nurseries, horticulture etc.",Dublin and Mid-East,000 Hectares,0.1
Area Farmed in June,2021,Oilseed rape,Dublin and Mid-East,000 Hectares,6.5
Area Farmed in June,2021,Other cereals,Dublin and Mid-East,000 Hectares,0.4
Area Farmed in June,2021,Other crops,Dublin and Mid-East,000 Hectares,4.3
Area Farmed in June,2021,Pasture,Dublin and Mid-East,000 Hectares,207.9
Area Farmed in June,2021,Potatoes,Dublin and Mid-East,000 Hectares,4.8
Area Farmed in June,2021,Rough grazing in use,Dublin and Mid-East,000 Hectares,18.1
Area Farmed in June,2021,Spring barley,Dublin and Mid-East,000 Hectares,26.0
Area Farmed in June,2021,Spring oats,Dublin and Mid-East,000 Hectares,4.0
Area Farmed in June,2021,Spring wheat,Dublin and Mid-East,000 Hectares,2.5
Area Farmed in June,2021,Total barley,Dublin and Mid-East,000 Hectares,50.2
Area Farmed in June,2021,Total cereals,Dublin and Mid-East,000 Hectares,95.4
Area Farmed in June,2021,"Total crops, fruit and horticulture",Dublin and Mid-East,000 Hectares,123.5
Area Farmed in June,2021,Total oats,Dublin and Mid-East,000 Hectares,9.3
Area Farmed in June,2021,Total wheat,Dublin and Mid-East,000 Hectares,35.4
Area Farmed in June,2021,Turnips,Dublin and Mid-East,000 Hectares,0.3
Area Farmed in June,2021,Vegetables for sale,Dublin and Mid-East,000 Hectares,2.2
Area Farmed in June,2021,Winter barley,Dublin and Mid-East,000 Hectares,24.2
Area Farmed in June,2021,Winter oats,Dublin and Mid-East,000 Hectares,5.3
Area Farmed in June,2021,Winter wheat,Dublin and Mid-East,000 Hectares,32.9
Area Farmed in June,2021,Arable silage,Eastern and Midland,000 Hectares,0.3
Area Farmed in June,2021,Area farmed (AAU),Eastern and Midland,000 Hectares,904.4
Area Farmed in June,2021,Beans and peas,Eastern and Midland,000 Hectares,4.7
Area Farmed in June,2021,Beet,Eastern and Midland,000 Hectares,2.9
Area Farmed in June,2021,Crops and pasture,Eastern and Midland,000 Hectares,865.3
Area Farmed in June,2021,Fodder rape and kale,Eastern and Midland,000 Hectares,0.5
Area Farmed in June,2021,Fruit,Eastern and Midland,000 Hectares,0.4
Area Farmed in June,2021,Grass silage,Eastern and Midland,000 Hectares,225.6
Area Farmed in June,2021,Hay,Eastern and Midland,000 Hectares,37.2
Area Farmed in June,2021,Maize silage,Eastern and Midland,000 Hectares,5.1
Area Farmed in June,2021,"Nurseries, horticulture etc.",Eastern and Midland,000 Hectares,0.1
Area Farmed in June,2021,Oilseed rape,Eastern and Midland,000 Hectares,7.6
Area Farmed in June,2021,Other cereals,Eastern and Midland,000 Hectares,0.7
Area Farmed in June,2021,Other crops,Eastern and Midland,000 Hectares,8.0
Area Farmed in June,2021,Pasture,Eastern and Midland,000 Hectares,439.9
Area Farmed in June,2021,Potatoes,Eastern and Midland,000 Hectares,5.0
Area Farmed in June,2021,Rough grazing in use,Eastern and Midland,000 Hectares,39.1
Area Farmed in June,2021,Spring barley,Eastern and Midland,000 Hectares,40.0
Area Farmed in June,2021,Spring oats,Eastern and Midland,000 Hectares,5.2
Area Farmed in June,2021,Spring wheat,Eastern and Midland,000 Hectares,2.8
Area Farmed in June,2021,Total barley,Eastern and Midland,000 Hectares,72.5
Area Farmed in June,2021,Total cereals,Eastern and Midland,000 Hectares,125.2
Area Farmed in June,2021,"Total crops, fruit and horticulture",Eastern and Midland,000 Hectares,162.6
Area Farmed in June,2021,Total oats,Eastern and Midland,000 Hectares,11.9
Area Farmed in June,2021,Total wheat,Eastern and Midland,000 Hectares,40.1
Area Farmed in June,2021,Turnips,Eastern and Midland,000 Hectares,0.4
Area Farmed in June,2021,Vegetables for sale,Eastern and Midland,000 Hectares,2.4
Area Farmed in June,2021,Winter barley,Eastern and Midland,000 Hectares,32.6
Area Farmed in June,2021,Winter oats,Eastern and Midland,000 Hectares,6.6
Area Farmed in June,2021,Winter wheat,Eastern and Midland,000 Hectares,37.3
Area Farmed in June,2021,Arable silage,Mid-West,000 Hectares,0.1
Area Farmed in June,2021,Area farmed (AAU),Mid-West,000 Hectares,695.5
Area Farmed in June,2021,Beans and peas,Mid-West,000 Hectares,0.6
Area Farmed in June,2021,Beet,Mid-West,000 Hectares,0.7
Area Farmed in June,2021,Crops and pasture,Mid-West,000 Hectares,659.6
Area Farmed in June,2021,Fodder rape and kale,Mid-West,000 Hectares,0.1
Area Farmed in June,2021,Fruit,Mid-West,000 Hectares,0.1
Area Farmed in June,2021,Grass silage,Mid-West,000 Hectares,224.0
Area Farmed in June,2021,Hay,Mid-West,000 Hectares,26.7
Area Farmed in June,2021,Maize silage,Mid-West,000 Hectares,1.0
Area Farmed in June,2021,"Nurseries, horticulture etc.",Mid-West,000 Hectares,0.0
Area Farmed in June,2021,Oilseed rape,Mid-West,000 Hectares,0.6
Area Farmed in June,2021,Other cereals,Mid-West,000 Hectares,0.4
Area Farmed in June,2021,Other crops,Mid-West,000 Hectares,2.2
Area Farmed in June,2021,Pasture,Mid-West,000 Hectares,381.5
Area Farmed in June,2021,Potatoes,Mid-West,000 Hectares,0.2
Area Farmed in June,2021,Rough grazing in use,Mid-West,000 Hectares,35.9
Area Farmed in June,2021,Spring barley,Mid-West,000 Hectares,7.5
Area Farmed in June,2021,Spring oats,Mid-West,000 Hectares,1.4
Area Farmed in June,2021,Spring wheat,Mid-West,000 Hectares,0.2
Area Farmed in June,2021,Total barley,Mid-West,000 Hectares,15.0
Area Farmed in June,2021,Total cereals,Mid-West,000 Hectares,21.7
Area Farmed in June,2021,"Total crops, fruit and horticulture",Mid-West,000 Hectares,27.4
Area Farmed in June,2021,Total oats,Mid-West,000 Hectares,3.1
Area Farmed in June,2021,Total wheat,Mid-West,000 Hectares,3.2
Area Farmed in June,2021,Turnips,Mid-West,000 Hectares,0.0
Area Farmed in June,2021,Vegetables for sale,Mid-West,000 Hectares,0.0
Area Farmed in June,2021,Winter barley,Mid-West,000 Hectares,7.5
Area Farmed in June,2021,Winter oats,Mid-West,000 Hectares,1.7
Area Farmed in June,2021,Winter wheat,Mid-West,000 Hectares,3.1
Area Farmed in June,2021,Arable silage,Midland,000 Hectares,0.2
Area Farmed in June,2021,Area farmed (AAU),Midland,000 Hectares,431.0
Area Farmed in June,2021,Beans and peas,Midland,000 Hectares,0.9
Area Farmed in June,2021,Beet,Midland,000 Hectares,1.5
Area Farmed in June,2021,Crops and pasture,Midland,000 Hectares,410.0
Area Farmed in June,2021,Fodder rape and kale,Midland,000 Hectares,0.2
Area Farmed in June,2021,Fruit,Midland,000 Hectares,0.0
Area Farmed in June,2021,Grass silage,Midland,000 Hectares,121.7
Area Farmed in June,2021,Hay,Midland,000 Hectares,17.2
Area Farmed in June,2021,Maize silage,Midland,000 Hectares,1.2
Area Farmed in June,2021,"Nurseries, horticulture etc.",Midland,000 Hectares,0.0
Area Farmed in June,2021,Oilseed rape,Midland,000 Hectares,1.2
Area Farmed in June,2021,Other cereals,Midland,000 Hectares,0.3
Area Farmed in June,2021,Other crops,Midland,000 Hectares,3.6
Area Farmed in June,2021,Pasture,Midland,000 Hectares,232.0
Area Farmed in June,2021,Potatoes,Midland,000 Hectares,0.2
Area Farmed in June,2021,Rough grazing in use,Midland,000 Hectares,21.1
Area Farmed in June,2021,Spring barley,Midland,000 Hectares,13.9
Area Farmed in June,2021,Spring oats,Midland,000 Hectares,1.3
Area Farmed in June,2021,Spring wheat,Midland,000 Hectares,0.3
Area Farmed in June,2021,Total barley,Midland,000 Hectares,22.3
Area Farmed in June,2021,Total cereals,Midland,000 Hectares,29.8
Area Farmed in June,2021,"Total crops, fruit and horticulture",Midland,000 Hectares,39.1
Area Farmed in June,2021,Total oats,Midland,000 Hectares,2.6
Area Farmed in June,2021,Total wheat,Midland,000 Hectares,4.7
Area Farmed in June,2021,Turnips,Midland,000 Hectares,0.1
Area Farmed in June,2021,Vegetables for sale,Midland,000 Hectares,0.2
Area Farmed in June,2021,Winter barley,Midland,000 Hectares,8.4
Area Farmed in June,2021,Winter oats,Midland,000 Hectares,1.3
Area Farmed in June,2021,Winter wheat,Midland,000 Hectares,4.4
Area Farmed in June,2021,Arable silage,Northern and Western,000 Hectares,0.1
Area Farmed in June,2021,Area farmed (AAU),Northern and Western,000 Hectares,1432.4
Area Farmed in June,2021,Beans and peas,Northern and Western,000 Hectares,0.0
Area Farmed in June,2021,Beet,Northern and Western,000 Hectares,0.3
Area Farmed in June,2021,Crops and pasture,Northern and Western,000 Hectares,1193.4
Area Farmed in June,2021,Fodder rape and kale,Northern and Western,000 Hectares,0.3
Area Farmed in June,2021,Fruit,Northern and Western,000 Hectares,0.0
Area Farmed in June,2021,Grass silage,Northern and Western,000 Hectares,393.5
Area Farmed in June,2021,Hay,Northern and Western,000 Hectares,33.6
Area Farmed in June,2021,Maize silage,Northern and Western,000 Hectares,0.2
Area Farmed in June,2021,"Nurseries, horticulture etc.",Northern and Western,000 Hectares,0.0
Area Farmed in June,2021,Oilseed rape,Northern and Western,000 Hectares,0.1
Area Farmed in June,2021,Other cereals,Northern and Western,000 Hectares,0.1
Area Farmed in June,2021,Other crops,Northern and Western,000 Hectares,7.6
Area Farmed in June,2021,Pasture,Northern and Western,000 Hectares,747.6
Area Farmed in June,2021,Potatoes,Northern and Western,000 Hectares,0.9
Area Farmed in June,2021,Rough grazing in use,Northern and Western,000 Hectares,239.0
Area Farmed in June,2021,Spring barley,Northern and Western,000 Hectares,4.2
Area Farmed in June,2021,Spring oats,Northern and Western,000 Hectares,1.3
Area Farmed in June,2021,Spring wheat,Northern and Western,000 Hectares,0.2
Area Farmed in June,2021,Total barley,Northern and Western,000 Hectares,6.5
Area Farmed in June,2021,Total cereals,Northern and Western,000 Hectares,9.0
Area Farmed in June,2021,"Total crops, fruit and horticulture",Northern and Western,000 Hectares,18.7
Area Farmed in June,2021,Total oats,Northern and Western,000 Hectares,1.7
Area Farmed in June,2021,Total wheat,Northern and Western,000 Hectares,0.8
Area Farmed in June,2021,Turnips,Northern and Western,000 Hectares,0.1
Area Farmed in June,2021,Vegetables for sale,Northern and Western,000 Hectares,0.2
Area Farmed in June,2021,Winter barley,Northern and Western,000 Hectares,2.3
Area Farmed in June,2021,Winter oats,Northern and Western,000 Hectares,0.4
Area Farmed in June,2021,Winter wheat,Northern and Western,000 Hectares,0.6
Area Farmed in June,2021,Arable silage,South-East,000 Hectares,0.2
Area Farmed in June,2021,Area farmed (AAU),South-East,000 Hectares,515.3
Area Farmed in June,2021,Beans and peas,South-East,000 Hectares,3.2
Area Farmed in June,2021,Beet,South-East,000 Hectares,3.1
Area Farmed in June,2021,Crops and pasture,South-East,000 Hectares,505.2
Area Farmed in June,2021,Fodder rape and kale,South-East,000 Hectares,0.2
Area Farmed in June,2021,Fruit,South-East,000 Hectares,0.3
Area Farmed in June,2021,Grass silage,South-East,000 Hectares,148.4
Area Farmed in June,2021,Hay,South-East,000 Hectares,15.5
Area Farmed in June,2021,Maize silage,South-East,000 Hectares,4.6
Area Farmed in June,2021,"Nurseries, horticulture etc.",South-East,000 Hectares,0.2
Area Farmed in June,2021,Oilseed rape,South-East,000 Hectares,2.6
Area Farmed in June,2021,Other cereals,South-East,000 Hectares,0.6
Area Farmed in June,2021,Other crops,South-East,000 Hectares,4.4
Area Farmed in June,2021,Pasture,South-East,000 Hectares,238.4
Area Farmed in June,2021,Potatoes,South-East,000 Hectares,1.9
Area Farmed in June,2021,Rough grazing in use,South-East,000 Hectares,10.0
Area Farmed in June,2021,Spring barley,South-East,000 Hectares,44.4
Area Farmed in June,2021,Spring oats,South-East,000 Hectares,4.6
Area Farmed in June,2021,Spring wheat,South-East,000 Hectares,1.6
Area Farmed in June,2021,Total barley,South-East,000 Hectares,58.8
Area Farmed in June,2021,Total cereals,South-East,000 Hectares,81.2
Area Farmed in June,2021,"Total crops, fruit and horticulture",South-East,000 Hectares,102.9
Area Farmed in June,2021,Total oats,South-East,000 Hectares,9.0
Area Farmed in June,2021,Total wheat,South-East,000 Hectares,12.9
Area Farmed in June,2021,Turnips,South-East,000 Hectares,0.2
Area Farmed in June,2021,Vegetables for sale,South-East,000 Hectares,0.7
Area Farmed in June,2021,Winter barley,South-East,000 Hectares,14.3
Area Farmed in June,2021,Winter oats,South-East,000 Hectares,4.3
Area Farmed in June,2021,Winter wheat,South-East,000 Hectares,11.3
Area Farmed in June,2021,Arable silage,South-West,000 Hectares,0.2
Area Farmed in June,2021,Area farmed (AAU),South-West,000 Hectares,789.9
Area Farmed in June,2021,Beans and peas,South-West,000 Hectares,1.3
Area Farmed in June,2021,Beet,South-West,000 Hectares,2.3
Area Farmed in June,2021,Crops and pasture,South-West,000 Hectares,666.5
Area Farmed in June,2021,Fodder rape and kale,South-West,000 Hectares,0.1
Area Farmed in June,2021,Fruit,South-West,000 Hectares,0.0
Area Farmed in June,2021,Grass silage,South-West,000 Hectares,225.1
Area Farmed in June,2021,Hay,South-West,000 Hectares,11.9
Area Farmed in June,2021,Maize silage,South-West,000 Hectares,3.5
Area Farmed in June,2021,"Nurseries, horticulture etc.",South-West,000 Hectares,0.1
Area Farmed in June,2021,Oilseed rape,South-West,000 Hectares,0.3
Area Farmed in June,2021,Other cereals,South-West,000 Hectares,0.1
Area Farmed in June,2021,Other crops,South-West,000 Hectares,2.7
Area Farmed in June,2021,Pasture,South-West,000 Hectares,378.6
Area Farmed in June,2021,Potatoes,South-West,000 Hectares,0.8
Area Farmed in June,2021,Rough grazing in use,South-West,000 Hectares,123.4
Area Farmed in June,2021,Spring barley,South-West,000 Hectares,20.3
Area Farmed in June,2021,Spring oats,South-West,000 Hectares,2.0
Area Farmed in June,2021,Spring wheat,South-West,000 Hectares,1.2
Area Farmed in June,2021,Total barley,South-West,000 Hectares,31.2
Area Farmed in June,2021,Total cereals,South-West,000 Hectares,39.3
Area Farmed in June,2021,"Total crops, fruit and horticulture",South-West,000 Hectares,50.9
Area Farmed in June,2021,Total oats,South-West,000 Hectares,2.8
Area Farmed in June,2021,Total wheat,South-West,000 Hectares,5.2
Area Farmed in June,2021,Turnips,South-West,000 Hectares,0.1
Area Farmed in June,2021,Vegetables for sale,South-West,000 Hectares,0.3
Area Farmed in June,2021,Winter barley,South-West,000 Hectares,10.9
Area Farmed in June,2021,Winter oats,South-West,000 Hectares,0.9
Area Farmed in June,2021,Winter wheat,South-West,000 Hectares,4.0
Area Farmed in June,2021,Arable silage,Southern,000 Hectares,0.4
Area Farmed in June,2021,Area farmed (AAU),Southern,000 Hectares,2000.6
Area Farmed in June,2021,Beans and peas,Southern,000 Hectares,5.0
Area Farmed in June,2021,Beet,Southern,000 Hectares,6.1
Area Farmed in June,2021,Crops and pasture,Southern,000 Hectares,1831.4
Area Farmed in June,2021,Fodder rape and kale,Southern,000 Hectares,0.4
Area Farmed in June,2021,Fruit,Southern,000 Hectares,0.4
Area Farmed in June,2021,Grass silage,Southern,000 Hectares,597.5
Area Farmed in June,2021,Hay,Southern,000 Hectares,54.0
Area Farmed in June,2021,Maize silage,Southern,000 Hectares,9.1
Area Farmed in June,2021,"Nurseries, horticulture etc.",Southern,000 Hectares,0.4
Area Farmed in June,2021,Oilseed rape,Southern,000 Hectares,3.6
Area Farmed in June,2021,Other cereals,Southern,000 Hectares,1.0
Area Farmed in June,2021,Other crops,Southern,000 Hectares,9.3
Area Farmed in June,2021,Pasture,Southern,000 Hectares,998.6
Area Farmed in June,2021,Potatoes,Southern,000 Hectares,3.0
Area Farmed in June,2021,Rough grazing in use,Southern,000 Hectares,169.3
Area Farmed in June,2021,Spring barley,Southern,000 Hectares,72.2
Area Farmed in June,2021,Spring oats,Southern,000 Hectares,8.0
Area Farmed in June,2021,Spring wheat,Southern,000 Hectares,3.0
Area Farmed in June,2021,Total barley,Southern,000 Hectares,104.9
Area Farmed in June,2021,Total cereals,Southern,000 Hectares,142.2
Area Farmed in June,2021,"Total crops, fruit and horticulture",Southern,000 Hectares,181.2
Area Farmed in June,2021,Total oats,Southern,000 Hectares,14.9
Area Farmed in June,2021,Total wheat,Southern,000 Hectares,21.4
Area Farmed in June,2021,Turnips,Southern,000 Hectares,0.3
Area Farmed in June,2021,Vegetables for sale,Southern,000 Hectares,1.0
Area Farmed in June,2021,Winter barley,Southern,000 Hectares,32.7
Area Farmed in June,2021,Winter oats,Southern,000 Hectares,6.9
Area Farmed in June,2021,Winter wheat,Southern,000 Hectares,18.4
Area Farmed in June,2021,Arable silage,State,000 Hectares,0.8
Area Farmed in June,2021,Area farmed (AAU),State,000 Hectares,4337.4
Area Farmed in June,2021,Beans and peas,State,000 Hectares,9.7
Area Farmed in June,2021,Beet,State,000 Hectares,9.2
Area Farmed in June,2021,Crops and pasture,State,000 Hectares,3890.0
Area Farmed in June,2021,Fodder rape and kale,State,000 Hectares,1.2
Area Farmed in June,2021,Fruit,State,000 Hectares,0.8
Area Farmed in June,2021,Grass silage,State,000 Hectares,1216.6
Area Farmed in June,2021,Hay,State,000 Hectares,124.8
Area Farmed in June,2021,Maize silage,State,000 Hectares,14.4
Area Farmed in June,2021,"Nurseries, horticulture etc.",State,000 Hectares,0.5
Area Farmed in June,2021,Oilseed rape,State,000 Hectares,11.3
Area Farmed in June,2021,Other cereals,State,000 Hectares,1.8
Area Farmed in June,2021,Other crops,State,000 Hectares,24.8
Area Farmed in June,2021,Pasture,State,000 Hectares,2186.1
Area Farmed in June,2021,Potatoes,State,000 Hectares,8.9
Area Farmed in June,2021,Rough grazing in use,State,000 Hectares,447.4
Area Farmed in June,2021,Spring barley,State,000 Hectares,116.4
Area Farmed in June,2021,Spring oats,State,000 Hectares,14.5
Area Farmed in June,2021,Spring wheat,State,000 Hectares,6.1
Area Farmed in June,2021,Total barley,State,000 Hectares,183.9
Area Farmed in June,2021,Total cereals,State,000 Hectares,276.4
Area Farmed in June,2021,"Total crops, fruit and horticulture",State,000 Hectares,362.6
Area Farmed in June,2021,Total oats,State,000 Hectares,28.4
Area Farmed in June,2021,Total wheat,State,000 Hectares,62.3
Area Farmed in June,2021,Turnips,State,000 Hectares,0.7
Area Farmed in June,2021,Vegetables for sale,State,000 Hectares,3.7
Area Farmed in June,2021,Winter barley,State,000 Hectares,67.5
Area Farmed in June,2021,Winter oats,State,000 Hectares,13.9
Area Farmed in June,2021,Winter wheat,State,000 Hectares,56.2
Area Farmed in June,2021,Arable silage,West,000 Hectares,0.1
Area Farmed in June,2021,Area farmed (AAU),West,000 Hectares,763.6
Area Farmed in June,2021,Beans and peas,West,000 Hectares,0.0
Area Farmed in June,2021,Beet,West,000 Hectares,0.2
Area Farmed in June,2021,Crops and pasture,West,000 Hectares,652.0
Area Farmed in June,2021,Fodder rape and kale,West,000 Hectares,0.2
Area Farmed in June,2021,Fruit,West,000 Hectares,0.0
Area Farmed in June,2021,Grass silage,West,000 Hectares,219.2
Area Farmed in June,2021,Hay,West,000 Hectares,21.1
Area Farmed in June,2021,Maize silage,West,000 Hectares,0.1
Area Farmed in June,2021,"Nurseries, horticulture etc.",West,000 Hectares,0.0
Area Farmed in June,2021,Oilseed rape,West,000 Hectares,0.0
Area Farmed in June,2021,Other cereals,West,000 Hectares,0.0
Area Farmed in June,2021,Other crops,West,000 Hectares,4.9
Area Farmed in June,2021,Pasture,West,000 Hectares,401.9
Area Farmed in June,2021,Potatoes,West,000 Hectares,0.1
Area Farmed in June,2021,Rough grazing in use,West,000 Hectares,111.6
Area Farmed in June,2021,Spring barley,West,000 Hectares,1.9
Area Farmed in June,2021,Spring oats,West,000 Hectares,0.8
Area Farmed in June,2021,Spring wheat,West,000 Hectares,0.0
Area Farmed in June,2021,Total barley,West,000 Hectares,2.8
Area Farmed in June,2021,Total cereals,West,000 Hectares,4.0
Area Farmed in June,2021,"Total crops, fruit and horticulture",West,000 Hectares,9.8
Area Farmed in June,2021,Total oats,West,000 Hectares,1.0
Area Farmed in June,2021,Total wheat,West,000 Hectares,0.2
Area Farmed in June,2021,Turnips,West,000 Hectares,0.0
Area Farmed in June,2021,Vegetables for sale,West,000 Hectares,0.1
Area Farmed in June,2021,Winter barley,West,000 Hectares,0.9
Area Farmed in June,2021,Winter oats,West,000 Hectares,0.2
Area Farmed in June,2021,Winter wheat,West,000 Hectares,0.1
Area Farmed in June,2022,Arable silage,Border,000 Hectares,0.3
Area Farmed in June,2022,Area farmed (AAU),Border,000 Hectares,669.0
Area Farmed in June,2022,Beans and peas,Border,000 Hectares,0.0
Area Farmed in June,2022,Beet,Border,000 Hectares,0.0
Area Farmed in June,2022,Crops and pasture,Border,000 Hectares,558.5
Area Farmed in June,2022,Fodder rape and kale,Border,000 Hectares,0.0
Area Farmed in June,2022,Fruit,Border,000 Hectares,0.0
Area Farmed in June,2022,Grass silage,Border,000 Hectares,193.1
Area Farmed in June,2022,Hay,Border,000 Hectares,22.8
Area Farmed in June,2022,Maize silage,Border,000 Hectares,0.2
Area Farmed in June,2022,"Nurseries, horticulture etc.",Border,000 Hectares,0.0
Area Farmed in June,2022,Oilseed rape,Border,000 Hectares,0.0
Area Farmed in June,2022,Other cereals,Border,000 Hectares,0.1
Area Farmed in June,2022,Other crops,Border,000 Hectares,2.6
Area Farmed in June,2022,Pasture,Border,000 Hectares,332.3
Area Farmed in June,2022,Potatoes,Border,000 Hectares,0.8
Area Farmed in June,2022,Rough grazing in use,Border,000 Hectares,110.6
Area Farmed in June,2022,Spring barley,Border,000 Hectares,3.1
Area Farmed in June,2022,Spring oats,Border,000 Hectares,0.8
Area Farmed in June,2022,Spring wheat,Border,000 Hectares,0.3
Area Farmed in June,2022,Total barley,Border,000 Hectares,4.4
Area Farmed in June,2022,Total cereals,Border,000 Hectares,6.2
Area Farmed in June,2022,"Total crops, fruit and horticulture",Border,000 Hectares,10.3
Area Farmed in June,2022,Total oats,Border,000 Hectares,1.0
Area Farmed in June,2022,Total wheat,Border,000 Hectares,0.8
Area Farmed in June,2022,Turnips,Border,000 Hectares,0.0
Area Farmed in June,2022,Vegetables for sale,Border,000 Hectares,0.0
Area Farmed in June,2022,Winter barley,Border,000 Hectares,1.3
Area Farmed in June,2022,Winter oats,Border,000 Hectares,0.2
Area Farmed in June,2022,Winter wheat,Border,000 Hectares,0.5
Area Farmed in June,2022,Arable silage,Dublin and Mid-East,000 Hectares,0.3
Area Farmed in June,2022,Area farmed (AAU),Dublin and Mid-East,000 Hectares,476.0
Area Farmed in June,2022,Beans and peas,Dublin and Mid-East,000 Hectares,4.1
Area Farmed in June,2022,Beet,Dublin and Mid-East,000 Hectares,1.4
Area Farmed in June,2022,Crops and pasture,Dublin and Mid-East,000 Hectares,448.7
Area Farmed in June,2022,Fodder rape and kale,Dublin and Mid-East,000 Hectares,0.2
Area Farmed in June,2022,Fruit,Dublin and Mid-East,000 Hectares,0.4
Area Farmed in June,2022,Grass silage,Dublin and Mid-East,000 Hectares,100.4
Area Farmed in June,2022,Hay,Dublin and Mid-East,000 Hectares,23.9
Area Farmed in June,2022,Maize silage,Dublin and Mid-East,000 Hectares,4.2
Area Farmed in June,2022,"Nurseries, horticulture etc.",Dublin and Mid-East,000 Hectares,0.1
Area Farmed in June,2022,Oilseed rape,Dublin and Mid-East,000 Hectares,8.6
Area Farmed in June,2022,Other cereals,Dublin and Mid-East,000 Hectares,1.0
Area Farmed in June,2022,Other crops,Dublin and Mid-East,000 Hectares,4.1
Area Farmed in June,2022,Pasture,Dublin and Mid-East,000 Hectares,198.8
Area Farmed in June,2022,Potatoes,Dublin and Mid-East,000 Hectares,4.6
Area Farmed in June,2022,Rough grazing in use,Dublin and Mid-East,000 Hectares,27.3
Area Farmed in June,2022,Spring barley,Dublin and Mid-East,000 Hectares,21.1
Area Farmed in June,2022,Spring oats,Dublin and Mid-East,000 Hectares,2.3
Area Farmed in June,2022,Spring wheat,Dublin and Mid-East,000 Hectares,2.0
Area Farmed in June,2022,Total barley,Dublin and Mid-East,000 Hectares,48.4
Area Farmed in June,2022,Total cereals,Dublin and Mid-East,000 Hectares,95.5
Area Farmed in June,2022,"Total crops, fruit and horticulture",Dublin and Mid-East,000 Hectares,125.7
Area Farmed in June,2022,Total oats,Dublin and Mid-East,000 Hectares,8.4
Area Farmed in June,2022,Total wheat,Dublin and Mid-East,000 Hectares,37.6
Area Farmed in June,2022,Turnips,Dublin and Mid-East,000 Hectares,0.2
Area Farmed in June,2022,Vegetables for sale,Dublin and Mid-East,000 Hectares,2.0
Area Farmed in June,2022,Winter barley,Dublin and Mid-East,000 Hectares,27.2
Area Farmed in June,2022,Winter oats,Dublin and Mid-East,000 Hectares,6.1
Area Farmed in June,2022,Winter wheat,Dublin and Mid-East,000 Hectares,35.6
Area Farmed in June,2022,Arable silage,Eastern and Midland,000 Hectares,0.5
Area Farmed in June,2022,Area farmed (AAU),Eastern and Midland,000 Hectares,909.3
Area Farmed in June,2022,Beans and peas,Eastern and Midland,000 Hectares,5.1
Area Farmed in June,2022,Beet,Eastern and Midland,000 Hectares,2.9
Area Farmed in June,2022,Crops and pasture,Eastern and Midland,000 Hectares,843.6
Area Farmed in June,2022,Fodder rape and kale,Eastern and Midland,000 Hectares,0.4
Area Farmed in June,2022,Fruit,Eastern and Midland,000 Hectares,0.4
Area Farmed in June,2022,Grass silage,Eastern and Midland,000 Hectares,209.5
Area Farmed in June,2022,Hay,Eastern and Midland,000 Hectares,41.1
Area Farmed in June,2022,Maize silage,Eastern and Midland,000 Hectares,5.7
Area Farmed in June,2022,"Nurseries, horticulture etc.",Eastern and Midland,000 Hectares,0.1
Area Farmed in June,2022,Oilseed rape,Eastern and Midland,000 Hectares,9.9
Area Farmed in June,2022,Other cereals,Eastern and Midland,000 Hectares,1.3
Area Farmed in June,2022,Other crops,Eastern and Midland,000 Hectares,7.7
Area Farmed in June,2022,Pasture,Eastern and Midland,000 Hectares,425.9
Area Farmed in June,2022,Potatoes,Eastern and Midland,000 Hectares,4.8
Area Farmed in June,2022,Rough grazing in use,Eastern and Midland,000 Hectares,65.6
Area Farmed in June,2022,Spring barley,Eastern and Midland,000 Hectares,35.8
Area Farmed in June,2022,Spring oats,Eastern and Midland,000 Hectares,3.4
Area Farmed in June,2022,Spring wheat,Eastern and Midland,000 Hectares,2.4
Area Farmed in June,2022,Total barley,Eastern and Midland,000 Hectares,71.8
Area Farmed in June,2022,Total cereals,Eastern and Midland,000 Hectares,127.2
Area Farmed in June,2022,"Total crops, fruit and horticulture",Eastern and Midland,000 Hectares,167.1
Area Farmed in June,2022,Total oats,Eastern and Midland,000 Hectares,11.1
Area Farmed in June,2022,Total wheat,Eastern and Midland,000 Hectares,42.9
Area Farmed in June,2022,Turnips,Eastern and Midland,000 Hectares,0.3
Area Farmed in June,2022,Vegetables for sale,Eastern and Midland,000 Hectares,2.1
Area Farmed in June,2022,Winter barley,Eastern and Midland,000 Hectares,36.1
Area Farmed in June,2022,Winter oats,Eastern and Midland,000 Hectares,7.8
Area Farmed in June,2022,Winter wheat,Eastern and Midland,000 Hectares,40.5
Area Farmed in June,2022,Arable silage,Mid-West,000 Hectares,0.2
Area Farmed in June,2022,Area farmed (AAU),Mid-West,000 Hectares,699.2
Area Farmed in June,2022,Beans and peas,Mid-West,000 Hectares,0.5
Area Farmed in June,2022,Beet,Mid-West,000 Hectares,0.7
Area Farmed in June,2022,Crops and pasture,Mid-West,000 Hectares,588.8
Area Farmed in June,2022,Fodder rape and kale,Mid-West,000 Hectares,0.1
Area Farmed in June,2022,Fruit,Mid-West,000 Hectares,0.1
Area Farmed in June,2022,Grass silage,Mid-West,000 Hectares,187.6
Area Farmed in June,2022,Hay,Mid-West,000 Hectares,22.2
Area Farmed in June,2022,Maize silage,Mid-West,000 Hectares,1.2
Area Farmed in June,2022,"Nurseries, horticulture etc.",Mid-West,000 Hectares,0.0
Area Farmed in June,2022,Oilseed rape,Mid-West,000 Hectares,1.2
Area Farmed in June,2022,Other cereals,Mid-West,000 Hectares,0.7
Area Farmed in June,2022,Other crops,Mid-West,000 Hectares,2.4
Area Farmed in June,2022,Pasture,Mid-West,000 Hectares,347.8
Area Farmed in June,2022,Potatoes,Mid-West,000 Hectares,0.3
Area Farmed in June,2022,Rough grazing in use,Mid-West,000 Hectares,110.4
Area Farmed in June,2022,Spring barley,Mid-West,000 Hectares,8.9
Area Farmed in June,2022,Spring oats,Mid-West,000 Hectares,1.5
Area Farmed in June,2022,Spring wheat,Mid-West,000 Hectares,0.3
Area Farmed in June,2022,Total barley,Mid-West,000 Hectares,16.7
Area Farmed in June,2022,Total cereals,Mid-West,000 Hectares,24.5
Area Farmed in June,2022,"Total crops, fruit and horticulture",Mid-West,000 Hectares,31.2
Area Farmed in June,2022,Total oats,Mid-West,000 Hectares,3.3
Area Farmed in June,2022,Total wheat,Mid-West,000 Hectares,3.8
Area Farmed in June,2022,Turnips,Mid-West,000 Hectares,0.0
Area Farmed in June,2022,Vegetables for sale,Mid-West,000 Hectares,0.1
Area Farmed in June,2022,Winter barley,Mid-West,000 Hectares,7.8
Area Farmed in June,2022,Winter oats,Mid-West,000 Hectares,1.8
Area Farmed in June,2022,Winter wheat,Mid-West,000 Hectares,3.6
Area Farmed in June,2022,Arable silage,Midland,000 Hectares,0.2
Area Farmed in June,2022,Area farmed (AAU),Midland,000 Hectares,433.2
Area Farmed in June,2022,Beans and peas,Midland,000 Hectares,1.0
Area Farmed in June,2022,Beet,Midland,000 Hectares,1.5
Area Farmed in June,2022,Crops and pasture,Midland,000 Hectares,394.9
Area Farmed in June,2022,Fodder rape and kale,Midland,000 Hectares,0.2
Area Farmed in June,2022,Fruit,Midland,000 Hectares,0.0
Area Farmed in June,2022,Grass silage,Midland,000 Hectares,109.1
Area Farmed in June,2022,Hay,Midland,000 Hectares,17.3
Area Farmed in June,2022,Maize silage,Midland,000 Hectares,1.4
Area Farmed in June,2022,"Nurseries, horticulture etc.",Midland,000 Hectares,0.0
Area Farmed in June,2022,Oilseed rape,Midland,000 Hectares,1.3
Area Farmed in June,2022,Other cereals,Midland,000 Hectares,0.3
Area Farmed in June,2022,Other crops,Midland,000 Hectares,3.5
Area Farmed in June,2022,Pasture,Midland,000 Hectares,227.1
Area Farmed in June,2022,Potatoes,Midland,000 Hectares,0.2
Area Farmed in June,2022,Rough grazing in use,Midland,000 Hectares,38.3
Area Farmed in June,2022,Spring barley,Midland,000 Hectares,14.6
Area Farmed in June,2022,Spring oats,Midland,000 Hectares,1.0
Area Farmed in June,2022,Spring wheat,Midland,000 Hectares,0.4
Area Farmed in June,2022,Total barley,Midland,000 Hectares,23.5
Area Farmed in June,2022,Total cereals,Midland,000 Hectares,31.7
Area Farmed in June,2022,"Total crops, fruit and horticulture",Midland,000 Hectares,41.4
Area Farmed in June,2022,Total oats,Midland,000 Hectares,2.7
Area Farmed in June,2022,Total wheat,Midland,000 Hectares,5.3
Area Farmed in June,2022,Turnips,Midland,000 Hectares,0.0
Area Farmed in June,2022,Vegetables for sale,Midland,000 Hectares,0.2
Area Farmed in June,2022,Winter barley,Midland,000 Hectares,8.8
Area Farmed in June,2022,Winter oats,Midland,000 Hectares,1.7
Area Farmed in June,2022,Winter wheat,Midland,000 Hectares,4.9
Area Farmed in June,2022,Arable silage,Northern and Western,000 Hectares,0.5
Area Farmed in June,2022,Area farmed (AAU),Northern and Western,000 Hectares,1430.7
Area Farmed in June,2022,Beans and peas,Northern and Western,000 Hectares,0.1
Area Farmed in June,2022,Beet,Northern and Western,000 Hectares,0.3
Area Farmed in June,2022,Crops and pasture,Northern and Western,000 Hectares,1146.1
Area Farmed in June,2022,Fodder rape and kale,Northern and Western,000 Hectares,0.2
Area Farmed in June,2022,Fruit,Northern and Western,000 Hectares,0.0
Area Farmed in June,2022,Grass silage,Northern and Western,000 Hectares,404.1
Area Farmed in June,2022,Hay,Northern and Western,000 Hectares,42.0
Area Farmed in June,2022,Maize silage,Northern and Western,000 Hectares,0.3
Area Farmed in June,2022,"Nurseries, horticulture etc.",Northern and Western,000 Hectares,0.0
Area Farmed in June,2022,Oilseed rape,Northern and Western,000 Hectares,0.1
Area Farmed in June,2022,Other cereals,Northern and Western,000 Hectares,0.1
Area Farmed in June,2022,Other crops,Northern and Western,000 Hectares,7.3
Area Farmed in June,2022,Pasture,Northern and Western,000 Hectares,679.0
Area Farmed in June,2022,Potatoes,Northern and Western,000 Hectares,0.8
Area Farmed in June,2022,Rough grazing in use,Northern and Western,000 Hectares,284.6
Area Farmed in June,2022,Spring barley,Northern and Western,000 Hectares,5.7
Area Farmed in June,2022,Spring oats,Northern and Western,000 Hectares,1.7
Area Farmed in June,2022,Spring wheat,Northern and Western,000 Hectares,0.4
Area Farmed in June,2022,Total barley,Northern and Western,000 Hectares,7.9
Area Farmed in June,2022,Total cereals,Northern and Western,000 Hectares,11.2
Area Farmed in June,2022,"Total crops, fruit and horticulture",Northern and Western,000 Hectares,21.1
Area Farmed in June,2022,Total oats,Northern and Western,000 Hectares,2.1
Area Farmed in June,2022,Total wheat,Northern and Western,000 Hectares,1.1
Area Farmed in June,2022,Turnips,Northern and Western,000 Hectares,0.1
Area Farmed in June,2022,Vegetables for sale,Northern and Western,000 Hectares,0.1
Area Farmed in June,2022,Winter barley,Northern and Western,000 Hectares,2.2
Area Farmed in June,2022,Winter oats,Northern and Western,000 Hectares,0.4
Area Farmed in June,2022,Winter wheat,Northern and Western,000 Hectares,0.7
Area Farmed in June,2022,Arable silage,South-East,000 Hectares,0.2
Area Farmed in June,2022,Area farmed (AAU),South-East,000 Hectares,516.0
Area Farmed in June,2022,Beans and peas,South-East,000 Hectares,3.5
Area Farmed in June,2022,Beet,South-East,000 Hectares,3.3
Area Farmed in June,2022,Crops and pasture,South-East,000 Hectares,488.6
Area Farmed in June,2022,Fodder rape and kale,South-East,000 Hectares,0.3
Area Farmed in June,2022,Fruit,South-East,000 Hectares,0.3
Area Farmed in June,2022,Grass silage,South-East,000 Hectares,129.4
Area Farmed in June,2022,Hay,South-East,000 Hectares,11.5
Area Farmed in June,2022,Maize silage,South-East,000 Hectares,4.8
Area Farmed in June,2022,"Nurseries, horticulture etc.",South-East,000 Hectares,0.2
Area Farmed in June,2022,Oilseed rape,South-East,000 Hectares,3.9
Area Farmed in June,2022,Other cereals,South-East,000 Hectares,0.8
Area Farmed in June,2022,Other crops,South-East,000 Hectares,4.4
Area Farmed in June,2022,Pasture,South-East,000 Hectares,241.1
Area Farmed in June,2022,Potatoes,South-East,000 Hectares,1.8
Area Farmed in June,2022,Rough grazing in use,South-East,000 Hectares,27.4
Area Farmed in June,2022,Spring barley,South-East,000 Hectares,43.8
Area Farmed in June,2022,Spring oats,South-East,000 Hectares,4.1
Area Farmed in June,2022,Spring wheat,South-East,000 Hectares,1.9
Area Farmed in June,2022,Total barley,South-East,000 Hectares,60.5
Area Farmed in June,2022,Total cereals,South-East,000 Hectares,83.2
Area Farmed in June,2022,"Total crops, fruit and horticulture",South-East,000 Hectares,106.6
Area Farmed in June,2022,Total oats,South-East,000 Hectares,8.3
Area Farmed in June,2022,Total wheat,South-East,000 Hectares,13.7
Area Farmed in June,2022,Turnips,South-East,000 Hectares,0.1
Area Farmed in June,2022,Vegetables for sale,South-East,000 Hectares,0.6
Area Farmed in June,2022,Winter barley,South-East,000 Hectares,16.7
Area Farmed in June,2022,Winter oats,South-East,000 Hectares,4.2
Area Farmed in June,2022,Winter wheat,South-East,000 Hectares,11.8
Area Farmed in June,2022,Arable silage,South-West,000 Hectares,0.2
Area Farmed in June,2022,Area farmed (AAU),South-West,000 Hectares,792.8
Area Farmed in June,2022,Beans and peas,South-West,000 Hectares,1.7
Area Farmed in June,2022,Beet,South-West,000 Hectares,2.3
Area Farmed in June,2022,Crops and pasture,South-West,000 Hectares,678.3
Area Farmed in June,2022,Fodder rape and kale,South-West,000 Hectares,0.1
Area Farmed in June,2022,Fruit,South-West,000 Hectares,0.0
Area Farmed in June,2022,Grass silage,South-West,000 Hectares,257.1
Area Farmed in June,2022,Hay,South-West,000 Hectares,15.7
Area Farmed in June,2022,Maize silage,South-West,000 Hectares,3.7
Area Farmed in June,2022,"Nurseries, horticulture etc.",South-West,000 Hectares,0.1
Area Farmed in June,2022,Oilseed rape,South-West,000 Hectares,0.6
Area Farmed in June,2022,Other cereals,South-West,000 Hectares,0.2
Area Farmed in June,2022,Other crops,South-West,000 Hectares,2.9
Area Farmed in June,2022,Pasture,South-West,000 Hectares,349.9
Area Farmed in June,2022,Potatoes,South-West,000 Hectares,0.8
Area Farmed in June,2022,Rough grazing in use,South-West,000 Hectares,114.5
Area Farmed in June,2022,Spring barley,South-West,000 Hectares,22.3
Area Farmed in June,2022,Spring oats,South-West,000 Hectares,2.5
Area Farmed in June,2022,Spring wheat,South-West,000 Hectares,1.8
Area Farmed in June,2022,Total barley,South-West,000 Hectares,33.3
Area Farmed in June,2022,Total cereals,South-West,000 Hectares,42.6
Area Farmed in June,2022,"Total crops, fruit and horticulture",South-West,000 Hectares,55.6
Area Farmed in June,2022,Total oats,South-West,000 Hectares,3.4
Area Farmed in June,2022,Total wheat,South-West,000 Hectares,5.7
Area Farmed in June,2022,Turnips,South-West,000 Hectares,0.1
Area Farmed in June,2022,Vegetables for sale,South-West,000 Hectares,0.3
Area Farmed in June,2022,Winter barley,South-West,000 Hectares,11.0
Area Farmed in June,2022,Winter oats,South-West,000 Hectares,0.9
Area Farmed in June,2022,Winter wheat,South-West,000 Hectares,3.9
Area Farmed in June,2022,Arable silage,Southern,000 Hectares,0.6
Area Farmed in June,2022,Area farmed (AAU),Southern,000 Hectares,2008.0
Area Farmed in June,2022,Beans and peas,Southern,000 Hectares,5.7
Area Farmed in June,2022,Beet,Southern,000 Hectares,6.3
Area Farmed in June,2022,Crops and pasture,Southern,000 Hectares,1755.7
Area Farmed in June,2022,Fodder rape and kale,Southern,000 Hectares,0.5
Area Farmed in June,2022,Fruit,Southern,000 Hectares,0.4
Area Farmed in June,2022,Grass silage,Southern,000 Hectares,574.0
Area Farmed in June,2022,Hay,Southern,000 Hectares,49.4
Area Farmed in June,2022,Maize silage,Southern,000 Hectares,9.7
Area Farmed in June,2022,"Nurseries, horticulture etc.",Southern,000 Hectares,0.3
Area Farmed in June,2022,Oilseed rape,Southern,000 Hectares,5.8
Area Farmed in June,2022,Other cereals,Southern,000 Hectares,1.6
Area Farmed in June,2022,Other crops,Southern,000 Hectares,9.6
Area Farmed in June,2022,Pasture,Southern,000 Hectares,938.8
Area Farmed in June,2022,Potatoes,Southern,000 Hectares,2.9
Area Farmed in June,2022,Rough grazing in use,Southern,000 Hectares,252.3
Area Farmed in June,2022,Spring barley,Southern,000 Hectares,75.0
Area Farmed in June,2022,Spring oats,Southern,000 Hectares,8.0
Area Farmed in June,2022,Spring wheat,Southern,000 Hectares,4.0
Area Farmed in June,2022,Total barley,Southern,000 Hectares,110.5
Area Farmed in June,2022,Total cereals,Southern,000 Hectares,150.3
Area Farmed in June,2022,"Total crops, fruit and horticulture",Southern,000 Hectares,193.4
Area Farmed in June,2022,Total oats,Southern,000 Hectares,15.0
Area Farmed in June,2022,Total wheat,Southern,000 Hectares,23.2
Area Farmed in June,2022,Turnips,Southern,000 Hectares,0.2
Area Farmed in June,2022,Vegetables for sale,Southern,000 Hectares,1.0
Area Farmed in June,2022,Winter barley,Southern,000 Hectares,35.5
Area Farmed in June,2022,Winter oats,Southern,000 Hectares,7.0
Area Farmed in June,2022,Winter wheat,Southern,000 Hectares,19.2
Area Farmed in June,2022,Arable silage,State,000 Hectares,1.6
Area Farmed in June,2022,Area farmed (AAU),State,000 Hectares,4347.9
Area Farmed in June,2022,Beans and peas,State,000 Hectares,10.8
Area Farmed in June,2022,Beet,State,000 Hectares,9.4
Area Farmed in June,2022,Crops and pasture,State,000 Hectares,3745.5
Area Farmed in June,2022,Fodder rape and kale,State,000 Hectares,1.2
Area Farmed in June,2022,Fruit,State,000 Hectares,0.9
Area Farmed in June,2022,Grass silage,State,000 Hectares,1187.7
Area Farmed in June,2022,Hay,State,000 Hectares,132.5
Area Farmed in June,2022,Maize silage,State,000 Hectares,15.7
Area Farmed in June,2022,"Nurseries, horticulture etc.",State,000 Hectares,0.5
Area Farmed in June,2022,Oilseed rape,State,000 Hectares,15.8
Area Farmed in June,2022,Other cereals,State,000 Hectares,3.1
Area Farmed in June,2022,Other crops,State,000 Hectares,24.6
Area Farmed in June,2022,Pasture,State,000 Hectares,2043.7
Area Farmed in June,2022,Potatoes,State,000 Hectares,8.5
Area Farmed in June,2022,Rough grazing in use,State,000 Hectares,602.5
Area Farmed in June,2022,Spring barley,State,000 Hectares,116.5
Area Farmed in June,2022,Spring oats,State,000 Hectares,13.0
Area Farmed in June,2022,Spring wheat,State,000 Hectares,6.8
Area Farmed in June,2022,Total barley,State,000 Hectares,190.3
Area Farmed in June,2022,Total cereals,State,000 Hectares,288.7
Area Farmed in June,2022,"Total crops, fruit and horticulture",State,000 Hectares,381.5
Area Farmed in June,2022,Total oats,State,000 Hectares,28.2
Area Farmed in June,2022,Total wheat,State,000 Hectares,67.2
Area Farmed in June,2022,Turnips,State,000 Hectares,0.6
Area Farmed in June,2022,Vegetables for sale,State,000 Hectares,3.2
Area Farmed in June,2022,Winter barley,State,000 Hectares,73.8
Area Farmed in June,2022,Winter oats,State,000 Hectares,15.2
Area Farmed in June,2022,Winter wheat,State,000 Hectares,60.4
Area Farmed in June,2022,Arable silage,West,000 Hectares,0.2
Area Farmed in June,2022,Area farmed (AAU),West,000 Hectares,761.7
Area Farmed in June,2022,Beans and peas,West,000 Hectares,0.0
Area Farmed in June,2022,Beet,West,000 Hectares,0.2
Area Farmed in June,2022,Crops and pasture,West,000 Hectares,587.7
Area Farmed in June,2022,Fodder rape and kale,West,000 Hectares,0.2
Area Farmed in June,2022,Fruit,West,000 Hectares,0.0
Area Farmed in June,2022,Grass silage,West,000 Hectares,211.0
Area Farmed in June,2022,Hay,West,000 Hectares,19.2
Area Farmed in June,2022,Maize silage,West,000 Hectares,0.1
Area Farmed in June,2022,"Nurseries, horticulture etc.",West,000 Hectares,0.0
Area Farmed in June,2022,Oilseed rape,West,000 Hectares,0.1
Area Farmed in June,2022,Other cereals,West,000 Hectares,0.0
Area Farmed in June,2022,Other crops,West,000 Hectares,4.7
Area Farmed in June,2022,Pasture,West,000 Hectares,346.7
Area Farmed in June,2022,Potatoes,West,000 Hectares,0.1
Area Farmed in June,2022,Rough grazing in use,West,000 Hectares,174.0
Area Farmed in June,2022,Spring barley,West,000 Hectares,2.6
Area Farmed in June,2022,Spring oats,West,000 Hectares,0.9
Area Farmed in June,2022,Spring wheat,West,000 Hectares,0.1
Area Farmed in June,2022,Total barley,West,000 Hectares,3.6
Area Farmed in June,2022,Total cereals,West,000 Hectares,4.9
Area Farmed in June,2022,"Total crops, fruit and horticulture",West,000 Hectares,10.8
Area Farmed in June,2022,Total oats,West,000 Hectares,1.1
Area Farmed in June,2022,Total wheat,West,000 Hectares,0.2
Area Farmed in June,2022,Turnips,West,000 Hectares,0.1
Area Farmed in June,2022,Vegetables for sale,West,000 Hectares,0.1
Area Farmed in June,2022,Winter barley,West,000 Hectares,0.9
Area Farmed in June,2022,Winter oats,West,000 Hectares,0.2
Area Farmed in June,2022,Winter wheat,West,000 Hectares,0.2
Area Farmed in June,2023,Arable silage,Border,000 Hectares,0.5
Area Farmed in June,2023,Area farmed (AAU),Border,000 Hectares,707.3
Area Farmed in June,2023,Beans and peas,Border,000 Hectares,0.0
Area Farmed in June,2023,Beet,Border,000 Hectares,0.0
Area Farmed in June,2023,Crops and pasture,Border,000 Hectares,590.0
Area Farmed in June,2023,Fodder rape and kale,Border,000 Hectares,0.0
Area Farmed in June,2023,Fruit,Border,000 Hectares,0.0
Area Farmed in June,2023,Grass silage,Border,000 Hectares,204.8
Area Farmed in June,2023,Hay,Border,000 Hectares,24.1
Area Farmed in June,2023,Maize silage,Border,000 Hectares,0.4
Area Farmed in June,2023,"Nurseries, horticulture etc.",Border,000 Hectares,0.0
Area Farmed in June,2023,Oilseed rape,Border,000 Hectares,0.1
Area Farmed in June,2023,Other cereals,Border,000 Hectares,0.1
Area Farmed in June,2023,Other crops,Border,000 Hectares,1.5
Area Farmed in June,2023,Pasture,Border,000 Hectares,352.4
Area Farmed in June,2023,Potatoes,Border,000 Hectares,0.7
Area Farmed in June,2023,Rough grazing in use,Border,000 Hectares,117.2
Area Farmed in June,2023,Spring barley,Border,000 Hectares,2.7
Area Farmed in June,2023,Spring oats,Border,000 Hectares,0.7
Area Farmed in June,2023,Spring wheat,Border,000 Hectares,0.2
Area Farmed in June,2023,Total barley,Border,000 Hectares,3.9
Area Farmed in June,2023,Total cereals,Border,000 Hectares,5.5
Area Farmed in June,2023,"Total crops, fruit and horticulture",Border,000 Hectares,8.7
Area Farmed in June,2023,Total oats,Border,000 Hectares,0.8
Area Farmed in June,2023,Total wheat,Border,000 Hectares,0.7
Area Farmed in June,2023,Turnips,Border,000 Hectares,0.0
Area Farmed in June,2023,Vegetables for sale,Border,000 Hectares,0.0
Area Farmed in June,2023,Winter barley,Border,000 Hectares,1.2
Area Farmed in June,2023,Winter oats,Border,000 Hectares,0.1
Area Farmed in June,2023,Winter wheat,Border,000 Hectares,0.5
Area Farmed in June,2023,Arable silage,Dublin and Mid-East,000 Hectares,0.2
Area Farmed in June,2023,Area farmed (AAU),Dublin and Mid-East,000 Hectares,482.3
Area Farmed in June,2023,Beans and peas,Dublin and Mid-East,000 Hectares,6.2
Area Farmed in June,2023,Beet,Dublin and Mid-East,000 Hectares,1.6
Area Farmed in June,2023,Crops and pasture,Dublin and Mid-East,000 Hectares,454.5
Area Farmed in June,2023,Fodder rape and kale,Dublin and Mid-East,000 Hectares,0.2
Area Farmed in June,2023,Fruit,Dublin and Mid-East,000 Hectares,0.5
Area Farmed in June,2023,Grass silage,Dublin and Mid-East,000 Hectares,102.1
Area Farmed in June,2023,Hay,Dublin and Mid-East,000 Hectares,24.3
Area Farmed in June,2023,Maize silage,Dublin and Mid-East,000 Hectares,5.1
Area Farmed in June,2023,"Nurseries, horticulture etc.",Dublin and Mid-East,000 Hectares,0.1
Area Farmed in June,2023,Oilseed rape,Dublin and Mid-East,000 Hectares,11.4
Area Farmed in June,2023,Other cereals,Dublin and Mid-East,000 Hectares,0.9
Area Farmed in June,2023,Other crops,Dublin and Mid-East,000 Hectares,4.0
Area Farmed in June,2023,Pasture,Dublin and Mid-East,000 Hectares,202.3
Area Farmed in June,2023,Potatoes,Dublin and Mid-East,000 Hectares,4.9
Area Farmed in June,2023,Rough grazing in use,Dublin and Mid-East,000 Hectares,27.8
Area Farmed in June,2023,Spring barley,Dublin and Mid-East,000 Hectares,25.6
Area Farmed in June,2023,Spring oats,Dublin and Mid-East,000 Hectares,3.5
Area Farmed in June,2023,Spring wheat,Dublin and Mid-East,000 Hectares,1.1
Area Farmed in June,2023,Total barley,Dublin and Mid-East,000 Hectares,47.8
Area Farmed in June,2023,Total cereals,Dublin and Mid-East,000 Hectares,89.3
Area Farmed in June,2023,"Total crops, fruit and horticulture",Dublin and Mid-East,000 Hectares,125.8
Area Farmed in June,2023,Total oats,Dublin and Mid-East,000 Hectares,7.8
Area Farmed in June,2023,Total wheat,Dublin and Mid-East,000 Hectares,32.8
Area Farmed in June,2023,Turnips,Dublin and Mid-East,000 Hectares,0.3
Area Farmed in June,2023,Vegetables for sale,Dublin and Mid-East,000 Hectares,2.0
Area Farmed in June,2023,Winter barley,Dublin and Mid-East,000 Hectares,22.2
Area Farmed in June,2023,Winter oats,Dublin and Mid-East,000 Hectares,4.3
Area Farmed in June,2023,Winter wheat,Dublin and Mid-East,000 Hectares,31.8
Area Farmed in June,2023,Arable silage,Eastern and Midland,000 Hectares,0.5
Area Farmed in June,2023,Area farmed (AAU),Eastern and Midland,000 Hectares,916.7
Area Farmed in June,2023,Beans and peas,Eastern and Midland,000 Hectares,7.9
Area Farmed in June,2023,Beet,Eastern and Midland,000 Hectares,3.1
Area Farmed in June,2023,Crops and pasture,Eastern and Midland,000 Hectares,850.3
Area Farmed in June,2023,Fodder rape and kale,Eastern and Midland,000 Hectares,0.4
Area Farmed in June,2023,Fruit,Eastern and Midland,000 Hectares,0.5
Area Farmed in June,2023,Grass silage,Eastern and Midland,000 Hectares,212.1
Area Farmed in June,2023,Hay,Eastern and Midland,000 Hectares,41.7
Area Farmed in June,2023,Maize silage,Eastern and Midland,000 Hectares,7.1
Area Farmed in June,2023,"Nurseries, horticulture etc.",Eastern and Midland,000 Hectares,0.1
Area Farmed in June,2023,Oilseed rape,Eastern and Midland,000 Hectares,13.3
Area Farmed in June,2023,Other cereals,Eastern and Midland,000 Hectares,1.2
Area Farmed in June,2023,Other crops,Eastern and Midland,000 Hectares,5.9
Area Farmed in June,2023,Pasture,Eastern and Midland,000 Hectares,431.2
Area Farmed in June,2023,Potatoes,Eastern and Midland,000 Hectares,5.0
Area Farmed in June,2023,Rough grazing in use,Eastern and Midland,000 Hectares,66.4
Area Farmed in June,2023,Spring barley,Eastern and Midland,000 Hectares,41.7
Area Farmed in June,2023,Spring oats,Eastern and Midland,000 Hectares,5.2
Area Farmed in June,2023,Spring wheat,Eastern and Midland,000 Hectares,1.3
Area Farmed in June,2023,Total barley,Eastern and Midland,000 Hectares,70.1
Area Farmed in June,2023,Total cereals,Eastern and Midland,000 Hectares,118.9
Area Farmed in June,2023,"Total crops, fruit and horticulture",Eastern and Midland,000 Hectares,165.3
Area Farmed in June,2023,Total oats,Eastern and Midland,000 Hectares,10.4
Area Farmed in June,2023,Total wheat,Eastern and Midland,000 Hectares,37.2
Area Farmed in June,2023,Turnips,Eastern and Midland,000 Hectares,0.3
Area Farmed in June,2023,Vegetables for sale,Eastern and Midland,000 Hectares,2.1
Area Farmed in June,2023,Winter barley,Eastern and Midland,000 Hectares,28.4
Area Farmed in June,2023,Winter oats,Eastern and Midland,000 Hectares,5.3
Area Farmed in June,2023,Winter wheat,Eastern and Midland,000 Hectares,35.8
Area Farmed in June,2023,Arable silage,Mid-West,000 Hectares,0.2
Area Farmed in June,2023,Area farmed (AAU),Mid-West,000 Hectares,717.8
Area Farmed in June,2023,Beans and peas,Mid-West,000 Hectares,0.9
Area Farmed in June,2023,Beet,Mid-West,000 Hectares,0.7
Area Farmed in June,2023,Crops and pasture,Mid-West,000 Hectares,604.2
Area Farmed in June,2023,Fodder rape and kale,Mid-West,000 Hectares,0.1
Area Farmed in June,2023,Fruit,Mid-West,000 Hectares,0.1
Area Farmed in June,2023,Grass silage,Mid-West,000 Hectares,193.1
Area Farmed in June,2023,Hay,Mid-West,000 Hectares,22.8
Area Farmed in June,2023,Maize silage,Mid-West,000 Hectares,1.5
Area Farmed in June,2023,"Nurseries, horticulture etc.",Mid-West,000 Hectares,0.0
Area Farmed in June,2023,Oilseed rape,Mid-West,000 Hectares,1.4
Area Farmed in June,2023,Other cereals,Mid-West,000 Hectares,0.6
Area Farmed in June,2023,Other crops,Mid-West,000 Hectares,1.9
Area Farmed in June,2023,Pasture,Mid-West,000 Hectares,358.0
Area Farmed in June,2023,Potatoes,Mid-West,000 Hectares,0.3
Area Farmed in June,2023,Rough grazing in use,Mid-West,000 Hectares,113.6
Area Farmed in June,2023,Spring barley,Mid-West,000 Hectares,10.2
Area Farmed in June,2023,Spring oats,Mid-West,000 Hectares,1.8
Area Farmed in June,2023,Spring wheat,Mid-West,000 Hectares,0.4
Area Farmed in June,2023,Total barley,Mid-West,000 Hectares,16.1
Area Farmed in June,2023,Total cereals,Mid-West,000 Hectares,23.1
Area Farmed in June,2023,"Total crops, fruit and horticulture",Mid-West,000 Hectares,30.3
Area Farmed in June,2023,Total oats,Mid-West,000 Hectares,3.1
Area Farmed in June,2023,Total wheat,Mid-West,000 Hectares,3.3
Area Farmed in June,2023,Turnips,Mid-West,000 Hectares,0.0
Area Farmed in June,2023,Vegetables for sale,Mid-West,000 Hectares,0.1
Area Farmed in June,2023,Winter barley,Mid-West,000 Hectares,5.9
Area Farmed in June,2023,Winter oats,Mid-West,000 Hectares,1.3
Area Farmed in June,2023,Winter wheat,Mid-West,000 Hectares,2.9
Area Farmed in June,2023,Arable silage,Midland,000 Hectares,0.3
Area Farmed in June,2023,Area farmed (AAU),Midland,000 Hectares,434.4
Area Farmed in June,2023,Beans and peas,Midland,000 Hectares,1.7
Area Farmed in June,2023,Beet,Midland,000 Hectares,1.5
Area Farmed in June,2023,Crops and pasture,Midland,000 Hectares,395.8
Area Farmed in June,2023,Fodder rape and kale,Midland,000 Hectares,0.2
Area Farmed in June,2023,Fruit,Midland,000 Hectares,0.0
Area Farmed in June,2023,Grass silage,Midland,000 Hectares,110.0
Area Farmed in June,2023,Hay,Midland,000 Hectares,17.4
Area Farmed in June,2023,Maize silage,Midland,000 Hectares,2.0
Area Farmed in June,2023,"Nurseries, horticulture etc.",Midland,000 Hectares,0.0
Area Farmed in June,2023,Oilseed rape,Midland,000 Hectares,1.9
Area Farmed in June,2023,Other cereals,Midland,000 Hectares,0.3
Area Farmed in June,2023,Other crops,Midland,000 Hectares,2.0
Area Farmed in June,2023,Pasture,Midland,000 Hectares,228.9
Area Farmed in June,2023,Potatoes,Midland,000 Hectares,0.1
Area Farmed in June,2023,Rough grazing in use,Midland,000 Hectares,38.6
Area Farmed in June,2023,Spring barley,Midland,000 Hectares,16.1
Area Farmed in June,2023,Spring oats,Midland,000 Hectares,1.6
Area Farmed in June,2023,Spring wheat,Midland,000 Hectares,0.3
Area Farmed in June,2023,Total barley,Midland,000 Hectares,22.3
Area Farmed in June,2023,Total cereals,Midland,000 Hectares,29.6
Area Farmed in June,2023,"Total crops, fruit and horticulture",Midland,000 Hectares,39.5
Area Farmed in June,2023,Total oats,Midland,000 Hectares,2.6
Area Farmed in June,2023,Total wheat,Midland,000 Hectares,4.4
Area Farmed in June,2023,Turnips,Midland,000 Hectares,0.0
Area Farmed in June,2023,Vegetables for sale,Midland,000 Hectares,0.2
Area Farmed in June,2023,Winter barley,Midland,000 Hectares,6.2
Area Farmed in June,2023,Winter oats,Midland,000 Hectares,1.0
Area Farmed in June,2023,Winter wheat,Midland,000 Hectares,4.1
Area Farmed in June,2023,Arable silage,Northern and Western,000 Hectares,0.7
Area Farmed in June,2023,Area farmed (AAU),Northern and Western,000 Hectares,1517.2
Area Farmed in June,2023,Beans and peas,Northern and Western,000 Hectares,0.1
Area Farmed in June,2023,Beet,Northern and Western,000 Hectares,0.2
Area Farmed in June,2023,Crops and pasture,Northern and Western,000 Hectares,1214.0
Area Farmed in June,2023,Fodder rape and kale,Northern and Western,000 Hectares,0.2
Area Farmed in June,2023,Fruit,Northern and Western,000 Hectares,0.0
Area Farmed in June,2023,Grass silage,Northern and Western,000 Hectares,430.3
Area Farmed in June,2023,Hay,Northern and Western,000 Hectares,44.7
Area Farmed in June,2023,Maize silage,Northern and Western,000 Hectares,0.5
Area Farmed in June,2023,"Nurseries, horticulture etc.",Northern and Western,000 Hectares,0.0
Area Farmed in June,2023,Oilseed rape,Northern and Western,000 Hectares,0.2
Area Farmed in June,2023,Other cereals,Northern and Western,000 Hectares,0.1
Area Farmed in June,2023,Other crops,Northern and Western,000 Hectares,3.0
Area Farmed in June,2023,Pasture,Northern and Western,000 Hectares,722.9
Area Farmed in June,2023,Potatoes,Northern and Western,000 Hectares,0.7
Area Farmed in June,2023,Rough grazing in use,Northern and Western,000 Hectares,303.2
Area Farmed in June,2023,Spring barley,Northern and Western,000 Hectares,5.5
Area Farmed in June,2023,Spring oats,Northern and Western,000 Hectares,1.7
Area Farmed in June,2023,Spring wheat,Northern and Western,000 Hectares,0.3
Area Farmed in June,2023,Total barley,Northern and Western,000 Hectares,7.4
Area Farmed in June,2023,Total cereals,Northern and Western,000 Hectares,10.3
Area Farmed in June,2023,"Total crops, fruit and horticulture",Northern and Western,000 Hectares,16.1
Area Farmed in June,2023,Total oats,Northern and Western,000 Hectares,1.9
Area Farmed in June,2023,Total wheat,Northern and Western,000 Hectares,0.9
Area Farmed in June,2023,Turnips,Northern and Western,000 Hectares,0.0
Area Farmed in June,2023,Vegetables for sale,Northern and Western,000 Hectares,0.1
Area Farmed in June,2023,Winter barley,Northern and Western,000 Hectares,1.9
Area Farmed in June,2023,Winter oats,Northern and Western,000 Hectares,0.3
Area Farmed in June,2023,Winter wheat,Northern and Western,000 Hectares,0.6
Area Farmed in June,2023,Arable silage,South-East,000 Hectares,0.3
Area Farmed in June,2023,Area farmed (AAU),South-East,000 Hectares,521.3
Area Farmed in June,2023,Beans and peas,South-East,000 Hectares,4.8
Area Farmed in June,2023,Beet,South-East,000 Hectares,3.2
Area Farmed in June,2023,Crops and pasture,South-East,000 Hectares,493.6
Area Farmed in June,2023,Fodder rape and kale,South-East,000 Hectares,0.3
Area Farmed in June,2023,Fruit,South-East,000 Hectares,0.3
Area Farmed in June,2023,Grass silage,South-East,000 Hectares,131.1
Area Farmed in June,2023,Hay,South-East,000 Hectares,11.7
Area Farmed in June,2023,Maize silage,South-East,000 Hectares,6.1
Area Farmed in June,2023,"Nurseries, horticulture etc.",South-East,000 Hectares,0.3
Area Farmed in June,2023,Oilseed rape,South-East,000 Hectares,5.7
Area Farmed in June,2023,Other cereals,South-East,000 Hectares,0.9
Area Farmed in June,2023,Other crops,South-East,000 Hectares,3.5
Area Farmed in June,2023,Pasture,South-East,000 Hectares,244.3
Area Farmed in June,2023,Potatoes,South-East,000 Hectares,1.5
Area Farmed in June,2023,Rough grazing in use,South-East,000 Hectares,27.7
Area Farmed in June,2023,Spring barley,South-East,000 Hectares,50.2
Area Farmed in June,2023,Spring oats,South-East,000 Hectares,5.5
Area Farmed in June,2023,Spring wheat,South-East,000 Hectares,0.9
Area Farmed in June,2023,Total barley,South-East,000 Hectares,60.5
Area Farmed in June,2023,Total cereals,South-East,000 Hectares,79.8
Area Farmed in June,2023,"Total crops, fruit and horticulture",South-East,000 Hectares,106.5
Area Farmed in June,2023,Total oats,South-East,000 Hectares,8.2
Area Farmed in June,2023,Total wheat,South-East,000 Hectares,10.1
Area Farmed in June,2023,Turnips,South-East,000 Hectares,0.1
Area Farmed in June,2023,Vegetables for sale,South-East,000 Hectares,0.7
Area Farmed in June,2023,Winter barley,South-East,000 Hectares,10.4
Area Farmed in June,2023,Winter oats,South-East,000 Hectares,2.7
Area Farmed in June,2023,Winter wheat,South-East,000 Hectares,9.2
Area Farmed in June,2023,Arable silage,South-West,000 Hectares,0.4
Area Farmed in June,2023,Area farmed (AAU),South-West,000 Hectares,818.9
Area Farmed in June,2023,Beans and peas,South-West,000 Hectares,2.6
Area Farmed in June,2023,Beet,South-West,000 Hectares,2.2
Area Farmed in June,2023,Crops and pasture,South-West,000 Hectares,700.2
Area Farmed in June,2023,Fodder rape and kale,South-West,000 Hectares,0.1
Area Farmed in June,2023,Fruit,South-West,000 Hectares,0.0
Area Farmed in June,2023,Grass silage,South-West,000 Hectares,266.7
Area Farmed in June,2023,Hay,South-West,000 Hectares,16.3
Area Farmed in June,2023,Maize silage,South-West,000 Hectares,4.3
Area Farmed in June,2023,"Nurseries, horticulture etc.",South-West,000 Hectares,0.1
Area Farmed in June,2023,Oilseed rape,South-West,000 Hectares,1.0
Area Farmed in June,2023,Other cereals,South-West,000 Hectares,0.2
Area Farmed in June,2023,Other crops,South-West,000 Hectares,2.1
Area Farmed in June,2023,Pasture,South-West,000 Hectares,363.0
Area Farmed in June,2023,Potatoes,South-West,000 Hectares,0.6
Area Farmed in June,2023,Rough grazing in use,South-West,000 Hectares,118.8
Area Farmed in June,2023,Spring barley,South-West,000 Hectares,25.8
Area Farmed in June,2023,Spring oats,South-West,000 Hectares,3.0
Area Farmed in June,2023,Spring wheat,South-West,000 Hectares,1.7
Area Farmed in June,2023,Total barley,South-West,000 Hectares,32.2
Area Farmed in June,2023,Total cereals,South-West,000 Hectares,40.3
Area Farmed in June,2023,"Total crops, fruit and horticulture",South-West,000 Hectares,54.2
Area Farmed in June,2023,Total oats,South-West,000 Hectares,3.5
Area Farmed in June,2023,Total wheat,South-West,000 Hectares,4.3
Area Farmed in June,2023,Turnips,South-West,000 Hectares,0.1
Area Farmed in June,2023,Vegetables for sale,South-West,000 Hectares,0.3
Area Farmed in June,2023,Winter barley,South-West,000 Hectares,6.4
Area Farmed in June,2023,Winter oats,South-West,000 Hectares,0.5
Area Farmed in June,2023,Winter wheat,South-West,000 Hectares,2.7
Area Farmed in June,2023,Arable silage,Southern,000 Hectares,1.0
Area Farmed in June,2023,Area farmed (AAU),Southern,000 Hectares,2058.1
Area Farmed in June,2023,Beans and peas,Southern,000 Hectares,8.2
Area Farmed in June,2023,Beet,Southern,000 Hectares,6.2
Area Farmed in June,2023,Crops and pasture,Southern,000 Hectares,1797.9
Area Farmed in June,2023,Fodder rape and kale,Southern,000 Hectares,0.4
Area Farmed in June,2023,Fruit,Southern,000 Hectares,0.4
Area Farmed in June,2023,Grass silage,Southern,000 Hectares,590.9
Area Farmed in June,2023,Hay,Southern,000 Hectares,50.8
Area Farmed in June,2023,Maize silage,Southern,000 Hectares,11.9
Area Farmed in June,2023,"Nurseries, horticulture etc.",Southern,000 Hectares,0.4
Area Farmed in June,2023,Oilseed rape,Southern,000 Hectares,8.1
Area Farmed in June,2023,Other cereals,Southern,000 Hectares,1.7
Area Farmed in June,2023,Other crops,Southern,000 Hectares,7.6
Area Farmed in June,2023,Pasture,Southern,000 Hectares,965.3
Area Farmed in June,2023,Potatoes,Southern,000 Hectares,2.5
Area Farmed in June,2023,Rough grazing in use,Southern,000 Hectares,260.1
Area Farmed in June,2023,Spring barley,Southern,000 Hectares,86.2
Area Farmed in June,2023,Spring oats,Southern,000 Hectares,10.4
Area Farmed in June,2023,Spring wheat,Southern,000 Hectares,3.0
Area Farmed in June,2023,Total barley,Southern,000 Hectares,108.9
Area Farmed in June,2023,Total cereals,Southern,000 Hectares,143.2
Area Farmed in June,2023,"Total crops, fruit and horticulture",Southern,000 Hectares,190.9
Area Farmed in June,2023,Total oats,Southern,000 Hectares,14.9
Area Farmed in June,2023,Total wheat,Southern,000 Hectares,17.7
Area Farmed in June,2023,Turnips,Southern,000 Hectares,0.2
Area Farmed in June,2023,Vegetables for sale,Southern,000 Hectares,1.0
Area Farmed in June,2023,Winter barley,Southern,000 Hectares,22.7
Area Farmed in June,2023,Winter oats,Southern,000 Hectares,4.5
Area Farmed in June,2023,Winter wheat,Southern,000 Hectares,14.7
Area Farmed in June,2023,Arable silage,State,000 Hectares,2.2
Area Farmed in June,2023,Area farmed (AAU),State,000 Hectares,4492.0
Area Farmed in June,2023,Beans and peas,State,000 Hectares,16.2
Area Farmed in June,2023,Beet,State,000 Hectares,9.5
Area Farmed in June,2023,Crops and pasture,State,000 Hectares,3862.3
Area Farmed in June,2023,Fodder rape and kale,State,000 Hectares,1.0
Area Farmed in June,2023,Fruit,State,000 Hectares,0.9
Area Farmed in June,2023,Grass silage,State,000 Hectares,1233.3
Area Farmed in June,2023,Hay,State,000 Hectares,137.2
Area Farmed in June,2023,Maize silage,State,000 Hectares,19.5
Area Farmed in June,2023,"Nurseries, horticulture etc.",State,000 Hectares,0.5
Area Farmed in June,2023,Oilseed rape,State,000 Hectares,21.6
Area Farmed in June,2023,Other cereals,State,000 Hectares,3.1
Area Farmed in June,2023,Other crops,State,000 Hectares,16.5
Area Farmed in June,2023,Pasture,State,000 Hectares,2119.4
Area Farmed in June,2023,Potatoes,State,000 Hectares,8.2
Area Farmed in June,2023,Rough grazing in use,State,000 Hectares,629.8
Area Farmed in June,2023,Spring barley,State,000 Hectares,133.4
Area Farmed in June,2023,Spring oats,State,000 Hectares,17.2
Area Farmed in June,2023,Spring wheat,State,000 Hectares,4.6
Area Farmed in June,2023,Total barley,State,000 Hectares,186.3
Area Farmed in June,2023,Total cereals,State,000 Hectares,272.4
Area Farmed in June,2023,"Total crops, fruit and horticulture",State,000 Hectares,372.4
Area Farmed in June,2023,Total oats,State,000 Hectares,27.2
Area Farmed in June,2023,Total wheat,State,000 Hectares,55.8
Area Farmed in June,2023,Turnips,State,000 Hectares,0.5
Area Farmed in June,2023,Vegetables for sale,State,000 Hectares,3.3
Area Farmed in June,2023,Winter barley,State,000 Hectares,52.9
Area Farmed in June,2023,Winter oats,State,000 Hectares,10.0
Area Farmed in June,2023,Winter wheat,State,000 Hectares,51.2
Area Farmed in June,2023,Arable silage,West,000 Hectares,0.3
Area Farmed in June,2023,Area farmed (AAU),West,000 Hectares,809.9
Area Farmed in June,2023,Beans and peas,West,000 Hectares,0.1
Area Farmed in June,2023,Beet,West,000 Hectares,0.2
Area Farmed in June,2023,Crops and pasture,West,000 Hectares,624.0
Area Farmed in June,2023,Fodder rape and kale,West,000 Hectares,0.2
Area Farmed in June,2023,Fruit,West,000 Hectares,0.0
Area Farmed in June,2023,Grass silage,West,000 Hectares,225.5
Area Farmed in June,2023,Hay,West,000 Hectares,20.5
Area Farmed in June,2023,Maize silage,West,000 Hectares,0.2
Area Farmed in June,2023,"Nurseries, horticulture etc.",West,000 Hectares,0.0
Area Farmed in June,2023,Oilseed rape,West,000 Hectares,0.1
Area Farmed in June,2023,Other cereals,West,000 Hectares,0.0
Area Farmed in June,2023,Other crops,West,000 Hectares,1.5
Area Farmed in June,2023,Pasture,West,000 Hectares,370.5
Area Farmed in June,2023,Potatoes,West,000 Hectares,0.0
Area Farmed in June,2023,Rough grazing in use,West,000 Hectares,186.0
Area Farmed in June,2023,Spring barley,West,000 Hectares,2.8
Area Farmed in June,2023,Spring oats,West,000 Hectares,1.0
Area Farmed in June,2023,Spring wheat,West,000 Hectares,0.0
Area Farmed in June,2023,Total barley,West,000 Hectares,3.5
Area Farmed in June,2023,Total cereals,West,000 Hectares,4.8
Area Farmed in June,2023,"Total crops, fruit and horticulture",West,000 Hectares,7.4
Area Farmed in June,2023,Total oats,West,000 Hectares,1.2
Area Farmed in June,2023,Total wheat,West,000 Hectares,0.2
Area Farmed in June,2023,Turnips,West,000 Hectares,0.0
Area Farmed in June,2023,Vegetables for sale,West,000 Hectares,0.1
Area Farmed in June,2023,Winter barley,West,000 Hectares,0.7
Area Farmed in June,2023,Winter oats,West,000 Hectares,0.2
Area Farmed in June,2023,Winter wheat,West,000 Hectares,0.2
Area Farmed in June,2024,Arable silage,Border,000 Hectares,0.6
Area Farmed in June,2024,Area farmed (AAU),Border,000 Hectares,709.0
Area Farmed in June,2024,Beans and peas,Border,000 Hectares,0.0
Area Farmed in June,2024,Beet,Border,000 Hectares,0.0
Area Farmed in June,2024,Crops and pasture,Border,000 Hectares,578.0
Area Farmed in June,2024,Fodder rape and kale,Border,000 Hectares,0.0
Area Farmed in June,2024,Fruit,Border,000 Hectares,0.0
Area Farmed in June,2024,Grass silage,Border,000 Hectares,196.5
Area Farmed in June,2024,Hay,Border,000 Hectares,10.1
Area Farmed in June,2024,Maize silage,Border,000 Hectares,0.4
Area Farmed in June,2024,"Nurseries, horticulture etc.",Border,000 Hectares,0.0
Area Farmed in June,2024,Oilseed rape,Border,000 Hectares,0.1
Area Farmed in June,2024,Other cereals,Border,000 Hectares,0.2
Area Farmed in June,2024,Other crops,Border,000 Hectares,1.1
Area Farmed in June,2024,Pasture,Border,000 Hectares,363.2
Area Farmed in June,2024,Potatoes,Border,000 Hectares,0.8
Area Farmed in June,2024,Rough grazing in use,Border,000 Hectares,131.0
Area Farmed in June,2024,Spring barley,Border,000 Hectares,2.3
Area Farmed in June,2024,Spring oats,Border,000 Hectares,0.7
Area Farmed in June,2024,Spring wheat,Border,000 Hectares,0.4
Area Farmed in June,2024,Total barley,Border,000 Hectares,3.1
Area Farmed in June,2024,Total cereals,Border,000 Hectares,5.0
Area Farmed in June,2024,"Total crops, fruit and horticulture",Border,000 Hectares,8.3
Area Farmed in June,2024,Total oats,Border,000 Hectares,0.8
Area Farmed in June,2024,Total wheat,Border,000 Hectares,0.9
Area Farmed in June,2024,Turnips,Border,000 Hectares,0.0
Area Farmed in June,2024,Vegetables for sale,Border,000 Hectares,0.0
Area Farmed in June,2024,Winter barley,Border,000 Hectares,0.9
Area Farmed in June,2024,Winter oats,Border,000 Hectares,0.1
Area Farmed in June,2024,Winter wheat,Border,000 Hectares,0.4
Area Farmed in June,2024,Arable silage,Dublin and Mid-East,000 Hectares,0.3
Area Farmed in June,2024,Area farmed (AAU),Dublin and Mid-East,000 Hectares,485.0
Area Farmed in June,2024,Beans and peas,Dublin and Mid-East,000 Hectares,8.3
Area Farmed in June,2024,Beet,Dublin and Mid-East,000 Hectares,1.6
Area Farmed in June,2024,Crops and pasture,Dublin and Mid-East,000 Hectares,467.0
Area Farmed in June,2024,Fodder rape and kale,Dublin and Mid-East,000 Hectares,0.2
Area Farmed in June,2024,Fruit,Dublin and Mid-East,000 Hectares,0.4
Area Farmed in June,2024,Grass silage,Dublin and Mid-East,000 Hectares,93.1
Area Farmed in June,2024,Hay,Dublin and Mid-East,000 Hectares,19.6
Area Farmed in June,2024,Maize silage,Dublin and Mid-East,000 Hectares,5.9
Area Farmed in June,2024,"Nurseries, horticulture etc.",Dublin and Mid-East,000 Hectares,0.1
Area Farmed in June,2024,Oilseed rape,Dublin and Mid-East,000 Hectares,8.7
Area Farmed in June,2024,Other cereals,Dublin and Mid-East,000 Hectares,0.9
Area Farmed in June,2024,Other crops,Dublin and Mid-East,000 Hectares,4.0
Area Farmed in June,2024,Pasture,Dublin and Mid-East,000 Hectares,230.6
Area Farmed in June,2024,Potatoes,Dublin and Mid-East,000 Hectares,5.4
Area Farmed in June,2024,Rough grazing in use,Dublin and Mid-East,000 Hectares,18.0
Area Farmed in June,2024,Spring barley,Dublin and Mid-East,000 Hectares,31.1
Area Farmed in June,2024,Spring oats,Dublin and Mid-East,000 Hectares,6.6
Area Farmed in June,2024,Spring wheat,Dublin and Mid-East,000 Hectares,2.8
Area Farmed in June,2024,Total barley,Dublin and Mid-East,000 Hectares,48.7
Area Farmed in June,2024,Total cereals,Dublin and Mid-East,000 Hectares,86.1
Area Farmed in June,2024,"Total crops, fruit and horticulture",Dublin and Mid-East,000 Hectares,123.6
Area Farmed in June,2024,Total oats,Dublin and Mid-East,000 Hectares,9.5
Area Farmed in June,2024,Total wheat,Dublin and Mid-East,000 Hectares,27.0
Area Farmed in June,2024,Turnips,Dublin and Mid-East,000 Hectares,0.3
Area Farmed in June,2024,Vegetables for sale,Dublin and Mid-East,000 Hectares,2.2
Area Farmed in June,2024,Winter barley,Dublin and Mid-East,000 Hectares,17.6
Area Farmed in June,2024,Winter oats,Dublin and Mid-East,000 Hectares,2.9
Area Farmed in June,2024,Winter wheat,Dublin and Mid-East,000 Hectares,24.2
Area Farmed in June,2024,Arable silage,Eastern and Midland,000 Hectares,0.7
Area Farmed in June,2024,Area farmed (AAU),Eastern and Midland,000 Hectares,919.7
Area Farmed in June,2024,Beans and peas,Eastern and Midland,000 Hectares,10.2
Area Farmed in June,2024,Beet,Eastern and Midland,000 Hectares,3.2
Area Farmed in June,2024,Crops and pasture,Eastern and Midland,000 Hectares,872.9
Area Farmed in June,2024,Fodder rape and kale,Eastern and Midland,000 Hectares,0.4
Area Farmed in June,2024,Fruit,Eastern and Midland,000 Hectares,0.5
Area Farmed in June,2024,Grass silage,Eastern and Midland,000 Hectares,208.9
Area Farmed in June,2024,Hay,Eastern and Midland,000 Hectares,31.8
Area Farmed in June,2024,Maize silage,Eastern and Midland,000 Hectares,8.8
Area Farmed in June,2024,"Nurseries, horticulture etc.",Eastern and Midland,000 Hectares,0.1
Area Farmed in June,2024,Oilseed rape,Eastern and Midland,000 Hectares,10.2
Area Farmed in June,2024,Other cereals,Eastern and Midland,000 Hectares,1.2
Area Farmed in June,2024,Other crops,Eastern and Midland,000 Hectares,5.6
Area Farmed in June,2024,Pasture,Eastern and Midland,000 Hectares,470.6
Area Farmed in June,2024,Potatoes,Eastern and Midland,000 Hectares,5.5
Area Farmed in June,2024,Rough grazing in use,Eastern and Midland,000 Hectares,46.7
Area Farmed in June,2024,Spring barley,Eastern and Midland,000 Hectares,46.2
Area Farmed in June,2024,Spring oats,Eastern and Midland,000 Hectares,8.5
Area Farmed in June,2024,Spring wheat,Eastern and Midland,000 Hectares,3.1
Area Farmed in June,2024,Total barley,Eastern and Midland,000 Hectares,69.3
Area Farmed in June,2024,Total cereals,Eastern and Midland,000 Hectares,113.7
Area Farmed in June,2024,"Total crops, fruit and horticulture",Eastern and Midland,000 Hectares,161.6
Area Farmed in June,2024,Total oats,Eastern and Midland,000 Hectares,12.2
Area Farmed in June,2024,Total wheat,Eastern and Midland,000 Hectares,31.0
Area Farmed in June,2024,Turnips,Eastern and Midland,000 Hectares,0.4
Area Farmed in June,2024,Vegetables for sale,Eastern and Midland,000 Hectares,2.3
Area Farmed in June,2024,Winter barley,Eastern and Midland,000 Hectares,23.1
Area Farmed in June,2024,Winter oats,Eastern and Midland,000 Hectares,3.7
Area Farmed in June,2024,Winter wheat,Eastern and Midland,000 Hectares,28.0
Area Farmed in June,2024,Arable silage,Mid-West,000 Hectares,0.3
Area Farmed in June,2024,Area farmed (AAU),Mid-West,000 Hectares,715.3
Area Farmed in June,2024,Beans and peas,Mid-West,000 Hectares,0.8
Area Farmed in June,2024,Beet,Mid-West,000 Hectares,0.8
Area Farmed in June,2024,Crops and pasture,Mid-West,000 Hectares,640.7
Area Farmed in June,2024,Fodder rape and kale,Mid-West,000 Hectares,0.1
Area Farmed in June,2024,Fruit,Mid-West,000 Hectares,0.1
Area Farmed in June,2024,Grass silage,Mid-West,000 Hectares,203.6
Area Farmed in June,2024,Hay,Mid-West,000 Hectares,19.1
Area Farmed in June,2024,Maize silage,Mid-West,000 Hectares,2.2
Area Farmed in June,2024,"Nurseries, horticulture etc.",Mid-West,000 Hectares,0.1
Area Farmed in June,2024,Oilseed rape,Mid-West,000 Hectares,1.2
Area Farmed in June,2024,Other cereals,Mid-West,000 Hectares,0.8
Area Farmed in June,2024,Other crops,Mid-West,000 Hectares,1.3
Area Farmed in June,2024,Pasture,Mid-West,000 Hectares,388.2
Area Farmed in June,2024,Potatoes,Mid-West,000 Hectares,0.3
Area Farmed in June,2024,Rough grazing in use,Mid-West,000 Hectares,74.6
Area Farmed in June,2024,Spring barley,Mid-West,000 Hectares,11.3
Area Farmed in June,2024,Spring oats,Mid-West,000 Hectares,2.0
Area Farmed in June,2024,Spring wheat,Mid-West,000 Hectares,0.4
Area Farmed in June,2024,Total barley,Mid-West,000 Hectares,15.9
Area Farmed in June,2024,Total cereals,Mid-West,000 Hectares,22.5
Area Farmed in June,2024,"Total crops, fruit and horticulture",Mid-West,000 Hectares,29.7
Area Farmed in June,2024,Total oats,Mid-West,000 Hectares,3.0
Area Farmed in June,2024,Total wheat,Mid-West,000 Hectares,2.8
Area Farmed in June,2024,Turnips,Mid-West,000 Hectares,0.0
Area Farmed in June,2024,Vegetables for sale,Mid-West,000 Hectares,0.1
Area Farmed in June,2024,Winter barley,Mid-West,000 Hectares,4.6
Area Farmed in June,2024,Winter oats,Mid-West,000 Hectares,1.0
Area Farmed in June,2024,Winter wheat,Mid-West,000 Hectares,2.4
Area Farmed in June,2024,Arable silage,Midland,000 Hectares,0.4
Area Farmed in June,2024,Area farmed (AAU),Midland,000 Hectares,434.7
Area Farmed in June,2024,Beans and peas,Midland,000 Hectares,1.9
Area Farmed in June,2024,Beet,Midland,000 Hectares,1.6
Area Farmed in June,2024,Crops and pasture,Midland,000 Hectares,406.0
Area Farmed in June,2024,Fodder rape and kale,Midland,000 Hectares,0.2
Area Farmed in June,2024,Fruit,Midland,000 Hectares,0.0
Area Farmed in June,2024,Grass silage,Midland,000 Hectares,115.9
Area Farmed in June,2024,Hay,Midland,000 Hectares,12.1
Area Farmed in June,2024,Maize silage,Midland,000 Hectares,2.8
Area Farmed in June,2024,"Nurseries, horticulture etc.",Midland,000 Hectares,0.0
Area Farmed in June,2024,Oilseed rape,Midland,000 Hectares,1.5
Area Farmed in June,2024,Other cereals,Midland,000 Hectares,0.3
Area Farmed in June,2024,Other crops,Midland,000 Hectares,1.7
Area Farmed in June,2024,Pasture,Midland,000 Hectares,240.0
Area Farmed in June,2024,Potatoes,Midland,000 Hectares,0.1
Area Farmed in June,2024,Rough grazing in use,Midland,000 Hectares,28.7
Area Farmed in June,2024,Spring barley,Midland,000 Hectares,15.1
Area Farmed in June,2024,Spring oats,Midland,000 Hectares,1.9
Area Farmed in June,2024,Spring wheat,Midland,000 Hectares,0.3
Area Farmed in June,2024,Total barley,Midland,000 Hectares,20.5
Area Farmed in June,2024,Total cereals,Midland,000 Hectares,27.6
Area Farmed in June,2024,"Total crops, fruit and horticulture",Midland,000 Hectares,38.0
Area Farmed in June,2024,Total oats,Midland,000 Hectares,2.7
Area Farmed in June,2024,Total wheat,Midland,000 Hectares,4.0
Area Farmed in June,2024,Turnips,Midland,000 Hectares,0.0
Area Farmed in June,2024,Vegetables for sale,Midland,000 Hectares,0.2
Area Farmed in June,2024,Winter barley,Midland,000 Hectares,5.4
Area Farmed in June,2024,Winter oats,Midland,000 Hectares,0.9
Area Farmed in June,2024,Winter wheat,Midland,000 Hectares,3.7
Area Farmed in June,2024,Arable silage,Northern and Western,000 Hectares,0.8
Area Farmed in June,2024,Area farmed (AAU),Northern and Western,000 Hectares,1516.0
Area Farmed in June,2024,Beans and peas,Northern and Western,000 Hectares,0.1
Area Farmed in June,2024,Beet,Northern and Western,000 Hectares,0.2
Area Farmed in June,2024,Crops and pasture,Northern and Western,000 Hectares,1262.0
Area Farmed in June,2024,Fodder rape and kale,Northern and Western,000 Hectares,0.2
Area Farmed in June,2024,Fruit,Northern and Western,000 Hectares,0.0
Area Farmed in June,2024,Grass silage,Northern and Western,000 Hectares,414.5
Area Farmed in June,2024,Hay,Northern and Western,000 Hectares,24.0
Area Farmed in June,2024,Maize silage,Northern and Western,000 Hectares,0.7
Area Farmed in June,2024,"Nurseries, horticulture etc.",Northern and Western,000 Hectares,0.0
Area Farmed in June,2024,Oilseed rape,Northern and Western,000 Hectares,0.2
Area Farmed in June,2024,Other cereals,Northern and Western,000 Hectares,0.2
Area Farmed in June,2024,Other crops,Northern and Western,000 Hectares,2.1
Area Farmed in June,2024,Pasture,Northern and Western,000 Hectares,808.7
Area Farmed in June,2024,Potatoes,Northern and Western,000 Hectares,0.9
Area Farmed in June,2024,Rough grazing in use,Northern and Western,000 Hectares,254.0
Area Farmed in June,2024,Spring barley,Northern and Western,000 Hectares,4.6
Area Farmed in June,2024,Spring oats,Northern and Western,000 Hectares,1.7
Area Farmed in June,2024,Spring wheat,Northern and Western,000 Hectares,0.5
Area Farmed in June,2024,Total barley,Northern and Western,000 Hectares,6.2
Area Farmed in June,2024,Total cereals,Northern and Western,000 Hectares,9.4
Area Farmed in June,2024,"Total crops, fruit and horticulture",Northern and Western,000 Hectares,14.7
Area Farmed in June,2024,Total oats,Northern and Western,000 Hectares,1.9
Area Farmed in June,2024,Total wheat,Northern and Western,000 Hectares,1.1
Area Farmed in June,2024,Turnips,Northern and Western,000 Hectares,0.0
Area Farmed in June,2024,Vegetables for sale,Northern and Western,000 Hectares,0.1
Area Farmed in June,2024,Winter barley,Northern and Western,000 Hectares,1.5
Area Farmed in June,2024,Winter oats,Northern and Western,000 Hectares,0.3
Area Farmed in June,2024,Winter wheat,Northern and Western,000 Hectares,0.6
Area Farmed in June,2024,Arable silage,South-East,000 Hectares,0.4
Area Farmed in June,2024,Area farmed (AAU),South-East,000 Hectares,520.5
Area Farmed in June,2024,Beans and peas,South-East,000 Hectares,5.2
Area Farmed in June,2024,Beet,South-East,000 Hectares,3.4
Area Farmed in June,2024,Crops and pasture,South-East,000 Hectares,492.8
Area Farmed in June,2024,Fodder rape and kale,South-East,000 Hectares,0.2
Area Farmed in June,2024,Fruit,South-East,000 Hectares,0.2
Area Farmed in June,2024,Grass silage,South-East,000 Hectares,102.0
Area Farmed in June,2024,Hay,South-East,000 Hectares,4.0
Area Farmed in June,2024,Maize silage,South-East,000 Hectares,6.8
Area Farmed in June,2024,"Nurseries, horticulture etc.",South-East,000 Hectares,0.2
Area Farmed in June,2024,Oilseed rape,South-East,000 Hectares,3.8
Area Farmed in June,2024,Other cereals,South-East,000 Hectares,0.6
Area Farmed in June,2024,Other crops,South-East,000 Hectares,3.2
Area Farmed in June,2024,Pasture,South-East,000 Hectares,282.7
Area Farmed in June,2024,Potatoes,South-East,000 Hectares,1.8
Area Farmed in June,2024,Rough grazing in use,South-East,000 Hectares,27.7
Area Farmed in June,2024,Spring barley,South-East,000 Hectares,52.3
Area Farmed in June,2024,Spring oats,South-East,000 Hectares,7.1
Area Farmed in June,2024,Spring wheat,South-East,000 Hectares,1.8
Area Farmed in June,2024,Total barley,South-East,000 Hectares,59.8
Area Farmed in June,2024,Total cereals,South-East,000 Hectares,78.0
Area Farmed in June,2024,"Total crops, fruit and horticulture",South-East,000 Hectares,104.1
Area Farmed in June,2024,Total oats,South-East,000 Hectares,9.1
Area Farmed in June,2024,Total wheat,South-East,000 Hectares,8.5
Area Farmed in June,2024,Turnips,South-East,000 Hectares,0.1
Area Farmed in June,2024,Vegetables for sale,South-East,000 Hectares,0.8
Area Farmed in June,2024,Winter barley,South-East,000 Hectares,7.4
Area Farmed in June,2024,Winter oats,South-East,000 Hectares,2.0
Area Farmed in June,2024,Winter wheat,South-East,000 Hectares,6.7
Area Farmed in June,2024,Arable silage,South-West,000 Hectares,0.5
Area Farmed in June,2024,Area farmed (AAU),South-West,000 Hectares,817.0
Area Farmed in June,2024,Beans and peas,South-West,000 Hectares,2.6
Area Farmed in June,2024,Beet,South-West,000 Hectares,2.3
Area Farmed in June,2024,Crops and pasture,South-West,000 Hectares,683.5
Area Farmed in June,2024,Fodder rape and kale,South-West,000 Hectares,0.1
Area Farmed in June,2024,Fruit,South-West,000 Hectares,0.1
Area Farmed in June,2024,Grass silage,South-West,000 Hectares,203.8
Area Farmed in June,2024,Hay,South-West,000 Hectares,13.9
Area Farmed in June,2024,Maize silage,South-West,000 Hectares,5.0
Area Farmed in June,2024,"Nurseries, horticulture etc.",South-West,000 Hectares,0.1
Area Farmed in June,2024,Oilseed rape,South-West,000 Hectares,0.6
Area Farmed in June,2024,Other cereals,South-West,000 Hectares,0.3
Area Farmed in June,2024,Other crops,South-West,000 Hectares,1.8
Area Farmed in June,2024,Pasture,South-West,000 Hectares,413.1
Area Farmed in June,2024,Potatoes,South-West,000 Hectares,0.7
Area Farmed in June,2024,Rough grazing in use,South-West,000 Hectares,133.5
Area Farmed in June,2024,Spring barley,South-West,000 Hectares,23.7
Area Farmed in June,2024,Spring oats,South-West,000 Hectares,3.1
Area Farmed in June,2024,Spring wheat,South-West,000 Hectares,1.3
Area Farmed in June,2024,Total barley,South-West,000 Hectares,30.4
Area Farmed in June,2024,Total cereals,South-West,000 Hectares,38.5
Area Farmed in June,2024,"Total crops, fruit and horticulture",South-West,000 Hectares,52.6
Area Farmed in June,2024,Total oats,South-West,000 Hectares,3.5
Area Farmed in June,2024,Total wheat,South-West,000 Hectares,4.3
Area Farmed in June,2024,Turnips,South-West,000 Hectares,0.0
Area Farmed in June,2024,Vegetables for sale,South-West,000 Hectares,0.3
Area Farmed in June,2024,Winter barley,South-West,000 Hectares,6.7
Area Farmed in June,2024,Winter oats,South-West,000 Hectares,0.4
Area Farmed in June,2024,Winter wheat,South-West,000 Hectares,3.0
Area Farmed in June,2024,Arable silage,Southern,000 Hectares,1.2
Area Farmed in June,2024,Area farmed (AAU),Southern,000 Hectares,2052.7
Area Farmed in June,2024,Beans and peas,Southern,000 Hectares,8.6
Area Farmed in June,2024,Beet,Southern,000 Hectares,6.5
Area Farmed in June,2024,Crops and pasture,Southern,000 Hectares,1816.9
Area Farmed in June,2024,Fodder rape and kale,Southern,000 Hectares,0.4
Area Farmed in June,2024,Fruit,Southern,000 Hectares,0.4
Area Farmed in June,2024,Grass silage,Southern,000 Hectares,509.5
Area Farmed in June,2024,Hay,Southern,000 Hectares,37.0
Area Farmed in June,2024,Maize silage,Southern,000 Hectares,14.0
Area Farmed in June,2024,"Nurseries, horticulture etc.",Southern,000 Hectares,0.4
Area Farmed in June,2024,Oilseed rape,Southern,000 Hectares,5.6
Area Farmed in June,2024,Other cereals,Southern,000 Hectares,1.6
Area Farmed in June,2024,Other crops,Southern,000 Hectares,6.2
Area Farmed in June,2024,Pasture,Southern,000 Hectares,1084.0
Area Farmed in June,2024,Potatoes,Southern,000 Hectares,2.9
Area Farmed in June,2024,Rough grazing in use,Southern,000 Hectares,235.8
Area Farmed in June,2024,Spring barley,Southern,000 Hectares,87.3
Area Farmed in June,2024,Spring oats,Southern,000 Hectares,12.2
Area Farmed in June,2024,Spring wheat,Southern,000 Hectares,3.6
Area Farmed in June,2024,Total barley,Southern,000 Hectares,106.0
Area Farmed in June,2024,Total cereals,Southern,000 Hectares,138.9
Area Farmed in June,2024,"Total crops, fruit and horticulture",Southern,000 Hectares,186.4
Area Farmed in June,2024,Total oats,Southern,000 Hectares,15.6
Area Farmed in June,2024,Total wheat,Southern,000 Hectares,15.6
Area Farmed in June,2024,Turnips,Southern,000 Hectares,0.2
Area Farmed in June,2024,Vegetables for sale,Southern,000 Hectares,1.1
Area Farmed in June,2024,Winter barley,Southern,000 Hectares,18.7
Area Farmed in June,2024,Winter oats,Southern,000 Hectares,3.5
Area Farmed in June,2024,Winter wheat,Southern,000 Hectares,12.1
Area Farmed in June,2024,Arable silage,State,000 Hectares,2.7
Area Farmed in June,2024,Area farmed (AAU),State,000 Hectares,4488.4
Area Farmed in June,2024,Beans and peas,State,000 Hectares,18.9
Area Farmed in June,2024,Beet,State,000 Hectares,9.9
Area Farmed in June,2024,Crops and pasture,State,000 Hectares,3951.8
Area Farmed in June,2024,Fodder rape and kale,State,000 Hectares,1.0
Area Farmed in June,2024,Fruit,State,000 Hectares,0.9
Area Farmed in June,2024,Grass silage,State,000 Hectares,1132.9
Area Farmed in June,2024,Hay,State,000 Hectares,92.8
Area Farmed in June,2024,Maize silage,State,000 Hectares,23.4
Area Farmed in June,2024,"Nurseries, horticulture etc.",State,000 Hectares,0.6
Area Farmed in June,2024,Oilseed rape,State,000 Hectares,16.1
Area Farmed in June,2024,Other cereals,State,000 Hectares,3.0
Area Farmed in June,2024,Other crops,State,000 Hectares,14.0
Area Farmed in June,2024,Pasture,State,000 Hectares,2363.3
Area Farmed in June,2024,Potatoes,State,000 Hectares,9.3
Area Farmed in June,2024,Rough grazing in use,State,000 Hectares,536.5
Area Farmed in June,2024,Spring barley,State,000 Hectares,138.2
Area Farmed in June,2024,Spring oats,State,000 Hectares,22.3
Area Farmed in June,2024,Spring wheat,State,000 Hectares,7.1
Area Farmed in June,2024,Total barley,State,000 Hectares,181.4
Area Farmed in June,2024,Total cereals,State,000 Hectares,262.0
Area Farmed in June,2024,"Total crops, fruit and horticulture",State,000 Hectares,362.8
Area Farmed in June,2024,Total oats,State,000 Hectares,29.8
Area Farmed in June,2024,Total wheat,State,000 Hectares,47.7
Area Farmed in June,2024,Turnips,State,000 Hectares,0.6
Area Farmed in June,2024,Vegetables for sale,State,000 Hectares,3.5
Area Farmed in June,2024,Winter barley,State,000 Hectares,43.3
Area Farmed in June,2024,Winter oats,State,000 Hectares,7.5
Area Farmed in June,2024,Winter wheat,State,000 Hectares,40.6
Area Farmed in June,2024,Arable silage,West,000 Hectares,0.2
Area Farmed in June,2024,Area farmed (AAU),West,000 Hectares,807.0
Area Farmed in June,2024,Beans and peas,West,000 Hectares,0.1
Area Farmed in June,2024,Beet,West,000 Hectares,0.2
Area Farmed in June,2024,Crops and pasture,West,000 Hectares,684.0
Area Farmed in June,2024,Fodder rape and kale,West,000 Hectares,0.2
Area Farmed in June,2024,Fruit,West,000 Hectares,0.0
Area Farmed in June,2024,Grass silage,West,000 Hectares,218.0
Area Farmed in June,2024,Hay,West,000 Hectares,14.0
Area Farmed in June,2024,Maize silage,West,000 Hectares,0.2
Area Farmed in June,2024,"Nurseries, horticulture etc.",West,000 Hectares,0.0
Area Farmed in June,2024,Oilseed rape,West,000 Hectares,0.1
Area Farmed in June,2024,Other cereals,West,000 Hectares,0.0
Area Farmed in June,2024,Other crops,West,000 Hectares,1.0
Area Farmed in June,2024,Pasture,West,000 Hectares,445.5
Area Farmed in June,2024,Potatoes,West,000 Hectares,0.1
Area Farmed in June,2024,Rough grazing in use,West,000 Hectares,123.0
Area Farmed in June,2024,Spring barley,West,000 Hectares,2.4
Area Farmed in June,2024,Spring oats,West,000 Hectares,0.9
Area Farmed in June,2024,Spring wheat,West,000 Hectares,0.0
Area Farmed in June,2024,Total barley,West,000 Hectares,3.0
Area Farmed in June,2024,Total cereals,West,000 Hectares,4.4
Area Farmed in June,2024,"Total crops, fruit and horticulture",West,000 Hectares,6.5
Area Farmed in June,2024,Total oats,West,000 Hectares,1.1
Area Farmed in June,2024,Total wheat,West,000 Hectares,0.2
Area Farmed in June,2024,Turnips,West,000 Hectares,0.0
Area Farmed in June,2024,Vegetables for sale,West,000 Hectares,0.1
Area Farmed in June,2024,Winter barley,West,000 Hectares,0.7
Area Farmed in June,2024,Winter oats,West,000 Hectares,0.2
Area Farmed in June,2024,Winter wheat,West,000 Hectares,0.2
Area Farmed in June,2025,Arable silage,Border,000 Hectares,0.5
Area Farmed in June,2025,Area farmed (AAU),Border,000 Hectares,710.4
Area Farmed in June,2025,Beans and peas,Border,000 Hectares,0.0
Area Farmed in June,2025,Beet,Border,000 Hectares,0.0
Area Farmed in June,2025,Crops and pasture,Border,000 Hectares,579.4
Area Farmed in June,2025,Fodder rape and kale,Border,000 Hectares,0.0
Area Farmed in June,2025,Fruit,Border,000 Hectares,0.0
Area Farmed in June,2025,Grass silage,Border,000 Hectares,196.5
Area Farmed in June,2025,Hay,Border,000 Hectares,10.1
Area Farmed in June,2025,Maize silage,Border,000 Hectares,0.4
Area Farmed in June,2025,"Nurseries, horticulture etc.",Border,000 Hectares,0.0
Area Farmed in June,2025,Oilseed rape,Border,000 Hectares,0.1
Area Farmed in June,2025,Other cereals,Border,000 Hectares,0.1
Area Farmed in June,2025,Other crops,Border,000 Hectares,2.4
Area Farmed in June,2025,Pasture,Border,000 Hectares,363.2
Area Farmed in June,2025,Potatoes,Border,000 Hectares,0.7
Area Farmed in June,2025,Rough grazing in use,Border,000 Hectares,131.0
Area Farmed in June,2025,Spring barley,Border,000 Hectares,2.4
Area Farmed in June,2025,Spring oats,Border,000 Hectares,0.7
Area Farmed in June,2025,Spring wheat,Border,000 Hectares,0.2
Area Farmed in June,2025,Total barley,Border,000 Hectares,3.4
Area Farmed in June,2025,Total cereals,Border,000 Hectares,5.2
Area Farmed in June,2025,"Total crops, fruit and horticulture",Border,000 Hectares,9.6
Area Farmed in June,2025,Total oats,Border,000 Hectares,0.9
Area Farmed in June,2025,Total wheat,Border,000 Hectares,0.8
Area Farmed in June,2025,Turnips,Border,000 Hectares,0.0
Area Farmed in June,2025,Vegetables for sale,Border,000 Hectares,0.0
Area Farmed in June,2025,Winter barley,Border,000 Hectares,1.0
Area Farmed in June,2025,Winter oats,Border,000 Hectares,0.2
Area Farmed in June,2025,Winter wheat,Border,000 Hectares,0.6
Area Farmed in June,2025,Arable silage,Dublin and Mid-East,000 Hectares,0.3
Area Farmed in June,2025,Area farmed (AAU),Dublin and Mid-East,000 Hectares,484.1
Area Farmed in June,2025,Beans and peas,Dublin and Mid-East,000 Hectares,4.5
Area Farmed in June,2025,Beet,Dublin and Mid-East,000 Hectares,1.5
Area Farmed in June,2025,Crops and pasture,Dublin and Mid-East,000 Hectares,466.2
Area Farmed in June,2025,Fodder rape and kale,Dublin and Mid-East,000 Hectares,0.2
Area Farmed in June,2025,Fruit,Dublin and Mid-East,000 Hectares,0.4
Area Farmed in June,2025,Grass silage,Dublin and Mid-East,000 Hectares,92.4
Area Farmed in June,2025,Hay,Dublin and Mid-East,000 Hectares,19.5
Area Farmed in June,2025,Maize silage,Dublin and Mid-East,000 Hectares,5.5
Area Farmed in June,2025,"Nurseries, horticulture etc.",Dublin and Mid-East,000 Hectares,0.1
Area Farmed in June,2025,Oilseed rape,Dublin and Mid-East,000 Hectares,6.8
Area Farmed in June,2025,Other cereals,Dublin and Mid-East,000 Hectares,1.2
Area Farmed in June,2025,Other crops,Dublin and Mid-East,000 Hectares,4.8
Area Farmed in June,2025,Pasture,Dublin and Mid-East,000 Hectares,229.3
Area Farmed in June,2025,Potatoes,Dublin and Mid-East,000 Hectares,5.0
Area Farmed in June,2025,Rough grazing in use,Dublin and Mid-East,000 Hectares,17.9
Area Farmed in June,2025,Spring barley,Dublin and Mid-East,000 Hectares,20.2
Area Farmed in June,2025,Spring oats,Dublin and Mid-East,000 Hectares,2.8
Area Farmed in June,2025,Spring wheat,Dublin and Mid-East,000 Hectares,1.0
Area Farmed in June,2025,Total barley,Dublin and Mid-East,000 Hectares,43.7
Area Farmed in June,2025,Total cereals,Dublin and Mid-East,000 Hectares,93.5
Area Farmed in June,2025,"Total crops, fruit and horticulture",Dublin and Mid-East,000 Hectares,125.0
Area Farmed in June,2025,Total oats,Dublin and Mid-East,000 Hectares,10.3
Area Farmed in June,2025,Total wheat,Dublin and Mid-East,000 Hectares,38.3
Area Farmed in June,2025,Turnips,Dublin and Mid-East,000 Hectares,0.3
Area Farmed in June,2025,Vegetables for sale,Dublin and Mid-East,000 Hectares,2.1
Area Farmed in June,2025,Winter barley,Dublin and Mid-East,000 Hectares,23.6
Area Farmed in June,2025,Winter oats,Dublin and Mid-East,000 Hectares,7.5
Area Farmed in June,2025,Winter wheat,Dublin and Mid-East,000 Hectares,37.2
Area Farmed in June,2025,Arable silage,Eastern and Midland,000 Hectares,0.7
Area Farmed in June,2025,Area farmed (AAU),Eastern and Midland,000 Hectares,918.4
Area Farmed in June,2025,Beans and peas,Eastern and Midland,000 Hectares,6.0
Area Farmed in June,2025,Beet,Eastern and Midland,000 Hectares,3.0
Area Farmed in June,2025,Crops and pasture,Eastern and Midland,000 Hectares,872.0
Area Farmed in June,2025,Fodder rape and kale,Eastern and Midland,000 Hectares,0.3
Area Farmed in June,2025,Fruit,Eastern and Midland,000 Hectares,0.4
Area Farmed in June,2025,Grass silage,Eastern and Midland,000 Hectares,207.3
Area Farmed in June,2025,Hay,Eastern and Midland,000 Hectares,31.5
Area Farmed in June,2025,Maize silage,Eastern and Midland,000 Hectares,8.1
Area Farmed in June,2025,"Nurseries, horticulture etc.",Eastern and Midland,000 Hectares,0.2
Area Farmed in June,2025,Oilseed rape,Eastern and Midland,000 Hectares,8.1
Area Farmed in June,2025,Other cereals,Eastern and Midland,000 Hectares,1.6
Area Farmed in June,2025,Other crops,Eastern and Midland,000 Hectares,8.5
Area Farmed in June,2025,Pasture,Eastern and Midland,000 Hectares,467.2
Area Farmed in June,2025,Potatoes,Eastern and Midland,000 Hectares,5.2
Area Farmed in June,2025,Rough grazing in use,Eastern and Midland,000 Hectares,46.4
Area Farmed in June,2025,Spring barley,Eastern and Midland,000 Hectares,33.4
Area Farmed in June,2025,Spring oats,Eastern and Midland,000 Hectares,4.3
Area Farmed in June,2025,Spring wheat,Eastern and Midland,000 Hectares,1.3
Area Farmed in June,2025,Total barley,Eastern and Midland,000 Hectares,63.7
Area Farmed in June,2025,Total cereals,Eastern and Midland,000 Hectares,123.0
Area Farmed in June,2025,"Total crops, fruit and horticulture",Eastern and Midland,000 Hectares,166.0
Area Farmed in June,2025,Total oats,Eastern and Midland,000 Hectares,13.7
Area Farmed in June,2025,Total wheat,Eastern and Midland,000 Hectares,43.9
Area Farmed in June,2025,Turnips,Eastern and Midland,000 Hectares,0.3
Area Farmed in June,2025,Vegetables for sale,Eastern and Midland,000 Hectares,2.2
Area Farmed in June,2025,Winter barley,Eastern and Midland,000 Hectares,30.3
Area Farmed in June,2025,Winter oats,Eastern and Midland,000 Hectares,9.5
Area Farmed in June,2025,Winter wheat,Eastern and Midland,000 Hectares,42.5
Area Farmed in June,2025,Arable silage,Mid-West,000 Hectares,0.4
Area Farmed in June,2025,Area farmed (AAU),Mid-West,000 Hectares,714.4
Area Farmed in June,2025,Beans and peas,Mid-West,000 Hectares,0.7
Area Farmed in June,2025,Beet,Mid-West,000 Hectares,0.8
Area Farmed in June,2025,Crops and pasture,Mid-West,000 Hectares,640.0
Area Farmed in June,2025,Fodder rape and kale,Mid-West,000 Hectares,0.1
Area Farmed in June,2025,Fruit,Mid-West,000 Hectares,0.1
Area Farmed in June,2025,Grass silage,Mid-West,000 Hectares,203.0
Area Farmed in June,2025,Hay,Mid-West,000 Hectares,19.0
Area Farmed in June,2025,Maize silage,Mid-West,000 Hectares,1.9
Area Farmed in June,2025,"Nurseries, horticulture etc.",Mid-West,000 Hectares,0.0
Area Farmed in June,2025,Oilseed rape,Mid-West,000 Hectares,0.9
Area Farmed in June,2025,Other cereals,Mid-West,000 Hectares,1.0
Area Farmed in June,2025,Other crops,Mid-West,000 Hectares,2.1
Area Farmed in June,2025,Pasture,Mid-West,000 Hectares,387.0
Area Farmed in June,2025,Potatoes,Mid-West,000 Hectares,0.3
Area Farmed in June,2025,Rough grazing in use,Mid-West,000 Hectares,74.4
Area Farmed in June,2025,Spring barley,Mid-West,000 Hectares,8.8
Area Farmed in June,2025,Spring oats,Mid-West,000 Hectares,1.5
Area Farmed in June,2025,Spring wheat,Mid-West,000 Hectares,0.3
Area Farmed in June,2025,Total barley,Mid-West,000 Hectares,15.4
Area Farmed in June,2025,Total cereals,Mid-West,000 Hectares,23.6
Area Farmed in June,2025,"Total crops, fruit and horticulture",Mid-West,000 Hectares,31.0
Area Farmed in June,2025,Total oats,Mid-West,000 Hectares,3.7
Area Farmed in June,2025,Total wheat,Mid-West,000 Hectares,3.5
Area Farmed in June,2025,Turnips,Mid-West,000 Hectares,0.0
Area Farmed in June,2025,Vegetables for sale,Mid-West,000 Hectares,0.1
Area Farmed in June,2025,Winter barley,Mid-West,000 Hectares,6.6
Area Farmed in June,2025,Winter oats,Mid-West,000 Hectares,2.1
Area Farmed in June,2025,Winter wheat,Mid-West,000 Hectares,3.2
Area Farmed in June,2025,Arable silage,Midland,000 Hectares,0.4
Area Farmed in June,2025,Area farmed (AAU),Midland,000 Hectares,434.2
Area Farmed in June,2025,Beans and peas,Midland,000 Hectares,1.5
Area Farmed in June,2025,Beet,Midland,000 Hectares,1.5
Area Farmed in June,2025,Crops and pasture,Midland,000 Hectares,405.8
Area Farmed in June,2025,Fodder rape and kale,Midland,000 Hectares,0.2
Area Farmed in June,2025,Fruit,Midland,000 Hectares,0.0
Area Farmed in June,2025,Grass silage,Midland,000 Hectares,114.9
Area Farmed in June,2025,Hay,Midland,000 Hectares,12.0
Area Farmed in June,2025,Maize silage,Midland,000 Hectares,2.6
Area Farmed in June,2025,"Nurseries, horticulture etc.",Midland,000 Hectares,0.0
Area Farmed in June,2025,Oilseed rape,Midland,000 Hectares,1.3
Area Farmed in June,2025,Other cereals,Midland,000 Hectares,0.5
Area Farmed in June,2025,Other crops,Midland,000 Hectares,3.7
Area Farmed in June,2025,Pasture,Midland,000 Hectares,237.9
Area Farmed in June,2025,Potatoes,Midland,000 Hectares,0.2
Area Farmed in June,2025,Rough grazing in use,Midland,000 Hectares,28.4
Area Farmed in June,2025,Spring barley,Midland,000 Hectares,13.3
Area Farmed in June,2025,Spring oats,Midland,000 Hectares,1.4
Area Farmed in June,2025,Spring wheat,Midland,000 Hectares,0.3
Area Farmed in June,2025,Total barley,Midland,000 Hectares,20.0
Area Farmed in June,2025,Total cereals,Midland,000 Hectares,29.5
Area Farmed in June,2025,"Total crops, fruit and horticulture",Midland,000 Hectares,41.0
Area Farmed in June,2025,Total oats,Midland,000 Hectares,3.4
Area Farmed in June,2025,Total wheat,Midland,000 Hectares,5.6
Area Farmed in June,2025,Turnips,Midland,000 Hectares,0.0
Area Farmed in June,2025,Vegetables for sale,Midland,000 Hectares,0.1
Area Farmed in June,2025,Winter barley,Midland,000 Hectares,6.7
Area Farmed in June,2025,Winter oats,Midland,000 Hectares,2.0
Area Farmed in June,2025,Winter wheat,Midland,000 Hectares,5.3
Area Farmed in June,2025,Arable silage,Northern and Western,000 Hectares,0.8
Area Farmed in June,2025,Area farmed (AAU),Northern and Western,000 Hectares,1517.6
Area Farmed in June,2025,Beans and peas,Northern and Western,000 Hectares,0.1
Area Farmed in June,2025,Beet,Northern and Western,000 Hectares,0.2
Area Farmed in June,2025,Crops and pasture,Northern and Western,000 Hectares,1264.0
Area Farmed in June,2025,Fodder rape and kale,Northern and Western,000 Hectares,0.2
Area Farmed in June,2025,Fruit,Northern and Western,000 Hectares,0.0
Area Farmed in June,2025,Grass silage,Northern and Western,000 Hectares,413.8
Area Farmed in June,2025,Hay,Northern and Western,000 Hectares,24.0
Area Farmed in June,2025,Maize silage,Northern and Western,000 Hectares,0.6
Area Farmed in June,2025,"Nurseries, horticulture etc.",Northern and Western,000 Hectares,0.0
Area Farmed in June,2025,Oilseed rape,Northern and Western,000 Hectares,0.1
Area Farmed in June,2025,Other cereals,Northern and Western,000 Hectares,0.1
Area Farmed in June,2025,Other crops,Northern and Western,000 Hectares,6.2
Area Farmed in June,2025,Pasture,Northern and Western,000 Hectares,807.4
Area Farmed in June,2025,Potatoes,Northern and Western,000 Hectares,0.7
Area Farmed in June,2025,Rough grazing in use,Northern and Western,000 Hectares,253.6
Area Farmed in June,2025,Spring barley,Northern and Western,000 Hectares,4.6
Area Farmed in June,2025,Spring oats,Northern and Western,000 Hectares,1.6
Area Farmed in June,2025,Spring wheat,Northern and Western,000 Hectares,0.3
Area Farmed in June,2025,Total barley,Northern and Western,000 Hectares,6.5
Area Farmed in June,2025,Total cereals,Northern and Western,000 Hectares,9.7
Area Farmed in June,2025,"Total crops, fruit and horticulture",Northern and Western,000 Hectares,18.7
Area Farmed in June,2025,Total oats,Northern and Western,000 Hectares,2.0
Area Farmed in June,2025,Total wheat,Northern and Western,000 Hectares,1.1
Area Farmed in June,2025,Turnips,Northern and Western,000 Hectares,0.0
Area Farmed in June,2025,Vegetables for sale,Northern and Western,000 Hectares,0.1
Area Farmed in June,2025,Winter barley,Northern and Western,000 Hectares,1.8
Area Farmed in June,2025,Winter oats,Northern and Western,000 Hectares,0.4
Area Farmed in June,2025,Winter wheat,Northern and Western,000 Hectares,0.8
Area Farmed in June,2025,Arable silage,South-East,000 Hectares,0.5
Area Farmed in June,2025,Area farmed (AAU),South-East,000 Hectares,523.3
Area Farmed in June,2025,Beans and peas,South-East,000 Hectares,5.6
Area Farmed in June,2025,Beet,South-East,000 Hectares,3.4
Area Farmed in June,2025,Crops and pasture,South-East,000 Hectares,495.6
Area Farmed in June,2025,Fodder rape and kale,South-East,000 Hectares,0.2
Area Farmed in June,2025,Fruit,South-East,000 Hectares,0.2
Area Farmed in June,2025,Grass silage,South-East,000 Hectares,101.9
Area Farmed in June,2025,Hay,South-East,000 Hectares,4.0
Area Farmed in June,2025,Maize silage,South-East,000 Hectares,6.6
Area Farmed in June,2025,"Nurseries, horticulture etc.",South-East,000 Hectares,0.2
Area Farmed in June,2025,Oilseed rape,South-East,000 Hectares,2.1
Area Farmed in June,2025,Other cereals,South-East,000 Hectares,1.0
Area Farmed in June,2025,Other crops,South-East,000 Hectares,5.8
Area Farmed in June,2025,Pasture,South-East,000 Hectares,282.4
Area Farmed in June,2025,Potatoes,South-East,000 Hectares,1.9
Area Farmed in June,2025,Rough grazing in use,South-East,000 Hectares,27.7
Area Farmed in June,2025,Spring barley,South-East,000 Hectares,46.4
Area Farmed in June,2025,Spring oats,South-East,000 Hectares,5.8
Area Farmed in June,2025,Spring wheat,South-East,000 Hectares,1.6
Area Farmed in June,2025,Total barley,South-East,000 Hectares,56.7
Area Farmed in June,2025,Total cereals,South-East,000 Hectares,79.7
Area Farmed in June,2025,"Total crops, fruit and horticulture",South-East,000 Hectares,107.3
Area Farmed in June,2025,Total oats,South-East,000 Hectares,10.6
Area Farmed in June,2025,Total wheat,South-East,000 Hectares,11.4
Area Farmed in June,2025,Turnips,South-East,000 Hectares,0.1
Area Farmed in June,2025,Vegetables for sale,South-East,000 Hectares,0.7
Area Farmed in June,2025,Winter barley,South-East,000 Hectares,10.3
Area Farmed in June,2025,Winter oats,South-East,000 Hectares,4.7
Area Farmed in June,2025,Winter wheat,South-East,000 Hectares,9.9
Area Farmed in June,2025,Arable silage,South-West,000 Hectares,0.7
Area Farmed in June,2025,Area farmed (AAU),South-West,000 Hectares,814.4
Area Farmed in June,2025,Beans and peas,South-West,000 Hectares,2.3
Area Farmed in June,2025,Beet,South-West,000 Hectares,2.2
Area Farmed in June,2025,Crops and pasture,South-West,000 Hectares,681.7
Area Farmed in June,2025,Fodder rape and kale,South-West,000 Hectares,0.1
Area Farmed in June,2025,Fruit,South-West,000 Hectares,0.1
Area Farmed in June,2025,Grass silage,South-West,000 Hectares,202.7
Area Farmed in June,2025,Hay,South-West,000 Hectares,13.9
Area Farmed in June,2025,Maize silage,South-West,000 Hectares,4.7
Area Farmed in June,2025,"Nurseries, horticulture etc.",South-West,000 Hectares,0.1
Area Farmed in June,2025,Oilseed rape,South-West,000 Hectares,0.5
Area Farmed in June,2025,Other cereals,South-West,000 Hectares,0.3
Area Farmed in June,2025,Other crops,South-West,000 Hectares,3.5
Area Farmed in June,2025,Pasture,South-West,000 Hectares,410.8
Area Farmed in June,2025,Potatoes,South-West,000 Hectares,0.7
Area Farmed in June,2025,Rough grazing in use,South-West,000 Hectares,132.7
Area Farmed in June,2025,Spring barley,South-West,000 Hectares,22.0
Area Farmed in June,2025,Spring oats,South-West,000 Hectares,2.6
Area Farmed in June,2025,Spring wheat,South-West,000 Hectares,1.3
Area Farmed in June,2025,Total barley,South-West,000 Hectares,30.3
Area Farmed in June,2025,Total cereals,South-West,000 Hectares,39.0
Area Farmed in June,2025,"Total crops, fruit and horticulture",South-West,000 Hectares,54.3
Area Farmed in June,2025,Total oats,South-West,000 Hectares,3.8
Area Farmed in June,2025,Total wheat,South-West,000 Hectares,4.6
Area Farmed in June,2025,Turnips,South-West,000 Hectares,0.0
Area Farmed in June,2025,Vegetables for sale,South-West,000 Hectares,0.2
Area Farmed in June,2025,Winter barley,South-West,000 Hectares,8.3
Area Farmed in June,2025,Winter oats,South-West,000 Hectares,1.2
Area Farmed in June,2025,Winter wheat,South-West,000 Hectares,3.3
Area Farmed in June,2025,Arable silage,Southern,000 Hectares,1.7
Area Farmed in June,2025,Area farmed (AAU),Southern,000 Hectares,2052.1
Area Farmed in June,2025,Beans and peas,Southern,000 Hectares,8.6
Area Farmed in June,2025,Beet,Southern,000 Hectares,6.5
Area Farmed in June,2025,Crops and pasture,Southern,000 Hectares,1817.3
Area Farmed in June,2025,Fodder rape and kale,Southern,000 Hectares,0.3
Area Farmed in June,2025,Fruit,Southern,000 Hectares,0.4
Area Farmed in June,2025,Grass silage,Southern,000 Hectares,507.7
Area Farmed in June,2025,Hay,Southern,000 Hectares,36.9
Area Farmed in June,2025,Maize silage,Southern,000 Hectares,13.3
Area Farmed in June,2025,"Nurseries, horticulture etc.",Southern,000 Hectares,0.4
Area Farmed in June,2025,Oilseed rape,Southern,000 Hectares,3.5
Area Farmed in June,2025,Other cereals,Southern,000 Hectares,2.3
Area Farmed in June,2025,Other crops,Southern,000 Hectares,11.4
Area Farmed in June,2025,Pasture,Southern,000 Hectares,1080.3
Area Farmed in June,2025,Potatoes,Southern,000 Hectares,3.0
Area Farmed in June,2025,Rough grazing in use,Southern,000 Hectares,234.8
Area Farmed in June,2025,Spring barley,Southern,000 Hectares,77.2
Area Farmed in June,2025,Spring oats,Southern,000 Hectares,10.0
Area Farmed in June,2025,Spring wheat,Southern,000 Hectares,3.1
Area Farmed in June,2025,Total barley,Southern,000 Hectares,102.4
Area Farmed in June,2025,Total cereals,Southern,000 Hectares,142.3
Area Farmed in June,2025,"Total crops, fruit and horticulture",Southern,000 Hectares,192.5
Area Farmed in June,2025,Total oats,Southern,000 Hectares,18.1
Area Farmed in June,2025,Total wheat,Southern,000 Hectares,19.5
Area Farmed in June,2025,Turnips,Southern,000 Hectares,0.2
Area Farmed in June,2025,Vegetables for sale,Southern,000 Hectares,1.0
Area Farmed in June,2025,Winter barley,Southern,000 Hectares,25.2
Area Farmed in June,2025,Winter oats,Southern,000 Hectares,8.1
Area Farmed in June,2025,Winter wheat,Southern,000 Hectares,16.3
Area Farmed in June,2025,Arable silage,State,000 Hectares,3.1
Area Farmed in June,2025,Area farmed (AAU),State,000 Hectares,4488.1
Area Farmed in June,2025,Beans and peas,State,000 Hectares,14.7
Area Farmed in June,2025,Beet,State,000 Hectares,9.6
Area Farmed in June,2025,Crops and pasture,State,000 Hectares,3953.3
Area Farmed in June,2025,Fodder rape and kale,State,000 Hectares,0.8
Area Farmed in June,2025,Fruit,State,000 Hectares,0.8
Area Farmed in June,2025,Grass silage,State,000 Hectares,1128.8
Area Farmed in June,2025,Hay,State,000 Hectares,92.4
Area Farmed in June,2025,Maize silage,State,000 Hectares,22.0
Area Farmed in June,2025,"Nurseries, horticulture etc.",State,000 Hectares,0.6
Area Farmed in June,2025,Oilseed rape,State,000 Hectares,11.8
Area Farmed in June,2025,Other cereals,State,000 Hectares,4.1
Area Farmed in June,2025,Other crops,State,000 Hectares,26.1
Area Farmed in June,2025,Pasture,State,000 Hectares,2354.9
Area Farmed in June,2025,Potatoes,State,000 Hectares,8.9
Area Farmed in June,2025,Rough grazing in use,State,000 Hectares,534.8
Area Farmed in June,2025,Spring barley,State,000 Hectares,115.3
Area Farmed in June,2025,Spring oats,State,000 Hectares,15.9
Area Farmed in June,2025,Spring wheat,State,000 Hectares,4.7
Area Farmed in June,2025,Total barley,State,000 Hectares,172.6
Area Farmed in June,2025,Total cereals,State,000 Hectares,274.9
Area Farmed in June,2025,"Total crops, fruit and horticulture",State,000 Hectares,377.3
Area Farmed in June,2025,Total oats,State,000 Hectares,33.8
Area Farmed in June,2025,Total wheat,State,000 Hectares,64.4
Area Farmed in June,2025,Turnips,State,000 Hectares,0.5
Area Farmed in June,2025,Vegetables for sale,State,000 Hectares,3.4
Area Farmed in June,2025,Winter barley,State,000 Hectares,57.3
Area Farmed in June,2025,Winter oats,State,000 Hectares,18.0
Area Farmed in June,2025,Winter wheat,State,000 Hectares,59.7
Area Farmed in June,2025,Arable silage,West,000 Hectares,0.2
Area Farmed in June,2025,Area farmed (AAU),West,000 Hectares,807.2
Area Farmed in June,2025,Beans and peas,West,000 Hectares,0.1
Area Farmed in June,2025,Beet,West,000 Hectares,0.1
Area Farmed in June,2025,Crops and pasture,West,000 Hectares,684.6
Area Farmed in June,2025,Fodder rape and kale,West,000 Hectares,0.1
Area Farmed in June,2025,Fruit,West,000 Hectares,0.0
Area Farmed in June,2025,Grass silage,West,000 Hectares,217.4
Area Farmed in June,2025,Hay,West,000 Hectares,13.9
Area Farmed in June,2025,Maize silage,West,000 Hectares,0.2
Area Farmed in June,2025,"Nurseries, horticulture etc.",West,000 Hectares,0.0
Area Farmed in June,2025,Oilseed rape,West,000 Hectares,0.0
Area Farmed in June,2025,Other cereals,West,000 Hectares,0.0
Area Farmed in June,2025,Other crops,West,000 Hectares,3.7
Area Farmed in June,2025,Pasture,West,000 Hectares,444.2
Area Farmed in June,2025,Potatoes,West,000 Hectares,0.0
Area Farmed in June,2025,Rough grazing in use,West,000 Hectares,122.6
Area Farmed in June,2025,Spring barley,West,000 Hectares,2.3
Area Farmed in June,2025,Spring oats,West,000 Hectares,0.9
Area Farmed in June,2025,Spring wheat,West,000 Hectares,0.0
Area Farmed in June,2025,Total barley,West,000 Hectares,3.1
Area Farmed in June,2025,Total cereals,West,000 Hectares,4.5
Area Farmed in June,2025,"Total crops, fruit and horticulture",West,000 Hectares,9.2
Area Farmed in June,2025,Total oats,West,000 Hectares,1.1
Area Farmed in June,2025,Total wheat,West,000 Hectares,0.3
Area Farmed in June,2025,Turnips,West,000 Hectares,0.0
Area Farmed in June,2025,Vegetables for sale,West,000 Hectares,0.1
Area Farmed in June,2025,Winter barley,West,000 Hectares,0.8
Area Farmed in June,2025,Winter oats,West,000 Hectares,0.2
Area Farmed in June,2025,Winter wheat,West,000 Hectares,0.3
